"date","year","weeknum","buoy","buoy_lat","buoy_long","depth_cat","depth_m","param","units","value","flag_rep_diff","flag_nd","doy"
2022-05-16,2022,21,"2",41.913017,-82.7367,"Bottom",11,"NH4","ugL",13.35,FALSE,NA,136
2022-05-16,2022,21,"2",41.913017,-82.7367,"Bottom",11,"NO3","ugL",817.96,FALSE,NA,136
2022-05-16,2022,21,"2",41.913017,-82.7367,"Bottom",11,"SRP","ugL",4.3,FALSE,NA,136
2022-05-16,2022,21,"2",41.913017,-82.7367,"Bottom",11,"TDN","ugL",947.575,FALSE,NA,136
2022-05-16,2022,21,"2",41.913017,-82.7367,"Bottom",11,"TDP","ugL",17.555,FALSE,NA,136
2022-05-16,2022,21,"2",41.913017,-82.7367,"Bottom",11,"TP","ugL",15,FALSE,NA,136
2022-05-16,2022,21,"2",41.913017,-82.7367,"Bottom",11,"TSS","mgL",3294.55,FALSE,NA,136
2022-05-16,2022,21,"2",41.913017,-82.7367,"Surface",1,"NH4","ugL",13.55,FALSE,NA,136
2022-05-16,2022,21,"2",41.913017,-82.7367,"Surface",1,"NO3","ugL",645.865,FALSE,NA,136
2022-05-16,2022,21,"2",41.913017,-82.7367,"Surface",1,"SRP","ugL",3.255,FALSE,NA,136
2022-05-16,2022,21,"2",41.913017,-82.7367,"Surface",1,"TDN","ugL",813.57,FALSE,NA,136
2022-05-16,2022,21,"2",41.913017,-82.7367,"Surface",1,"TDP","ugL",7.755,FALSE,NA,136
2022-05-16,2022,21,"2",41.913017,-82.7367,"Surface",1,"TP","ugL",6.7,FALSE,NA,136
2022-05-16,2022,21,"2",41.913017,-82.7367,"Surface",1,"TSS","mgL",1514.17,FALSE,NA,136
2022-05-16,2022,21,"4",41.8927,-82.5258,"Bottom",8,"NH4","ugL",13.255,FALSE,NA,136
2022-05-16,2022,21,"4",41.8927,-82.5258,"Bottom",8,"NO3","ugL",347.445,FALSE,NA,136
2022-05-16,2022,21,"4",41.8927,-82.5258,"Bottom",8,"SRP","ugL",2.685,FALSE,NA,136
2022-05-16,2022,21,"4",41.8927,-82.5258,"Bottom",8,"TDN","ugL",477.84,FALSE,NA,136
2022-05-16,2022,21,"4",41.8927,-82.5258,"Bottom",8,"TDP","ugL",9.745,FALSE,NA,136
2022-05-16,2022,21,"4",41.8927,-82.5258,"Bottom",8,"TP","ugL",6.9,FALSE,NA,136
2022-05-16,2022,21,"4",41.8927,-82.5258,"Bottom",8,"TSS","mgL",3201.9,FALSE,NA,136
2022-05-16,2022,21,"4",41.8927,-82.5258,"Surface",1,"NH4","ugL",13.65,FALSE,NA,136
2022-05-16,2022,21,"4",41.8927,-82.5258,"Surface",1,"NO3","ugL",192.16,FALSE,NA,136
2022-05-16,2022,21,"4",41.8927,-82.5258,"Surface",1,"SRP","ugL",3.445,FALSE,NA,136
2022-05-16,2022,21,"4",41.8927,-82.5258,"Surface",1,"TDN","ugL",425.975,TRUE,NA,136
2022-05-16,2022,21,"4",41.8927,-82.5258,"Surface",1,"TDP","ugL",11.505,FALSE,NA,136
2022-05-16,2022,21,"4",41.8927,-82.5258,"Surface",1,"TP","ugL",6.575,FALSE,NA,136
2022-05-16,2022,21,"4",41.8927,-82.5258,"Surface",1,"TSS","mgL",3083,FALSE,NA,136
2022-05-16,2022,21,"5",42.002583,-82.5786,"Bottom",8.5,"NH4","ugL",13.945,FALSE,NA,136
2022-05-16,2022,21,"5",42.002583,-82.5786,"Bottom",8.5,"NO3","ugL",360.69,FALSE,NA,136
2022-05-16,2022,21,"5",42.002583,-82.5786,"Bottom",8.5,"SRP","ugL",5.42,FALSE,NA,136
2022-05-16,2022,21,"5",42.002583,-82.5786,"Bottom",8.5,"TDN","ugL",572.945,FALSE,NA,136
2022-05-16,2022,21,"5",42.002583,-82.5786,"Bottom",8.5,"TDP","ugL",14.56,FALSE,NA,136
2022-05-16,2022,21,"5",42.002583,-82.5786,"Bottom",8.5,"TP","ugL",16.81,FALSE,NA,136
2022-05-16,2022,21,"5",42.002583,-82.5786,"Bottom",8.5,"TSS","mgL",9095,FALSE,NA,136
2022-05-16,2022,21,"5",42.002583,-82.5786,"Surface",1,"NH4","ugL",11.585,FALSE,NA,136
2022-05-16,2022,21,"5",42.002583,-82.5786,"Surface",1,"NO3","ugL",362.36,FALSE,NA,136
2022-05-16,2022,21,"5",42.002583,-82.5786,"Surface",1,"SRP","ugL",1.865,FALSE,NA,136
2022-05-16,2022,21,"5",42.002583,-82.5786,"Surface",1,"TDN","ugL",483.61,FALSE,NA,136
2022-05-16,2022,21,"5",42.002583,-82.5786,"Surface",1,"TDP","ugL",3.29,FALSE,NA,136
2022-05-16,2022,21,"5",42.002583,-82.5786,"Surface",1,"TP","ugL",6.725,FALSE,NA,136
2022-05-16,2022,21,"5",42.002583,-82.5786,"Surface",1,"TSS","mgL",619,FALSE,NA,136
2022-05-16,2022,21,"6",42.0222,-82.6697,"Bottom",8,"NH4","ugL",14.63,FALSE,NA,136
2022-05-16,2022,21,"6",42.0222,-82.6697,"Bottom",8,"NO3","ugL",355.155,FALSE,NA,136
2022-05-16,2022,21,"6",42.0222,-82.6697,"Bottom",8,"SRP","ugL",4.47,FALSE,NA,136
2022-05-16,2022,21,"6",42.0222,-82.6697,"Bottom",8,"TDN","ugL",454.79,FALSE,NA,136
2022-05-16,2022,21,"6",42.0222,-82.6697,"Bottom",8,"TDP","ugL",11.015,TRUE,NA,136
2022-05-16,2022,21,"6",42.0222,-82.6697,"Bottom",8,"TP","ugL",8.49,FALSE,NA,136
2022-05-16,2022,21,"6",42.0222,-82.6697,"Bottom",8,"TSS","mgL",828,FALSE,NA,136
2022-05-16,2022,21,"6",42.0222,-82.6697,"Surface",1,"NH4","ugL",13.845,FALSE,NA,136
2022-05-16,2022,21,"6",42.0222,-82.6697,"Surface",1,"NO3","ugL",381.78,FALSE,NA,136
2022-05-16,2022,21,"6",42.0222,-82.6697,"Surface",1,"SRP","ugL",7.015,FALSE,NA,136
2022-05-16,2022,21,"6",42.0222,-82.6697,"Surface",1,"TDN","ugL",490.81,FALSE,NA,136
2022-05-16,2022,21,"6",42.0222,-82.6697,"Surface",1,"TDP","ugL",13.09,FALSE,NA,136
2022-05-16,2022,21,"6",42.0222,-82.6697,"Surface",1,"TP","ugL",5.71,FALSE,NA,136
2022-05-16,2022,21,"6",42.0222,-82.6697,"Surface",1,"TSS","mgL",330,FALSE,NA,136
2022-05-16,2022,21,"7",41.99605,-82.7179,"Bottom",9.5,"NH4","ugL",15.215,FALSE,NA,136
2022-05-16,2022,21,"7",41.99605,-82.7179,"Bottom",9.5,"NO3","ugL",492.19,FALSE,NA,136
2022-05-16,2022,21,"7",41.99605,-82.7179,"Bottom",9.5,"SRP","ugL",3.35,TRUE,NA,136
2022-05-16,2022,21,"7",41.99605,-82.7179,"Bottom",9.5,"TDN","ugL",453.345,TRUE,NA,136
2022-05-16,2022,21,"7",41.99605,-82.7179,"Bottom",9.5,"TDP","ugL",6.89,TRUE,NA,136
2022-05-16,2022,21,"7",41.99605,-82.7179,"Bottom",9.5,"TP","ugL",21.85,FALSE,NA,136
2022-05-16,2022,21,"7",41.99605,-82.7179,"Bottom",9.5,"TSS","mgL",13192,FALSE,NA,136
2022-05-16,2022,21,"7",41.99605,-82.7179,"Surface",1,"NH4","ugL",13.55,FALSE,NA,136
2022-05-16,2022,21,"7",41.99605,-82.7179,"Surface",1,"NO3","ugL",557.03,FALSE,NA,136
2022-05-16,2022,21,"7",41.99605,-82.7179,"Surface",1,"SRP","ugL",2.89,FALSE,NA,136
2022-05-16,2022,21,"7",41.99605,-82.7179,"Surface",1,"TDN","ugL",632.02,FALSE,NA,136
2022-05-16,2022,21,"7",41.99605,-82.7179,"Surface",1,"TDP","ugL",3.865,FALSE,NA,136
2022-05-16,2022,21,"7",41.99605,-82.7179,"Surface",1,"TP","ugL",7.595,FALSE,NA,136
2022-05-16,2022,21,"7",41.99605,-82.7179,"Surface",1,"TSS","mgL",1079,FALSE,NA,136
2022-05-27,2022,22,"2",41.913017,-82.7367,"Bottom",11,"TP","ugL",14.995,FALSE,NA,147
2022-05-27,2022,22,"2",41.913017,-82.7367,"Surface",1,"TP","ugL",6.95,FALSE,NA,147
2022-05-27,2022,22,"4",41.8927,-82.5258,"Bottom",8,"TP","ugL",11.295,FALSE,NA,147
2022-05-27,2022,22,"4",41.8927,-82.5258,"Surface",1,"TP","ugL",8.515,FALSE,NA,147
2022-05-27,2022,22,"5",42.002583,-82.5786,"Bottom",8.5,"TP","ugL",17.905,FALSE,NA,147
2022-05-27,2022,22,"5",42.002583,-82.5786,"Surface",1,"TP","ugL",6.975,FALSE,NA,147
2022-05-27,2022,22,"6",42.0222,-82.6697,"Bottom",8,"TP","ugL",4.39,FALSE,NA,147
2022-05-27,2022,22,"6",42.0222,-82.6697,"Surface",1,"TP","ugL",12.14,FALSE,NA,147
2022-05-27,2022,22,"7",41.99605,-82.7179,"Bottom",9.5,"TP","ugL",55.04,TRUE,NA,147
2022-05-27,2022,22,"7",41.99605,-82.7179,"Surface",1,"TP","ugL",6.775,FALSE,NA,147
2022-05-28,2022,22,"2",41.913017,-82.7367,"Bottom",11,"NH4","ugL",16.685,FALSE,NA,148
2022-05-28,2022,22,"2",41.913017,-82.7367,"Bottom",11,"NO3","ugL",541.395,FALSE,NA,148
2022-05-28,2022,22,"2",41.913017,-82.7367,"Bottom",11,"SRP","ugL",1.8,TRUE,NA,148
2022-05-28,2022,22,"2",41.913017,-82.7367,"Bottom",11,"TDN","ugL",652.19,FALSE,NA,148
2022-05-28,2022,22,"2",41.913017,-82.7367,"Bottom",11,"TDP","ugL",4.415,FALSE,NA,148
2022-05-28,2022,22,"2",41.913017,-82.7367,"Bottom",11,"TSS","mgL",3730,FALSE,NA,148
2022-05-28,2022,22,"2",41.913017,-82.7367,"Surface",1,"NH4","ugL",17.47,FALSE,NA,148
2022-05-28,2022,22,"2",41.913017,-82.7367,"Surface",1,"NO3","ugL",555.855,FALSE,NA,148
2022-05-28,2022,22,"2",41.913017,-82.7367,"Surface",1,"SRP","ugL",1.945,FALSE,NA,148
2022-05-28,2022,22,"2",41.913017,-82.7367,"Surface",1,"TDN","ugL",659.4,FALSE,NA,148
2022-05-28,2022,22,"2",41.913017,-82.7367,"Surface",1,"TDP","ugL",5.63,FALSE,NA,148
2022-05-28,2022,22,"2",41.913017,-82.7367,"Surface",1,"TSS","mgL",585,FALSE,NA,148
2022-05-28,2022,22,"4",41.8927,-82.5258,"Bottom",8,"NH4","ugL",16,FALSE,NA,148
2022-05-28,2022,22,"4",41.8927,-82.5258,"Bottom",8,"NO3","ugL",450.195,FALSE,NA,148
2022-05-28,2022,22,"4",41.8927,-82.5258,"Bottom",8,"SRP","ugL",1.8,TRUE,NA,148
2022-05-28,2022,22,"4",41.8927,-82.5258,"Bottom",8,"TDN","ugL",534.04,FALSE,NA,148
2022-05-28,2022,22,"4",41.8927,-82.5258,"Bottom",8,"TDP","ugL",3.375,TRUE,NA,148
2022-05-28,2022,22,"4",41.8927,-82.5258,"Bottom",8,"TSS","mgL",354.78,FALSE,NA,148
2022-05-28,2022,22,"4",41.8927,-82.5258,"Surface",1,"NH4","ugL",17.47,TRUE,NA,148
2022-05-28,2022,22,"4",41.8927,-82.5258,"Surface",1,"NO3","ugL",461.14,FALSE,NA,148
2022-05-28,2022,22,"4",41.8927,-82.5258,"Surface",1,"SRP","ugL",1.815,TRUE,NA,148
2022-05-28,2022,22,"4",41.8927,-82.5258,"Surface",1,"TDN","ugL",554.21,FALSE,NA,148
2022-05-28,2022,22,"4",41.8927,-82.5258,"Surface",1,"TDP","ugL",3.06,FALSE,NA,148
2022-05-28,2022,22,"4",41.8927,-82.5258,"Surface",1,"TSS","mgL",351,FALSE,NA,148
2022-05-28,2022,22,"5",42.002583,-82.5786,"Bottom",8.5,"NH4","ugL",16,FALSE,NA,148
2022-05-28,2022,22,"5",42.002583,-82.5786,"Bottom",8.5,"NO3","ugL",379.58,FALSE,NA,148
2022-05-28,2022,22,"5",42.002583,-82.5786,"Bottom",8.5,"SRP","ugL",4.74,FALSE,NA,148
2022-05-28,2022,22,"5",42.002583,-82.5786,"Bottom",8.5,"TDN","ugL",476.405,FALSE,NA,148
2022-05-28,2022,22,"5",42.002583,-82.5786,"Bottom",8.5,"TDP","ugL",7.815,FALSE,NA,148
2022-05-28,2022,22,"5",42.002583,-82.5786,"Bottom",8.5,"TSS","mgL",2124,FALSE,NA,148
2022-05-28,2022,22,"5",42.002583,-82.5786,"Surface",1,"NH4","ugL",39.335,FALSE,NA,148
2022-05-28,2022,22,"5",42.002583,-82.5786,"Surface",1,"NO3","ugL",377.665,FALSE,NA,148
2022-05-28,2022,22,"5",42.002583,-82.5786,"Surface",1,"SRP","ugL",3.605,FALSE,NA,148
2022-05-28,2022,22,"5",42.002583,-82.5786,"Surface",1,"TDN","ugL",596,FALSE,NA,148
2022-05-28,2022,22,"5",42.002583,-82.5786,"Surface",1,"TDP","ugL",7.585,FALSE,NA,148
2022-05-28,2022,22,"5",42.002583,-82.5786,"Surface",1,"TSS","mgL",820,FALSE,NA,148
2022-05-28,2022,22,"6",42.0222,-82.6697,"Bottom",8,"NH4","ugL",16.785,FALSE,NA,148
2022-05-28,2022,22,"6",42.0222,-82.6697,"Bottom",8,"NO3","ugL",428.395,FALSE,NA,148
2022-05-28,2022,22,"6",42.0222,-82.6697,"Bottom",8,"SRP","ugL",4.47,FALSE,NA,148
2022-05-28,2022,22,"6",42.0222,-82.6697,"Bottom",8,"TDN","ugL",320.785,TRUE,NA,148
2022-05-28,2022,22,"6",42.0222,-82.6697,"Bottom",8,"TDP","ugL",8.535,TRUE,NA,148
2022-05-28,2022,22,"6",42.0222,-82.6697,"Bottom",8,"TSS","mgL",-14,FALSE,NA,148
2022-05-28,2022,22,"6",42.0222,-82.6697,"Surface",1,"NH4","ugL",22.18,TRUE,NA,148
2022-05-28,2022,22,"6",42.0222,-82.6697,"Surface",1,"NO3","ugL",398.93,FALSE,NA,148
2022-05-28,2022,22,"6",42.0222,-82.6697,"Surface",1,"SRP","ugL",7.015,FALSE,NA,148
2022-05-28,2022,22,"6",42.0222,-82.6697,"Surface",1,"TDN","ugL",539.8,FALSE,NA,148
2022-05-28,2022,22,"6",42.0222,-82.6697,"Surface",1,"TDP","ugL",6.75,FALSE,NA,148
2022-05-28,2022,22,"7",41.99605,-82.7179,"Bottom",9.5,"NH4","ugL",17.665,FALSE,NA,148
2022-05-28,2022,22,"7",41.99605,-82.7179,"Bottom",9.5,"NO3","ugL",500.56,FALSE,NA,148
2022-05-28,2022,22,"7",41.99605,-82.7179,"Bottom",9.5,"SRP","ugL",6.035,FALSE,NA,148
2022-05-28,2022,22,"7",41.99605,-82.7179,"Bottom",9.5,"TDN","ugL",361.13,TRUE,NA,148
2022-05-28,2022,22,"7",41.99605,-82.7179,"Bottom",9.5,"TDP","ugL",9.26,FALSE,NA,148
2022-05-28,2022,22,"7",41.99605,-82.7179,"Bottom",9.5,"TSS","mgL",34368,FALSE,NA,148
2022-05-28,2022,22,"7",41.99605,-82.7179,"Surface",1,"NH4","ugL",23.845,FALSE,NA,148
2022-05-28,2022,22,"7",41.99605,-82.7179,"Surface",1,"NO3","ugL",417.365,FALSE,NA,148
2022-05-28,2022,22,"7",41.99605,-82.7179,"Surface",1,"SRP","ugL",5.465,TRUE,NA,148
2022-05-28,2022,22,"7",41.99605,-82.7179,"Surface",1,"TDN","ugL",496.575,TRUE,NA,148
2022-05-28,2022,22,"7",41.99605,-82.7179,"Surface",1,"TDP","ugL",8.48,FALSE,NA,148
2022-05-28,2022,22,"7",41.99605,-82.7179,"Surface",1,"TSS","mgL",374.5,FALSE,NA,148
2022-06-09,2022,24,"2",41.913017,-82.7367,"Bottom",11,"NH4","ugL",18.94,FALSE,NA,160
2022-06-09,2022,24,"2",41.913017,-82.7367,"Bottom",11,"NO3","ugL",497.84,FALSE,NA,160
2022-06-09,2022,24,"2",41.913017,-82.7367,"Bottom",11,"SRP","ugL",5.5,FALSE,NA,160
2022-06-09,2022,24,"2",41.913017,-82.7367,"Bottom",11,"TDN","ugL",657.955,TRUE,NA,160
2022-06-09,2022,24,"2",41.913017,-82.7367,"Bottom",11,"TDP","ugL",10.64,FALSE,NA,160
2022-06-09,2022,24,"2",41.913017,-82.7367,"Bottom",11,"TP","ugL",14.725,FALSE,NA,160
2022-06-09,2022,24,"2",41.913017,-82.7367,"Bottom",11,"TSS","mgL",5183,FALSE,NA,160
2022-06-09,2022,24,"2",41.913017,-82.7367,"Surface",1,"NH4","ugL",16.1,FALSE,NA,160
2022-06-09,2022,24,"2",41.913017,-82.7367,"Surface",1,"NO3","ugL",491.375,FALSE,NA,160
2022-06-09,2022,24,"2",41.913017,-82.7367,"Surface",1,"SRP","ugL",5.64,FALSE,NA,160
2022-06-09,2022,24,"2",41.913017,-82.7367,"Surface",1,"TDN","ugL",575.825,FALSE,NA,160
2022-06-09,2022,24,"2",41.913017,-82.7367,"Surface",1,"TDP","ugL",9.485,FALSE,NA,160
2022-06-09,2022,24,"2",41.913017,-82.7367,"Surface",1,"TP","ugL",10.075,FALSE,NA,160
2022-06-09,2022,24,"2",41.913017,-82.7367,"Surface",1,"TSS","mgL",5847,FALSE,NA,160
2022-06-09,2022,24,"4",41.8927,-82.5258,"Bottom",8,"NH4","ugL",15.905,FALSE,NA,160
2022-06-09,2022,24,"4",41.8927,-82.5258,"Bottom",8,"NO3","ugL",477.665,FALSE,NA,160
2022-06-09,2022,24,"4",41.8927,-82.5258,"Bottom",8,"SRP","ugL",3.495,FALSE,NA,160
2022-06-09,2022,24,"4",41.8927,-82.5258,"Bottom",8,"TDN","ugL",587.35,FALSE,NA,160
2022-06-09,2022,24,"4",41.8927,-82.5258,"Bottom",8,"TDP","ugL",7.41,FALSE,NA,160
2022-06-09,2022,24,"4",41.8927,-82.5258,"Bottom",8,"TP","ugL",12.46,FALSE,NA,160
2022-06-09,2022,24,"4",41.8927,-82.5258,"Bottom",8,"TSS","mgL",3979,FALSE,NA,160
2022-06-09,2022,24,"4",41.8927,-82.5258,"Surface",1,"NH4","ugL",22.175,TRUE,NA,160
2022-06-09,2022,24,"4",41.8927,-82.5258,"Surface",1,"NO3","ugL",481.31,FALSE,NA,160
2022-06-09,2022,24,"4",41.8927,-82.5258,"Surface",1,"SRP","ugL",3.59,FALSE,NA,160
2022-06-09,2022,24,"4",41.8927,-82.5258,"Surface",1,"TDN","ugL",591.675,FALSE,NA,160
2022-06-09,2022,24,"4",41.8927,-82.5258,"Surface",1,"TDP","ugL",4.93,FALSE,NA,160
2022-06-09,2022,24,"4",41.8927,-82.5258,"Surface",1,"TP","ugL",11.345,FALSE,NA,160
2022-06-09,2022,24,"4",41.8927,-82.5258,"Surface",1,"TSS","mgL",920,FALSE,NA,160
2022-06-09,2022,24,"5",42.002583,-82.5786,"Bottom",8.5,"NH4","ugL",13.55,FALSE,NA,160
2022-06-09,2022,24,"5",42.002583,-82.5786,"Bottom",8.5,"NO3","ugL",409.39,FALSE,NA,160
2022-06-09,2022,24,"5",42.002583,-82.5786,"Bottom",8.5,"SRP","ugL",2.195,TRUE,NA,160
2022-06-09,2022,24,"5",42.002583,-82.5786,"Bottom",8.5,"TDN","ugL",523.955,FALSE,NA,160
2022-06-09,2022,24,"5",42.002583,-82.5786,"Bottom",8.5,"TDP","ugL",6.49,TRUE,NA,160
2022-06-09,2022,24,"5",42.002583,-82.5786,"Bottom",8.5,"TP","ugL",14.175,FALSE,NA,160
2022-06-09,2022,24,"5",42.002583,-82.5786,"Bottom",8.5,"TSS","mgL",8771,FALSE,NA,160
2022-06-09,2022,24,"5",42.002583,-82.5786,"Surface",1,"NH4","ugL",15.315,FALSE,NA,160
2022-06-09,2022,24,"5",42.002583,-82.5786,"Surface",1,"NO3","ugL",439.29,FALSE,NA,160
2022-06-09,2022,24,"5",42.002583,-82.5786,"Surface",1,"SRP","ugL",2.795,FALSE,NA,160
2022-06-09,2022,24,"5",42.002583,-82.5786,"Surface",1,"TDN","ugL",568.62,FALSE,NA,160
2022-06-09,2022,24,"5",42.002583,-82.5786,"Surface",1,"TDP","ugL",7.76,FALSE,NA,160
2022-06-09,2022,24,"5",42.002583,-82.5786,"Surface",1,"TP","ugL",10.5,FALSE,NA,160
2022-06-09,2022,24,"5",42.002583,-82.5786,"Surface",1,"TSS","mgL",1265,FALSE,NA,160
2022-06-09,2022,24,"6",42.0222,-82.6697,"Bottom",8,"NH4","ugL",23.94,FALSE,NA,160
2022-06-09,2022,24,"6",42.0222,-82.6697,"Bottom",8,"NO3","ugL",412.515,FALSE,NA,160
2022-06-09,2022,24,"6",42.0222,-82.6697,"Bottom",8,"SRP","ugL",5.69,FALSE,NA,160
2022-06-09,2022,24,"6",42.0222,-82.6697,"Bottom",8,"TDN","ugL",744.405,FALSE,NA,160
2022-06-09,2022,24,"6",42.0222,-82.6697,"Bottom",8,"TDP","ugL",9.545,FALSE,NA,160
2022-06-09,2022,24,"6",42.0222,-82.6697,"Bottom",8,"TP","ugL",23.22,FALSE,NA,160
2022-06-09,2022,24,"6",42.0222,-82.6697,"Bottom",8,"TSS","mgL",2288,FALSE,NA,160
2022-06-09,2022,24,"6",42.0222,-82.6697,"Surface",1,"NH4","ugL",18.16,FALSE,NA,160
2022-06-09,2022,24,"6",42.0222,-82.6697,"Surface",1,"NO3","ugL",408.29,FALSE,NA,160
2022-06-09,2022,24,"6",42.0222,-82.6697,"Surface",1,"SRP","ugL",3.425,FALSE,NA,160
2022-06-09,2022,24,"6",42.0222,-82.6697,"Surface",1,"TDN","ugL",564.3,FALSE,NA,160
2022-06-09,2022,24,"6",42.0222,-82.6697,"Surface",1,"TDP","ugL",6.12,FALSE,NA,160
2022-06-09,2022,24,"6",42.0222,-82.6697,"Surface",1,"TP","ugL",15.79,FALSE,NA,160
2022-06-09,2022,24,"6",42.0222,-82.6697,"Surface",1,"TSS","mgL",1079,FALSE,NA,160
2022-06-09,2022,24,"7",41.99605,-82.7179,"Bottom",9.5,"DOC","mgL",1.63,FALSE,NA,160
2022-06-09,2022,24,"7",41.99605,-82.7179,"Bottom",9.5,"NH4","ugL",16,FALSE,NA,160
2022-06-09,2022,24,"7",41.99605,-82.7179,"Bottom",9.5,"NO3","ugL",399.375,FALSE,NA,160
2022-06-09,2022,24,"7",41.99605,-82.7179,"Bottom",9.5,"SRP","ugL",3.27,FALSE,NA,160
2022-06-09,2022,24,"7",41.99605,-82.7179,"Bottom",9.5,"TDN","ugL",443.265,FALSE,NA,160
2022-06-09,2022,24,"7",41.99605,-82.7179,"Bottom",9.5,"TDP","ugL",6.03,FALSE,NA,160
2022-06-09,2022,24,"7",41.99605,-82.7179,"Bottom",9.5,"TP","ugL",63.68,TRUE,NA,160
2022-06-09,2022,24,"7",41.99605,-82.7179,"Bottom",9.5,"TSS","mgL",53143.08,FALSE,NA,160
2022-06-09,2022,24,"7",41.99605,-82.7179,"Surface",1,"DOC","mgL",2.13,FALSE,NA,160
2022-06-09,2022,24,"7",41.99605,-82.7179,"Surface",1,"NH4","ugL",17.665,FALSE,NA,160
2022-06-09,2022,24,"7",41.99605,-82.7179,"Surface",1,"NO3","ugL",388.655,FALSE,NA,160
2022-06-09,2022,24,"7",41.99605,-82.7179,"Surface",1,"SRP","ugL",2.94,TRUE,NA,160
2022-06-09,2022,24,"7",41.99605,-82.7179,"Surface",1,"TDN","ugL",479.285,FALSE,NA,160
2022-06-09,2022,24,"7",41.99605,-82.7179,"Surface",1,"TDP","ugL",2.135,TRUE,NA,160
2022-06-09,2022,24,"7",41.99605,-82.7179,"Surface",1,"TP","ugL",9.285,FALSE,NA,160
2022-06-09,2022,24,"7",41.99605,-82.7179,"Surface",1,"TSS","mgL",1011,FALSE,NA,160
2022-06-24,2022,26,"2",41.913017,-82.7367,"Bottom",11,"NH4","ugL",12.275,FALSE,NA,175
2022-06-24,2022,26,"2",41.913017,-82.7367,"Bottom",11,"NO3","ugL",263.99,FALSE,NA,175
2022-06-24,2022,26,"2",41.913017,-82.7367,"Bottom",11,"SRP","ugL",3.805,FALSE,NA,175
2022-06-24,2022,26,"2",41.913017,-82.7367,"Bottom",11,"TDN","ugL",378.02,FALSE,NA,175
2022-06-24,2022,26,"2",41.913017,-82.7367,"Bottom",11,"TDP","ugL",5.365,FALSE,NA,175
2022-06-24,2022,26,"2",41.913017,-82.7367,"Bottom",11,"TP","ugL",16.785,FALSE,NA,175
2022-06-24,2022,26,"2",41.913017,-82.7367,"Bottom",11,"TSS","mgL",2254,FALSE,NA,175
2022-06-24,2022,26,"2",41.913017,-82.7367,"Surface",1,"NH4","ugL",16.1,TRUE,NA,175
2022-06-24,2022,26,"2",41.913017,-82.7367,"Surface",1,"NO3","ugL",168.675,FALSE,NA,175
2022-06-24,2022,26,"2",41.913017,-82.7367,"Surface",1,"SRP","ugL",3.03,FALSE,NA,175
2022-06-24,2022,26,"2",41.913017,-82.7367,"Surface",1,"TDN","ugL",255.545,FALSE,NA,175
2022-06-24,2022,26,"2",41.913017,-82.7367,"Surface",1,"TDP","ugL",2.625,FALSE,NA,175
2022-06-24,2022,26,"2",41.913017,-82.7367,"Surface",1,"TP","ugL",18.425,TRUE,NA,175
2022-06-24,2022,26,"2",41.913017,-82.7367,"Surface",1,"TSS","mgL",1175,FALSE,NA,175
2022-06-24,2022,26,"4",41.8927,-82.5258,"Bottom",8,"NH4","ugL",22.57,FALSE,NA,175
2022-06-24,2022,26,"4",41.8927,-82.5258,"Bottom",8,"NO3","ugL",262.505,FALSE,NA,175
2022-06-24,2022,26,"4",41.8927,-82.5258,"Bottom",8,"SRP","ugL",5.135,FALSE,NA,175
2022-06-24,2022,26,"4",41.8927,-82.5258,"Bottom",8,"TDN","ugL",420.135,FALSE,NA,175
2022-06-24,2022,26,"4",41.8927,-82.5258,"Bottom",8,"TDP","ugL",6.98,TRUE,NA,175
2022-06-24,2022,26,"4",41.8927,-82.5258,"Bottom",8,"TP","ugL",16.315,FALSE,NA,175
2022-06-24,2022,26,"4",41.8927,-82.5258,"Bottom",8,"TSS","mgL",532.67,FALSE,NA,175
2022-06-24,2022,26,"4",41.8927,-82.5258,"Surface",1,"NH4","ugL",13.65,FALSE,NA,175
2022-06-24,2022,26,"4",41.8927,-82.5258,"Surface",1,"NO3","ugL",251.285,FALSE,NA,175
2022-06-24,2022,26,"4",41.8927,-82.5258,"Surface",1,"SRP","ugL",2.605,FALSE,NA,175
2022-06-24,2022,26,"4",41.8927,-82.5258,"Surface",1,"TDN","ugL",333.56,FALSE,NA,175
2022-06-24,2022,26,"4",41.8927,-82.5258,"Surface",1,"TDP","ugL",3.435,FALSE,NA,175
2022-06-24,2022,26,"4",41.8927,-82.5258,"Surface",1,"TP","ugL",38.59,TRUE,NA,175
2022-06-24,2022,26,"4",41.8927,-82.5258,"Surface",1,"TSS","mgL",960,FALSE,NA,175
2022-06-24,2022,26,"5",42.002583,-82.5786,"Bottom",8.5,"NH4","ugL",17.275,FALSE,NA,175
2022-06-24,2022,26,"5",42.002583,-82.5786,"Bottom",8.5,"NO3","ugL",252.165,TRUE,NA,175
2022-06-24,2022,26,"5",42.002583,-82.5786,"Bottom",8.5,"SRP","ugL",11.265,FALSE,NA,175
2022-06-24,2022,26,"5",42.002583,-82.5786,"Bottom",8.5,"TDN","ugL",428.555,FALSE,NA,175
2022-06-24,2022,26,"5",42.002583,-82.5786,"Bottom",8.5,"TDP","ugL",15.37,FALSE,NA,175
2022-06-24,2022,26,"5",42.002583,-82.5786,"Bottom",8.5,"TP","ugL",27.565,FALSE,NA,175
2022-06-24,2022,26,"5",42.002583,-82.5786,"Bottom",8.5,"TSS","mgL",2650,FALSE,NA,175
2022-06-24,2022,26,"5",42.002583,-82.5786,"Surface",1,"NH4","ugL",17.765,FALSE,NA,175
2022-06-24,2022,26,"5",42.002583,-82.5786,"Surface",1,"NO3","ugL",245.8,FALSE,NA,175
2022-06-24,2022,26,"5",42.002583,-82.5786,"Surface",1,"SRP","ugL",3.685,FALSE,NA,175
2022-06-24,2022,26,"5",42.002583,-82.5786,"Surface",1,"TDN","ugL",469.76,FALSE,NA,175
2022-06-24,2022,26,"5",42.002583,-82.5786,"Surface",1,"TDP","ugL",6.49,TRUE,NA,175
2022-06-24,2022,26,"5",42.002583,-82.5786,"Surface",1,"TP","ugL",23.045,FALSE,NA,175
2022-06-24,2022,26,"5",42.002583,-82.5786,"Surface",1,"TSS","mgL",1503,FALSE,NA,175
2022-06-24,2022,26,"6",42.0222,-82.6697,"Bottom",8,"NH4","ugL",21.1,FALSE,NA,175
2022-06-24,2022,26,"6",42.0222,-82.6697,"Bottom",8,"NO3","ugL",250.475,FALSE,NA,175
2022-06-24,2022,26,"6",42.0222,-82.6697,"Bottom",8,"SRP","ugL",6.635,FALSE,NA,175
2022-06-24,2022,26,"6",42.0222,-82.6697,"Bottom",8,"TDN","ugL",387.815,FALSE,NA,175
2022-06-24,2022,26,"6",42.0222,-82.6697,"Bottom",8,"TDP","ugL",7.7,FALSE,NA,175
2022-06-24,2022,26,"6",42.0222,-82.6697,"Bottom",8,"TP","ugL",30.57,FALSE,NA,175
2022-06-24,2022,26,"6",42.0222,-82.6697,"Bottom",8,"TSS","mgL",2924,FALSE,NA,175
2022-06-24,2022,26,"6",42.0222,-82.6697,"Surface",1,"NH4","ugL",12.275,FALSE,NA,175
2022-06-24,2022,26,"6",42.0222,-82.6697,"Surface",1,"NO3","ugL",197.37,FALSE,NA,175
2022-06-24,2022,26,"6",42.0222,-82.6697,"Surface",1,"SRP","ugL",2.04,FALSE,NA,175
2022-06-24,2022,26,"6",42.0222,-82.6697,"Surface",1,"TDN","ugL",274.51,FALSE,NA,175
2022-06-24,2022,26,"6",42.0222,-82.6697,"Surface",1,"TDP","ugL",2.225,FALSE,NA,175
2022-06-24,2022,26,"6",42.0222,-82.6697,"Surface",1,"TP","ugL",18.075,FALSE,NA,175
2022-06-24,2022,26,"6",42.0222,-82.6697,"Surface",1,"TSS","mgL",758,FALSE,NA,175
2022-06-24,2022,26,"7",41.99605,-82.7179,"Bottom",9.5,"NH4","ugL",15.12,FALSE,NA,175
2022-06-24,2022,26,"7",41.99605,-82.7179,"Bottom",9.5,"NO3","ugL",127.075,FALSE,NA,175
2022-06-24,2022,26,"7",41.99605,-82.7179,"Bottom",9.5,"SRP","ugL",4.945,FALSE,NA,175
2022-06-24,2022,26,"7",41.99605,-82.7179,"Bottom",9.5,"TDN","ugL",176.035,FALSE,NA,175
2022-06-24,2022,26,"7",41.99605,-82.7179,"Bottom",9.5,"TDP","ugL",6.205,FALSE,NA,175
2022-06-24,2022,26,"7",41.99605,-82.7179,"Bottom",9.5,"TP","ugL",61.645,FALSE,NA,175
2022-06-24,2022,26,"7",41.99605,-82.7179,"Bottom",9.5,"TSS","mgL",27763.75,FALSE,NA,175
2022-06-24,2022,26,"7",41.99605,-82.7179,"Surface",1,"NH4","ugL",11.98,FALSE,NA,175
2022-06-24,2022,26,"7",41.99605,-82.7179,"Surface",1,"NO3","ugL",251.75,FALSE,NA,175
2022-06-24,2022,26,"7",41.99605,-82.7179,"Surface",1,"SRP","ugL",2.245,FALSE,NA,175
2022-06-24,2022,26,"7",41.99605,-82.7179,"Surface",1,"TDN","ugL",318.215,FALSE,NA,175
2022-06-24,2022,26,"7",41.99605,-82.7179,"Surface",1,"TDP","ugL",2.255,TRUE,NA,175
2022-06-24,2022,26,"7",41.99605,-82.7179,"Surface",1,"TP","ugL",47.535,TRUE,NA,175
2022-06-24,2022,26,"7",41.99605,-82.7179,"Surface",1,"TSS","mgL",1019.33,FALSE,NA,175
2022-07-07,2022,28,"2",41.913017,-82.7367,"Bottom",11,"DOC","mgL",1.63,FALSE,NA,188
2022-07-07,2022,28,"2",41.913017,-82.7367,"Bottom",11,"NH4","ugL",17.175,FALSE,NA,188
2022-07-07,2022,28,"2",41.913017,-82.7367,"Bottom",11,"NO3","ugL",242.12,FALSE,NA,188
2022-07-07,2022,28,"2",41.913017,-82.7367,"Bottom",11,"SRP","ugL",14.79,FALSE,NA,188
2022-07-07,2022,28,"2",41.913017,-82.7367,"Bottom",11,"TDN","ugL",363.25,FALSE,NA,188
2022-07-07,2022,28,"2",41.913017,-82.7367,"Bottom",11,"TDP","ugL",23.78,FALSE,NA,188
2022-07-07,2022,28,"2",41.913017,-82.7367,"Bottom",11,"TP","ugL",21.255,FALSE,NA,188
2022-07-07,2022,28,"2",41.913017,-82.7367,"Bottom",11,"TSS","mgL",21572,FALSE,NA,188
2022-07-07,2022,28,"2",41.913017,-82.7367,"Surface",1,"DOC","mgL",1.65,FALSE,NA,188
2022-07-07,2022,28,"2",41.913017,-82.7367,"Surface",1,"NH4","ugL",13.645,FALSE,NA,188
2022-07-07,2022,28,"2",41.913017,-82.7367,"Surface",1,"NO3","ugL",264.43,FALSE,NA,188
2022-07-07,2022,28,"2",41.913017,-82.7367,"Surface",1,"SRP","ugL",8.88,FALSE,NA,188
2022-07-07,2022,28,"2",41.913017,-82.7367,"Surface",1,"TDN","ugL",420.655,FALSE,NA,188
2022-07-07,2022,28,"2",41.913017,-82.7367,"Surface",1,"TDP","ugL",13.955,FALSE,NA,188
2022-07-07,2022,28,"2",41.913017,-82.7367,"Surface",1,"TP","ugL",17.43,FALSE,NA,188
2022-07-07,2022,28,"2",41.913017,-82.7367,"Surface",1,"TSS","mgL",2242,FALSE,NA,188
2022-07-07,2022,28,"4",41.8927,-82.5258,"Bottom",8,"DOC","mgL",1.74,FALSE,NA,188
2022-07-07,2022,28,"4",41.8927,-82.5258,"Bottom",8,"NH4","ugL",13.055,FALSE,NA,188
2022-07-07,2022,28,"4",41.8927,-82.5258,"Bottom",8,"NO3","ugL",197.21,FALSE,NA,188
2022-07-07,2022,28,"4",41.8927,-82.5258,"Bottom",8,"SRP","ugL",6.465,FALSE,NA,188
2022-07-07,2022,28,"4",41.8927,-82.5258,"Bottom",8,"TDN","ugL",342.11,FALSE,NA,188
2022-07-07,2022,28,"4",41.8927,-82.5258,"Bottom",8,"TDP","ugL",7.265,FALSE,NA,188
2022-07-07,2022,28,"4",41.8927,-82.5258,"Bottom",8,"TP","ugL",25.13,FALSE,NA,188
2022-07-07,2022,28,"4",41.8927,-82.5258,"Bottom",8,"TSS","mgL",1864,FALSE,NA,188
2022-07-07,2022,28,"4",41.8927,-82.5258,"Surface",1,"DOC","mgL",1.8,FALSE,NA,188
2022-07-07,2022,28,"4",41.8927,-82.5258,"Surface",1,"NH4","ugL",11.095,FALSE,NA,188
2022-07-07,2022,28,"4",41.8927,-82.5258,"Surface",1,"NO3","ugL",198.075,FALSE,NA,188
2022-07-07,2022,28,"4",41.8927,-82.5258,"Surface",1,"SRP","ugL",2.67,FALSE,NA,188
2022-07-07,2022,28,"4",41.8927,-82.5258,"Surface",1,"TDN","ugL",331.555,FALSE,NA,188
2022-07-07,2022,28,"4",41.8927,-82.5258,"Surface",1,"TDP","ugL",3.58,TRUE,NA,188
2022-07-07,2022,28,"4",41.8927,-82.5258,"Surface",1,"TP","ugL",34.025,TRUE,NA,188
2022-07-07,2022,28,"4",41.8927,-82.5258,"Surface",1,"TSS","mgL",814,FALSE,NA,188
2022-07-07,2022,28,"5",42.002583,-82.5786,"Bottom",8.5,"DOC","mgL",1.68,FALSE,NA,188
2022-07-07,2022,28,"5",42.002583,-82.5786,"Bottom",8.5,"NH4","ugL",13.745,FALSE,NA,188
2022-07-07,2022,28,"5",42.002583,-82.5786,"Bottom",8.5,"NO3","ugL",187.005,FALSE,NA,188
2022-07-07,2022,28,"5",42.002583,-82.5786,"Bottom",8.5,"SRP","ugL",17.585,FALSE,NA,188
2022-07-07,2022,28,"5",42.002583,-82.5786,"Bottom",8.5,"TDN","ugL",334.275,FALSE,NA,188
2022-07-07,2022,28,"5",42.002583,-82.5786,"Bottom",8.5,"TDP","ugL",21.995,TRUE,NA,188
2022-07-07,2022,28,"5",42.002583,-82.5786,"Bottom",8.5,"TP","ugL",60.425,FALSE,NA,188
2022-07-07,2022,28,"5",42.002583,-82.5786,"Bottom",8.5,"TSS","mgL",4250.83,FALSE,NA,188
2022-07-07,2022,28,"5",42.002583,-82.5786,"Surface",1,"DOC","mgL",1.71,FALSE,NA,188
2022-07-07,2022,28,"5",42.002583,-82.5786,"Surface",1,"NH4","ugL",13.055,FALSE,NA,188
2022-07-07,2022,28,"5",42.002583,-82.5786,"Surface",1,"NO3","ugL",197.925,FALSE,NA,188
2022-07-07,2022,28,"5",42.002583,-82.5786,"Surface",1,"SRP","ugL",4.22,FALSE,NA,188
2022-07-07,2022,28,"5",42.002583,-82.5786,"Surface",1,"TDN","ugL",321.455,FALSE,NA,188
2022-07-07,2022,28,"5",42.002583,-82.5786,"Surface",1,"TDP","ugL",6.32,FALSE,NA,188
2022-07-07,2022,28,"5",42.002583,-82.5786,"Surface",1,"TP","ugL",31.69,FALSE,NA,188
2022-07-07,2022,28,"5",42.002583,-82.5786,"Surface",1,"TSS","mgL",872.5,FALSE,NA,188
2022-07-07,2022,28,"6",42.0222,-82.6697,"Bottom",8,"DOC","mgL",1.87,FALSE,NA,188
2022-07-07,2022,28,"6",42.0222,-82.6697,"Bottom",8,"NH4","ugL",11.685,FALSE,NA,188
2022-07-07,2022,28,"6",42.0222,-82.6697,"Bottom",8,"NO3","ugL",198.015,FALSE,NA,188
2022-07-07,2022,28,"6",42.0222,-82.6697,"Bottom",8,"SRP","ugL",3.235,FALSE,NA,188
2022-07-07,2022,28,"6",42.0222,-82.6697,"Bottom",8,"TDN","ugL",301.425,FALSE,NA,188
2022-07-07,2022,28,"6",42.0222,-82.6697,"Bottom",8,"TDP","ugL",3.52,TRUE,NA,188
2022-07-07,2022,28,"6",42.0222,-82.6697,"Bottom",8,"TP","ugL",83.9,FALSE,NA,188
2022-07-07,2022,28,"6",42.0222,-82.6697,"Bottom",8,"TSS","mgL",2454,FALSE,NA,188
2022-07-07,2022,28,"6",42.0222,-82.6697,"Surface",1,"DOC","mgL",1.64,FALSE,NA,188
2022-07-07,2022,28,"6",42.0222,-82.6697,"Surface",1,"NH4","ugL",12.075,FALSE,NA,188
2022-07-07,2022,28,"6",42.0222,-82.6697,"Surface",1,"NO3","ugL",197.29,FALSE,NA,188
2022-07-07,2022,28,"6",42.0222,-82.6697,"Surface",1,"SRP","ugL",3.305,TRUE,NA,188
2022-07-07,2022,28,"6",42.0222,-82.6697,"Surface",1,"TDN","ugL",304.63,FALSE,NA,188
2022-07-07,2022,28,"6",42.0222,-82.6697,"Surface",1,"TDP","ugL",3.695,TRUE,NA,188
2022-07-07,2022,28,"6",42.0222,-82.6697,"Surface",1,"TP","ugL",85.715,FALSE,NA,188
2022-07-07,2022,28,"6",42.0222,-82.6697,"Surface",1,"TSS","mgL",866.67,FALSE,NA,188
2022-07-07,2022,28,"7",41.99605,-82.7179,"Bottom",9.5,"DOC","mgL",1.63,FALSE,NA,188
2022-07-07,2022,28,"7",41.99605,-82.7179,"Bottom",9.5,"NH4","ugL",13.845,FALSE,NA,188
2022-07-07,2022,28,"7",41.99605,-82.7179,"Bottom",9.5,"NO3","ugL",197.735,FALSE,NA,188
2022-07-07,2022,28,"7",41.99605,-82.7179,"Bottom",9.5,"SRP","ugL",11.595,FALSE,NA,188
2022-07-07,2022,28,"7",41.99605,-82.7179,"Bottom",9.5,"TDN","ugL",308.04,FALSE,NA,188
2022-07-07,2022,28,"7",41.99605,-82.7179,"Bottom",9.5,"TDP","ugL",14.155,FALSE,NA,188
2022-07-07,2022,28,"7",41.99605,-82.7179,"Bottom",9.5,"TP","ugL",62.415,FALSE,NA,188
2022-07-07,2022,28,"7",41.99605,-82.7179,"Surface",1,"DOC","mgL",1.6,FALSE,NA,188
2022-07-07,2022,28,"7",41.99605,-82.7179,"Surface",1,"NH4","ugL",11.685,FALSE,NA,188
2022-07-07,2022,28,"7",41.99605,-82.7179,"Surface",1,"NO3","ugL",197.315,FALSE,NA,188
2022-07-07,2022,28,"7",41.99605,-82.7179,"Surface",1,"SRP","ugL",3.08,FALSE,NA,188
2022-07-07,2022,28,"7",41.99605,-82.7179,"Surface",1,"TDN","ugL",263.72,FALSE,NA,188
2022-07-07,2022,28,"7",41.99605,-82.7179,"Surface",1,"TDP","ugL",3.9,FALSE,NA,188
2022-07-07,2022,28,"7",41.99605,-82.7179,"Surface",1,"TP","ugL",60.28,FALSE,NA,188
2022-07-07,2022,28,"7",41.99605,-82.7179,"Surface",1,"TSS","mgL",-15212,FALSE,NA,188
2022-07-26,2022,31,"2",41.913017,-82.7367,"Bottom",11,"DOC","mgL",1.95,FALSE,NA,207
2022-07-26,2022,31,"2",41.913017,-82.7367,"Bottom",11,"NH4","ugL",13.45,FALSE,NA,207
2022-07-26,2022,31,"2",41.913017,-82.7367,"Bottom",11,"NO3","ugL",309.46,FALSE,NA,207
2022-07-26,2022,31,"2",41.913017,-82.7367,"Bottom",11,"SRP","ugL",6.73,FALSE,NA,207
2022-07-26,2022,31,"2",41.913017,-82.7367,"Bottom",11,"TDN","ugL",444.3,FALSE,NA,207
2022-07-26,2022,31,"2",41.913017,-82.7367,"Bottom",11,"TDP","ugL",9.255,FALSE,NA,207
2022-07-26,2022,31,"2",41.913017,-82.7367,"Bottom",11,"TP","ugL",35.79,TRUE,NA,207
2022-07-26,2022,31,"2",41.913017,-82.7367,"Bottom",11,"TSS","mgL",3261,FALSE,NA,207
2022-07-26,2022,31,"2",41.913017,-82.7367,"Surface",1,"DOC","mgL",2.22,FALSE,NA,207
2022-07-26,2022,31,"2",41.913017,-82.7367,"Surface",1,"NH4","ugL",14.625,FALSE,NA,207
2022-07-26,2022,31,"2",41.913017,-82.7367,"Surface",1,"NO3","ugL",317.02,FALSE,NA,207
2022-07-26,2022,31,"2",41.913017,-82.7367,"Surface",1,"SRP","ugL",7.87,FALSE,NA,207
2022-07-26,2022,31,"2",41.913017,-82.7367,"Surface",1,"TDN","ugL",477.275,FALSE,NA,207
2022-07-26,2022,31,"2",41.913017,-82.7367,"Surface",1,"TDP","ugL",9.46,FALSE,NA,207
2022-07-26,2022,31,"2",41.913017,-82.7367,"Surface",1,"TP","ugL",25.975,TRUE,NA,207
2022-07-26,2022,31,"2",41.913017,-82.7367,"Surface",1,"TSS","mgL",1538,FALSE,NA,207
2022-07-26,2022,31,"4",41.8927,-82.5258,"Bottom",8,"DOC","mgL",2.12,FALSE,NA,207
2022-07-26,2022,31,"4",41.8927,-82.5258,"Bottom",8,"NH4","ugL",11.785,FALSE,NA,207
2022-07-26,2022,31,"4",41.8927,-82.5258,"Bottom",8,"NO3","ugL",100.285,FALSE,NA,207
2022-07-26,2022,31,"4",41.8927,-82.5258,"Bottom",8,"SRP","ugL",2.765,TRUE,NA,207
2022-07-26,2022,31,"4",41.8927,-82.5258,"Bottom",8,"TDN","ugL",169.16,FALSE,NA,207
2022-07-26,2022,31,"4",41.8927,-82.5258,"Bottom",8,"TDP","ugL",1.415,FALSE,NA,207
2022-07-26,2022,31,"4",41.8927,-82.5258,"Bottom",8,"TP","ugL",34.32,FALSE,NA,207
2022-07-26,2022,31,"4",41.8927,-82.5258,"Bottom",8,"TSS","mgL",2318,FALSE,NA,207
2022-07-26,2022,31,"4",41.8927,-82.5258,"Surface",1,"DOC","mgL",1.9,FALSE,NA,207
2022-07-26,2022,31,"4",41.8927,-82.5258,"Surface",1,"NH4","ugL",11.395,FALSE,NA,207
2022-07-26,2022,31,"4",41.8927,-82.5258,"Surface",1,"NO3","ugL",95.015,FALSE,NA,207
2022-07-26,2022,31,"4",41.8927,-82.5258,"Surface",1,"SRP","ugL",4.74,FALSE,NA,207
2022-07-26,2022,31,"4",41.8927,-82.5258,"Surface",1,"TDN","ugL",177.88,FALSE,NA,207
2022-07-26,2022,31,"4",41.8927,-82.5258,"Surface",1,"TDP","ugL",7.385,FALSE,NA,207
2022-07-26,2022,31,"4",41.8927,-82.5258,"Surface",1,"TP","ugL",22.575,FALSE,NA,207
2022-07-26,2022,31,"4",41.8927,-82.5258,"Surface",1,"TSS","mgL",2094,FALSE,NA,207
2022-07-26,2022,31,"5",42.002583,-82.5786,"Bottom",8.5,"DOC","mgL",1.83,FALSE,NA,207
2022-07-26,2022,31,"5",42.002583,-82.5786,"Bottom",8.5,"NH4","ugL",26.295,FALSE,NA,207
2022-07-26,2022,31,"5",42.002583,-82.5786,"Bottom",8.5,"NO3","ugL",129.65,FALSE,NA,207
2022-07-26,2022,31,"5",42.002583,-82.5786,"Bottom",8.5,"SRP","ugL",1.85,FALSE,NA,207
2022-07-26,2022,31,"5",42.002583,-82.5786,"Bottom",8.5,"TDN","ugL",305.58,FALSE,NA,207
2022-07-26,2022,31,"5",42.002583,-82.5786,"Bottom",8.5,"TDP","ugL",1.94,TRUE,NA,207
2022-07-26,2022,31,"5",42.002583,-82.5786,"Bottom",8.5,"TP","ugL",48.775,FALSE,NA,207
2022-07-26,2022,31,"5",42.002583,-82.5786,"Bottom",8.5,"TSS","mgL",6171,FALSE,NA,207
2022-07-26,2022,31,"5",42.002583,-82.5786,"Surface",1,"DOC","mgL",1.94,FALSE,NA,207
2022-07-26,2022,31,"5",42.002583,-82.5786,"Surface",1,"NH4","ugL",10.9,FALSE,NA,207
2022-07-26,2022,31,"5",42.002583,-82.5786,"Surface",1,"NO3","ugL",151.25,FALSE,NA,207
2022-07-26,2022,31,"5",42.002583,-82.5786,"Surface",1,"SRP","ugL",8.455,FALSE,NA,207
2022-07-26,2022,31,"5",42.002583,-82.5786,"Surface",1,"TDN","ugL",267.18,FALSE,NA,207
2022-07-26,2022,31,"5",42.002583,-82.5786,"Surface",1,"TDP","ugL",15.74,FALSE,NA,207
2022-07-26,2022,31,"5",42.002583,-82.5786,"Surface",1,"TP","ugL",40.43,FALSE,NA,207
2022-07-26,2022,31,"5",42.002583,-82.5786,"Surface",1,"TSS","mgL",3235,FALSE,NA,207
2022-07-26,2022,31,"6",42.0222,-82.6697,"Bottom",8,"DOC","mgL",1.88,FALSE,NA,207
2022-07-26,2022,31,"6",42.0222,-82.6697,"Bottom",8,"NH4","ugL",15.805,FALSE,NA,207
2022-07-26,2022,31,"6",42.0222,-82.6697,"Bottom",8,"NO3","ugL",146.965,FALSE,NA,207
2022-07-26,2022,31,"6",42.0222,-82.6697,"Bottom",8,"SRP","ugL",2.195,FALSE,NA,207
2022-07-26,2022,31,"6",42.0222,-82.6697,"Bottom",8,"TDN","ugL",280.075,FALSE,NA,207
2022-07-26,2022,31,"6",42.0222,-82.6697,"Bottom",8,"TDP","ugL",2.545,FALSE,NA,207
2022-07-26,2022,31,"6",42.0222,-82.6697,"Bottom",8,"TP","ugL",44.455,TRUE,NA,207
2022-07-26,2022,31,"6",42.0222,-82.6697,"Bottom",8,"TSS","mgL",3834,FALSE,NA,207
2022-07-26,2022,31,"6",42.0222,-82.6697,"Surface",1,"DOC","mgL",2.26,FALSE,NA,207
2022-07-26,2022,31,"6",42.0222,-82.6697,"Surface",1,"NH4","ugL",12.37,FALSE,NA,207
2022-07-26,2022,31,"6",42.0222,-82.6697,"Surface",1,"NO3","ugL",145.92,FALSE,NA,207
2022-07-26,2022,31,"6",42.0222,-82.6697,"Surface",1,"SRP","ugL",6.15,FALSE,NA,207
2022-07-26,2022,31,"6",42.0222,-82.6697,"Surface",1,"TDN","ugL",268.9,FALSE,NA,207
2022-07-26,2022,31,"6",42.0222,-82.6697,"Surface",1,"TDP","ugL",7.18,FALSE,NA,207
2022-07-26,2022,31,"6",42.0222,-82.6697,"Surface",1,"TP","ugL",33.08,FALSE,NA,207
2022-07-26,2022,31,"6",42.0222,-82.6697,"Surface",1,"TSS","mgL",1787.5,FALSE,NA,207
2022-07-26,2022,31,"7",41.99605,-82.7179,"Bottom",9.5,"DOC","mgL",1.87,FALSE,NA,207
2022-07-26,2022,31,"7",41.99605,-82.7179,"Bottom",9.5,"NH4","ugL",44.625,FALSE,NA,207
2022-07-26,2022,31,"7",41.99605,-82.7179,"Bottom",9.5,"NO3","ugL",149.355,FALSE,NA,207
2022-07-26,2022,31,"7",41.99605,-82.7179,"Bottom",9.5,"SRP","ugL",5.88,FALSE,NA,207
2022-07-26,2022,31,"7",41.99605,-82.7179,"Bottom",9.5,"TDN","ugL",368.945,FALSE,NA,207
2022-07-26,2022,31,"7",41.99605,-82.7179,"Bottom",9.5,"TDP","ugL",8.045,FALSE,NA,207
2022-07-26,2022,31,"7",41.99605,-82.7179,"Bottom",9.5,"TP","ugL",29.605,FALSE,NA,207
2022-07-26,2022,31,"7",41.99605,-82.7179,"Bottom",9.5,"TSS","mgL",2172,FALSE,NA,207
2022-07-26,2022,31,"7",41.99605,-82.7179,"Surface",1,"DOC","mgL",2.38,FALSE,NA,207
2022-07-26,2022,31,"7",41.99605,-82.7179,"Surface",1,"NH4","ugL",12.765,FALSE,NA,207
2022-07-26,2022,31,"7",41.99605,-82.7179,"Surface",1,"NO3","ugL",141.19,FALSE,NA,207
2022-07-26,2022,31,"7",41.99605,-82.7179,"Surface",1,"SRP","ugL",5.26,FALSE,NA,207
2022-07-26,2022,31,"7",41.99605,-82.7179,"Surface",1,"TDN","ugL",206.775,TRUE,NA,207
2022-07-26,2022,31,"7",41.99605,-82.7179,"Surface",1,"TDP","ugL",8.335,FALSE,NA,207
2022-07-26,2022,31,"7",41.99605,-82.7179,"Surface",1,"TP","ugL",26.995,TRUE,NA,207
2022-07-26,2022,31,"7",41.99605,-82.7179,"Surface",1,"TSS","mgL",1667,FALSE,NA,207
2022-08-05,2022,32,"5",42.002583,-82.5786,"Bottom",8.5,"NH4","ugL",36.78,FALSE,NA,217
2022-08-05,2022,32,"5",42.002583,-82.5786,"Bottom",8.5,"NO3","ugL",107.17,FALSE,NA,217
2022-08-05,2022,32,"5",42.002583,-82.5786,"Bottom",8.5,"SRP","ugL",1.88,FALSE,NA,217
2022-08-05,2022,32,"5",42.002583,-82.5786,"Bottom",8.5,"TDN","ugL",172.64,FALSE,NA,217
2022-08-05,2022,32,"5",42.002583,-82.5786,"Bottom",8.5,"TDP","ugL",1.45,TRUE,NA,217
2022-08-05,2022,32,"5",42.002583,-82.5786,"Bottom",8.5,"TP","ugL",12.91,FALSE,NA,217
2022-08-05,2022,32,"5",42.002583,-82.5786,"Surface",1,"DMC","ugL",0.13,TRUE,NA,217
2022-08-05,2022,32,"5",42.002583,-82.5786,"Surface",1,"NH4","ugL",18.315,FALSE,NA,217
2022-08-05,2022,32,"5",42.002583,-82.5786,"Surface",1,"NO3","ugL",94.94,FALSE,NA,217
2022-08-05,2022,32,"5",42.002583,-82.5786,"Surface",1,"SRP","ugL",2.26,FALSE,NA,217
2022-08-05,2022,32,"5",42.002583,-82.5786,"Surface",1,"TDN","ugL",176.92,FALSE,NA,217
2022-08-05,2022,32,"5",42.002583,-82.5786,"Surface",1,"TDP","ugL",2.655,TRUE,NA,217
2022-08-05,2022,32,"5",42.002583,-82.5786,"Surface",1,"TMC","ugL",0.31,FALSE,NA,217
2022-08-05,2022,32,"5",42.002583,-82.5786,"Surface",1,"TP","ugL",15.32,FALSE,NA,217
2022-08-05,2022,32,"5",42.002583,-82.5786,"Surface",1,"TSS","mgL",4555,FALSE,NA,217
2022-08-05,2022,32,"6",42.0222,-82.6697,"Bottom",8,"NH4","ugL",10.695,FALSE,NA,217
2022-08-05,2022,32,"6",42.0222,-82.6697,"Bottom",8,"NO3","ugL",124.96,FALSE,NA,217
2022-08-05,2022,32,"6",42.0222,-82.6697,"Bottom",8,"SRP","ugL",1.625,FALSE,NA,217
2022-08-05,2022,32,"6",42.0222,-82.6697,"Bottom",8,"TDN","ugL",6656.18,TRUE,NA,217
2022-08-05,2022,32,"6",42.0222,-82.6697,"Bottom",8,"TDP","ugL",0.525,TRUE,NA,217
2022-08-05,2022,32,"6",42.0222,-82.6697,"Surface",1,"DMC","ugL",0.12,FALSE,NA,217
2022-08-05,2022,32,"6",42.0222,-82.6697,"Surface",1,"NH4","ugL",15.195,FALSE,NA,217
2022-08-05,2022,32,"6",42.0222,-82.6697,"Surface",1,"NO3","ugL",115.82,FALSE,NA,217
2022-08-05,2022,32,"6",42.0222,-82.6697,"Surface",1,"SRP","ugL",1.66,FALSE,NA,217
2022-08-05,2022,32,"6",42.0222,-82.6697,"Surface",1,"TDN","ugL",174.63,FALSE,NA,217
2022-08-05,2022,32,"6",42.0222,-82.6697,"Surface",1,"TDP","ugL",0.73,TRUE,NA,217
2022-08-05,2022,32,"6",42.0222,-82.6697,"Surface",1,"TMC","ugL",0.3,TRUE,NA,217
2022-08-05,2022,32,"6",42.0222,-82.6697,"Surface",1,"TP","ugL",11.79,TRUE,NA,217
2022-08-05,2022,32,"6",42.0222,-82.6697,"Surface",1,"TSS","mgL",2316,FALSE,NA,217
2022-08-05,2022,32,"7",41.99605,-82.7179,"Bottom",9.5,"NH4","ugL",33.895,FALSE,NA,217
2022-08-05,2022,32,"7",41.99605,-82.7179,"Bottom",9.5,"NO3","ugL",89.75,FALSE,NA,217
2022-08-05,2022,32,"7",41.99605,-82.7179,"Bottom",9.5,"SRP","ugL",2.18,FALSE,NA,217
2022-08-05,2022,32,"7",41.99605,-82.7179,"Bottom",9.5,"TDN","ugL",176.66,FALSE,NA,217
2022-08-05,2022,32,"7",41.99605,-82.7179,"Bottom",9.5,"TDP","ugL",1.39,TRUE,NA,217
2022-08-05,2022,32,"7",41.99605,-82.7179,"Bottom",9.5,"TP","ugL",6.945,FALSE,NA,217
2022-08-05,2022,32,"7",41.99605,-82.7179,"Surface",1,"DMC","ugL",0.1,TRUE,NA,217
2022-08-05,2022,32,"7",41.99605,-82.7179,"Surface",1,"NH4","ugL",29.395,FALSE,NA,217
2022-08-05,2022,32,"7",41.99605,-82.7179,"Surface",1,"NO3","ugL",158.45,TRUE,NA,217
2022-08-05,2022,32,"7",41.99605,-82.7179,"Surface",1,"SRP","ugL",1.925,FALSE,NA,217
2022-08-05,2022,32,"7",41.99605,-82.7179,"Surface",1,"TDN","ugL",278.835,FALSE,NA,217
2022-08-05,2022,32,"7",41.99605,-82.7179,"Surface",1,"TDP","ugL",1.13,FALSE,NA,217
2022-08-05,2022,32,"7",41.99605,-82.7179,"Surface",1,"TMC","ugL",0.345,TRUE,NA,217
2022-08-05,2022,32,"7",41.99605,-82.7179,"Surface",1,"TP","ugL",5.285,FALSE,NA,217
2022-08-09,2022,33,"2",41.913017,-82.7367,"Bottom",11,"DOC","mgL",2,FALSE,NA,221
2022-08-09,2022,33,"2",41.913017,-82.7367,"Bottom",11,"NH4","ugL",19.24,FALSE,NA,221
2022-08-09,2022,33,"2",41.913017,-82.7367,"Bottom",11,"NO3","ugL",101.855,FALSE,NA,221
2022-08-09,2022,33,"2",41.913017,-82.7367,"Bottom",11,"PP","ugL",30.685,FALSE,NA,221
2022-08-09,2022,33,"2",41.913017,-82.7367,"Bottom",11,"SRP","ugL",1.36,FALSE,NA,221
2022-08-09,2022,33,"2",41.913017,-82.7367,"Bottom",11,"TDN","ugL",199.92,TRUE,NA,221
2022-08-09,2022,33,"2",41.913017,-82.7367,"Bottom",11,"TDP","ugL",1.475,FALSE,NA,221
2022-08-09,2022,33,"2",41.913017,-82.7367,"Bottom",11,"TP","ugL",13.26,FALSE,NA,221
2022-08-09,2022,33,"2",41.913017,-82.7367,"Bottom",11,"TSS","mgL",2066.4,FALSE,NA,221
2022-08-09,2022,33,"2",41.913017,-82.7367,"Surface",1,"CHLA","ugL",3.015,TRUE,NA,221
2022-08-09,2022,33,"2",41.913017,-82.7367,"Surface",1,"DOC","mgL",2.01,FALSE,NA,221
2022-08-09,2022,33,"2",41.913017,-82.7367,"Surface",1,"NH4","ugL",13.465,FALSE,NA,221
2022-08-09,2022,33,"2",41.913017,-82.7367,"Surface",1,"NO3","ugL",93.455,FALSE,NA,221
2022-08-09,2022,33,"2",41.913017,-82.7367,"Surface",1,"PP","ugL",24.98,FALSE,NA,221
2022-08-09,2022,33,"2",41.913017,-82.7367,"Surface",1,"SRP","ugL",1.515,FALSE,NA,221
2022-08-09,2022,33,"2",41.913017,-82.7367,"Surface",1,"TDN","ugL",178.02,FALSE,NA,221
2022-08-09,2022,33,"2",41.913017,-82.7367,"Surface",1,"TDP","ugL",1.85,FALSE,NA,221
2022-08-09,2022,33,"2",41.913017,-82.7367,"Surface",1,"TP","ugL",10.48,FALSE,NA,221
2022-08-09,2022,33,"2",41.913017,-82.7367,"Surface",1,"TSS","mgL",909.6,FALSE,NA,221
2022-08-09,2022,33,"4",41.8927,-82.5258,"Bottom",8,"CHLA","ugL",3.32,FALSE,NA,221
2022-08-09,2022,33,"4",41.8927,-82.5258,"Bottom",8,"DOC","mgL",1.99,FALSE,NA,221
2022-08-09,2022,33,"4",41.8927,-82.5258,"Bottom",8,"NH4","ugL",25.12,FALSE,NA,221
2022-08-09,2022,33,"4",41.8927,-82.5258,"Bottom",8,"NO3","ugL",85.3,FALSE,NA,221
2022-08-09,2022,33,"4",41.8927,-82.5258,"Bottom",8,"PP","ugL",27.015,FALSE,NA,221
2022-08-09,2022,33,"4",41.8927,-82.5258,"Bottom",8,"SRP","ugL",1.975,FALSE,NA,221
2022-08-09,2022,33,"4",41.8927,-82.5258,"Bottom",8,"TDN","ugL",234.055,TRUE,NA,221
2022-08-09,2022,33,"4",41.8927,-82.5258,"Bottom",8,"TDP","ugL",1.595,FALSE,NA,221
2022-08-09,2022,33,"4",41.8927,-82.5258,"Bottom",8,"TP","ugL",16.535,FALSE,NA,221
2022-08-09,2022,33,"4",41.8927,-82.5258,"Bottom",8,"TSS","mgL",1812,FALSE,NA,221
2022-08-09,2022,33,"4",41.8927,-82.5258,"Surface",1,"CHLA","ugL",5.87,FALSE,NA,221
2022-08-09,2022,33,"4",41.8927,-82.5258,"Surface",1,"DOC","mgL",1.95,FALSE,NA,221
2022-08-09,2022,33,"4",41.8927,-82.5258,"Surface",1,"NH4","ugL",10.905,FALSE,NA,221
2022-08-09,2022,33,"4",41.8927,-82.5258,"Surface",1,"NO3","ugL",104.945,FALSE,NA,221
2022-08-09,2022,33,"4",41.8927,-82.5258,"Surface",1,"PP","ugL",17.66,FALSE,NA,221
2022-08-09,2022,33,"4",41.8927,-82.5258,"Surface",1,"SRP","ugL",2.53,FALSE,NA,221
2022-08-09,2022,33,"4",41.8927,-82.5258,"Surface",1,"TDN","ugL",174.295,FALSE,NA,221
2022-08-09,2022,33,"4",41.8927,-82.5258,"Surface",1,"TDP","ugL",1.935,FALSE,NA,221
2022-08-09,2022,33,"4",41.8927,-82.5258,"Surface",1,"TP","ugL",7,FALSE,NA,221
2022-08-09,2022,33,"4",41.8927,-82.5258,"Surface",1,"TSS","mgL",1611,FALSE,NA,221
2022-08-09,2022,33,"5",42.002583,-82.5786,"Bottom",8.5,"CHLA","ugL",6.17,FALSE,NA,221
2022-08-09,2022,33,"5",42.002583,-82.5786,"Bottom",8.5,"DOC","mgL",1.7,FALSE,NA,221
2022-08-09,2022,33,"5",42.002583,-82.5786,"Bottom",8.5,"NH4","ugL",28.155,TRUE,NA,221
2022-08-09,2022,33,"5",42.002583,-82.5786,"Bottom",8.5,"NO3","ugL",113.22,FALSE,NA,221
2022-08-09,2022,33,"5",42.002583,-82.5786,"Bottom",8.5,"PP","ugL",39.215,FALSE,NA,221
2022-08-09,2022,33,"5",42.002583,-82.5786,"Bottom",8.5,"SRP","ugL",6.905,FALSE,NA,221
2022-08-09,2022,33,"5",42.002583,-82.5786,"Bottom",8.5,"TDN","ugL",177.03,FALSE,NA,221
2022-08-09,2022,33,"5",42.002583,-82.5786,"Bottom",8.5,"TDP","ugL",7.44,FALSE,NA,221
2022-08-09,2022,33,"5",42.002583,-82.5786,"Bottom",8.5,"TP","ugL",10.455,FALSE,NA,221
2022-08-09,2022,33,"5",42.002583,-82.5786,"Surface",1,"CHLA","ugL",11.945,FALSE,NA,221
2022-08-09,2022,33,"5",42.002583,-82.5786,"Surface",1,"DMC","ugL",0.1,FALSE,NA,221
2022-08-09,2022,33,"5",42.002583,-82.5786,"Surface",1,"DOC","mgL",1.76,FALSE,NA,221
2022-08-09,2022,33,"5",42.002583,-82.5786,"Surface",1,"NH4","ugL",11.49,FALSE,NA,221
2022-08-09,2022,33,"5",42.002583,-82.5786,"Surface",1,"NO3","ugL",78.505,FALSE,NA,221
2022-08-09,2022,33,"5",42.002583,-82.5786,"Surface",1,"PP","ugL",53.355,FALSE,NA,221
2022-08-09,2022,33,"5",42.002583,-82.5786,"Surface",1,"SRP","ugL",9.59,FALSE,NA,221
2022-08-09,2022,33,"5",42.002583,-82.5786,"Surface",1,"TDN","ugL",158.05,FALSE,NA,221
2022-08-09,2022,33,"5",42.002583,-82.5786,"Surface",1,"TDP","ugL",10.925,FALSE,NA,221
2022-08-09,2022,33,"5",42.002583,-82.5786,"Surface",1,"TMC","ugL",0.245,TRUE,NA,221
2022-08-09,2022,33,"5",42.002583,-82.5786,"Surface",1,"TP","ugL",17.83,FALSE,NA,221
2022-08-09,2022,33,"6",42.0222,-82.6697,"Bottom",8,"CHLA","ugL",8.785,FALSE,NA,221
2022-08-09,2022,33,"6",42.0222,-82.6697,"Bottom",8,"DOC","mgL",1.71,FALSE,NA,221
2022-08-09,2022,33,"6",42.0222,-82.6697,"Bottom",8,"NH4","ugL",22.665,FALSE,NA,221
2022-08-09,2022,33,"6",42.0222,-82.6697,"Bottom",8,"NO3","ugL",112.48,FALSE,NA,221
2022-08-09,2022,33,"6",42.0222,-82.6697,"Bottom",8,"PP","ugL",42.29,FALSE,NA,221
2022-08-09,2022,33,"6",42.0222,-82.6697,"Bottom",8,"SRP","ugL",11.72,FALSE,NA,221
2022-08-09,2022,33,"6",42.0222,-82.6697,"Bottom",8,"TDN","ugL",174.18,FALSE,NA,221
2022-08-09,2022,33,"6",42.0222,-82.6697,"Bottom",8,"TDP","ugL",14.1,FALSE,NA,221
2022-08-09,2022,33,"6",42.0222,-82.6697,"Surface",1,"CHLA","ugL",7.345,FALSE,NA,221
2022-08-09,2022,33,"6",42.0222,-82.6697,"Surface",1,"DMC","ugL",0.125,TRUE,NA,221
2022-08-09,2022,33,"6",42.0222,-82.6697,"Surface",1,"DOC","mgL",1.8,FALSE,NA,221
2022-08-09,2022,33,"6",42.0222,-82.6697,"Surface",1,"NH4","ugL",11.785,FALSE,NA,221
2022-08-09,2022,33,"6",42.0222,-82.6697,"Surface",1,"NO3","ugL",121.75,FALSE,NA,221
2022-08-09,2022,33,"6",42.0222,-82.6697,"Surface",1,"PP","ugL",39.715,FALSE,NA,221
2022-08-09,2022,33,"6",42.0222,-82.6697,"Surface",1,"SRP","ugL",9.005,FALSE,NA,221
2022-08-09,2022,33,"6",42.0222,-82.6697,"Surface",1,"TDN","ugL",199.37,TRUE,NA,221
2022-08-09,2022,33,"6",42.0222,-82.6697,"Surface",1,"TDP","ugL",11.22,FALSE,NA,221
2022-08-09,2022,33,"6",42.0222,-82.6697,"Surface",1,"TMC","ugL",0.265,FALSE,NA,221
2022-08-09,2022,33,"6",42.0222,-82.6697,"Surface",1,"TP","ugL",15.74,FALSE,NA,221
2022-08-09,2022,33,"7",41.99605,-82.7179,"Bottom",9.5,"CHLA","ugL",7.34,FALSE,NA,221
2022-08-09,2022,33,"7",41.99605,-82.7179,"Bottom",9.5,"DOC","mgL",1.78,FALSE,NA,221
2022-08-09,2022,33,"7",41.99605,-82.7179,"Bottom",9.5,"NH4","ugL",56.405,FALSE,NA,221
2022-08-09,2022,33,"7",41.99605,-82.7179,"Bottom",9.5,"NO3","ugL",86.29,FALSE,NA,221
2022-08-09,2022,33,"7",41.99605,-82.7179,"Bottom",9.5,"PP","ugL",57.965,FALSE,NA,221
2022-08-09,2022,33,"7",41.99605,-82.7179,"Bottom",9.5,"SRP","ugL",9.745,FALSE,NA,221
2022-08-09,2022,33,"7",41.99605,-82.7179,"Bottom",9.5,"TDN","ugL",223.505,TRUE,NA,221
2022-08-09,2022,33,"7",41.99605,-82.7179,"Bottom",9.5,"TDP","ugL",11.36,FALSE,NA,221
2022-08-09,2022,33,"7",41.99605,-82.7179,"Bottom",9.5,"TP","ugL",25.48,FALSE,NA,221
2022-08-09,2022,33,"7",41.99605,-82.7179,"Bottom",9.5,"TSS","mgL",9123,FALSE,NA,221
2022-08-09,2022,33,"7",41.99605,-82.7179,"Surface",1,"CHLA","ugL",7.74,FALSE,NA,221
2022-08-09,2022,33,"7",41.99605,-82.7179,"Surface",1,"DMC","ugL",0.135,TRUE,NA,221
2022-08-09,2022,33,"7",41.99605,-82.7179,"Surface",1,"DOC","mgL",1.81,FALSE,NA,221
2022-08-09,2022,33,"7",41.99605,-82.7179,"Surface",1,"NH4","ugL",14.85,FALSE,NA,221
2022-08-09,2022,33,"7",41.99605,-82.7179,"Surface",1,"NO3","ugL",110.14,FALSE,NA,221
2022-08-09,2022,33,"7",41.99605,-82.7179,"Surface",1,"PP","ugL",27.125,FALSE,NA,221
2022-08-09,2022,33,"7",41.99605,-82.7179,"Surface",1,"SRP","ugL",5.025,FALSE,NA,221
2022-08-09,2022,33,"7",41.99605,-82.7179,"Surface",1,"TDN","ugL",174.865,FALSE,NA,221
2022-08-09,2022,33,"7",41.99605,-82.7179,"Surface",1,"TDP","ugL",4.59,FALSE,NA,221
2022-08-09,2022,33,"7",41.99605,-82.7179,"Surface",1,"TMC","ugL",0.19,TRUE,NA,221
2022-08-09,2022,33,"7",41.99605,-82.7179,"Surface",1,"TP","ugL",12.02,FALSE,NA,221
2022-08-09,2022,33,"7",41.99605,-82.7179,"Surface",1,"TSS","mgL",2222,FALSE,NA,221
2022-08-17,2022,34,"2",41.913017,-82.7367,"Bottom",11,"CHLA","ugL",12.465,FALSE,NA,229
2022-08-17,2022,34,"2",41.913017,-82.7367,"Bottom",11,"CN","rat",5.52,FALSE,NA,229
2022-08-17,2022,34,"2",41.913017,-82.7367,"Bottom",11,"DOC","mgL",1.98,FALSE,NA,229
2022-08-17,2022,34,"2",41.913017,-82.7367,"Bottom",11,"NH4","ugL",13.55,FALSE,NA,229
2022-08-17,2022,34,"2",41.913017,-82.7367,"Bottom",11,"NO3","ugL",21.38,TRUE,NA,229
2022-08-17,2022,34,"2",41.913017,-82.7367,"Bottom",11,"PP","ugL",45.13,FALSE,NA,229
2022-08-17,2022,34,"2",41.913017,-82.7367,"Bottom",11,"SES_C","mgL",658.45,FALSE,NA,229
2022-08-17,2022,34,"2",41.913017,-82.7367,"Bottom",11,"SES_N","mgL",139.21,FALSE,NA,229
2022-08-17,2022,34,"2",41.913017,-82.7367,"Bottom",11,"SRP","ugL",1.09,TRUE,NA,229
2022-08-17,2022,34,"2",41.913017,-82.7367,"Bottom",11,"TDN","ugL",269.555,TRUE,NA,229
2022-08-17,2022,34,"2",41.913017,-82.7367,"Bottom",11,"TDP","ugL",2.915,FALSE,NA,229
2022-08-17,2022,34,"2",41.913017,-82.7367,"Bottom",11,"TP","ugL",14.6,FALSE,NA,229
2022-08-17,2022,34,"2",41.913017,-82.7367,"Bottom",11,"TSS","mgL",3867,FALSE,NA,229
2022-08-17,2022,34,"2",41.913017,-82.7367,"Surface",1,"CHLA","ugL",12.955,FALSE,NA,229
2022-08-17,2022,34,"2",41.913017,-82.7367,"Surface",1,"CN","rat",5.64,TRUE,NA,229
2022-08-17,2022,34,"2",41.913017,-82.7367,"Surface",1,"DOC","mgL",1.85,FALSE,NA,229
2022-08-17,2022,34,"2",41.913017,-82.7367,"Surface",1,"NH4","ugL",16.685,TRUE,NA,229
2022-08-17,2022,34,"2",41.913017,-82.7367,"Surface",1,"NO3","ugL",85.105,FALSE,NA,229
2022-08-17,2022,34,"2",41.913017,-82.7367,"Surface",1,"PP","ugL",38.075,FALSE,NA,229
2022-08-17,2022,34,"2",41.913017,-82.7367,"Surface",1,"SES_C","mgL",477.52,TRUE,NA,229
2022-08-17,2022,34,"2",41.913017,-82.7367,"Surface",1,"SES_N","mgL",99.02,FALSE,NA,229
2022-08-17,2022,34,"2",41.913017,-82.7367,"Surface",1,"SRP","ugL",0.755,TRUE,NA,229
2022-08-17,2022,34,"2",41.913017,-82.7367,"Surface",1,"TDN","ugL",367.74,FALSE,NA,229
2022-08-17,2022,34,"2",41.913017,-82.7367,"Surface",1,"TDP","ugL",5.68,TRUE,NA,229
2022-08-17,2022,34,"2",41.913017,-82.7367,"Surface",1,"TP","ugL",9.555,FALSE,NA,229
2022-08-17,2022,34,"2",41.913017,-82.7367,"Surface",1,"TSS","mgL",2864,FALSE,NA,229
2022-08-17,2022,34,"4",41.8927,-82.5258,"Bottom",8,"CHLA","ugL",8.07,FALSE,NA,229
2022-08-17,2022,34,"4",41.8927,-82.5258,"Bottom",8,"CN","rat",5.965,TRUE,NA,229
2022-08-17,2022,34,"4",41.8927,-82.5258,"Bottom",8,"DOC","mgL",2.32,FALSE,NA,229
2022-08-17,2022,34,"4",41.8927,-82.5258,"Bottom",8,"NH4","ugL",15.705,FALSE,NA,229
2022-08-17,2022,34,"4",41.8927,-82.5258,"Bottom",8,"NO3","ugL",96.635,FALSE,NA,229
2022-08-17,2022,34,"4",41.8927,-82.5258,"Bottom",8,"PP","ugL",30.95,FALSE,NA,229
2022-08-17,2022,34,"4",41.8927,-82.5258,"Bottom",8,"SES_C","mgL",387.85,FALSE,NA,229
2022-08-17,2022,34,"4",41.8927,-82.5258,"Bottom",8,"SES_N","mgL",77.925,TRUE,NA,229
2022-08-17,2022,34,"4",41.8927,-82.5258,"Bottom",8,"SRP","ugL",3.445,TRUE,NA,229
2022-08-17,2022,34,"4",41.8927,-82.5258,"Bottom",8,"TDN","ugL",338.035,FALSE,NA,229
2022-08-17,2022,34,"4",41.8927,-82.5258,"Bottom",8,"TDP","ugL",1.62,FALSE,NA,229
2022-08-17,2022,34,"4",41.8927,-82.5258,"Bottom",8,"TP","ugL",5.16,FALSE,NA,229
2022-08-17,2022,34,"4",41.8927,-82.5258,"Bottom",8,"TSS","mgL",1540,FALSE,NA,229
2022-08-17,2022,34,"4",41.8927,-82.5258,"Surface",1,"CHLA","ugL",7.78,FALSE,NA,229
2022-08-17,2022,34,"4",41.8927,-82.5258,"Surface",1,"CN","rat",5.675,TRUE,NA,229
2022-08-17,2022,34,"4",41.8927,-82.5258,"Surface",1,"DOC","mgL",1.87,FALSE,NA,229
2022-08-17,2022,34,"4",41.8927,-82.5258,"Surface",1,"NH4","ugL",12.865,FALSE,NA,229
2022-08-17,2022,34,"4",41.8927,-82.5258,"Surface",1,"NO3","ugL",81.085,FALSE,NA,229
2022-08-17,2022,34,"4",41.8927,-82.5258,"Surface",1,"PP","ugL",30.675,FALSE,NA,229
2022-08-17,2022,34,"4",41.8927,-82.5258,"Surface",1,"SES_C","mgL",365.9,FALSE,NA,229
2022-08-17,2022,34,"4",41.8927,-82.5258,"Surface",1,"SES_N","mgL",78.275,TRUE,NA,229
2022-08-17,2022,34,"4",41.8927,-82.5258,"Surface",1,"SRP","ugL",3.7,TRUE,NA,229
2022-08-17,2022,34,"4",41.8927,-82.5258,"Surface",1,"TDN","ugL",316.07,FALSE,NA,229
2022-08-17,2022,34,"4",41.8927,-82.5258,"Surface",1,"TDP","ugL",1.905,FALSE,NA,229
2022-08-17,2022,34,"4",41.8927,-82.5258,"Surface",1,"TP","ugL",5.235,TRUE,NA,229
2022-08-17,2022,34,"4",41.8927,-82.5258,"Surface",1,"TSS","mgL",1568,FALSE,NA,229
2022-08-17,2022,34,"5",42.002583,-82.5786,"Bottom",8.5,"CHLA","ugL",4.94,FALSE,NA,229
2022-08-17,2022,34,"5",42.002583,-82.5786,"Bottom",8.5,"CN","rat",3.4,TRUE,NA,229
2022-08-17,2022,34,"5",42.002583,-82.5786,"Bottom",8.5,"DOC","mgL",1.94,FALSE,NA,229
2022-08-17,2022,34,"5",42.002583,-82.5786,"Bottom",8.5,"NH4","ugL",40.8,FALSE,NA,229
2022-08-17,2022,34,"5",42.002583,-82.5786,"Bottom",8.5,"NO3","ugL",82.6,FALSE,NA,229
2022-08-17,2022,34,"5",42.002583,-82.5786,"Bottom",8.5,"PP","ugL",34.865,FALSE,NA,229
2022-08-17,2022,34,"5",42.002583,-82.5786,"Bottom",8.5,"SES_C","mgL",329.38,FALSE,NA,229
2022-08-17,2022,34,"5",42.002583,-82.5786,"Bottom",8.5,"SES_N","mgL",116.22,TRUE,NA,229
2022-08-17,2022,34,"5",42.002583,-82.5786,"Bottom",8.5,"SRP","ugL",0.3,FALSE,NA,229
2022-08-17,2022,34,"5",42.002583,-82.5786,"Bottom",8.5,"TDN","ugL",438.695,FALSE,NA,229
2022-08-17,2022,34,"5",42.002583,-82.5786,"Bottom",8.5,"TDP","ugL",2.77,TRUE,NA,229
2022-08-17,2022,34,"5",42.002583,-82.5786,"Bottom",8.5,"TP","ugL",7.32,FALSE,NA,229
2022-08-17,2022,34,"5",42.002583,-82.5786,"Bottom",8.5,"TSS","mgL",1982,FALSE,NA,229
2022-08-17,2022,34,"5",42.002583,-82.5786,"Surface",1,"CHLA","ugL",6.025,FALSE,NA,229
2022-08-17,2022,34,"5",42.002583,-82.5786,"Surface",1,"CN","rat",6.015,TRUE,NA,229
2022-08-17,2022,34,"5",42.002583,-82.5786,"Surface",1,"DMC","ugL",0.115,TRUE,NA,229
2022-08-17,2022,34,"5",42.002583,-82.5786,"Surface",1,"DOC","mgL",1.85,FALSE,NA,229
2022-08-17,2022,34,"5",42.002583,-82.5786,"Surface",1,"NH4","ugL",17.275,FALSE,NA,229
2022-08-17,2022,34,"5",42.002583,-82.5786,"Surface",1,"NO3","ugL",104.285,FALSE,NA,229
2022-08-17,2022,34,"5",42.002583,-82.5786,"Surface",1,"PP","ugL",33.15,FALSE,NA,229
2022-08-17,2022,34,"5",42.002583,-82.5786,"Surface",1,"SES_C","mgL",305.73,TRUE,NA,229
2022-08-17,2022,34,"5",42.002583,-82.5786,"Surface",1,"SES_N","mgL",59.405,FALSE,NA,229
2022-08-17,2022,34,"5",42.002583,-82.5786,"Surface",1,"SRP","ugL",0.715,FALSE,NA,229
2022-08-17,2022,34,"5",42.002583,-82.5786,"Surface",1,"TDN","ugL",399.025,FALSE,NA,229
2022-08-17,2022,34,"5",42.002583,-82.5786,"Surface",1,"TDP","ugL",6.375,TRUE,NA,229
2022-08-17,2022,34,"5",42.002583,-82.5786,"Surface",1,"TMC","ugL",0.235,FALSE,NA,229
2022-08-17,2022,34,"5",42.002583,-82.5786,"Surface",1,"TP","ugL",6.25,FALSE,NA,229
2022-08-17,2022,34,"5",42.002583,-82.5786,"Surface",1,"TSS","mgL",3691,TRUE,NA,229
2022-08-17,2022,34,"6",42.0222,-82.6697,"Bottom",8,"CHLA","ugL",6.47,FALSE,NA,229
2022-08-17,2022,34,"6",42.0222,-82.6697,"Bottom",8,"CN","rat",4.75,FALSE,NA,229
2022-08-17,2022,34,"6",42.0222,-82.6697,"Bottom",8,"NH4","ugL",28.745,TRUE,NA,229
2022-08-17,2022,34,"6",42.0222,-82.6697,"Bottom",8,"NO3","ugL",114.825,FALSE,NA,229
2022-08-17,2022,34,"6",42.0222,-82.6697,"Bottom",8,"PP","ugL",33.44,FALSE,NA,229
2022-08-17,2022,34,"6",42.0222,-82.6697,"Bottom",8,"SES_C","mgL",310.38,TRUE,NA,229
2022-08-17,2022,34,"6",42.0222,-82.6697,"Bottom",8,"SES_N","mgL",77.81,TRUE,NA,229
2022-08-17,2022,34,"6",42.0222,-82.6697,"Bottom",8,"SRP","ugL",1.325,TRUE,NA,229
2022-08-17,2022,34,"6",42.0222,-82.6697,"Bottom",8,"TDN","ugL",419.42,FALSE,NA,229
2022-08-17,2022,34,"6",42.0222,-82.6697,"Bottom",8,"TDP","ugL",2.745,TRUE,NA,229
2022-08-17,2022,34,"6",42.0222,-82.6697,"Bottom",8,"TP","ugL",5.185,TRUE,NA,229
2022-08-17,2022,34,"6",42.0222,-82.6697,"Bottom",8,"TSS","mgL",1918,FALSE,NA,229
2022-08-17,2022,34,"6",42.0222,-82.6697,"Surface",1,"CHLA","ugL",5.19,FALSE,NA,229
2022-08-17,2022,34,"6",42.0222,-82.6697,"Surface",1,"CN","rat",4.21,TRUE,NA,229
2022-08-17,2022,34,"6",42.0222,-82.6697,"Surface",1,"DMC","ugL",0.445,TRUE,NA,229
2022-08-17,2022,34,"6",42.0222,-82.6697,"Surface",1,"DOC","mgL",1.83,FALSE,NA,229
2022-08-17,2022,34,"6",42.0222,-82.6697,"Surface",1,"NH4","ugL",66.685,FALSE,NA,229
2022-08-17,2022,34,"6",42.0222,-82.6697,"Surface",1,"NO3","ugL",139.215,FALSE,NA,229
2022-08-17,2022,34,"6",42.0222,-82.6697,"Surface",1,"PP","ugL",33.1,FALSE,NA,229
2022-08-17,2022,34,"6",42.0222,-82.6697,"Surface",1,"SES_C","mgL",289.37,FALSE,NA,229
2022-08-17,2022,34,"6",42.0222,-82.6697,"Surface",1,"SES_N","mgL",84.075,TRUE,NA,229
2022-08-17,2022,34,"6",42.0222,-82.6697,"Surface",1,"SRP","ugL",0.635,TRUE,NA,229
2022-08-17,2022,34,"6",42.0222,-82.6697,"Surface",1,"TDN","ugL",672.45,TRUE,NA,229
2022-08-17,2022,34,"6",42.0222,-82.6697,"Surface",1,"TDP","ugL",1.305,FALSE,NA,229
2022-08-17,2022,34,"6",42.0222,-82.6697,"Surface",1,"TMC","ugL",0.335,TRUE,NA,229
2022-08-17,2022,34,"6",42.0222,-82.6697,"Surface",1,"TP","ugL",37.205,TRUE,NA,229
2022-08-17,2022,34,"6",42.0222,-82.6697,"Surface",1,"TSS","mgL",870,FALSE,NA,229
2022-08-17,2022,34,"7",41.99605,-82.7179,"Bottom",9.5,"CHLA","ugL",6.12,FALSE,NA,229
2022-08-17,2022,34,"7",41.99605,-82.7179,"Bottom",9.5,"CN","rat",4.425,TRUE,NA,229
2022-08-17,2022,34,"7",41.99605,-82.7179,"Bottom",9.5,"DOC","mgL",1.94,FALSE,NA,229
2022-08-17,2022,34,"7",41.99605,-82.7179,"Bottom",9.5,"NH4","ugL",22.865,FALSE,NA,229
2022-08-17,2022,34,"7",41.99605,-82.7179,"Bottom",9.5,"NO3","ugL",133.27,FALSE,NA,229
2022-08-17,2022,34,"7",41.99605,-82.7179,"Bottom",9.5,"PP","ugL",31.72,FALSE,NA,229
2022-08-17,2022,34,"7",41.99605,-82.7179,"Bottom",9.5,"SES_C","mgL",300.39,TRUE,NA,229
2022-08-17,2022,34,"7",41.99605,-82.7179,"Bottom",9.5,"SES_N","mgL",85.295,TRUE,NA,229
2022-08-17,2022,34,"7",41.99605,-82.7179,"Bottom",9.5,"SRP","ugL",0.87,TRUE,NA,229
2022-08-17,2022,34,"7",41.99605,-82.7179,"Bottom",9.5,"TDN","ugL",370.075,FALSE,NA,229
2022-08-17,2022,34,"7",41.99605,-82.7179,"Bottom",9.5,"TDP","ugL",1.705,TRUE,NA,229
2022-08-17,2022,34,"7",41.99605,-82.7179,"Bottom",9.5,"TP","ugL",6.23,FALSE,NA,229
2022-08-17,2022,34,"7",41.99605,-82.7179,"Bottom",9.5,"TSS","mgL",3223,FALSE,NA,229
2022-08-17,2022,34,"7",41.99605,-82.7179,"Surface",1,"CHLA","ugL",5.755,FALSE,NA,229
2022-08-17,2022,34,"7",41.99605,-82.7179,"Surface",1,"CN","rat",6.06,FALSE,NA,229
2022-08-17,2022,34,"7",41.99605,-82.7179,"Surface",1,"DMC","ugL",0.835,TRUE,NA,229
2022-08-17,2022,34,"7",41.99605,-82.7179,"Surface",1,"DOC","mgL",1.72,FALSE,NA,229
2022-08-17,2022,34,"7",41.99605,-82.7179,"Surface",1,"NH4","ugL",26.98,TRUE,NA,229
2022-08-17,2022,34,"7",41.99605,-82.7179,"Surface",1,"NO3","ugL",135.865,FALSE,NA,229
2022-08-17,2022,34,"7",41.99605,-82.7179,"Surface",1,"PP","ugL",25.49,FALSE,NA,229
2022-08-17,2022,34,"7",41.99605,-82.7179,"Surface",1,"SES_C","mgL",239.175,FALSE,NA,229
2022-08-17,2022,34,"7",41.99605,-82.7179,"Surface",1,"SES_N","mgL",46.09,FALSE,NA,229
2022-08-17,2022,34,"7",41.99605,-82.7179,"Surface",1,"SRP","ugL",1.355,FALSE,NA,229
2022-08-17,2022,34,"7",41.99605,-82.7179,"Surface",1,"TDN","ugL",374.24,FALSE,NA,229
2022-08-17,2022,34,"7",41.99605,-82.7179,"Surface",1,"TDP","ugL",2.08,TRUE,NA,229
2022-08-17,2022,34,"7",41.99605,-82.7179,"Surface",1,"TMC","ugL",0.435,FALSE,NA,229
2022-08-17,2022,34,"7",41.99605,-82.7179,"Surface",1,"TP","ugL",4.515,TRUE,NA,229
2022-08-17,2022,34,"7",41.99605,-82.7179,"Surface",1,"TSS","mgL",2004,FALSE,NA,229
2022-08-23,2022,35,"2",41.913017,-82.7367,"Bottom",11,"CHLA","ugL",10.785,FALSE,NA,235
2022-08-23,2022,35,"2",41.913017,-82.7367,"Bottom",11,"CN","rat",7.74,FALSE,NA,235
2022-08-23,2022,35,"2",41.913017,-82.7367,"Bottom",11,"DOC","mgL",2.11,FALSE,NA,235
2022-08-23,2022,35,"2",41.913017,-82.7367,"Bottom",11,"NH4","ugL",15.41,FALSE,NA,235
2022-08-23,2022,35,"2",41.913017,-82.7367,"Bottom",11,"NO3","ugL",63.245,FALSE,NA,235
2022-08-23,2022,35,"2",41.913017,-82.7367,"Bottom",11,"PP","ugL",33.02,FALSE,NA,235
2022-08-23,2022,35,"2",41.913017,-82.7367,"Bottom",11,"SES_C","mgL",505.08,FALSE,NA,235
2022-08-23,2022,35,"2",41.913017,-82.7367,"Bottom",11,"SES_N","mgL",76.18,FALSE,NA,235
2022-08-23,2022,35,"2",41.913017,-82.7367,"Bottom",11,"SRP","ugL",2.925,TRUE,NA,235
2022-08-23,2022,35,"2",41.913017,-82.7367,"Bottom",11,"TDN","ugL",230.48,TRUE,NA,235
2022-08-23,2022,35,"2",41.913017,-82.7367,"Bottom",11,"TDP","ugL",1.59,TRUE,NA,235
2022-08-23,2022,35,"2",41.913017,-82.7367,"Bottom",11,"TSS","mgL",2315,FALSE,NA,235
2022-08-23,2022,35,"2",41.913017,-82.7367,"Surface",1,"CHLA","ugL",10.395,FALSE,NA,235
2022-08-23,2022,35,"2",41.913017,-82.7367,"Surface",1,"CN","rat",6.985,TRUE,NA,235
2022-08-23,2022,35,"2",41.913017,-82.7367,"Surface",1,"DOC","mgL",1.89,FALSE,NA,235
2022-08-23,2022,35,"2",41.913017,-82.7367,"Surface",1,"NH4","ugL",12.765,FALSE,NA,235
2022-08-23,2022,35,"2",41.913017,-82.7367,"Surface",1,"NO3","ugL",39.62,TRUE,NA,235
2022-08-23,2022,35,"2",41.913017,-82.7367,"Surface",1,"PP","ugL",26.22,FALSE,NA,235
2022-08-23,2022,35,"2",41.913017,-82.7367,"Surface",1,"SES_C","mgL",492.31,FALSE,NA,235
2022-08-23,2022,35,"2",41.913017,-82.7367,"Surface",1,"SES_N","mgL",83.515,FALSE,NA,235
2022-08-23,2022,35,"2",41.913017,-82.7367,"Surface",1,"SRP","ugL",2.23,TRUE,NA,235
2022-08-23,2022,35,"2",41.913017,-82.7367,"Surface",1,"TDN","ugL",247.655,TRUE,NA,235
2022-08-23,2022,35,"2",41.913017,-82.7367,"Surface",1,"TDP","ugL",2.055,FALSE,NA,235
2022-08-23,2022,35,"2",41.913017,-82.7367,"Surface",1,"TP","ugL",11.865,FALSE,NA,235
2022-08-23,2022,35,"2",41.913017,-82.7367,"Surface",1,"TSS","mgL",549,FALSE,NA,235
2022-08-23,2022,35,"4",41.8927,-82.5258,"Bottom",8,"CHLA","ugL",8.795,FALSE,NA,235
2022-08-23,2022,35,"4",41.8927,-82.5258,"Bottom",8,"CN","rat",7.9,FALSE,NA,235
2022-08-23,2022,35,"4",41.8927,-82.5258,"Bottom",8,"DOC","mgL",2.01,FALSE,NA,235
2022-08-23,2022,35,"4",41.8927,-82.5258,"Bottom",8,"NH4","ugL",17.47,FALSE,NA,235
2022-08-23,2022,35,"4",41.8927,-82.5258,"Bottom",8,"NO3","ugL",41.37,TRUE,NA,235
2022-08-23,2022,35,"4",41.8927,-82.5258,"Bottom",8,"PP","ugL",32.12,FALSE,NA,235
2022-08-23,2022,35,"4",41.8927,-82.5258,"Bottom",8,"SES_C","mgL",440.23,FALSE,NA,235
2022-08-23,2022,35,"4",41.8927,-82.5258,"Bottom",8,"SES_N","mgL",65.03,FALSE,NA,235
2022-08-23,2022,35,"4",41.8927,-82.5258,"Bottom",8,"SRP","ugL",1.025,TRUE,NA,235
2022-08-23,2022,35,"4",41.8927,-82.5258,"Bottom",8,"TDN","ugL",302.485,FALSE,NA,235
2022-08-23,2022,35,"4",41.8927,-82.5258,"Bottom",8,"TDP","ugL",2.08,TRUE,NA,235
2022-08-23,2022,35,"4",41.8927,-82.5258,"Bottom",8,"TP","ugL",7.545,TRUE,NA,235
2022-08-23,2022,35,"4",41.8927,-82.5258,"Bottom",8,"TSS","mgL",1523,FALSE,NA,235
2022-08-23,2022,35,"4",41.8927,-82.5258,"Surface",1,"CHLA","ugL",10.665,FALSE,NA,235
2022-08-23,2022,35,"4",41.8927,-82.5258,"Surface",1,"CN","rat",6.3,TRUE,NA,235
2022-08-23,2022,35,"4",41.8927,-82.5258,"Surface",1,"DOC","mgL",1.88,FALSE,NA,235
2022-08-23,2022,35,"4",41.8927,-82.5258,"Surface",1,"NH4","ugL",14.04,FALSE,NA,235
2022-08-23,2022,35,"4",41.8927,-82.5258,"Surface",1,"NO3","ugL",38.175,FALSE,NA,235
2022-08-23,2022,35,"4",41.8927,-82.5258,"Surface",1,"PP","ugL",26.57,FALSE,NA,235
2022-08-23,2022,35,"4",41.8927,-82.5258,"Surface",1,"SES_C","mgL",467.97,FALSE,NA,235
2022-08-23,2022,35,"4",41.8927,-82.5258,"Surface",1,"SES_N","mgL",90.965,TRUE,NA,235
2022-08-23,2022,35,"4",41.8927,-82.5258,"Surface",1,"SRP","ugL",0.49,TRUE,NA,235
2022-08-23,2022,35,"4",41.8927,-82.5258,"Surface",1,"TDN","ugL",225.95,TRUE,NA,235
2022-08-23,2022,35,"4",41.8927,-82.5258,"Surface",1,"TDP","ugL",1.995,TRUE,NA,235
2022-08-23,2022,35,"4",41.8927,-82.5258,"Surface",1,"TP","ugL",8.59,FALSE,NA,235
2022-08-23,2022,35,"4",41.8927,-82.5258,"Surface",1,"TSS","mgL",1850,FALSE,NA,235
2022-08-23,2022,35,"5",42.002583,-82.5786,"Bottom",8.5,"CHLA","ugL",7.3,FALSE,NA,235
2022-08-23,2022,35,"5",42.002583,-82.5786,"Bottom",8.5,"CN","rat",9.315,FALSE,NA,235
2022-08-23,2022,35,"5",42.002583,-82.5786,"Bottom",8.5,"DOC","mgL",1.97,FALSE,NA,235
2022-08-23,2022,35,"5",42.002583,-82.5786,"Bottom",8.5,"NH4","ugL",66.195,TRUE,NA,235
2022-08-23,2022,35,"5",42.002583,-82.5786,"Bottom",8.5,"NO3","ugL",50.13,FALSE,NA,235
2022-08-23,2022,35,"5",42.002583,-82.5786,"Bottom",8.5,"PP","ugL",79.775,TRUE,NA,235
2022-08-23,2022,35,"5",42.002583,-82.5786,"Bottom",8.5,"SES_C","mgL",1270.225,FALSE,NA,235
2022-08-23,2022,35,"5",42.002583,-82.5786,"Bottom",8.5,"SES_N","mgL",159.22,FALSE,NA,235
2022-08-23,2022,35,"5",42.002583,-82.5786,"Bottom",8.5,"SRP","ugL",1.77,TRUE,NA,235
2022-08-23,2022,35,"5",42.002583,-82.5786,"Bottom",8.5,"TDN","ugL",414.185,FALSE,NA,235
2022-08-23,2022,35,"5",42.002583,-82.5786,"Bottom",8.5,"TDP","ugL",3.81,TRUE,NA,235
2022-08-23,2022,35,"5",42.002583,-82.5786,"Bottom",8.5,"TP","ugL",14.5166666666667,TRUE,NA,235
2022-08-23,2022,35,"5",42.002583,-82.5786,"Bottom",8.5,"TSS","mgL",10470.3,TRUE,NA,235
2022-08-23,2022,35,"5",42.002583,-82.5786,"Surface",1,"CHLA","ugL",8.185,FALSE,NA,235
2022-08-23,2022,35,"5",42.002583,-82.5786,"Surface",1,"CN","rat",7.015,FALSE,NA,235
2022-08-23,2022,35,"5",42.002583,-82.5786,"Surface",1,"DMC","ugL",0.745,TRUE,NA,235
2022-08-23,2022,35,"5",42.002583,-82.5786,"Surface",1,"DOC","mgL",1.83,FALSE,NA,235
2022-08-23,2022,35,"5",42.002583,-82.5786,"Surface",1,"NH4","ugL",15.905,FALSE,NA,235
2022-08-23,2022,35,"5",42.002583,-82.5786,"Surface",1,"NO3","ugL",98.355,FALSE,NA,235
2022-08-23,2022,35,"5",42.002583,-82.5786,"Surface",1,"PP","ugL",33.06,FALSE,NA,235
2022-08-23,2022,35,"5",42.002583,-82.5786,"Surface",1,"SES_C","mgL",361.59,FALSE,NA,235
2022-08-23,2022,35,"5",42.002583,-82.5786,"Surface",1,"SES_N","mgL",60.15,FALSE,NA,235
2022-08-23,2022,35,"5",42.002583,-82.5786,"Surface",1,"SRP","ugL",0.49,FALSE,NA,235
2022-08-23,2022,35,"5",42.002583,-82.5786,"Surface",1,"TDN","ugL",317.19,FALSE,NA,235
2022-08-23,2022,35,"5",42.002583,-82.5786,"Surface",1,"TDP","ugL",2.57,FALSE,NA,235
2022-08-23,2022,35,"5",42.002583,-82.5786,"Surface",1,"TMC","ugL",0.38,FALSE,NA,235
2022-08-23,2022,35,"5",42.002583,-82.5786,"Surface",1,"TP","ugL",199.85,TRUE,NA,235
2022-08-23,2022,35,"5",42.002583,-82.5786,"Surface",1,"TSS","mgL",1531,FALSE,NA,235
2022-08-23,2022,35,"6",42.0222,-82.6697,"Bottom",8,"CHLA","ugL",10.02,FALSE,NA,235
2022-08-23,2022,35,"6",42.0222,-82.6697,"Bottom",8,"CN","rat",6.53,FALSE,NA,235
2022-08-23,2022,35,"6",42.0222,-82.6697,"Bottom",8,"DOC","mgL",1.89,FALSE,NA,235
2022-08-23,2022,35,"6",42.0222,-82.6697,"Bottom",8,"NH4","ugL",18.645,FALSE,NA,235
2022-08-23,2022,35,"6",42.0222,-82.6697,"Bottom",8,"NO3","ugL",75.5,FALSE,NA,235
2022-08-23,2022,35,"6",42.0222,-82.6697,"Bottom",8,"PP","ugL",31.905,FALSE,NA,235
2022-08-23,2022,35,"6",42.0222,-82.6697,"Bottom",8,"SES_C","mgL",427.945,FALSE,NA,235
2022-08-23,2022,35,"6",42.0222,-82.6697,"Bottom",8,"SES_N","mgL",76.5,FALSE,NA,235
2022-08-23,2022,35,"6",42.0222,-82.6697,"Bottom",8,"SRP","ugL",1.865,FALSE,NA,235
2022-08-23,2022,35,"6",42.0222,-82.6697,"Bottom",8,"TDN","ugL",296.095,FALSE,NA,235
2022-08-23,2022,35,"6",42.0222,-82.6697,"Bottom",8,"TDP","ugL",3.695,FALSE,NA,235
2022-08-23,2022,35,"6",42.0222,-82.6697,"Bottom",8,"TP","ugL",123.956666666667,TRUE,NA,235
2022-08-23,2022,35,"6",42.0222,-82.6697,"Bottom",8,"TSS","mgL",2368,FALSE,NA,235
2022-08-23,2022,35,"6",42.0222,-82.6697,"Surface",1,"CHLA","ugL",11.045,TRUE,NA,235
2022-08-23,2022,35,"6",42.0222,-82.6697,"Surface",1,"CN","rat",6.33,TRUE,NA,235
2022-08-23,2022,35,"6",42.0222,-82.6697,"Surface",1,"DMC","ugL",0.175,FALSE,NA,235
2022-08-23,2022,35,"6",42.0222,-82.6697,"Surface",1,"DOC","mgL",1.79,FALSE,NA,235
2022-08-23,2022,35,"6",42.0222,-82.6697,"Surface",1,"NH4","ugL",21.395,TRUE,NA,235
2022-08-23,2022,35,"6",42.0222,-82.6697,"Surface",1,"NO3","ugL",82.87,FALSE,NA,235
2022-08-23,2022,35,"6",42.0222,-82.6697,"Surface",1,"PP","ugL",28.715,FALSE,NA,235
2022-08-23,2022,35,"6",42.0222,-82.6697,"Surface",1,"SES_C","mgL",432.185,TRUE,NA,235
2022-08-23,2022,35,"6",42.0222,-82.6697,"Surface",1,"SES_N","mgL",88.755,TRUE,NA,235
2022-08-23,2022,35,"6",42.0222,-82.6697,"Surface",1,"SRP","ugL",1.28,FALSE,NA,235
2022-08-23,2022,35,"6",42.0222,-82.6697,"Surface",1,"TDN","ugL",336.06,FALSE,NA,235
2022-08-23,2022,35,"6",42.0222,-82.6697,"Surface",1,"TDP","ugL",1.215,TRUE,NA,235
2022-08-23,2022,35,"6",42.0222,-82.6697,"Surface",1,"TMC","ugL",0.44,FALSE,NA,235
2022-08-23,2022,35,"6",42.0222,-82.6697,"Surface",1,"TP","ugL",33.5766666666667,TRUE,NA,235
2022-08-23,2022,35,"6",42.0222,-82.6697,"Surface",1,"TSS","mgL",1738,FALSE,NA,235
2022-08-23,2022,35,"7",41.99605,-82.7179,"Bottom",9.5,"CHLA","ugL",1.58,TRUE,NA,235
2022-08-23,2022,35,"7",41.99605,-82.7179,"Bottom",9.5,"CN","rat",6.59,FALSE,NA,235
2022-08-23,2022,35,"7",41.99605,-82.7179,"Bottom",9.5,"DOC","mgL",1.78,FALSE,NA,235
2022-08-23,2022,35,"7",41.99605,-82.7179,"Bottom",9.5,"NH4","ugL",17.275,FALSE,NA,235
2022-08-23,2022,35,"7",41.99605,-82.7179,"Bottom",9.5,"NO3","ugL",69.905,FALSE,NA,235
2022-08-23,2022,35,"7",41.99605,-82.7179,"Bottom",9.5,"PP","ugL",37.745,FALSE,NA,235
2022-08-23,2022,35,"7",41.99605,-82.7179,"Bottom",9.5,"SES_C","mgL",477.775,FALSE,NA,235
2022-08-23,2022,35,"7",41.99605,-82.7179,"Bottom",9.5,"SES_N","mgL",84.62,FALSE,NA,235
2022-08-23,2022,35,"7",41.99605,-82.7179,"Bottom",9.5,"SRP","ugL",1.485,TRUE,NA,235
2022-08-23,2022,35,"7",41.99605,-82.7179,"Bottom",9.5,"TDN","ugL",272.68,FALSE,NA,235
2022-08-23,2022,35,"7",41.99605,-82.7179,"Bottom",9.5,"TDP","ugL",2.4,TRUE,NA,235
2022-08-23,2022,35,"7",41.99605,-82.7179,"Bottom",9.5,"TP","ugL",62.8666666666667,TRUE,NA,235
2022-08-23,2022,35,"7",41.99605,-82.7179,"Bottom",9.5,"TSS","mgL",3794,FALSE,NA,235
2022-08-23,2022,35,"7",41.99605,-82.7179,"Surface",1,"CHLA","ugL",3.475,TRUE,NA,235
2022-08-23,2022,35,"7",41.99605,-82.7179,"Surface",1,"CN","rat",7.525,FALSE,NA,235
2022-08-23,2022,35,"7",41.99605,-82.7179,"Surface",1,"DMC","ugL",0.145,TRUE,NA,235
2022-08-23,2022,35,"7",41.99605,-82.7179,"Surface",1,"DOC","mgL",1.85,FALSE,NA,235
2022-08-23,2022,35,"7",41.99605,-82.7179,"Surface",1,"NH4","ugL",28.155,FALSE,NA,235
2022-08-23,2022,35,"7",41.99605,-82.7179,"Surface",1,"NO3","ugL",89.23,FALSE,NA,235
2022-08-23,2022,35,"7",41.99605,-82.7179,"Surface",1,"PP","ugL",31.01,FALSE,NA,235
2022-08-23,2022,35,"7",41.99605,-82.7179,"Surface",1,"SES_C","mgL",418.655,FALSE,NA,235
2022-08-23,2022,35,"7",41.99605,-82.7179,"Surface",1,"SES_N","mgL",64.96,FALSE,NA,235
2022-08-23,2022,35,"7",41.99605,-82.7179,"Surface",1,"SRP","ugL",2.31,FALSE,NA,235
2022-08-23,2022,35,"7",41.99605,-82.7179,"Surface",1,"TDN","ugL",415.08,TRUE,NA,235
2022-08-23,2022,35,"7",41.99605,-82.7179,"Surface",1,"TDP","ugL",2.31,TRUE,NA,235
2022-08-23,2022,35,"7",41.99605,-82.7179,"Surface",1,"TMC","ugL",0.345,TRUE,NA,235
2022-08-23,2022,35,"7",41.99605,-82.7179,"Surface",1,"TP","ugL",47.3066666666667,TRUE,NA,235
2022-08-23,2022,35,"7",41.99605,-82.7179,"Surface",1,"TSS","mgL",3111,FALSE,NA,235
2022-09-01,2022,36,"2",41.913017,-82.7367,"Bottom",11,"CHLA","ugL",11.695,FALSE,NA,244
2022-09-01,2022,36,"2",41.913017,-82.7367,"Bottom",11,"DOC","mgL",3.41,FALSE,NA,244
2022-09-01,2022,36,"2",41.913017,-82.7367,"Bottom",11,"NH4","ugL",13.35,FALSE,NA,244
2022-09-01,2022,36,"2",41.913017,-82.7367,"Bottom",11,"NO3","ugL",0.379999999999999,TRUE,NA,244
2022-09-01,2022,36,"2",41.913017,-82.7367,"Bottom",11,"PP","ugL",63.955,FALSE,NA,244
2022-09-01,2022,36,"2",41.913017,-82.7367,"Bottom",11,"SRP","ugL",4.33,TRUE,NA,244
2022-09-01,2022,36,"2",41.913017,-82.7367,"Bottom",11,"TDN","ugL",175.81,FALSE,NA,244
2022-09-01,2022,36,"2",41.913017,-82.7367,"Bottom",11,"TDP","ugL",2.165,TRUE,NA,244
2022-09-01,2022,36,"2",41.913017,-82.7367,"Bottom",11,"TP","ugL",27.915,FALSE,NA,244
2022-09-01,2022,36,"2",41.913017,-82.7367,"Bottom",11,"TSS","mgL",12677,FALSE,NA,244
2022-09-01,2022,36,"2",41.913017,-82.7367,"Surface",1,"CHLA","ugL",10.165,FALSE,NA,244
2022-09-01,2022,36,"2",41.913017,-82.7367,"Surface",1,"DOC","mgL",1.99,FALSE,NA,244
2022-09-01,2022,36,"2",41.913017,-82.7367,"Surface",1,"NH4","ugL",17.27,FALSE,NA,244
2022-09-01,2022,36,"2",41.913017,-82.7367,"Surface",1,"NO3","ugL",-24.545,FALSE,NA,244
2022-09-01,2022,36,"2",41.913017,-82.7367,"Surface",1,"PP","ugL",42.825,FALSE,NA,244
2022-09-01,2022,36,"2",41.913017,-82.7367,"Surface",1,"SRP","ugL",3.11,FALSE,NA,244
2022-09-01,2022,36,"2",41.913017,-82.7367,"Surface",1,"TDN","ugL",176.725,FALSE,NA,244
2022-09-01,2022,36,"2",41.913017,-82.7367,"Surface",1,"TDP","ugL",2.86,TRUE,NA,244
2022-09-01,2022,36,"2",41.913017,-82.7367,"Surface",1,"TP","ugL",14.775,FALSE,NA,244
2022-09-01,2022,36,"2",41.913017,-82.7367,"Surface",1,"TSS","mgL",4298,FALSE,NA,244
2022-09-01,2022,36,"4",41.8927,-82.5258,"Bottom",8,"CHLA","ugL",9.88,FALSE,NA,244
2022-09-01,2022,36,"4",41.8927,-82.5258,"Bottom",8,"DOC","mgL",1.98,FALSE,NA,244
2022-09-01,2022,36,"4",41.8927,-82.5258,"Bottom",8,"NH4","ugL",22.765,TRUE,NA,244
2022-09-01,2022,36,"4",41.8927,-82.5258,"Bottom",8,"NO3","ugL",55.005,FALSE,NA,244
2022-09-01,2022,36,"4",41.8927,-82.5258,"Bottom",8,"PP","ugL",45.065,TRUE,NA,244
2022-09-01,2022,36,"4",41.8927,-82.5258,"Bottom",8,"SRP","ugL",2.92,TRUE,NA,244
2022-09-01,2022,36,"4",41.8927,-82.5258,"Bottom",8,"TDN","ugL",175.165,FALSE,NA,244
2022-09-01,2022,36,"4",41.8927,-82.5258,"Bottom",8,"TDP","ugL",2.86,FALSE,NA,244
2022-09-01,2022,36,"4",41.8927,-82.5258,"Bottom",8,"TP","ugL",18.475,FALSE,NA,244
2022-09-01,2022,36,"4",41.8927,-82.5258,"Bottom",8,"TSS","mgL",4071,FALSE,NA,244
2022-09-01,2022,36,"4",41.8927,-82.5258,"Surface",1,"CHLA","ugL",8.205,FALSE,NA,244
2022-09-01,2022,36,"4",41.8927,-82.5258,"Surface",1,"DOC","mgL",2.07,FALSE,NA,244
2022-09-01,2022,36,"4",41.8927,-82.5258,"Surface",1,"NH4","ugL",17.47,FALSE,NA,244
2022-09-01,2022,36,"4",41.8927,-82.5258,"Surface",1,"NO3","ugL",37.45,FALSE,NA,244
2022-09-01,2022,36,"4",41.8927,-82.5258,"Surface",1,"PP","ugL",38.355,FALSE,NA,244
2022-09-01,2022,36,"4",41.8927,-82.5258,"Surface",1,"SRP","ugL",2.56,FALSE,NA,244
2022-09-01,2022,36,"4",41.8927,-82.5258,"Surface",1,"TDN","ugL",293.87,FALSE,NA,244
2022-09-01,2022,36,"4",41.8927,-82.5258,"Surface",1,"TDP","ugL",2.255,FALSE,NA,244
2022-09-01,2022,36,"4",41.8927,-82.5258,"Surface",1,"TP","ugL",16.34,FALSE,NA,244
2022-09-01,2022,36,"4",41.8927,-82.5258,"Surface",1,"TSS","mgL",-6421,FALSE,NA,244
2022-09-01,2022,36,"5",42.002583,-82.5786,"Bottom",8.5,"CHLA","ugL",13.895,FALSE,NA,244
2022-09-01,2022,36,"5",42.002583,-82.5786,"Bottom",8.5,"DOC","mgL",2.02,FALSE,NA,244
2022-09-01,2022,36,"5",42.002583,-82.5786,"Bottom",8.5,"NH4","ugL",15.9,FALSE,NA,244
2022-09-01,2022,36,"5",42.002583,-82.5786,"Bottom",8.5,"NO3","ugL",65.39,FALSE,NA,244
2022-09-01,2022,36,"5",42.002583,-82.5786,"Bottom",8.5,"PP","ugL",67.775,FALSE,NA,244
2022-09-01,2022,36,"5",42.002583,-82.5786,"Bottom",8.5,"SRP","ugL",4.25,FALSE,NA,244
2022-09-01,2022,36,"5",42.002583,-82.5786,"Bottom",8.5,"TDN","ugL",314.92,FALSE,NA,244
2022-09-01,2022,36,"5",42.002583,-82.5786,"Bottom",8.5,"TDP","ugL",4.59,FALSE,NA,244
2022-09-01,2022,36,"5",42.002583,-82.5786,"Bottom",8.5,"TP","ugL",33.45,FALSE,NA,244
2022-09-01,2022,36,"5",42.002583,-82.5786,"Bottom",8.5,"TSS","mgL",9958,FALSE,NA,244
2022-09-01,2022,36,"5",42.002583,-82.5786,"Surface",1,"CHLA","ugL",3.425,TRUE,NA,244
2022-09-01,2022,36,"5",42.002583,-82.5786,"Surface",1,"DMC","ugL",0.175,FALSE,NA,244
2022-09-01,2022,36,"5",42.002583,-82.5786,"Surface",1,"DOC","mgL",1.87,FALSE,NA,244
2022-09-01,2022,36,"5",42.002583,-82.5786,"Surface",1,"NH4","ugL",13.745,FALSE,NA,244
2022-09-01,2022,36,"5",42.002583,-82.5786,"Surface",1,"NO3","ugL",27.1,TRUE,NA,244
2022-09-01,2022,36,"5",42.002583,-82.5786,"Surface",1,"PP","ugL",58.57,FALSE,NA,244
2022-09-01,2022,36,"5",42.002583,-82.5786,"Surface",1,"SRP","ugL",3.615,FALSE,NA,244
2022-09-01,2022,36,"5",42.002583,-82.5786,"Surface",1,"TDN","ugL",176,FALSE,NA,244
2022-09-01,2022,36,"5",42.002583,-82.5786,"Surface",1,"TDP","ugL",3.84,TRUE,NA,244
2022-09-01,2022,36,"5",42.002583,-82.5786,"Surface",1,"TMC","ugL",0.38,TRUE,NA,244
2022-09-01,2022,36,"5",42.002583,-82.5786,"Surface",1,"TP","ugL",23.935,FALSE,NA,244
2022-09-01,2022,36,"5",42.002583,-82.5786,"Surface",1,"TSS","mgL",5250.4,FALSE,NA,244
2022-09-01,2022,36,"6",42.0222,-82.6697,"Bottom",8,"CHLA","ugL",11.61,TRUE,NA,244
2022-09-01,2022,36,"6",42.0222,-82.6697,"Bottom",8,"DOC","mgL",1.85,FALSE,NA,244
2022-09-01,2022,36,"6",42.0222,-82.6697,"Bottom",8,"NH4","ugL",15.215,FALSE,NA,244
2022-09-01,2022,36,"6",42.0222,-82.6697,"Bottom",8,"NO3","ugL",38.09,FALSE,NA,244
2022-09-01,2022,36,"6",42.0222,-82.6697,"Bottom",8,"PP","ugL",45.65,FALSE,NA,244
2022-09-01,2022,36,"6",42.0222,-82.6697,"Bottom",8,"SRP","ugL",1.82,TRUE,NA,244
2022-09-01,2022,36,"6",42.0222,-82.6697,"Bottom",8,"TDN","ugL",176.985,FALSE,NA,244
2022-09-01,2022,36,"6",42.0222,-82.6697,"Bottom",8,"TDP","ugL",2.975,TRUE,NA,244
2022-09-01,2022,36,"6",42.0222,-82.6697,"Bottom",8,"TP","ugL",17.48,FALSE,NA,244
2022-09-01,2022,36,"6",42.0222,-82.6697,"Bottom",8,"TSS","mgL",4832,FALSE,NA,244
2022-09-01,2022,36,"6",42.0222,-82.6697,"Surface",1,"CHLA","ugL",14.6,FALSE,NA,244
2022-09-01,2022,36,"6",42.0222,-82.6697,"Surface",1,"DMC","ugL",0.21,FALSE,NA,244
2022-09-01,2022,36,"6",42.0222,-82.6697,"Surface",1,"DOC","mgL",2,FALSE,NA,244
2022-09-01,2022,36,"6",42.0222,-82.6697,"Surface",1,"NH4","ugL",14.825,FALSE,NA,244
2022-09-01,2022,36,"6",42.0222,-82.6697,"Surface",1,"NO3","ugL",49.97,TRUE,NA,244
2022-09-01,2022,36,"6",42.0222,-82.6697,"Surface",1,"PP","ugL",41.18,FALSE,NA,244
2022-09-01,2022,36,"6",42.0222,-82.6697,"Surface",1,"SRP","ugL",2.18,FALSE,NA,244
2022-09-01,2022,36,"6",42.0222,-82.6697,"Surface",1,"TDN","ugL",241.88,TRUE,NA,244
2022-09-01,2022,36,"6",42.0222,-82.6697,"Surface",1,"TDP","ugL",1.48,TRUE,NA,244
2022-09-01,2022,36,"6",42.0222,-82.6697,"Surface",1,"TMC","ugL",0.94,FALSE,NA,244
2022-09-01,2022,36,"6",42.0222,-82.6697,"Surface",1,"TP","ugL",18.2,FALSE,NA,244
2022-09-01,2022,36,"6",42.0222,-82.6697,"Surface",1,"TSS","mgL",4394.5,FALSE,NA,244
2022-09-01,2022,36,"7",41.99605,-82.7179,"Bottom",9.5,"CHLA","ugL",16.875,FALSE,NA,244
2022-09-01,2022,36,"7",41.99605,-82.7179,"Bottom",9.5,"DOC","mgL",1.93,FALSE,NA,244
2022-09-01,2022,36,"7",41.99605,-82.7179,"Bottom",9.5,"NO3","ugL",-163.26,FALSE,NA,244
2022-09-01,2022,36,"7",41.99605,-82.7179,"Bottom",9.5,"PP","ugL",47.535,FALSE,NA,244
2022-09-01,2022,36,"7",41.99605,-82.7179,"Bottom",9.5,"SRP","ugL",2.29,FALSE,NA,244
2022-09-01,2022,36,"7",41.99605,-82.7179,"Bottom",9.5,"TDN","ugL",177.535,FALSE,NA,244
2022-09-01,2022,36,"7",41.99605,-82.7179,"Bottom",9.5,"TDP","ugL",2.14,TRUE,NA,244
2022-09-01,2022,36,"7",41.99605,-82.7179,"Bottom",9.5,"TP","ugL",24.015,FALSE,NA,244
2022-09-01,2022,36,"7",41.99605,-82.7179,"Bottom",9.5,"TSS","mgL",4213,FALSE,NA,244
2022-09-01,2022,36,"7",41.99605,-82.7179,"Surface",1,"CHLA","ugL",16.03,FALSE,NA,244
2022-09-01,2022,36,"7",41.99605,-82.7179,"Surface",1,"DOC","mgL",1.98,FALSE,NA,244
2022-09-01,2022,36,"7",41.99605,-82.7179,"Surface",1,"NH4","ugL",14.53,FALSE,NA,244
2022-09-01,2022,36,"7",41.99605,-82.7179,"Surface",1,"NO3","ugL",25.455,TRUE,NA,244
2022-09-01,2022,36,"7",41.99605,-82.7179,"Surface",1,"PP","ugL",46.965,FALSE,NA,244
2022-09-01,2022,36,"7",41.99605,-82.7179,"Surface",1,"SRP","ugL",2.875,TRUE,NA,244
2022-09-01,2022,36,"7",41.99605,-82.7179,"Surface",1,"TDN","ugL",176.9,FALSE,NA,244
2022-09-01,2022,36,"7",41.99605,-82.7179,"Surface",1,"TDP","ugL",2.515,FALSE,NA,244
2022-09-01,2022,36,"7",41.99605,-82.7179,"Surface",1,"TMC","ugL",1.685,TRUE,NA,244
2022-09-01,2022,36,"7",41.99605,-82.7179,"Surface",1,"TP","ugL",20.54,FALSE,NA,244
2022-09-01,2022,36,"7",41.99605,-82.7179,"Surface",1,"TSS","mgL",6026.51,FALSE,NA,244
2022-09-06,2022,37,"2",41.913017,-82.7367,"Bottom",11,"CHLA","ugL",1.4,TRUE,NA,249
2022-09-06,2022,37,"2",41.913017,-82.7367,"Bottom",11,"NH4","ugL",27.57,FALSE,NA,249
2022-09-06,2022,37,"2",41.913017,-82.7367,"Bottom",11,"PP","ugL",21.225,TRUE,NA,249
2022-09-06,2022,37,"2",41.913017,-82.7367,"Surface",1,"CHLA","ugL",2.13,FALSE,NA,249
2022-09-06,2022,37,"2",41.913017,-82.7367,"Surface",1,"NH4","ugL",19.43,FALSE,NA,249
2022-09-06,2022,37,"2",41.913017,-82.7367,"Surface",1,"PP","ugL",32.93,FALSE,NA,249
2022-09-06,2022,37,"4",41.8927,-82.5258,"Bottom",8,"CHLA","ugL",10.19,FALSE,NA,249
2022-09-06,2022,37,"4",41.8927,-82.5258,"Bottom",8,"DOC","mgL",2.79,FALSE,NA,249
2022-09-06,2022,37,"4",41.8927,-82.5258,"Bottom",8,"NH4","ugL",12.37,FALSE,NA,249
2022-09-06,2022,37,"4",41.8927,-82.5258,"Bottom",8,"NO3","ugL",-35.505,FALSE,NA,249
2022-09-06,2022,37,"4",41.8927,-82.5258,"Bottom",8,"PP","ugL",42.54,FALSE,NA,249
2022-09-06,2022,37,"4",41.8927,-82.5258,"Bottom",8,"SRP","ugL",29.355,TRUE,NA,249
2022-09-06,2022,37,"4",41.8927,-82.5258,"Bottom",8,"TDN","ugL",177.31,FALSE,NA,249
2022-09-06,2022,37,"4",41.8927,-82.5258,"Bottom",8,"TDP","ugL",3.75,FALSE,NA,249
2022-09-06,2022,37,"4",41.8927,-82.5258,"Bottom",8,"TP","ugL",18.08,FALSE,NA,249
2022-09-06,2022,37,"4",41.8927,-82.5258,"Bottom",8,"TSS","mgL",756,FALSE,NA,249
2022-09-06,2022,37,"4",41.8927,-82.5258,"Surface",1,"CHLA","ugL",9.445,FALSE,NA,249
2022-09-06,2022,37,"4",41.8927,-82.5258,"Surface",1,"DOC","mgL",4.57,FALSE,NA,249
2022-09-06,2022,37,"4",41.8927,-82.5258,"Surface",1,"NH4","ugL",13.845,FALSE,NA,249
2022-09-06,2022,37,"4",41.8927,-82.5258,"Surface",1,"NO3","ugL",-40.34,FALSE,NA,249
2022-09-06,2022,37,"4",41.8927,-82.5258,"Surface",1,"PP","ugL",30.445,TRUE,NA,249
2022-09-06,2022,37,"4",41.8927,-82.5258,"Surface",1,"SRP","ugL",9.475,TRUE,NA,249
2022-09-06,2022,37,"4",41.8927,-82.5258,"Surface",1,"TDN","ugL",177.64,FALSE,NA,249
2022-09-06,2022,37,"4",41.8927,-82.5258,"Surface",1,"TDP","ugL",4.385,FALSE,NA,249
2022-09-06,2022,37,"4",41.8927,-82.5258,"Surface",1,"TP","ugL",17.18,FALSE,NA,249
2022-09-06,2022,37,"4",41.8927,-82.5258,"Surface",1,"TSS","mgL",2826,FALSE,NA,249
2022-09-06,2022,37,"5",42.002583,-82.5786,"Bottom",8.5,"CHLA","ugL",5.245,FALSE,NA,249
2022-09-06,2022,37,"5",42.002583,-82.5786,"Bottom",8.5,"DOC","mgL",4.43,FALSE,NA,249
2022-09-06,2022,37,"5",42.002583,-82.5786,"Bottom",8.5,"NH4","ugL",23.355,FALSE,NA,249
2022-09-06,2022,37,"5",42.002583,-82.5786,"Bottom",8.5,"NO3","ugL",1.93,TRUE,NA,249
2022-09-06,2022,37,"5",42.002583,-82.5786,"Bottom",8.5,"PP","ugL",58.755,FALSE,NA,249
2022-09-06,2022,37,"5",42.002583,-82.5786,"Bottom",8.5,"SRP","ugL",2.385,FALSE,NA,249
2022-09-06,2022,37,"5",42.002583,-82.5786,"Bottom",8.5,"TDN","ugL",297.665,FALSE,NA,249
2022-09-06,2022,37,"5",42.002583,-82.5786,"Bottom",8.5,"TDP","ugL",3.61,FALSE,NA,249
2022-09-06,2022,37,"5",42.002583,-82.5786,"Bottom",8.5,"TP","ugL",21.825,FALSE,NA,249
2022-09-06,2022,37,"5",42.002583,-82.5786,"Bottom",8.5,"TSS","mgL",6970,FALSE,NA,249
2022-09-06,2022,37,"5",42.002583,-82.5786,"Surface",1,"CHLA","ugL",8.26,TRUE,NA,249
2022-09-06,2022,37,"5",42.002583,-82.5786,"Surface",1,"DOC","mgL",2.36,FALSE,NA,249
2022-09-06,2022,37,"5",42.002583,-82.5786,"Surface",1,"NH4","ugL",17.96,FALSE,NA,249
2022-09-06,2022,37,"5",42.002583,-82.5786,"Surface",1,"NO3","ugL",-6.6,FALSE,NA,249
2022-09-06,2022,37,"5",42.002583,-82.5786,"Surface",1,"PP","ugL",35.055,FALSE,NA,249
2022-09-06,2022,37,"5",42.002583,-82.5786,"Surface",1,"SRP","ugL",14.615,TRUE,NA,249
2022-09-06,2022,37,"5",42.002583,-82.5786,"Surface",1,"TDN","ugL",177.365,FALSE,NA,249
2022-09-06,2022,37,"5",42.002583,-82.5786,"Surface",1,"TDP","ugL",2.8,FALSE,NA,249
2022-09-06,2022,37,"5",42.002583,-82.5786,"Surface",1,"TP","ugL",20.16,FALSE,NA,249
2022-09-06,2022,37,"5",42.002583,-82.5786,"Surface",1,"TSS","mgL",4330,FALSE,NA,249
2022-09-06,2022,37,"6",42.0222,-82.6697,"Bottom",8,"CHLA","ugL",7.43,FALSE,NA,249
2022-09-06,2022,37,"6",42.0222,-82.6697,"Bottom",8,"DOC","mgL",2.67,FALSE,NA,249
2022-09-06,2022,37,"6",42.0222,-82.6697,"Bottom",8,"NO3","ugL",-9.215,FALSE,NA,249
2022-09-06,2022,37,"6",42.0222,-82.6697,"Bottom",8,"PP","ugL",37.255,TRUE,NA,249
2022-09-06,2022,37,"6",42.0222,-82.6697,"Bottom",8,"SRP","ugL",4.345,TRUE,NA,249
2022-09-06,2022,37,"6",42.0222,-82.6697,"Bottom",8,"TDN","ugL",174.05,FALSE,NA,249
2022-09-06,2022,37,"6",42.0222,-82.6697,"Bottom",8,"TDP","ugL",2.515,FALSE,NA,249
2022-09-06,2022,37,"6",42.0222,-82.6697,"Bottom",8,"TP","ugL",18.845,FALSE,NA,249
2022-09-06,2022,37,"6",42.0222,-82.6697,"Bottom",8,"TSS","mgL",5257.5,FALSE,NA,249
2022-09-06,2022,37,"6",42.0222,-82.6697,"Surface",1,"CHLA","ugL",9.86,FALSE,NA,249
2022-09-06,2022,37,"6",42.0222,-82.6697,"Surface",1,"DOC","mgL",2.22,FALSE,NA,249
2022-09-06,2022,37,"6",42.0222,-82.6697,"Surface",1,"NH4","ugL",13.65,FALSE,NA,249
2022-09-06,2022,37,"6",42.0222,-82.6697,"Surface",1,"NO3","ugL",6.3,TRUE,NA,249
2022-09-06,2022,37,"6",42.0222,-82.6697,"Surface",1,"PP","ugL",54.565,TRUE,NA,249
2022-09-06,2022,37,"6",42.0222,-82.6697,"Surface",1,"SRP","ugL",4.375,TRUE,NA,249
2022-09-06,2022,37,"6",42.0222,-82.6697,"Surface",1,"TDN","ugL",173.145,FALSE,NA,249
2022-09-06,2022,37,"6",42.0222,-82.6697,"Surface",1,"TDP","ugL",2.745,FALSE,NA,249
2022-09-06,2022,37,"6",42.0222,-82.6697,"Surface",1,"TP","ugL",15.84,FALSE,NA,249
2022-09-06,2022,37,"6",42.0222,-82.6697,"Surface",1,"TSS","mgL",4411,FALSE,NA,249
2022-09-06,2022,37,"7",41.99605,-82.7179,"Bottom",9.5,"CHLA","ugL",5.385,TRUE,NA,249
2022-09-06,2022,37,"7",41.99605,-82.7179,"Bottom",9.5,"NH4","ugL",25.905,FALSE,NA,249
2022-09-06,2022,37,"7",41.99605,-82.7179,"Bottom",9.5,"PP","ugL",32.95,TRUE,NA,249
2022-09-06,2022,37,"7",41.99605,-82.7179,"Surface",1,"CHLA","ugL",3.095,FALSE,NA,249
2022-09-06,2022,37,"7",41.99605,-82.7179,"Surface",1,"NH4","ugL",41.49,TRUE,NA,249
2022-09-06,2022,37,"7",41.99605,-82.7179,"Surface",1,"PP","ugL",27.345,FALSE,NA,249
2022-09-08,2022,37,"2",41.913017,-82.7367,"Bottom",11,"DOC","mgL",2.17,FALSE,NA,251
2022-09-08,2022,37,"2",41.913017,-82.7367,"Bottom",11,"NO3","ugL",-36.04,FALSE,NA,251
2022-09-08,2022,37,"2",41.913017,-82.7367,"Bottom",11,"SRP","ugL",21.315,TRUE,NA,251
2022-09-08,2022,37,"2",41.913017,-82.7367,"Bottom",11,"TDN","ugL",342.74,FALSE,NA,251
2022-09-08,2022,37,"2",41.913017,-82.7367,"Bottom",11,"TDP","ugL",12.745,FALSE,NA,251
2022-09-08,2022,37,"2",41.913017,-82.7367,"Bottom",11,"TP","ugL",16.88,FALSE,NA,251
2022-09-08,2022,37,"2",41.913017,-82.7367,"Bottom",11,"TSS","mgL",3138,FALSE,NA,251
2022-09-08,2022,37,"2",41.913017,-82.7367,"Surface",1,"DOC","mgL",2.16,FALSE,NA,251
2022-09-08,2022,37,"2",41.913017,-82.7367,"Surface",1,"NO3","ugL",-51.47,FALSE,NA,251
2022-09-08,2022,37,"2",41.913017,-82.7367,"Surface",1,"SRP","ugL",2.985,TRUE,NA,251
2022-09-08,2022,37,"2",41.913017,-82.7367,"Surface",1,"TDN","ugL",286.245,FALSE,NA,251
2022-09-08,2022,37,"2",41.913017,-82.7367,"Surface",1,"TDP","ugL",6.835,FALSE,NA,251
2022-09-08,2022,37,"2",41.913017,-82.7367,"Surface",1,"TP","ugL",16.19,FALSE,NA,251
2022-09-08,2022,37,"2",41.913017,-82.7367,"Surface",1,"TSS","mgL",2259,FALSE,NA,251
2022-09-08,2022,37,"5",42.002583,-82.5786,"Surface",1,"DMC","ugL",0.19,TRUE,NA,251
2022-09-08,2022,37,"5",42.002583,-82.5786,"Surface",1,"TMC","ugL",0.76,TRUE,NA,251
2022-09-08,2022,37,"6",42.0222,-82.6697,"Surface",1,"DMC","ugL",0.23,FALSE,NA,251
2022-09-08,2022,37,"6",42.0222,-82.6697,"Surface",1,"TMC","ugL",0.98,FALSE,NA,251
2022-09-08,2022,37,"7",41.99605,-82.7179,"Bottom",9.5,"DOC","mgL",2,FALSE,NA,251
2022-09-08,2022,37,"7",41.99605,-82.7179,"Bottom",9.5,"NO3","ugL",-35.59,FALSE,NA,251
2022-09-08,2022,37,"7",41.99605,-82.7179,"Bottom",9.5,"SRP","ugL",2.56,FALSE,NA,251
2022-09-08,2022,37,"7",41.99605,-82.7179,"Bottom",9.5,"TDN","ugL",310.895,FALSE,NA,251
2022-09-08,2022,37,"7",41.99605,-82.7179,"Bottom",9.5,"TDP","ugL",9.315,TRUE,NA,251
2022-09-08,2022,37,"7",41.99605,-82.7179,"Bottom",9.5,"TP","ugL",14.595,FALSE,NA,251
2022-09-08,2022,37,"7",41.99605,-82.7179,"Bottom",9.5,"TSS","mgL",4489,FALSE,NA,251
2022-09-08,2022,37,"7",41.99605,-82.7179,"Surface",1,"DMC","ugL",0.23,FALSE,NA,251
2022-09-08,2022,37,"7",41.99605,-82.7179,"Surface",1,"DOC","mgL",2.43,FALSE,NA,251
2022-09-08,2022,37,"7",41.99605,-82.7179,"Surface",1,"NO3","ugL",1.315,TRUE,NA,251
2022-09-08,2022,37,"7",41.99605,-82.7179,"Surface",1,"SRP","ugL",1.77,TRUE,NA,251
2022-09-08,2022,37,"7",41.99605,-82.7179,"Surface",1,"TDN","ugL",176.235,FALSE,NA,251
2022-09-08,2022,37,"7",41.99605,-82.7179,"Surface",1,"TDP","ugL",4.095,TRUE,NA,251
2022-09-08,2022,37,"7",41.99605,-82.7179,"Surface",1,"TMC","ugL",0.425,TRUE,NA,251
2022-09-08,2022,37,"7",41.99605,-82.7179,"Surface",1,"TP","ugL",13.95,FALSE,NA,251
2022-09-08,2022,37,"7",41.99605,-82.7179,"Surface",1,"TSS","mgL",2241,FALSE,NA,251
2022-09-23,2022,39,"2",41.913017,-82.7367,"Bottom",11,"CHLA","ugL",2.87,TRUE,NA,266
2022-09-23,2022,39,"2",41.913017,-82.7367,"Bottom",11,"DOC","mgL",1.77,FALSE,NA,266
2022-09-23,2022,39,"2",41.913017,-82.7367,"Bottom",11,"NH4","ugL",15.31,FALSE,NA,266
2022-09-23,2022,39,"2",41.913017,-82.7367,"Bottom",11,"NO3","ugL",49.9,FALSE,NA,266
2022-09-23,2022,39,"2",41.913017,-82.7367,"Bottom",11,"PP","ugL",0,FALSE,NA,266
2022-09-23,2022,39,"2",41.913017,-82.7367,"Bottom",11,"SRP","ugL",3.1,FALSE,NA,266
2022-09-23,2022,39,"2",41.913017,-82.7367,"Bottom",11,"TDN","ugL",177.65,FALSE,NA,266
2022-09-23,2022,39,"2",41.913017,-82.7367,"Bottom",11,"TDP","ugL",2.11,TRUE,NA,266
2022-09-23,2022,39,"2",41.913017,-82.7367,"Bottom",11,"TP","ugL",4.465,FALSE,NA,266
2022-09-23,2022,39,"2",41.913017,-82.7367,"Surface",1,"CHLA","ugL",1.515,FALSE,NA,266
2022-09-23,2022,39,"2",41.913017,-82.7367,"Surface",1,"NH4","ugL",9.63,FALSE,NA,266
2022-09-23,2022,39,"4",41.8927,-82.5258,"Bottom",8,"CHLA","ugL",5.885,TRUE,NA,266
2022-09-23,2022,39,"4",41.8927,-82.5258,"Bottom",8,"DOC","mgL",1.79,FALSE,NA,266
2022-09-23,2022,39,"4",41.8927,-82.5258,"Bottom",8,"NH4","ugL",24.14,FALSE,NA,266
2022-09-23,2022,39,"4",41.8927,-82.5258,"Bottom",8,"NO3","ugL",-8.8,FALSE,NA,266
2022-09-23,2022,39,"4",41.8927,-82.5258,"Bottom",8,"PP","ugL",0,FALSE,NA,266
2022-09-23,2022,39,"4",41.8927,-82.5258,"Bottom",8,"SRP","ugL",2.86,FALSE,NA,266
2022-09-23,2022,39,"4",41.8927,-82.5258,"Bottom",8,"TDN","ugL",158.44,FALSE,NA,266
2022-09-23,2022,39,"4",41.8927,-82.5258,"Bottom",8,"TDP","ugL",4.21,TRUE,NA,266
2022-09-23,2022,39,"4",41.8927,-82.5258,"Bottom",8,"TP","ugL",17.95,FALSE,NA,266
2022-09-23,2022,39,"4",41.8927,-82.5258,"Surface",1,"CHLA","ugL",3.52,TRUE,NA,266
2022-09-23,2022,39,"4",41.8927,-82.5258,"Surface",1,"DOC","mgL",2.06,FALSE,NA,266
2022-09-23,2022,39,"4",41.8927,-82.5258,"Surface",1,"NH4","ugL",17.47,FALSE,NA,266
2022-09-23,2022,39,"4",41.8927,-82.5258,"Surface",1,"NO3","ugL",-5.13,FALSE,NA,266
2022-09-23,2022,39,"4",41.8927,-82.5258,"Surface",1,"PP","ugL",0,FALSE,NA,266
2022-09-23,2022,39,"4",41.8927,-82.5258,"Surface",1,"SRP","ugL",2.685,TRUE,NA,266
2022-09-23,2022,39,"4",41.8927,-82.5258,"Surface",1,"TDN","ugL",163.95,FALSE,NA,266
2022-09-23,2022,39,"4",41.8927,-82.5258,"Surface",1,"TDP","ugL",1.39,TRUE,NA,266
2022-09-23,2022,39,"4",41.8927,-82.5258,"Surface",1,"TP","ugL",13.31,FALSE,NA,266
2022-09-23,2022,39,"5",42.002583,-82.5786,"Bottom",8.5,"CHLA","ugL",7.405,FALSE,NA,266
2022-09-23,2022,39,"5",42.002583,-82.5786,"Bottom",8.5,"DOC","mgL",6.14,FALSE,NA,266
2022-09-23,2022,39,"5",42.002583,-82.5786,"Bottom",8.5,"NH4","ugL",14.92,FALSE,NA,266
2022-09-23,2022,39,"5",42.002583,-82.5786,"Bottom",8.5,"NO3","ugL",15.265,TRUE,NA,266
2022-09-23,2022,39,"5",42.002583,-82.5786,"Bottom",8.5,"PP","ugL",0,FALSE,NA,266
2022-09-23,2022,39,"5",42.002583,-82.5786,"Bottom",8.5,"SRP","ugL",1.975,FALSE,NA,266
2022-09-23,2022,39,"5",42.002583,-82.5786,"Bottom",8.5,"TDN","ugL",142.76,TRUE,NA,266
2022-09-23,2022,39,"5",42.002583,-82.5786,"Bottom",8.5,"TDP","ugL",1.62,TRUE,NA,266
2022-09-23,2022,39,"5",42.002583,-82.5786,"Bottom",8.5,"TP","ugL",16.51,TRUE,NA,266
2022-09-23,2022,39,"5",42.002583,-82.5786,"Surface",1,"CHLA","ugL",7.9,TRUE,NA,266
2022-09-23,2022,39,"5",42.002583,-82.5786,"Surface",1,"DOC","mgL",1.87,FALSE,NA,266
2022-09-23,2022,39,"5",42.002583,-82.5786,"Surface",1,"NH4","ugL",14.53,FALSE,NA,266
2022-09-23,2022,39,"5",42.002583,-82.5786,"Surface",1,"NO3","ugL",17.775,TRUE,NA,266
2022-09-23,2022,39,"5",42.002583,-82.5786,"Surface",1,"PP","ugL",0,FALSE,NA,266
2022-09-23,2022,39,"5",42.002583,-82.5786,"Surface",1,"SRP","ugL",1.66,FALSE,NA,266
2022-09-23,2022,39,"5",42.002583,-82.5786,"Surface",1,"TDN","ugL",146.515,FALSE,NA,266
2022-09-23,2022,39,"5",42.002583,-82.5786,"Surface",1,"TDP","ugL",2.17,TRUE,NA,266
2022-09-23,2022,39,"5",42.002583,-82.5786,"Surface",1,"TMC","ugL",1.905,FALSE,NA,266
2022-09-23,2022,39,"5",42.002583,-82.5786,"Surface",1,"TP","ugL",15.095,FALSE,NA,266
2022-09-23,2022,39,"6",42.0222,-82.6697,"Bottom",8,"CHLA","ugL",4.78,FALSE,NA,266
2022-09-23,2022,39,"6",42.0222,-82.6697,"Bottom",8,"DOC","mgL",1.91,FALSE,NA,266
2022-09-23,2022,39,"6",42.0222,-82.6697,"Bottom",8,"NH4","ugL",17.175,FALSE,NA,266
2022-09-23,2022,39,"6",42.0222,-82.6697,"Bottom",8,"NO3","ugL",56.71,FALSE,NA,266
2022-09-23,2022,39,"6",42.0222,-82.6697,"Bottom",8,"PP","ugL",0,FALSE,NA,266
2022-09-23,2022,39,"6",42.0222,-82.6697,"Bottom",8,"SRP","ugL",3.035,TRUE,NA,266
2022-09-23,2022,39,"6",42.0222,-82.6697,"Bottom",8,"TDN","ugL",177.175,FALSE,NA,266
2022-09-23,2022,39,"6",42.0222,-82.6697,"Bottom",8,"TDP","ugL",0.095,TRUE,NA,266
2022-09-23,2022,39,"6",42.0222,-82.6697,"Bottom",8,"TP","ugL",7.915,FALSE,NA,266
2022-09-23,2022,39,"6",42.0222,-82.6697,"Surface",1,"CHLA","ugL",3.37,TRUE,NA,266
2022-09-23,2022,39,"6",42.0222,-82.6697,"Surface",1,"DMC","ugL",0.21,TRUE,NA,266
2022-09-23,2022,39,"6",42.0222,-82.6697,"Surface",1,"DOC","mgL",1.81,FALSE,NA,266
2022-09-23,2022,39,"6",42.0222,-82.6697,"Surface",1,"NH4","ugL",18.055,FALSE,NA,266
2022-09-23,2022,39,"6",42.0222,-82.6697,"Surface",1,"NO3","ugL",39.75,FALSE,NA,266
2022-09-23,2022,39,"6",42.0222,-82.6697,"Surface",1,"PP","ugL",0,FALSE,NA,266
2022-09-23,2022,39,"6",42.0222,-82.6697,"Surface",1,"SRP","ugL",3.14,TRUE,NA,266
2022-09-23,2022,39,"6",42.0222,-82.6697,"Surface",1,"TDN","ugL",211.505,TRUE,NA,266
2022-09-23,2022,39,"6",42.0222,-82.6697,"Surface",1,"TDP","ugL",0.9,TRUE,NA,266
2022-09-23,2022,39,"6",42.0222,-82.6697,"Surface",1,"TMC","ugL",1.575,FALSE,NA,266
2022-09-23,2022,39,"6",42.0222,-82.6697,"Surface",1,"TP","ugL",8.96,FALSE,NA,266
2022-09-23,2022,39,"7",41.99605,-82.7179,"Bottom",9.5,"CHLA","ugL",4.105,TRUE,NA,266
2022-09-23,2022,39,"7",41.99605,-82.7179,"Bottom",9.5,"DOC","mgL",1.74,FALSE,NA,266
2022-09-23,2022,39,"7",41.99605,-82.7179,"Bottom",9.5,"NH4","ugL",14.235,FALSE,NA,266
2022-09-23,2022,39,"7",41.99605,-82.7179,"Bottom",9.5,"NO3","ugL",59.86,FALSE,NA,266
2022-09-23,2022,39,"7",41.99605,-82.7179,"Bottom",9.5,"PP","ugL",0,FALSE,NA,266
2022-09-23,2022,39,"7",41.99605,-82.7179,"Bottom",9.5,"SRP","ugL",1.99,FALSE,NA,266
2022-09-23,2022,39,"7",41.99605,-82.7179,"Bottom",9.5,"TDN","ugL",162.325,FALSE,NA,266
2022-09-23,2022,39,"7",41.99605,-82.7179,"Bottom",9.5,"TDP","ugL",2.715,FALSE,NA,266
2022-09-23,2022,39,"7",41.99605,-82.7179,"Bottom",9.5,"TP","ugL",5.41,FALSE,NA,266
2022-09-23,2022,39,"7",41.99605,-82.7179,"Surface",1,"CHLA","ugL",2.925,TRUE,NA,266
2022-09-23,2022,39,"7",41.99605,-82.7179,"Surface",1,"DMC","ugL",0.275,FALSE,NA,266
2022-09-23,2022,39,"7",41.99605,-82.7179,"Surface",1,"DOC","mgL",1.92,FALSE,NA,266
2022-09-23,2022,39,"7",41.99605,-82.7179,"Surface",1,"NH4","ugL",13.455,FALSE,NA,266
2022-09-23,2022,39,"7",41.99605,-82.7179,"Surface",1,"NO3","ugL",61.11,FALSE,NA,266
2022-09-23,2022,39,"7",41.99605,-82.7179,"Surface",1,"PP","ugL",0,FALSE,NA,266
2022-09-23,2022,39,"7",41.99605,-82.7179,"Surface",1,"SRP","ugL",1.835,TRUE,NA,266
2022-09-23,2022,39,"7",41.99605,-82.7179,"Surface",1,"TDN","ugL",205.455,TRUE,NA,266
2022-09-23,2022,39,"7",41.99605,-82.7179,"Surface",1,"TDP","ugL",2.17,FALSE,NA,266
2022-09-23,2022,39,"7",41.99605,-82.7179,"Surface",1,"TMC","ugL",0.68,TRUE,NA,266
2022-09-23,2022,39,"7",41.99605,-82.7179,"Surface",1,"TP","ugL",8.64,FALSE,NA,266
2023-05-18,2023,20,"4",41.8927,-82.525767,"Bottom",9.8,"CHLA","ugL",1.04,FALSE,NA,138
2023-05-18,2023,20,"4",41.8927,-82.525767,"Bottom",9.8,"CN","rat",14.335,TRUE,NA,138
2023-05-18,2023,20,"4",41.8927,-82.525767,"Bottom",9.8,"NH4","ugL",23.135,FALSE,NA,138
2023-05-18,2023,20,"4",41.8927,-82.525767,"Bottom",9.8,"NO3","ugL",376.81,FALSE,NA,138
2023-05-18,2023,20,"4",41.8927,-82.525767,"Bottom",9.8,"SES_C","mgL",0.69,FALSE,NA,138
2023-05-18,2023,20,"4",41.8927,-82.525767,"Bottom",9.8,"SES_N","mgL",0.06,TRUE,NA,138
2023-05-18,2023,20,"4",41.8927,-82.525767,"Bottom",9.8,"TDN","ugL",513.05,FALSE,NA,138
2023-05-18,2023,20,"4",41.8927,-82.525767,"Bottom",9.8,"TDP","ugL",3.84,FALSE,NA,138
2023-05-18,2023,20,"4",41.8927,-82.525767,"Bottom",9.8,"TP","ugL",16.885,TRUE,NA,138
2023-05-18,2023,20,"4",41.8927,-82.525767,"Bottom",9.8,"TSS","mgL",2275,FALSE,NA,138
2023-05-18,2023,20,"4",41.8927,-82.525767,"Surface",1,"CHLA","ugL",0.795,FALSE,NA,138
2023-05-18,2023,20,"4",41.8927,-82.525767,"Surface",1,"CN","rat",14.2,TRUE,NA,138
2023-05-18,2023,20,"4",41.8927,-82.525767,"Surface",1,"NH4","ugL",8.62,FALSE,NA,138
2023-05-18,2023,20,"4",41.8927,-82.525767,"Surface",1,"NO3","ugL",368.215,FALSE,NA,138
2023-05-18,2023,20,"4",41.8927,-82.525767,"Surface",1,"PP","ugL",5.84,FALSE,NA,138
2023-05-18,2023,20,"4",41.8927,-82.525767,"Surface",1,"SES_C","mgL",0.545,FALSE,NA,138
2023-05-18,2023,20,"4",41.8927,-82.525767,"Surface",1,"SES_N","mgL",0.045,TRUE,NA,138
2023-05-18,2023,20,"4",41.8927,-82.525767,"Surface",1,"TDN","ugL",512.625,FALSE,NA,138
2023-05-18,2023,20,"4",41.8927,-82.525767,"Surface",1,"TDP","ugL",18.43,FALSE,NA,138
2023-05-18,2023,20,"4",41.8927,-82.525767,"Surface",1,"TP","ugL",5.93,TRUE,NA,138
2023-05-18,2023,20,"4",41.8927,-82.525767,"Surface",1,"TSS","mgL",2280,FALSE,NA,138
2023-05-18,2023,20,"5",42.002583,-82.578633,"Bottom",8.1,"CHLA","ugL",2.585,FALSE,NA,138
2023-05-18,2023,20,"5",42.002583,-82.578633,"Bottom",8.1,"CN","rat",11.695,TRUE,NA,138
2023-05-18,2023,20,"5",42.002583,-82.578633,"Bottom",8.1,"NH4","ugL",16.12,FALSE,NA,138
2023-05-18,2023,20,"5",42.002583,-82.578633,"Bottom",8.1,"NO3","ugL",582.04,FALSE,NA,138
2023-05-18,2023,20,"5",42.002583,-82.578633,"Bottom",8.1,"SES_C","mgL",0.68,FALSE,NA,138
2023-05-18,2023,20,"5",42.002583,-82.578633,"Bottom",8.1,"SES_N","mgL",0.07,TRUE,NA,138
2023-05-18,2023,20,"5",42.002583,-82.578633,"Bottom",8.1,"TDN","ugL",711.495,FALSE,NA,138
2023-05-18,2023,20,"5",42.002583,-82.578633,"Bottom",8.1,"TDP","ugL",17.03,FALSE,NA,138
2023-05-18,2023,20,"5",42.002583,-82.578633,"Bottom",8.1,"TP","ugL",8.68,FALSE,NA,138
2023-05-18,2023,20,"5",42.002583,-82.578633,"Bottom",8.1,"TSS","mgL",2831,FALSE,NA,138
2023-05-18,2023,20,"5",42.002583,-82.578633,"Surface",1,"CHLA","ugL",2.055,TRUE,NA,138
2023-05-18,2023,20,"5",42.002583,-82.578633,"Surface",1,"CN","rat",10.485,TRUE,NA,138
2023-05-18,2023,20,"5",42.002583,-82.578633,"Surface",1,"NH4","ugL",43.51,FALSE,NA,138
2023-05-18,2023,20,"5",42.002583,-82.578633,"Surface",1,"NO3","ugL",579.77,FALSE,NA,138
2023-05-18,2023,20,"5",42.002583,-82.578633,"Surface",1,"PP","ugL",7.41,FALSE,NA,138
2023-05-18,2023,20,"5",42.002583,-82.578633,"Surface",1,"SES_C","mgL",0.645,FALSE,NA,138
2023-05-18,2023,20,"5",42.002583,-82.578633,"Surface",1,"SES_N","mgL",0.075,TRUE,NA,138
2023-05-18,2023,20,"5",42.002583,-82.578633,"Surface",1,"TDN","ugL",716.045,FALSE,NA,138
2023-05-18,2023,20,"5",42.002583,-82.578633,"Surface",1,"TDP","ugL",5.59,FALSE,NA,138
2023-05-18,2023,20,"5",42.002583,-82.578633,"Surface",1,"TP","ugL",12.57,TRUE,NA,138
2023-05-18,2023,20,"5",42.002583,-82.578633,"Surface",1,"TSS","mgL",2578,FALSE,NA,138
2023-05-30,2023,22,"2",41.913017,-82.73665,"Bottom",10.9,"CHLA","ugL",1.07,TRUE,NA,150
2023-05-30,2023,22,"2",41.913017,-82.73665,"Bottom",10.9,"COND","uS",259.1,FALSE,NA,150
2023-05-30,2023,22,"2",41.913017,-82.73665,"Bottom",10.9,"DO","%sat",94.2,FALSE,NA,150
2023-05-30,2023,22,"2",41.913017,-82.73665,"Bottom",10.9,"DOC","mgL",2.78,FALSE,NA,150
2023-05-30,2023,22,"2",41.913017,-82.73665,"Bottom",10.9,"NH4","ugL",24.675,TRUE,NA,150
2023-05-30,2023,22,"2",41.913017,-82.73665,"Bottom",10.9,"NO3","ugL",850.39,FALSE,NA,150
2023-05-30,2023,22,"2",41.913017,-82.73665,"Bottom",10.9,"PP","ugL",12.165,FALSE,NA,150
2023-05-30,2023,22,"2",41.913017,-82.73665,"Bottom",10.9,"PRESSURE","mmHg",747.9,FALSE,NA,150
2023-05-30,2023,22,"2",41.913017,-82.73665,"Bottom",10.9,"SRP","ugL",1.27,FALSE,NA,150
2023-05-30,2023,22,"2",41.913017,-82.73665,"Bottom",10.9,"TDN","ugL",1058.84,FALSE,NA,150
2023-05-30,2023,22,"2",41.913017,-82.73665,"Bottom",10.9,"TDP","ugL",3.25,FALSE,NA,150
2023-05-30,2023,22,"2",41.913017,-82.73665,"Bottom",10.9,"TEMP","C",14.9,FALSE,NA,150
2023-05-30,2023,22,"2",41.913017,-82.73665,"Bottom",10.9,"TSS","mgL",7976,FALSE,NA,150
2023-05-30,2023,22,"2",41.913017,-82.73665,"Bottom",10.9,"pH","pH",8.4,FALSE,NA,150
2023-05-30,2023,22,"2",41.913017,-82.73665,"Surface",1,"CHLA","ugL",0.055,TRUE,NA,150
2023-05-30,2023,22,"2",41.913017,-82.73665,"Surface",1,"COND","uS",248.8,FALSE,NA,150
2023-05-30,2023,22,"2",41.913017,-82.73665,"Surface",1,"DO","%sat",102.9,FALSE,NA,150
2023-05-30,2023,22,"2",41.913017,-82.73665,"Surface",1,"DOC","mgL",3.02,FALSE,NA,150
2023-05-30,2023,22,"2",41.913017,-82.73665,"Surface",1,"NH4","ugL",5.45,FALSE,NA,150
2023-05-30,2023,22,"2",41.913017,-82.73665,"Surface",1,"NO3","ugL",700.725,FALSE,NA,150
2023-05-30,2023,22,"2",41.913017,-82.73665,"Surface",1,"PP","ugL",7.005,FALSE,NA,150
2023-05-30,2023,22,"2",41.913017,-82.73665,"Surface",1,"PRESSURE","mmHg",747.9,FALSE,NA,150
2023-05-30,2023,22,"2",41.913017,-82.73665,"Surface",1,"SECCHI","m",2.5,FALSE,NA,150
2023-05-30,2023,22,"2",41.913017,-82.73665,"Surface",1,"TDN","ugL",838.65,FALSE,NA,150
2023-05-30,2023,22,"2",41.913017,-82.73665,"Surface",1,"TDP","ugL",8.86,FALSE,NA,150
2023-05-30,2023,22,"2",41.913017,-82.73665,"Surface",1,"TEMP","C",16.8,FALSE,NA,150
2023-05-30,2023,22,"2",41.913017,-82.73665,"Surface",1,"TP","ugL",7.855,FALSE,NA,150
2023-05-30,2023,22,"2",41.913017,-82.73665,"Surface",1,"TSS","mgL",2551,FALSE,NA,150
2023-05-30,2023,22,"2",41.913017,-82.73665,"Surface",1,"pH","pH",8.52,FALSE,NA,150
2023-05-30,2023,22,"4",41.8927,-82.525767,"Bottom",9.8,"CHLA","ugL",0.905,TRUE,NA,150
2023-05-30,2023,22,"4",41.8927,-82.525767,"Bottom",9.8,"COND","uS",247.2,FALSE,NA,150
2023-05-30,2023,22,"4",41.8927,-82.525767,"Bottom",9.8,"DO","%sat",102.8,FALSE,NA,150
2023-05-30,2023,22,"4",41.8927,-82.525767,"Bottom",9.8,"DOC","mgL",1.64,FALSE,NA,150
2023-05-30,2023,22,"4",41.8927,-82.525767,"Bottom",9.8,"NH4","ugL",20.44,FALSE,NA,150
2023-05-30,2023,22,"4",41.8927,-82.525767,"Bottom",9.8,"NO3","ugL",693.59,FALSE,NA,150
2023-05-30,2023,22,"4",41.8927,-82.525767,"Bottom",9.8,"PP","ugL",6.305,FALSE,NA,150
2023-05-30,2023,22,"4",41.8927,-82.525767,"Bottom",9.8,"PRESSURE","mmHg",747.8,FALSE,NA,150
2023-05-30,2023,22,"4",41.8927,-82.525767,"Bottom",9.8,"SRP","ugL",0.865,FALSE,NA,150
2023-05-30,2023,22,"4",41.8927,-82.525767,"Bottom",9.8,"TDN","ugL",882.71,FALSE,NA,150
2023-05-30,2023,22,"4",41.8927,-82.525767,"Bottom",9.8,"TDP","ugL",4.885,TRUE,NA,150
2023-05-30,2023,22,"4",41.8927,-82.525767,"Bottom",9.8,"TEMP","C",15.1,FALSE,NA,150
2023-05-30,2023,22,"4",41.8927,-82.525767,"Bottom",9.8,"TP","ugL",5.87,TRUE,NA,150
2023-05-30,2023,22,"4",41.8927,-82.525767,"Bottom",9.8,"TSS","mgL",1312,FALSE,NA,150
2023-05-30,2023,22,"4",41.8927,-82.525767,"Bottom",9.8,"pH","pH",8.65,FALSE,NA,150
2023-05-30,2023,22,"4",41.8927,-82.525767,"Surface",1,"CHLA","ugL",1.925,FALSE,NA,150
2023-05-30,2023,22,"4",41.8927,-82.525767,"Surface",1,"COND","uS",253.3,FALSE,NA,150
2023-05-30,2023,22,"4",41.8927,-82.525767,"Surface",1,"DO","%sat",106.7,FALSE,NA,150
2023-05-30,2023,22,"4",41.8927,-82.525767,"Surface",1,"DOC","mgL",13.36,FALSE,NA,150
2023-05-30,2023,22,"4",41.8927,-82.525767,"Surface",1,"NO3","ugL",611.475,FALSE,NA,150
2023-05-30,2023,22,"4",41.8927,-82.525767,"Surface",1,"PP","ugL",5.365,FALSE,NA,150
2023-05-30,2023,22,"4",41.8927,-82.525767,"Surface",1,"PRESSURE","mmHg",747.9,FALSE,NA,150
2023-05-30,2023,22,"4",41.8927,-82.525767,"Surface",1,"SECCHI","m",3,FALSE,NA,150
2023-05-30,2023,22,"4",41.8927,-82.525767,"Surface",1,"SRP","ugL",0.79,FALSE,NA,150
2023-05-30,2023,22,"4",41.8927,-82.525767,"Surface",1,"TDN","ugL",703.435,FALSE,NA,150
2023-05-30,2023,22,"4",41.8927,-82.525767,"Surface",1,"TDP","ugL",2.79,FALSE,NA,150
2023-05-30,2023,22,"4",41.8927,-82.525767,"Surface",1,"TEMP","C",16.3,FALSE,NA,150
2023-05-30,2023,22,"4",41.8927,-82.525767,"Surface",1,"TP","ugL",4.56,FALSE,NA,150
2023-05-30,2023,22,"4",41.8927,-82.525767,"Surface",1,"TSS","mgL",1484,FALSE,NA,150
2023-05-30,2023,22,"4",41.8927,-82.525767,"Surface",1,"pH","pH",8.81,FALSE,NA,150
2023-05-30,2023,22,"5",42.002583,-82.578633,"Bottom",8.1,"CHLA","ugL",2.095,FALSE,NA,150
2023-05-30,2023,22,"5",42.002583,-82.578633,"Bottom",8.1,"COND","uS",247.3,FALSE,NA,150
2023-05-30,2023,22,"5",42.002583,-82.578633,"Bottom",8.1,"DO","%sat",99.1,FALSE,NA,150
2023-05-30,2023,22,"5",42.002583,-82.578633,"Bottom",8.1,"DOC","mgL",1.92,FALSE,NA,150
2023-05-30,2023,22,"5",42.002583,-82.578633,"Bottom",8.1,"NO3","ugL",613.445,FALSE,NA,150
2023-05-30,2023,22,"5",42.002583,-82.578633,"Bottom",8.1,"PP","ugL",9.24,FALSE,NA,150
2023-05-30,2023,22,"5",42.002583,-82.578633,"Bottom",8.1,"PRESSURE","mmHg",747.6,FALSE,NA,150
2023-05-30,2023,22,"5",42.002583,-82.578633,"Bottom",8.1,"SRP","ugL",0.895,FALSE,NA,150
2023-05-30,2023,22,"5",42.002583,-82.578633,"Bottom",8.1,"TDN","ugL",767.885,FALSE,NA,150
2023-05-30,2023,22,"5",42.002583,-82.578633,"Bottom",8.1,"TDP","ugL",2.08,FALSE,NA,150
2023-05-30,2023,22,"5",42.002583,-82.578633,"Bottom",8.1,"TEMP","C",14.9,FALSE,NA,150
2023-05-30,2023,22,"5",42.002583,-82.578633,"Bottom",8.1,"TP","ugL",13.705,TRUE,NA,150
2023-05-30,2023,22,"5",42.002583,-82.578633,"Bottom",8.1,"TSS","mgL",4038,FALSE,NA,150
2023-05-30,2023,22,"5",42.002583,-82.578633,"Bottom",8.1,"pH","pH",8.74,FALSE,NA,150
2023-05-30,2023,22,"5",42.002583,-82.578633,"Surface",1,"CHLA","ugL",3.54,FALSE,NA,150
2023-05-30,2023,22,"5",42.002583,-82.578633,"Surface",1,"COND","uS",255.5,FALSE,NA,150
2023-05-30,2023,22,"5",42.002583,-82.578633,"Surface",1,"DO","%sat",109,FALSE,NA,150
2023-05-30,2023,22,"5",42.002583,-82.578633,"Surface",1,"DOC","mgL",8.17,FALSE,NA,150
2023-05-30,2023,22,"5",42.002583,-82.578633,"Surface",1,"NH4","ugL",11.7,TRUE,NA,150
2023-05-30,2023,22,"5",42.002583,-82.578633,"Surface",1,"NO3","ugL",573.075,FALSE,NA,150
2023-05-30,2023,22,"5",42.002583,-82.578633,"Surface",1,"PP","ugL",5.135,FALSE,NA,150
2023-05-30,2023,22,"5",42.002583,-82.578633,"Surface",1,"PRESSURE","mmHg",747.7,FALSE,NA,150
2023-05-30,2023,22,"5",42.002583,-82.578633,"Surface",1,"SECCHI","m",3,FALSE,NA,150
2023-05-30,2023,22,"5",42.002583,-82.578633,"Surface",1,"SRP","ugL",1.09,FALSE,NA,150
2023-05-30,2023,22,"5",42.002583,-82.578633,"Surface",1,"TDN","ugL",688.195,FALSE,NA,150
2023-05-30,2023,22,"5",42.002583,-82.578633,"Surface",1,"TDP","ugL",4.19,FALSE,NA,150
2023-05-30,2023,22,"5",42.002583,-82.578633,"Surface",1,"TEMP","C",16.6,FALSE,NA,150
2023-05-30,2023,22,"5",42.002583,-82.578633,"Surface",1,"TP","ugL",6.965,TRUE,NA,150
2023-05-30,2023,22,"5",42.002583,-82.578633,"Surface",1,"TSS","mgL",1401,FALSE,NA,150
2023-05-30,2023,22,"5",42.002583,-82.578633,"Surface",1,"pH","pH",8.96,FALSE,NA,150
2023-05-30,2023,22,"6",42.0222,-82.669683,"Bottom",7.9,"CHLA","ugL",4.41,FALSE,NA,150
2023-05-30,2023,22,"6",42.0222,-82.669683,"Bottom",7.9,"COND","uS",251.2,FALSE,NA,150
2023-05-30,2023,22,"6",42.0222,-82.669683,"Bottom",7.9,"DO","%sat",108.6,FALSE,NA,150
2023-05-30,2023,22,"6",42.0222,-82.669683,"Bottom",7.9,"DOC","mgL",1.77,FALSE,NA,150
2023-05-30,2023,22,"6",42.0222,-82.669683,"Bottom",7.9,"NH4","ugL",19.48,FALSE,NA,150
2023-05-30,2023,22,"6",42.0222,-82.669683,"Bottom",7.9,"NO3","ugL",633.93,FALSE,NA,150
2023-05-30,2023,22,"6",42.0222,-82.669683,"Bottom",7.9,"PP","ugL",11.58,FALSE,NA,150
2023-05-30,2023,22,"6",42.0222,-82.669683,"Bottom",7.9,"PRESSURE","mmHg",748.1,FALSE,NA,150
2023-05-30,2023,22,"6",42.0222,-82.669683,"Bottom",7.9,"SRP","ugL",1.015,TRUE,NA,150
2023-05-30,2023,22,"6",42.0222,-82.669683,"Bottom",7.9,"TDN","ugL",782.55,FALSE,NA,150
2023-05-30,2023,22,"6",42.0222,-82.669683,"Bottom",7.9,"TDP","ugL",7.45,FALSE,NA,150
2023-05-30,2023,22,"6",42.0222,-82.669683,"Bottom",7.9,"TEMP","C",16.7,FALSE,NA,150
2023-05-30,2023,22,"6",42.0222,-82.669683,"Bottom",7.9,"TP","ugL",11.885,TRUE,NA,150
2023-05-30,2023,22,"6",42.0222,-82.669683,"Bottom",7.9,"TSS","mgL",9117,FALSE,NA,150
2023-05-30,2023,22,"6",42.0222,-82.669683,"Bottom",7.9,"pH","pH",8.7,FALSE,NA,150
2023-05-30,2023,22,"6",42.0222,-82.669683,"Surface",1,"CHLA","ugL",2.165,FALSE,NA,150
2023-05-30,2023,22,"6",42.0222,-82.669683,"Surface",1,"COND","uS",251.5,FALSE,NA,150
2023-05-30,2023,22,"6",42.0222,-82.669683,"Surface",1,"DO","%sat",105.9,FALSE,NA,150
2023-05-30,2023,22,"6",42.0222,-82.669683,"Surface",1,"DOC","mgL",11.59,FALSE,NA,150
2023-05-30,2023,22,"6",42.0222,-82.669683,"Surface",1,"NH4","ugL",17.08,FALSE,NA,150
2023-05-30,2023,22,"6",42.0222,-82.669683,"Surface",1,"NO3","ugL",709.85,FALSE,NA,150
2023-05-30,2023,22,"6",42.0222,-82.669683,"Surface",1,"PP","ugL",6.645,FALSE,NA,150
2023-05-30,2023,22,"6",42.0222,-82.669683,"Surface",1,"PRESSURE","mmHg",748.2,FALSE,NA,150
2023-05-30,2023,22,"6",42.0222,-82.669683,"Surface",1,"SECCHI","m",3.5,FALSE,NA,150
2023-05-30,2023,22,"6",42.0222,-82.669683,"Surface",1,"SRP","ugL",1.525,FALSE,NA,150
2023-05-30,2023,22,"6",42.0222,-82.669683,"Surface",1,"TDN","ugL",878.815,FALSE,NA,150
2023-05-30,2023,22,"6",42.0222,-82.669683,"Surface",1,"TDP","ugL",3.95,FALSE,NA,150
2023-05-30,2023,22,"6",42.0222,-82.669683,"Surface",1,"TEMP","C",17,FALSE,NA,150
2023-05-30,2023,22,"6",42.0222,-82.669683,"Surface",1,"TSS","mgL",1613,FALSE,NA,150
2023-05-30,2023,22,"6",42.0222,-82.669683,"Surface",1,"pH","pH",8.63,FALSE,NA,150
2023-05-30,2023,22,"7",41.99605,-82.7179,"Bottom",9.5,"CHLA","ugL",1.95,FALSE,NA,150
2023-05-30,2023,22,"7",41.99605,-82.7179,"Bottom",9.5,"COND","uS",255.5,FALSE,NA,150
2023-05-30,2023,22,"7",41.99605,-82.7179,"Bottom",9.5,"DO","%sat",96.8,FALSE,NA,150
2023-05-30,2023,22,"7",41.99605,-82.7179,"Bottom",9.5,"DOC","mgL",1.83,FALSE,NA,150
2023-05-30,2023,22,"7",41.99605,-82.7179,"Bottom",9.5,"NH4","ugL",19.385,FALSE,NA,150
2023-05-30,2023,22,"7",41.99605,-82.7179,"Bottom",9.5,"NO3","ugL",825.27,FALSE,NA,150
2023-05-30,2023,22,"7",41.99605,-82.7179,"Bottom",9.5,"PP","ugL",9.62,FALSE,NA,150
2023-05-30,2023,22,"7",41.99605,-82.7179,"Bottom",9.5,"PRESSURE","mmHg",748.1,FALSE,NA,150
2023-05-30,2023,22,"7",41.99605,-82.7179,"Bottom",9.5,"SRP","ugL",1.33,TRUE,NA,150
2023-05-30,2023,22,"7",41.99605,-82.7179,"Bottom",9.5,"TDN","ugL",961.395,FALSE,NA,150
2023-05-30,2023,22,"7",41.99605,-82.7179,"Bottom",9.5,"TDP","ugL",4.89,FALSE,NA,150
2023-05-30,2023,22,"7",41.99605,-82.7179,"Bottom",9.5,"TEMP","C",15.1,FALSE,NA,150
2023-05-30,2023,22,"7",41.99605,-82.7179,"Bottom",9.5,"TP","ugL",7.81,TRUE,NA,150
2023-05-30,2023,22,"7",41.99605,-82.7179,"Bottom",9.5,"TSS","mgL",3473,FALSE,NA,150
2023-05-30,2023,22,"7",41.99605,-82.7179,"Bottom",9.5,"pH","pH",8.42,FALSE,NA,150
2023-05-30,2023,22,"7",41.99605,-82.7179,"Surface",1,"CHLA","ugL",0.905,FALSE,NA,150
2023-05-30,2023,22,"7",41.99605,-82.7179,"Surface",1,"COND","uS",254.2,FALSE,NA,150
2023-05-30,2023,22,"7",41.99605,-82.7179,"Surface",1,"DO","%sat",105.3,FALSE,NA,150
2023-05-30,2023,22,"7",41.99605,-82.7179,"Surface",1,"DOC","mgL",1.84,FALSE,NA,150
2023-05-30,2023,22,"7",41.99605,-82.7179,"Surface",1,"NH4","ugL",47.165,TRUE,NA,150
2023-05-30,2023,22,"7",41.99605,-82.7179,"Surface",1,"NO3","ugL",841.52,FALSE,NA,150
2023-05-30,2023,22,"7",41.99605,-82.7179,"Surface",1,"PP","ugL",7.02,FALSE,NA,150
2023-05-30,2023,22,"7",41.99605,-82.7179,"Surface",1,"PRESSURE","mmHg",748.9,FALSE,NA,150
2023-05-30,2023,22,"7",41.99605,-82.7179,"Surface",1,"SECCHI","m",3.5,FALSE,NA,150
2023-05-30,2023,22,"7",41.99605,-82.7179,"Surface",1,"SRP","ugL",2.195,FALSE,NA,150
2023-05-30,2023,22,"7",41.99605,-82.7179,"Surface",1,"TDN","ugL",981.675,FALSE,NA,150
2023-05-30,2023,22,"7",41.99605,-82.7179,"Surface",1,"TDP","ugL",3.49,FALSE,NA,150
2023-05-30,2023,22,"7",41.99605,-82.7179,"Surface",1,"TEMP","C",16.9,FALSE,NA,150
2023-05-30,2023,22,"7",41.99605,-82.7179,"Surface",1,"TP","ugL",5.21,FALSE,NA,150
2023-05-30,2023,22,"7",41.99605,-82.7179,"Surface",1,"TSS","mgL",1712,FALSE,NA,150
2023-05-30,2023,22,"7",41.99605,-82.7179,"Surface",1,"pH","pH",8.6,FALSE,NA,150
2023-06-11,2023,24,"2",41.913017,-82.73665,"Bottom",10.9,"CHLA","ugL",2.28,FALSE,NA,162
2023-06-11,2023,24,"2",41.913017,-82.73665,"Bottom",11,"COND","uS",244.6,FALSE,NA,162
2023-06-11,2023,24,"2",41.913017,-82.73665,"Bottom",11,"DO","%sat",93,FALSE,NA,162
2023-06-11,2023,24,"2",41.913017,-82.73665,"Bottom",10.9,"DOC","mgL",2.25,FALSE,NA,162
2023-06-11,2023,24,"2",41.913017,-82.73665,"Bottom",10.9,"NH4","ugL",75.035,TRUE,NA,162
2023-06-11,2023,24,"2",41.913017,-82.73665,"Bottom",10.9,"NO3","ugL",486.81,FALSE,NA,162
2023-06-11,2023,24,"2",41.913017,-82.73665,"Bottom",10.9,"PP","ugL",9.765,FALSE,NA,162
2023-06-11,2023,24,"2",41.913017,-82.73665,"Bottom",11,"PRESSURE","mmHg",740.2,FALSE,NA,162
2023-06-11,2023,24,"2",41.913017,-82.73665,"Bottom",10.9,"SRP","ugL",0.535,FALSE,NA,162
2023-06-11,2023,24,"2",41.913017,-82.73665,"Bottom",10.9,"TDN","ugL",648.235,FALSE,NA,162
2023-06-11,2023,24,"2",41.913017,-82.73665,"Bottom",10.9,"TDP","ugL",4.42,FALSE,NA,162
2023-06-11,2023,24,"2",41.913017,-82.73665,"Bottom",11,"TEMP","C",18.3,FALSE,NA,162
2023-06-11,2023,24,"2",41.913017,-82.73665,"Bottom",10.9,"TP","ugL",6.745,TRUE,NA,162
2023-06-11,2023,24,"2",41.913017,-82.73665,"Bottom",10.9,"TSS","mgL",5921,FALSE,NA,162
2023-06-11,2023,24,"2",41.913017,-82.73665,"Bottom",11,"pH","pH",8.47,FALSE,NA,162
2023-06-11,2023,24,"2",41.913017,-82.73665,"Surface",1,"CHLA","ugL",2.515,FALSE,NA,162
2023-06-11,2023,24,"2",41.913017,-82.73665,"Surface",1,"COND","uS",243.1,FALSE,NA,162
2023-06-11,2023,24,"2",41.913017,-82.73665,"Surface",1,"DO","%sat",103.2,FALSE,NA,162
2023-06-11,2023,24,"2",41.913017,-82.73665,"Surface",1,"DOC","mgL",1.65,FALSE,NA,162
2023-06-11,2023,24,"2",41.913017,-82.73665,"Surface",1,"NH4","ugL",7.275,FALSE,NA,162
2023-06-11,2023,24,"2",41.913017,-82.73665,"Surface",1,"NO3","ugL",449.355,FALSE,NA,162
2023-06-11,2023,24,"2",41.913017,-82.73665,"Surface",1,"PP","ugL",8.285,FALSE,NA,162
2023-06-11,2023,24,"2",41.913017,-82.73665,"Surface",1,"PRESSURE","mmHg",740.3,FALSE,NA,162
2023-06-11,2023,24,"2",41.913017,-82.73665,"Surface",1,"SECCHI","m",2.5,FALSE,NA,162
2023-06-11,2023,24,"2",41.913017,-82.73665,"Surface",1,"SRP","ugL",0.595,TRUE,NA,162
2023-06-11,2023,24,"2",41.913017,-82.73665,"Surface",1,"TDN","ugL",645.275,FALSE,NA,162
2023-06-11,2023,24,"2",41.913017,-82.73665,"Surface",1,"TDP","ugL",5.82,FALSE,NA,162
2023-06-11,2023,24,"2",41.913017,-82.73665,"Surface",1,"TEMP","C",19.8,FALSE,NA,162
2023-06-11,2023,24,"2",41.913017,-82.73665,"Surface",1,"TP","ugL",14.865,TRUE,NA,162
2023-06-11,2023,24,"2",41.913017,-82.73665,"Surface",1,"TSS","mgL",2586,FALSE,NA,162
2023-06-11,2023,24,"2",41.913017,-82.73665,"Surface",1,"pH","pH",8.72,FALSE,NA,162
2023-06-11,2023,24,"5",42.002583,-82.578633,"Bottom",8.1,"CHLA","ugL",3.875,FALSE,NA,162
2023-06-11,2023,24,"5",42.002583,-82.578633,"Bottom",8,"COND","uS",246.1,FALSE,NA,162
2023-06-11,2023,24,"5",42.002583,-82.578633,"Bottom",8,"DO","%sat",103,FALSE,NA,162
2023-06-11,2023,24,"5",42.002583,-82.578633,"Bottom",8.1,"DOC","mgL",1.89,FALSE,NA,162
2023-06-11,2023,24,"5",42.002583,-82.578633,"Bottom",8.1,"NH4","ugL",16.115,TRUE,NA,162
2023-06-11,2023,24,"5",42.002583,-82.578633,"Bottom",8.1,"NO3","ugL",570.16,FALSE,NA,162
2023-06-11,2023,24,"5",42.002583,-82.578633,"Bottom",8.1,"PP","ugL",9.385,FALSE,NA,162
2023-06-11,2023,24,"5",42.002583,-82.578633,"Bottom",8,"PRESSURE","mmHg",740.4,FALSE,NA,162
2023-06-11,2023,24,"5",42.002583,-82.578633,"Bottom",8.1,"SRP","ugL",0.67,FALSE,NA,162
2023-06-11,2023,24,"5",42.002583,-82.578633,"Bottom",8.1,"TDN","ugL",721.585,FALSE,NA,162
2023-06-11,2023,24,"5",42.002583,-82.578633,"Bottom",8.1,"TDP","ugL",5.47,FALSE,NA,162
2023-06-11,2023,24,"5",42.002583,-82.578633,"Bottom",8,"TEMP","C",19.5,FALSE,NA,162
2023-06-11,2023,24,"5",42.002583,-82.578633,"Bottom",8.1,"TP","ugL",7.01,FALSE,NA,162
2023-06-11,2023,24,"5",42.002583,-82.578633,"Bottom",8.1,"TSS","mgL",2988,FALSE,NA,162
2023-06-11,2023,24,"5",42.002583,-82.578633,"Bottom",8,"pH","pH",8.68,FALSE,NA,162
2023-06-11,2023,24,"5",42.002583,-82.578633,"Surface",1,"CHLA","ugL",5.805,FALSE,NA,162
2023-06-11,2023,24,"5",42.002583,-82.578633,"Surface",1,"COND","uS",247.5,FALSE,NA,162
2023-06-11,2023,24,"5",42.002583,-82.578633,"Surface",1,"DO","%sat",105.3,FALSE,NA,162
2023-06-11,2023,24,"5",42.002583,-82.578633,"Surface",1,"DOC","mgL",1.83,FALSE,NA,162
2023-06-11,2023,24,"5",42.002583,-82.578633,"Surface",1,"NH4","ugL",82.63,TRUE,NA,162
2023-06-11,2023,24,"5",42.002583,-82.578633,"Surface",1,"NO3","ugL",567.48,FALSE,NA,162
2023-06-11,2023,24,"5",42.002583,-82.578633,"Surface",1,"PP","ugL",8.51,FALSE,NA,162
2023-06-11,2023,24,"5",42.002583,-82.578633,"Surface",1,"PRESSURE","mmHg",740.3,FALSE,NA,162
2023-06-11,2023,24,"5",42.002583,-82.578633,"Surface",1,"SECCHI","m",2.5,FALSE,NA,162
2023-06-11,2023,24,"5",42.002583,-82.578633,"Surface",1,"SRP","ugL",0.595,TRUE,NA,162
2023-06-11,2023,24,"5",42.002583,-82.578633,"Surface",1,"TDN","ugL",706.245,FALSE,NA,162
2023-06-11,2023,24,"5",42.002583,-82.578633,"Surface",1,"TDP","ugL",4.42,FALSE,NA,162
2023-06-11,2023,24,"5",42.002583,-82.578633,"Surface",1,"TEMP","C",19.8,FALSE,NA,162
2023-06-11,2023,24,"5",42.002583,-82.578633,"Surface",1,"TP","ugL",6.54,FALSE,NA,162
2023-06-11,2023,24,"5",42.002583,-82.578633,"Surface",1,"TSS","mgL",2219,FALSE,NA,162
2023-06-11,2023,24,"5",42.002583,-82.578633,"Surface",1,"pH","pH",8.75,FALSE,NA,162
2023-06-11,2023,24,"6",42.0222,-82.669683,"Bottom",7.9,"CHLA","ugL",3.37,FALSE,NA,162
2023-06-11,2023,24,"6",42.0222,-82.669683,"Bottom",8,"COND","uS",244.7,FALSE,NA,162
2023-06-11,2023,24,"6",42.0222,-82.669683,"Bottom",8,"DO","%sat",96.9,FALSE,NA,162
2023-06-11,2023,24,"6",42.0222,-82.669683,"Bottom",7.9,"DOC","mgL",1.76,FALSE,NA,162
2023-06-11,2023,24,"6",42.0222,-82.669683,"Bottom",7.9,"NH4","ugL",15.545,FALSE,NA,162
2023-06-11,2023,24,"6",42.0222,-82.669683,"Bottom",7.9,"NO3","ugL",493.685,FALSE,NA,162
2023-06-11,2023,24,"6",42.0222,-82.669683,"Bottom",7.9,"PP","ugL",8.7,FALSE,NA,162
2023-06-11,2023,24,"6",42.0222,-82.669683,"Bottom",8,"PRESSURE","mmHg",740.7,FALSE,NA,162
2023-06-11,2023,24,"6",42.0222,-82.669683,"Bottom",7.9,"SRP","ugL",0.61,FALSE,NA,162
2023-06-11,2023,24,"6",42.0222,-82.669683,"Bottom",7.9,"TDN","ugL",642.49,FALSE,NA,162
2023-06-11,2023,24,"6",42.0222,-82.669683,"Bottom",7.9,"TDP","ugL",7.45,FALSE,NA,162
2023-06-11,2023,24,"6",42.0222,-82.669683,"Bottom",8,"TEMP","C",19.1,FALSE,NA,162
2023-06-11,2023,24,"6",42.0222,-82.669683,"Bottom",7.9,"TP","ugL",8.235,TRUE,NA,162
2023-06-11,2023,24,"6",42.0222,-82.669683,"Bottom",7.9,"TSS","mgL",2973,FALSE,NA,162
2023-06-11,2023,24,"6",42.0222,-82.669683,"Bottom",8,"pH","pH",8.6,FALSE,NA,162
2023-06-11,2023,24,"6",42.0222,-82.669683,"Surface",1,"CHLA","ugL",3.72,FALSE,NA,162
2023-06-11,2023,24,"6",42.0222,-82.669683,"Surface",1,"COND","uS",238.4,FALSE,NA,162
2023-06-11,2023,24,"6",42.0222,-82.669683,"Surface",1,"DO","%sat",102.8,FALSE,NA,162
2023-06-11,2023,24,"6",42.0222,-82.669683,"Surface",1,"DOC","mgL",1.97,FALSE,NA,162
2023-06-11,2023,24,"6",42.0222,-82.669683,"Surface",1,"NH4","ugL",11.6,FALSE,NA,162
2023-06-11,2023,24,"6",42.0222,-82.669683,"Surface",1,"NO3","ugL",511.98,FALSE,NA,162
2023-06-11,2023,24,"6",42.0222,-82.669683,"Surface",1,"PP","ugL",8.595,FALSE,NA,162
2023-06-11,2023,24,"6",42.0222,-82.669683,"Surface",1,"PRESSURE","mmHg",740.7,FALSE,NA,162
2023-06-11,2023,24,"6",42.0222,-82.669683,"Surface",1,"SECCHI","m",3.1,FALSE,NA,162
2023-06-11,2023,24,"6",42.0222,-82.669683,"Surface",1,"SRP","ugL",0.91,TRUE,NA,162
2023-06-11,2023,24,"6",42.0222,-82.669683,"Surface",1,"TDN","ugL",661.085,FALSE,NA,162
2023-06-11,2023,24,"6",42.0222,-82.669683,"Surface",1,"TDP","ugL",4.65,FALSE,NA,162
2023-06-11,2023,24,"6",42.0222,-82.669683,"Surface",1,"TEMP","C",19.8,FALSE,NA,162
2023-06-11,2023,24,"6",42.0222,-82.669683,"Surface",1,"TP","ugL",5.94,TRUE,NA,162
2023-06-11,2023,24,"6",42.0222,-82.669683,"Surface",1,"TSS","mgL",2012,FALSE,NA,162
2023-06-11,2023,24,"6",42.0222,-82.669683,"Surface",1,"pH","pH",8.7,FALSE,NA,162
2023-06-11,2023,24,"7",41.99605,-82.7179,"Bottom",9.5,"CHLA","ugL",2.645,FALSE,NA,162
2023-06-11,2023,24,"7",41.99605,-82.7179,"Bottom",9.5,"COND","uS",242,FALSE,NA,162
2023-06-11,2023,24,"7",41.99605,-82.7179,"Bottom",9.5,"DO","%sat",83.8,FALSE,NA,162
2023-06-11,2023,24,"7",41.99605,-82.7179,"Bottom",9.5,"DOC","mgL",1.79,FALSE,NA,162
2023-06-11,2023,24,"7",41.99605,-82.7179,"Bottom",9.5,"NH4","ugL",35.435,FALSE,NA,162
2023-06-11,2023,24,"7",41.99605,-82.7179,"Bottom",9.5,"NO3","ugL",480.73,FALSE,NA,162
2023-06-11,2023,24,"7",41.99605,-82.7179,"Bottom",9.5,"PP","ugL",9.565,FALSE,NA,162
2023-06-11,2023,24,"7",41.99605,-82.7179,"Bottom",9.5,"PRESSURE","mmHg",740.7,FALSE,NA,162
2023-06-11,2023,24,"7",41.99605,-82.7179,"Bottom",9.5,"SRP","ugL",1.42,FALSE,NA,162
2023-06-11,2023,24,"7",41.99605,-82.7179,"Bottom",9.5,"TDN","ugL",669.09,FALSE,NA,162
2023-06-11,2023,24,"7",41.99605,-82.7179,"Bottom",9.5,"TDP","ugL",5.35,FALSE,NA,162
2023-06-11,2023,24,"7",41.99605,-82.7179,"Bottom",9.5,"TEMP","C",18.7,FALSE,NA,162
2023-06-11,2023,24,"7",41.99605,-82.7179,"Bottom",9.5,"TP","ugL",10.365,TRUE,NA,162
2023-06-11,2023,24,"7",41.99605,-82.7179,"Bottom",9.5,"TSS","mgL",4615,FALSE,NA,162
2023-06-11,2023,24,"7",41.99605,-82.7179,"Bottom",9.5,"pH","pH",8.4,FALSE,NA,162
2023-06-11,2023,24,"7",41.99605,-82.7179,"Surface",1,"CHLA","ugL",1.88,FALSE,NA,162
2023-06-11,2023,24,"7",41.99605,-82.7179,"Surface",1,"COND","uS",241.3,FALSE,NA,162
2023-06-11,2023,24,"7",41.99605,-82.7179,"Surface",1,"DO","%sat",101,FALSE,NA,162
2023-06-11,2023,24,"7",41.99605,-82.7179,"Surface",1,"DOC","mgL",1.86,FALSE,NA,162
2023-06-11,2023,24,"7",41.99605,-82.7179,"Surface",1,"NH4","ugL",33.805,FALSE,NA,162
2023-06-11,2023,24,"7",41.99605,-82.7179,"Surface",1,"NO3","ugL",495.375,FALSE,NA,162
2023-06-11,2023,24,"7",41.99605,-82.7179,"Surface",1,"PP","ugL",6.96,FALSE,NA,162
2023-06-11,2023,24,"7",41.99605,-82.7179,"Surface",1,"PRESSURE","mmHg",740.5,FALSE,NA,162
2023-06-11,2023,24,"7",41.99605,-82.7179,"Surface",1,"SECCHI","m",3,FALSE,NA,162
2023-06-11,2023,24,"7",41.99605,-82.7179,"Surface",1,"SRP","ugL",0.595,FALSE,NA,162
2023-06-11,2023,24,"7",41.99605,-82.7179,"Surface",1,"TDN","ugL",623.185,FALSE,NA,162
2023-06-11,2023,24,"7",41.99605,-82.7179,"Surface",1,"TDP","ugL",3.02,FALSE,NA,162
2023-06-11,2023,24,"7",41.99605,-82.7179,"Surface",1,"TEMP","C",19.9,FALSE,NA,162
2023-06-11,2023,24,"7",41.99605,-82.7179,"Surface",1,"TP","ugL",7.5,FALSE,NA,162
2023-06-11,2023,24,"7",41.99605,-82.7179,"Surface",1,"TSS","mgL",2227,FALSE,NA,162
2023-06-11,2023,24,"7",41.99605,-82.7179,"Surface",1,"pH","pH",8.62,FALSE,NA,162
2023-06-23,2023,25,"2",41.913017,-82.73665,"Bottom",10.9,"CHLA","ugL",5.48,FALSE,NA,174
2023-06-23,2023,25,"2",41.913017,-82.73665,"Bottom",10.5,"COND","uS",246.4,FALSE,NA,174
2023-06-23,2023,25,"2",41.913017,-82.73665,"Bottom",10.5,"DO","%sat",100.3,FALSE,NA,174
2023-06-23,2023,25,"2",41.913017,-82.73665,"Bottom",10.9,"DOC","mgL",3.12,FALSE,NA,174
2023-06-23,2023,25,"2",41.913017,-82.73665,"Bottom",10.9,"NH4","ugL",17.08,FALSE,NA,174
2023-06-23,2023,25,"2",41.913017,-82.73665,"Bottom",10.9,"NO3","ugL",468.79,FALSE,NA,174
2023-06-23,2023,25,"2",41.913017,-82.73665,"Bottom",10.9,"PP","ugL",24.48,TRUE,NA,174
2023-06-23,2023,25,"2",41.913017,-82.73665,"Bottom",10.5,"PRESSURE","mmHg",744.6,FALSE,NA,174
2023-06-23,2023,25,"2",41.913017,-82.73665,"Bottom",10.9,"SRP","ugL",0.64,FALSE,NA,174
2023-06-23,2023,25,"2",41.913017,-82.73665,"Bottom",10.9,"TDN","ugL",599.89,FALSE,NA,174
2023-06-23,2023,25,"2",41.913017,-82.73665,"Bottom",10.9,"TDP","ugL",4.89,FALSE,NA,174
2023-06-23,2023,25,"2",41.913017,-82.73665,"Bottom",10.5,"TEMP","C",20.3,FALSE,NA,174
2023-06-23,2023,25,"2",41.913017,-82.73665,"Bottom",10.9,"TP","ugL",8.745,TRUE,NA,174
2023-06-23,2023,25,"2",41.913017,-82.73665,"Bottom",10.9,"TSS","mgL",3796,FALSE,NA,174
2023-06-23,2023,25,"2",41.913017,-82.73665,"Bottom",10.5,"pH","pH",8.61,FALSE,NA,174
2023-06-23,2023,25,"2",41.913017,-82.73665,"Surface",1,"CHLA","ugL",6.84,FALSE,NA,174
2023-06-23,2023,25,"2",41.913017,-82.73665,"Surface",1,"COND","uS",246.3,FALSE,NA,174
2023-06-23,2023,25,"2",41.913017,-82.73665,"Surface",1,"DO","%sat",101.4,FALSE,NA,174
2023-06-23,2023,25,"2",41.913017,-82.73665,"Surface",1,"DOC","mgL",2,FALSE,NA,174
2023-06-23,2023,25,"2",41.913017,-82.73665,"Surface",1,"NH4","ugL",39.09,TRUE,NA,174
2023-06-23,2023,25,"2",41.913017,-82.73665,"Surface",1,"NO3","ugL",226.115,FALSE,NA,174
2023-06-23,2023,25,"2",41.913017,-82.73665,"Surface",1,"PP","ugL",26.24,TRUE,NA,174
2023-06-23,2023,25,"2",41.913017,-82.73665,"Surface",1,"PRESSURE","mmHg",744.6,FALSE,NA,174
2023-06-23,2023,25,"2",41.913017,-82.73665,"Surface",1,"SECCHI","m",2.5,FALSE,NA,174
2023-06-23,2023,25,"2",41.913017,-82.73665,"Surface",1,"SRP","ugL",0.85,TRUE,NA,174
2023-06-23,2023,25,"2",41.913017,-82.73665,"Surface",1,"TDN","ugL",350.18,FALSE,NA,174
2023-06-23,2023,25,"2",41.913017,-82.73665,"Surface",1,"TDP","ugL",-0.25,FALSE,NA,174
2023-06-23,2023,25,"2",41.913017,-82.73665,"Surface",1,"TEMP","C",20.4,FALSE,NA,174
2023-06-23,2023,25,"2",41.913017,-82.73665,"Surface",1,"TP","ugL",6.075,FALSE,NA,174
2023-06-23,2023,25,"2",41.913017,-82.73665,"Surface",1,"TSS","mgL",3688,FALSE,NA,174
2023-06-23,2023,25,"2",41.913017,-82.73665,"Surface",1,"pH","pH",8.63,FALSE,NA,174
2023-06-23,2023,25,"4",41.8927,-82.525767,"Bottom",9.8,"CHLA","ugL",3.08,FALSE,NA,174
2023-06-23,2023,25,"4",41.8927,-82.525767,"Bottom",8.5,"COND","uS",247.8,FALSE,NA,174
2023-06-23,2023,25,"4",41.8927,-82.525767,"Bottom",8.5,"DO","%sat",101.8,FALSE,NA,174
2023-06-23,2023,25,"4",41.8927,-82.525767,"Bottom",9.8,"DOC","mgL",2.1,FALSE,NA,174
2023-06-23,2023,25,"4",41.8927,-82.525767,"Bottom",9.8,"NH4","ugL",94.455,FALSE,NA,174
2023-06-23,2023,25,"4",41.8927,-82.525767,"Bottom",9.8,"NO3","ugL",325.07,FALSE,NA,174
2023-06-23,2023,25,"4",41.8927,-82.525767,"Bottom",9.8,"PP","ugL",38.225,TRUE,NA,174
2023-06-23,2023,25,"4",41.8927,-82.525767,"Bottom",8.5,"PRESSURE","mmHg",744.5,FALSE,NA,174
2023-06-23,2023,25,"4",41.8927,-82.525767,"Bottom",9.8,"SRP","ugL",1.285,TRUE,NA,174
2023-06-23,2023,25,"4",41.8927,-82.525767,"Bottom",9.8,"TDN","ugL",692.83,FALSE,NA,174
2023-06-23,2023,25,"4",41.8927,-82.525767,"Bottom",8.5,"TEMP","C",20.4,FALSE,NA,174
2023-06-23,2023,25,"4",41.8927,-82.525767,"Bottom",9.8,"TSS","mgL",5606,FALSE,NA,174
2023-06-23,2023,25,"4",41.8927,-82.525767,"Bottom",8.5,"pH","pH",8.67,FALSE,NA,174
2023-06-23,2023,25,"4",41.8927,-82.525767,"Surface",1,"CHLA","ugL",4.955,FALSE,NA,174
2023-06-23,2023,25,"4",41.8927,-82.525767,"Surface",1,"COND","uS",247.3,FALSE,NA,174
2023-06-23,2023,25,"4",41.8927,-82.525767,"Surface",1,"DO","%sat",103.2,FALSE,NA,174
2023-06-23,2023,25,"4",41.8927,-82.525767,"Surface",1,"DOC","mgL",1.88,FALSE,NA,174
2023-06-23,2023,25,"4",41.8927,-82.525767,"Surface",1,"NH4","ugL",65.14,FALSE,NA,174
2023-06-23,2023,25,"4",41.8927,-82.525767,"Surface",1,"NO3","ugL",393.43,FALSE,NA,174
2023-06-23,2023,25,"4",41.8927,-82.525767,"Surface",1,"PP","ugL",23.655,TRUE,NA,174
2023-06-23,2023,25,"4",41.8927,-82.525767,"Surface",1,"PRESSURE","mmHg",744.5,FALSE,NA,174
2023-06-23,2023,25,"4",41.8927,-82.525767,"Surface",1,"SECCHI","m",3,FALSE,NA,174
2023-06-23,2023,25,"4",41.8927,-82.525767,"Surface",1,"SRP","ugL",0.865,FALSE,NA,174
2023-06-23,2023,25,"4",41.8927,-82.525767,"Surface",1,"TDN","ugL",529.04,FALSE,NA,174
2023-06-23,2023,25,"4",41.8927,-82.525767,"Surface",1,"TDP","ugL",11.89,FALSE,NA,174
2023-06-23,2023,25,"4",41.8927,-82.525767,"Surface",1,"TEMP","C",20.5,FALSE,NA,174
2023-06-23,2023,25,"4",41.8927,-82.525767,"Surface",1,"TP","ugL",9.365,TRUE,NA,174
2023-06-23,2023,25,"4",41.8927,-82.525767,"Surface",1,"TSS","mgL",3713,FALSE,NA,174
2023-06-23,2023,25,"4",41.8927,-82.525767,"Surface",1,"pH","pH",8.21,FALSE,NA,174
2023-06-23,2023,25,"5",42.002583,-82.578633,"Bottom",8.1,"CHLA","ugL",7.57,FALSE,NA,174
2023-06-23,2023,25,"5",42.002583,-82.578633,"Bottom",7.5,"COND","uS",243.2,FALSE,NA,174
2023-06-23,2023,25,"5",42.002583,-82.578633,"Bottom",7.5,"DO","%sat",101,FALSE,NA,174
2023-06-23,2023,25,"5",42.002583,-82.578633,"Bottom",8.1,"DOC","mgL",2.06,FALSE,NA,174
2023-06-23,2023,25,"5",42.002583,-82.578633,"Bottom",8.1,"NH4","ugL",31.4,FALSE,NA,174
2023-06-23,2023,25,"5",42.002583,-82.578633,"Bottom",8.1,"NO3","ugL",453.65,FALSE,NA,174
2023-06-23,2023,25,"5",42.002583,-82.578633,"Bottom",8.1,"PP","ugL",44.895,TRUE,NA,174
2023-06-23,2023,25,"5",42.002583,-82.578633,"Bottom",7.5,"PRESSURE","mmHg",244.6,FALSE,NA,174
2023-06-23,2023,25,"5",42.002583,-82.578633,"Bottom",8.1,"SRP","ugL",1,FALSE,NA,174
2023-06-23,2023,25,"5",42.002583,-82.578633,"Bottom",8.1,"TDN","ugL",650.99,FALSE,NA,174
2023-06-23,2023,25,"5",42.002583,-82.578633,"Bottom",8.1,"TDP","ugL",6.52,FALSE,NA,174
2023-06-23,2023,25,"5",42.002583,-82.578633,"Bottom",7.5,"TEMP","C",20.7,FALSE,NA,174
2023-06-23,2023,25,"5",42.002583,-82.578633,"Bottom",8.1,"TP","ugL",32.445,TRUE,NA,174
2023-06-23,2023,25,"5",42.002583,-82.578633,"Bottom",8.1,"TSS","mgL",59470,FALSE,NA,174
2023-06-23,2023,25,"5",42.002583,-82.578633,"Bottom",7.5,"pH","pH",8.79,FALSE,NA,174
2023-06-23,2023,25,"5",42.002583,-82.578633,"Surface",1,"CHLA","ugL",2.545,TRUE,NA,174
2023-06-23,2023,25,"5",42.002583,-82.578633,"Surface",1,"COND","uS",243.2,FALSE,NA,174
2023-06-23,2023,25,"5",42.002583,-82.578633,"Surface",1,"DO","%sat",101.9,FALSE,NA,174
2023-06-23,2023,25,"5",42.002583,-82.578633,"Surface",1,"DOC","mgL",2.21,FALSE,NA,174
2023-06-23,2023,25,"5",42.002583,-82.578633,"Surface",1,"NH4","ugL",69.945,TRUE,NA,174
2023-06-23,2023,25,"5",42.002583,-82.578633,"Surface",1,"NO3","ugL",394.005,FALSE,NA,174
2023-06-23,2023,25,"5",42.002583,-82.578633,"Surface",1,"PP","ugL",20.41,TRUE,NA,174
2023-06-23,2023,25,"5",42.002583,-82.578633,"Surface",1,"PRESSURE","mmHg",744.6,FALSE,NA,174
2023-06-23,2023,25,"5",42.002583,-82.578633,"Surface",1,"SECCHI","m",2.75,FALSE,NA,174
2023-06-23,2023,25,"5",42.002583,-82.578633,"Surface",1,"SRP","ugL",0.535,TRUE,NA,174
2023-06-23,2023,25,"5",42.002583,-82.578633,"Surface",1,"TDN","ugL",684.585,TRUE,NA,174
2023-06-23,2023,25,"5",42.002583,-82.578633,"Surface",1,"TDP","ugL",7.69,FALSE,NA,174
2023-06-23,2023,25,"5",42.002583,-82.578633,"Surface",1,"TEMP","C",20.7,FALSE,NA,174
2023-06-23,2023,25,"5",42.002583,-82.578633,"Surface",1,"TP","ugL",5.84,FALSE,NA,174
2023-06-23,2023,25,"5",42.002583,-82.578633,"Surface",1,"TSS","mgL",2902,FALSE,NA,174
2023-06-23,2023,25,"5",42.002583,-82.578633,"Surface",1,"pH","pH",8.83,FALSE,NA,174
2023-06-23,2023,25,"6",42.0222,-82.669683,"Bottom",7,"COND","uS",242.6,FALSE,NA,174
2023-06-23,2023,25,"6",42.0222,-82.669683,"Bottom",7,"DO","%sat",98.7,FALSE,NA,174
2023-06-23,2023,25,"6",42.0222,-82.669683,"Bottom",7.9,"DOC","mgL",1.95,FALSE,NA,174
2023-06-23,2023,25,"6",42.0222,-82.669683,"Bottom",7.9,"NH4","ugL",15.35,TRUE,NA,174
2023-06-23,2023,25,"6",42.0222,-82.669683,"Bottom",7.9,"NO3","ugL",226.305,FALSE,NA,174
2023-06-23,2023,25,"6",42.0222,-82.669683,"Bottom",7,"PRESSURE","mmHg",744.6,FALSE,NA,174
2023-06-23,2023,25,"6",42.0222,-82.669683,"Bottom",7.9,"SRP","ugL",0.97,TRUE,NA,174
2023-06-23,2023,25,"6",42.0222,-82.669683,"Bottom",7.9,"TDN","ugL",381.65,FALSE,NA,174
2023-06-23,2023,25,"6",42.0222,-82.669683,"Bottom",7.9,"TDP","ugL",4.65,FALSE,NA,174
2023-06-23,2023,25,"6",42.0222,-82.669683,"Bottom",7,"TEMP","C",20.9,FALSE,NA,174
2023-06-23,2023,25,"6",42.0222,-82.669683,"Bottom",7.9,"TP","ugL",3.28,FALSE,NA,174
2023-06-23,2023,25,"6",42.0222,-82.669683,"Bottom",7.9,"TSS","mgL",3300,FALSE,NA,174
2023-06-23,2023,25,"6",42.0222,-82.669683,"Bottom",7,"pH","pH",8.52,FALSE,NA,174
2023-06-23,2023,25,"6",42.0222,-82.669683,"Surface",1,"CHLA","ugL",3.725,FALSE,NA,174
2023-06-23,2023,25,"6",42.0222,-82.669683,"Surface",1,"COND","uS",244.9,FALSE,NA,174
2023-06-23,2023,25,"6",42.0222,-82.669683,"Surface",1,"DO","%sat",100.2,FALSE,NA,174
2023-06-23,2023,25,"6",42.0222,-82.669683,"Surface",1,"DOC","mgL",2,FALSE,NA,174
2023-06-23,2023,25,"6",42.0222,-82.669683,"Surface",1,"NH4","ugL",37.84,TRUE,NA,174
2023-06-23,2023,25,"6",42.0222,-82.669683,"Surface",1,"NO3","ugL",422.03,FALSE,NA,174
2023-06-23,2023,25,"6",42.0222,-82.669683,"Surface",1,"PP","ugL",18.485,TRUE,NA,174
2023-06-23,2023,25,"6",42.0222,-82.669683,"Surface",1,"PRESSURE","mmHg",744.6,FALSE,NA,174
2023-06-23,2023,25,"6",42.0222,-82.669683,"Surface",1,"SECCHI","m",3,FALSE,NA,174
2023-06-23,2023,25,"6",42.0222,-82.669683,"Surface",1,"SRP","ugL",0.58,TRUE,NA,174
2023-06-23,2023,25,"6",42.0222,-82.669683,"Surface",1,"TDN","ugL",585.065,FALSE,NA,174
2023-06-23,2023,25,"6",42.0222,-82.669683,"Surface",1,"TDP","ugL",4.89,FALSE,NA,174
2023-06-23,2023,25,"6",42.0222,-82.669683,"Surface",1,"TEMP","C",20.9,FALSE,NA,174
2023-06-23,2023,25,"6",42.0222,-82.669683,"Surface",1,"TP","ugL",4.95,TRUE,NA,174
2023-06-23,2023,25,"6",42.0222,-82.669683,"Surface",1,"TSS","mgL",2465,FALSE,NA,174
2023-06-23,2023,25,"6",42.0222,-82.669683,"Surface",1,"pH","pH",8.49,FALSE,NA,174
2023-06-23,2023,25,"7",41.99605,-82.7179,"Bottom",9.5,"CHLA","ugL",4.215,FALSE,NA,174
2023-06-23,2023,25,"7",41.99605,-82.7179,"Bottom",9,"COND","uS",245.7,FALSE,NA,174
2023-06-23,2023,25,"7",41.99605,-82.7179,"Bottom",9,"DO","%sat",100.1,FALSE,NA,174
2023-06-23,2023,25,"7",41.99605,-82.7179,"Bottom",9.5,"DOC","mgL",1.75,FALSE,NA,174
2023-06-23,2023,25,"7",41.99605,-82.7179,"Bottom",9.5,"NH4","ugL",93.97,FALSE,NA,174
2023-06-23,2023,25,"7",41.99605,-82.7179,"Bottom",9.5,"NO3","ugL",431.04,FALSE,NA,174
2023-06-23,2023,25,"7",41.99605,-82.7179,"Bottom",9.5,"PP","ugL",29.09,TRUE,NA,174
2023-06-23,2023,25,"7",41.99605,-82.7179,"Bottom",9,"PRESSURE","mmHg",744.6,FALSE,NA,174
2023-06-23,2023,25,"7",41.99605,-82.7179,"Bottom",9.5,"SRP","ugL",1.59,TRUE,NA,174
2023-06-23,2023,25,"7",41.99605,-82.7179,"Bottom",9.5,"TDN","ugL",650.74,FALSE,NA,174
2023-06-23,2023,25,"7",41.99605,-82.7179,"Bottom",9.5,"TDP","ugL",2.32,FALSE,NA,174
2023-06-23,2023,25,"7",41.99605,-82.7179,"Bottom",9,"TEMP","C",20.7,FALSE,NA,174
2023-06-23,2023,25,"7",41.99605,-82.7179,"Bottom",9.5,"TP","ugL",4.2,TRUE,NA,174
2023-06-23,2023,25,"7",41.99605,-82.7179,"Bottom",9.5,"TSS","mgL",6050,FALSE,NA,174
2023-06-23,2023,25,"7",41.99605,-82.7179,"Bottom",9,"pH","pH",8.62,FALSE,NA,174
2023-06-23,2023,25,"7",41.99605,-82.7179,"Surface",1,"CHLA","ugL",3.95,TRUE,NA,174
2023-06-23,2023,25,"7",41.99605,-82.7179,"Surface",1,"COND","uS",244.9,FALSE,NA,174
2023-06-23,2023,25,"7",41.99605,-82.7179,"Surface",1,"DO","%sat",101.3,FALSE,NA,174
2023-06-23,2023,25,"7",41.99605,-82.7179,"Surface",1,"DOC","mgL",2.21,FALSE,NA,174
2023-06-23,2023,25,"7",41.99605,-82.7179,"Surface",1,"NH4","ugL",170.385,FALSE,NA,174
2023-06-23,2023,25,"7",41.99605,-82.7179,"Surface",1,"NO3","ugL",447.49,FALSE,NA,174
2023-06-23,2023,25,"7",41.99605,-82.7179,"Surface",1,"PP","ugL",20.83,TRUE,NA,174
2023-06-23,2023,25,"7",41.99605,-82.7179,"Surface",1,"PRESSURE","mmHg",744.6,FALSE,NA,174
2023-06-23,2023,25,"7",41.99605,-82.7179,"Surface",1,"SECCHI","m",2.75,FALSE,NA,174
2023-06-23,2023,25,"7",41.99605,-82.7179,"Surface",1,"SRP","ugL",0.7,FALSE,NA,174
2023-06-23,2023,25,"7",41.99605,-82.7179,"Surface",1,"TDN","ugL",577.86,FALSE,NA,174
2023-06-23,2023,25,"7",41.99605,-82.7179,"Surface",1,"TDP","ugL",0.92,TRUE,NA,174
2023-06-23,2023,25,"7",41.99605,-82.7179,"Surface",1,"TEMP","C",20.7,FALSE,NA,174
2023-06-23,2023,25,"7",41.99605,-82.7179,"Surface",1,"TSS","mgL",2928,FALSE,NA,174
2023-06-23,2023,25,"7",41.99605,-82.7179,"Surface",1,"pH","pH",8.6,FALSE,NA,174
2023-07-10,2023,28,"2",41.913017,-82.73665,"Bottom",10.9,"CHLA","ugL",6.295,FALSE,NA,191
2023-07-10,2023,28,"2",41.913017,-82.73665,"Bottom",10.5,"COND","uS",239.4,FALSE,NA,191
2023-07-10,2023,28,"2",41.913017,-82.73665,"Bottom",10.5,"DO","%sat",96.5,FALSE,NA,191
2023-07-10,2023,28,"2",41.913017,-82.73665,"Bottom",10.9,"DOC","mgL",4.46,FALSE,NA,191
2023-07-10,2023,28,"2",41.913017,-82.73665,"Bottom",10.9,"NH4","ugL",42.355,FALSE,NA,191
2023-07-10,2023,28,"2",41.913017,-82.73665,"Bottom",10.9,"NO3","ugL",321.95,FALSE,NA,191
2023-07-10,2023,28,"2",41.913017,-82.73665,"Bottom",10.9,"PP","ugL",28.84,TRUE,NA,191
2023-07-10,2023,28,"2",41.913017,-82.73665,"Bottom",10.5,"PRESSURE","mmHg",744.5,FALSE,NA,191
2023-07-10,2023,28,"2",41.913017,-82.73665,"Bottom",10.9,"SRP","ugL",0.985,TRUE,NA,191
2023-07-10,2023,28,"2",41.913017,-82.73665,"Bottom",10.9,"TDN","ugL",512.645,FALSE,NA,191
2023-07-10,2023,28,"2",41.913017,-82.73665,"Bottom",10.9,"TDP","ugL",4.19,FALSE,NA,191
2023-07-10,2023,28,"2",41.913017,-82.73665,"Bottom",10.5,"TEMP","C",22.8,FALSE,NA,191
2023-07-10,2023,28,"2",41.913017,-82.73665,"Bottom",10.9,"TP","ugL",6.25,TRUE,NA,191
2023-07-10,2023,28,"2",41.913017,-82.73665,"Bottom",10.9,"TSS","mgL",2234,FALSE,NA,191
2023-07-10,2023,28,"2",41.913017,-82.73665,"Bottom",10.5,"pH","pH",8.25,FALSE,NA,191
2023-07-10,2023,28,"2",41.913017,-82.73665,"Surface",1,"CHLA","ugL",5.525,FALSE,NA,191
2023-07-10,2023,28,"2",41.913017,-82.73665,"Surface",1,"COND","uS",235.5,FALSE,NA,191
2023-07-10,2023,28,"2",41.913017,-82.73665,"Surface",1,"DO","%sat",107.1,FALSE,NA,191
2023-07-10,2023,28,"2",41.913017,-82.73665,"Surface",1,"DOC","mgL",2.13,FALSE,NA,191
2023-07-10,2023,28,"2",41.913017,-82.73665,"Surface",1,"NO3","ugL",301.52,FALSE,NA,191
2023-07-10,2023,28,"2",41.913017,-82.73665,"Surface",1,"PP","ugL",17.94,TRUE,NA,191
2023-07-10,2023,28,"2",41.913017,-82.73665,"Surface",1,"PRESSURE","mmHg",744.5,FALSE,NA,191
2023-07-10,2023,28,"2",41.913017,-82.73665,"Surface",1,"SECCHI","m",3.5,FALSE,NA,191
2023-07-10,2023,28,"2",41.913017,-82.73665,"Surface",1,"SRP","ugL",0.805,FALSE,NA,191
2023-07-10,2023,28,"2",41.913017,-82.73665,"Surface",1,"TDN","ugL",517.735,FALSE,NA,191
2023-07-10,2023,28,"2",41.913017,-82.73665,"Surface",1,"TDP","ugL",4.89,FALSE,NA,191
2023-07-10,2023,28,"2",41.913017,-82.73665,"Surface",1,"TEMP","C",23.8,FALSE,NA,191
2023-07-10,2023,28,"2",41.913017,-82.73665,"Surface",1,"TP","ugL",4.75,FALSE,NA,191
2023-07-10,2023,28,"2",41.913017,-82.73665,"Surface",1,"TSS","mgL",1449,FALSE,NA,191
2023-07-10,2023,28,"2",41.913017,-82.73665,"Surface",1,"pH","pH",8.6,FALSE,NA,191
2023-07-10,2023,28,"4",41.8927,-82.525767,"Bottom",9.8,"CHLA","ugL",4.4,FALSE,NA,191
2023-07-10,2023,28,"4",41.8927,-82.525767,"Bottom",8.5,"COND","uS",240,FALSE,NA,191
2023-07-10,2023,28,"4",41.8927,-82.525767,"Bottom",8.5,"DO","%sat",106.5,FALSE,NA,191
2023-07-10,2023,28,"4",41.8927,-82.525767,"Bottom",9.8,"DOC","mgL",2.43,FALSE,NA,191
2023-07-10,2023,28,"4",41.8927,-82.525767,"Bottom",9.8,"NH4","ugL",46.2975,TRUE,NA,191
2023-07-10,2023,28,"4",41.8927,-82.525767,"Bottom",9.8,"NO3","ugL",349.06,FALSE,NA,191
2023-07-10,2023,28,"4",41.8927,-82.525767,"Bottom",9.8,"PP","ugL",26.3,TRUE,NA,191
2023-07-10,2023,28,"4",41.8927,-82.525767,"Bottom",8.5,"PRESSURE","mmHg",744.6,FALSE,NA,191
2023-07-10,2023,28,"4",41.8927,-82.525767,"Bottom",9.8,"SRP","ugL",1.425,TRUE,NA,191
2023-07-10,2023,28,"4",41.8927,-82.525767,"Bottom",9.8,"TDN","ugL",553.245,FALSE,NA,191
2023-07-10,2023,28,"4",41.8927,-82.525767,"Bottom",9.8,"TDP","ugL",3.835,TRUE,NA,191
2023-07-10,2023,28,"4",41.8927,-82.525767,"Bottom",8.5,"TEMP","C",23.6,FALSE,NA,191
2023-07-10,2023,28,"4",41.8927,-82.525767,"Bottom",9.8,"TP","ugL",3.345,FALSE,NA,191
2023-07-10,2023,28,"4",41.8927,-82.525767,"Bottom",9.8,"TSS","mgL",2004,FALSE,NA,191
2023-07-10,2023,28,"4",41.8927,-82.525767,"Bottom",8.5,"pH","pH",8.6,FALSE,NA,191
2023-07-10,2023,28,"4",41.8927,-82.525767,"Surface",1,"CHLA","ugL",2.26333333333333,TRUE,NA,191
2023-07-10,2023,28,"4",41.8927,-82.525767,"Surface",1,"COND","uS",239.4,FALSE,NA,191
2023-07-10,2023,28,"4",41.8927,-82.525767,"Surface",1,"DO","%sat",106.6,FALSE,NA,191
2023-07-10,2023,28,"4",41.8927,-82.525767,"Surface",1,"DOC","mgL",3.6,FALSE,NA,191
2023-07-10,2023,28,"4",41.8927,-82.525767,"Surface",1,"PP","ugL",24.47,TRUE,NA,191
2023-07-10,2023,28,"4",41.8927,-82.525767,"Surface",1,"PRESSURE","mmHg",744.5,FALSE,NA,191
2023-07-10,2023,28,"4",41.8927,-82.525767,"Surface",1,"SECCHI","m",3,FALSE,NA,191
2023-07-10,2023,28,"4",41.8927,-82.525767,"Surface",1,"SRP","ugL",0.85,TRUE,NA,191
2023-07-10,2023,28,"4",41.8927,-82.525767,"Surface",1,"TEMP","C",23.8,FALSE,NA,191
2023-07-10,2023,28,"4",41.8927,-82.525767,"Surface",1,"TSS","mgL",2143,FALSE,NA,191
2023-07-10,2023,28,"4",41.8927,-82.525767,"Surface",1,"pH","pH",8.59,FALSE,NA,191
2023-07-10,2023,28,"5",42.002583,-82.578633,"Bottom",8.1,"CHLA","ugL",17.65,FALSE,NA,191
2023-07-10,2023,28,"5",42.002583,-82.578633,"Bottom",7.5,"COND","uS",255.1,FALSE,NA,191
2023-07-10,2023,28,"5",42.002583,-82.578633,"Bottom",7.5,"DO","%sat",69.3,FALSE,NA,191
2023-07-10,2023,28,"5",42.002583,-82.578633,"Bottom",8.1,"DOC","mgL",3.16,FALSE,NA,191
2023-07-10,2023,28,"5",42.002583,-82.578633,"Bottom",8.1,"NH4","ugL",133.86,FALSE,NA,191
2023-07-10,2023,28,"5",42.002583,-82.578633,"Bottom",8.1,"NO3","ugL",305.94,FALSE,NA,191
2023-07-10,2023,28,"5",42.002583,-82.578633,"Bottom",8.1,"PP","ugL",42.78,TRUE,NA,191
2023-07-10,2023,28,"5",42.002583,-82.578633,"Bottom",7.5,"PRESSURE","mmHg",744.2,FALSE,NA,191
2023-07-10,2023,28,"5",42.002583,-82.578633,"Bottom",8.1,"SRP","ugL",0.76,TRUE,NA,191
2023-07-10,2023,28,"5",42.002583,-82.578633,"Bottom",8.1,"TDN","ugL",457.92,TRUE,NA,191
2023-07-10,2023,28,"5",42.002583,-82.578633,"Bottom",8.1,"TDP","ugL",10.26,FALSE,NA,191
2023-07-10,2023,28,"5",42.002583,-82.578633,"Bottom",7.5,"TEMP","C",21.1,FALSE,NA,191
2023-07-10,2023,28,"5",42.002583,-82.578633,"Bottom",8.1,"TP","ugL",7.685,TRUE,NA,191
2023-07-10,2023,28,"5",42.002583,-82.578633,"Bottom",8.1,"TSS","mgL",5380,FALSE,NA,191
2023-07-10,2023,28,"5",42.002583,-82.578633,"Bottom",7.5,"pH","pH",7.94,FALSE,NA,191
2023-07-10,2023,28,"5",42.002583,-82.578633,"Surface",1,"CHLA","ugL",8.065,FALSE,NA,191
2023-07-10,2023,28,"5",42.002583,-82.578633,"Surface",1,"COND","uS",241.8,FALSE,NA,191
2023-07-10,2023,28,"5",42.002583,-82.578633,"Surface",1,"DO","%sat",103.2,FALSE,NA,191
2023-07-10,2023,28,"5",42.002583,-82.578633,"Surface",1,"DOC","mgL",2.4,FALSE,NA,191
2023-07-10,2023,28,"5",42.002583,-82.578633,"Surface",1,"NH4","ugL",54.95,FALSE,NA,191
2023-07-10,2023,28,"5",42.002583,-82.578633,"Surface",1,"NO3","ugL",357.83,FALSE,NA,191
2023-07-10,2023,28,"5",42.002583,-82.578633,"Surface",1,"PP","ugL",26.795,TRUE,NA,191
2023-07-10,2023,28,"5",42.002583,-82.578633,"Surface",1,"PRESSURE","mmHg",744.1,FALSE,NA,191
2023-07-10,2023,28,"5",42.002583,-82.578633,"Surface",1,"SECCHI","m",3,FALSE,NA,191
2023-07-10,2023,28,"5",42.002583,-82.578633,"Surface",1,"SRP","ugL",0.925,TRUE,NA,191
2023-07-10,2023,28,"5",42.002583,-82.578633,"Surface",1,"TDN","ugL",528.28,FALSE,NA,191
2023-07-10,2023,28,"5",42.002583,-82.578633,"Surface",1,"TDP","ugL",5.705,TRUE,NA,191
2023-07-10,2023,28,"5",42.002583,-82.578633,"Surface",1,"TEMP","C",24.1,FALSE,NA,191
2023-07-10,2023,28,"5",42.002583,-82.578633,"Surface",1,"TP","ugL",4.625,FALSE,NA,191
2023-07-10,2023,28,"5",42.002583,-82.578633,"Surface",1,"pH","pH",8.61,FALSE,NA,191
2023-07-10,2023,28,"6",42.0222,-82.669683,"Bottom",7.9,"CHLA","ugL",4.445,FALSE,NA,191
2023-07-10,2023,28,"6",42.0222,-82.669683,"Bottom",7,"COND","uS",243.2,FALSE,NA,191
2023-07-10,2023,28,"6",42.0222,-82.669683,"Bottom",7,"DO","%sat",83.2,FALSE,NA,191
2023-07-10,2023,28,"6",42.0222,-82.669683,"Bottom",7.9,"DOC","mgL",2.62,FALSE,NA,191
2023-07-10,2023,28,"6",42.0222,-82.669683,"Bottom",7.9,"NH4","ugL",34.575,FALSE,NA,191
2023-07-10,2023,28,"6",42.0222,-82.669683,"Bottom",7.9,"NO3","ugL",294.41,FALSE,NA,191
2023-07-10,2023,28,"6",42.0222,-82.669683,"Bottom",7.9,"PP","ugL",24.4,TRUE,NA,191
2023-07-10,2023,28,"6",42.0222,-82.669683,"Bottom",7,"PRESSURE","mmHg",744.5,FALSE,NA,191
2023-07-10,2023,28,"6",42.0222,-82.669683,"Bottom",7.9,"SRP","ugL",0.82,TRUE,NA,191
2023-07-10,2023,28,"6",42.0222,-82.669683,"Bottom",7.9,"TDN","ugL",399.03,TRUE,NA,191
2023-07-10,2023,28,"6",42.0222,-82.669683,"Bottom",7.9,"TDP","ugL",2.79,FALSE,NA,191
2023-07-10,2023,28,"6",42.0222,-82.669683,"Bottom",7,"TEMP","C",21.6,FALSE,NA,191
2023-07-10,2023,28,"6",42.0222,-82.669683,"Bottom",7.9,"TP","ugL",3.435,TRUE,NA,191
2023-07-10,2023,28,"6",42.0222,-82.669683,"Bottom",7.9,"TSS","mgL",2162,FALSE,NA,191
2023-07-10,2023,28,"6",42.0222,-82.669683,"Bottom",7,"pH","pH",7.83,FALSE,NA,191
2023-07-10,2023,28,"6",42.0222,-82.669683,"Surface",1,"CHLA","ugL",5.585,FALSE,NA,191
2023-07-10,2023,28,"6",42.0222,-82.669683,"Surface",1,"COND","uS",238.2,FALSE,NA,191
2023-07-10,2023,28,"6",42.0222,-82.669683,"Surface",1,"DO","%sat",107.4,FALSE,NA,191
2023-07-10,2023,28,"6",42.0222,-82.669683,"Surface",1,"DOC","mgL",1.79,FALSE,NA,191
2023-07-10,2023,28,"6",42.0222,-82.669683,"Surface",1,"NH4","ugL",137.805,FALSE,NA,191
2023-07-10,2023,28,"6",42.0222,-82.669683,"Surface",1,"NO3","ugL",90.1766666666667,TRUE,NA,191
2023-07-10,2023,28,"6",42.0222,-82.669683,"Surface",1,"PP","ugL",22.505,TRUE,NA,191
2023-07-10,2023,28,"6",42.0222,-82.669683,"Surface",1,"PRESSURE","mmHg",744.4,FALSE,NA,191
2023-07-10,2023,28,"6",42.0222,-82.669683,"Surface",1,"SECCHI","m",3.5,FALSE,NA,191
2023-07-10,2023,28,"6",42.0222,-82.669683,"Surface",1,"SRP","ugL",0.715,TRUE,NA,191
2023-07-10,2023,28,"6",42.0222,-82.669683,"Surface",1,"TDN","ugL",468.905,FALSE,NA,191
2023-07-10,2023,28,"6",42.0222,-82.669683,"Surface",1,"TDP","ugL",4.89,FALSE,NA,191
2023-07-10,2023,28,"6",42.0222,-82.669683,"Surface",1,"TEMP","C",24.3,FALSE,NA,191
2023-07-10,2023,28,"6",42.0222,-82.669683,"Surface",1,"TP","ugL",3.795,TRUE,NA,191
2023-07-10,2023,28,"6",42.0222,-82.669683,"Surface",1,"TSS","mgL",1329,FALSE,NA,191
2023-07-10,2023,28,"6",42.0222,-82.669683,"Surface",1,"pH","pH",8.55,FALSE,NA,191
2023-07-10,2023,28,"7",41.99605,-82.7179,"Bottom",9.5,"CHLA","ugL",4.735,FALSE,NA,191
2023-07-10,2023,28,"7",41.99605,-82.7179,"Bottom",9,"COND","uS",237.6,FALSE,NA,191
2023-07-10,2023,28,"7",41.99605,-82.7179,"Bottom",9,"DO","%sat",97.4,FALSE,NA,191
2023-07-10,2023,28,"7",41.99605,-82.7179,"Bottom",9.5,"DOC","mgL",1.83,FALSE,NA,191
2023-07-10,2023,28,"7",41.99605,-82.7179,"Bottom",9.5,"NH4","ugL",37.36,FALSE,NA,191
2023-07-10,2023,28,"7",41.99605,-82.7179,"Bottom",9.5,"NO3","ugL",295.095,FALSE,NA,191
2023-07-10,2023,28,"7",41.99605,-82.7179,"Bottom",9.5,"PP","ugL",23.585,TRUE,NA,191
2023-07-10,2023,28,"7",41.99605,-82.7179,"Bottom",9,"PRESSURE","mmHg",744.3,FALSE,NA,191
2023-07-10,2023,28,"7",41.99605,-82.7179,"Bottom",9.5,"SRP","ugL",1.485,TRUE,NA,191
2023-07-10,2023,28,"7",41.99605,-82.7179,"Bottom",9.5,"TDN","ugL",479.185,TRUE,NA,191
2023-07-10,2023,28,"7",41.99605,-82.7179,"Bottom",9.5,"TDP","ugL",4.19,FALSE,NA,191
2023-07-10,2023,28,"7",41.99605,-82.7179,"Bottom",9,"TEMP","C",22.8,FALSE,NA,191
2023-07-10,2023,28,"7",41.99605,-82.7179,"Bottom",9.5,"TP","ugL",4.345,TRUE,NA,191
2023-07-10,2023,28,"7",41.99605,-82.7179,"Bottom",9.5,"TSS","mgL",1721,FALSE,NA,191
2023-07-10,2023,28,"7",41.99605,-82.7179,"Bottom",9,"pH","pH",8.28,FALSE,NA,191
2023-07-10,2023,28,"7",41.99605,-82.7179,"Surface",1,"CHLA","ugL",4.04,FALSE,NA,191
2023-07-10,2023,28,"7",41.99605,-82.7179,"Surface",1,"COND","uS",235.1,FALSE,NA,191
2023-07-10,2023,28,"7",41.99605,-82.7179,"Surface",1,"DO","%sat",104.6,FALSE,NA,191
2023-07-10,2023,28,"7",41.99605,-82.7179,"Surface",1,"DOC","mgL",2.04,FALSE,NA,191
2023-07-10,2023,28,"7",41.99605,-82.7179,"Surface",1,"NH4","ugL",12.465,FALSE,NA,191
2023-07-10,2023,28,"7",41.99605,-82.7179,"Surface",1,"NO3","ugL",251.435,TRUE,NA,191
2023-07-10,2023,28,"7",41.99605,-82.7179,"Surface",1,"PP","ugL",22.52,TRUE,NA,191
2023-07-10,2023,28,"7",41.99605,-82.7179,"Surface",1,"PRESSURE","mmHg",744.5,FALSE,NA,191
2023-07-10,2023,28,"7",41.99605,-82.7179,"Surface",1,"SECCHI","m",3,FALSE,NA,191
2023-07-10,2023,28,"7",41.99605,-82.7179,"Surface",1,"SRP","ugL",1.06,TRUE,NA,191
2023-07-10,2023,28,"7",41.99605,-82.7179,"Surface",1,"TDN","ugL",411.065,FALSE,NA,191
2023-07-10,2023,28,"7",41.99605,-82.7179,"Surface",1,"TDP","ugL",5.59,FALSE,NA,191
2023-07-10,2023,28,"7",41.99605,-82.7179,"Surface",1,"TEMP","C",23.9,FALSE,NA,191
2023-07-10,2023,28,"7",41.99605,-82.7179,"Surface",1,"TSS","mgL",1532,FALSE,NA,191
2023-07-10,2023,28,"7",41.99605,-82.7179,"Surface",1,"pH","pH",8.54,FALSE,NA,191
2023-07-17,2023,29,"2",41.913017,-82.73665,"Bottom",10.5,"COND","uS",241.8,FALSE,NA,198
2023-07-17,2023,29,"2",41.913017,-82.73665,"Bottom",10.5,"DO","%sat",100.1,FALSE,NA,198
2023-07-17,2023,29,"2",41.913017,-82.73665,"Bottom",10.5,"PRESSURE","mmHg",747.9,FALSE,NA,198
2023-07-17,2023,29,"2",41.913017,-82.73665,"Bottom",10.5,"TEMP","C",23.6,FALSE,NA,198
2023-07-17,2023,29,"2",41.913017,-82.73665,"Bottom",10.5,"pH","pH",8.37,FALSE,NA,198
2023-07-17,2023,29,"2",41.913017,-82.73665,"Surface",1,"COND","uS",241.7,FALSE,NA,198
2023-07-17,2023,29,"2",41.913017,-82.73665,"Surface",1,"DO","%sat",104.8,FALSE,NA,198
2023-07-17,2023,29,"2",41.913017,-82.73665,"Surface",1,"PRESSURE","mmHg",747.9,FALSE,NA,198
2023-07-17,2023,29,"2",41.913017,-82.73665,"Surface",1,"SECCHI","m",3,FALSE,NA,198
2023-07-17,2023,29,"2",41.913017,-82.73665,"Surface",1,"TEMP","C",24.1,FALSE,NA,198
2023-07-17,2023,29,"2",41.913017,-82.73665,"Surface",1,"pH","pH",8.48,FALSE,NA,198
2023-07-17,2023,29,"4",41.8927,-82.525767,"Bottom",8.5,"COND","uS",243.9,FALSE,NA,198
2023-07-17,2023,29,"4",41.8927,-82.525767,"Bottom",8.5,"DO","%sat",100.1,FALSE,NA,198
2023-07-17,2023,29,"4",41.8927,-82.525767,"Bottom",8.5,"PRESSURE","mmHg",747.8,FALSE,NA,198
2023-07-17,2023,29,"4",41.8927,-82.525767,"Bottom",8.5,"TEMP","C",23.4,FALSE,NA,198
2023-07-17,2023,29,"4",41.8927,-82.525767,"Bottom",8.5,"pH","pH",8.36,FALSE,NA,198
2023-07-17,2023,29,"4",41.8927,-82.525767,"Surface",1,"COND","uS",243.4,FALSE,NA,198
2023-07-17,2023,29,"4",41.8927,-82.525767,"Surface",1,"DO","%sat",103.7,FALSE,NA,198
2023-07-17,2023,29,"4",41.8927,-82.525767,"Surface",1,"PRESSURE","mmHg",747.9,FALSE,NA,198
2023-07-17,2023,29,"4",41.8927,-82.525767,"Surface",1,"SECCHI","m",3.5,FALSE,NA,198
2023-07-17,2023,29,"4",41.8927,-82.525767,"Surface",1,"TEMP","C",24.2,FALSE,NA,198
2023-07-17,2023,29,"4",41.8927,-82.525767,"Surface",1,"pH","pH",8.44,FALSE,NA,198
2023-07-17,2023,29,"5",42.002583,-82.578633,"Bottom",7.5,"COND","uS",237.8,FALSE,NA,198
2023-07-17,2023,29,"5",42.002583,-82.578633,"Bottom",7.5,"DO","%sat",102.5,FALSE,NA,198
2023-07-17,2023,29,"5",42.002583,-82.578633,"Bottom",7.5,"PRESSURE","mmHg",747.9,FALSE,NA,198
2023-07-17,2023,29,"5",42.002583,-82.578633,"Bottom",7.5,"TEMP","C",23.7,FALSE,NA,198
2023-07-17,2023,29,"5",42.002583,-82.578633,"Bottom",7.5,"pH","pH",8.34,FALSE,NA,198
2023-07-17,2023,29,"5",42.002583,-82.578633,"Surface",1,"COND","uS",237.2,FALSE,NA,198
2023-07-17,2023,29,"5",42.002583,-82.578633,"Surface",1,"DO","%sat",109.8,FALSE,NA,198
2023-07-17,2023,29,"5",42.002583,-82.578633,"Surface",1,"PRESSURE","mmHg",747.9,FALSE,NA,198
2023-07-17,2023,29,"5",42.002583,-82.578633,"Surface",1,"SECCHI","m",3,FALSE,NA,198
2023-07-17,2023,29,"5",42.002583,-82.578633,"Surface",1,"TEMP","C",24.4,FALSE,NA,198
2023-07-17,2023,29,"5",42.002583,-82.578633,"Surface",1,"pH","pH",8.51,FALSE,NA,198
2023-07-17,2023,29,"6",42.0222,-82.669683,"Bottom",7,"COND","uS",236.5,FALSE,NA,198
2023-07-17,2023,29,"6",42.0222,-82.669683,"Bottom",7,"DO","%sat",99.8,FALSE,NA,198
2023-07-17,2023,29,"6",42.0222,-82.669683,"Bottom",7,"PRESSURE","mmHg",747.6,FALSE,NA,198
2023-07-17,2023,29,"6",42.0222,-82.669683,"Bottom",7,"TEMP","C",23.4,FALSE,NA,198
2023-07-17,2023,29,"6",42.0222,-82.669683,"Bottom",7,"pH","pH",8.29,FALSE,NA,198
2023-07-17,2023,29,"6",42.0222,-82.669683,"Surface",1,"COND","uS",235.3,FALSE,NA,198
2023-07-17,2023,29,"6",42.0222,-82.669683,"Surface",1,"DO","%sat",106.2,FALSE,NA,198
2023-07-17,2023,29,"6",42.0222,-82.669683,"Surface",1,"PRESSURE","mmHg",747.5,FALSE,NA,198
2023-07-17,2023,29,"6",42.0222,-82.669683,"Surface",1,"SECCHI","m",3,FALSE,NA,198
2023-07-17,2023,29,"6",42.0222,-82.669683,"Surface",1,"TEMP","C",23.6,FALSE,NA,198
2023-07-17,2023,29,"6",42.0222,-82.669683,"Surface",1,"pH","pH",8.54,FALSE,NA,198
2023-07-17,2023,29,"7",41.99605,-82.7179,"Bottom",9,"COND","uS",236.2,FALSE,NA,198
2023-07-17,2023,29,"7",41.99605,-82.7179,"Bottom",9,"DO","%sat",106.1,FALSE,NA,198
2023-07-17,2023,29,"7",41.99605,-82.7179,"Bottom",9,"PRESSURE","mmHg",747.6,FALSE,NA,198
2023-07-17,2023,29,"7",41.99605,-82.7179,"Bottom",9,"TEMP","C",23.5,FALSE,NA,198
2023-07-17,2023,29,"7",41.99605,-82.7179,"Bottom",9,"pH","pH",8.47,FALSE,NA,198
2023-07-17,2023,29,"7",41.99605,-82.7179,"Surface",1,"COND","uS",235.9,FALSE,NA,198
2023-07-17,2023,29,"7",41.99605,-82.7179,"Surface",1,"DO","%sat",109.4,FALSE,NA,198
2023-07-17,2023,29,"7",41.99605,-82.7179,"Surface",1,"PRESSURE","mmHg",747.7,FALSE,NA,198
2023-07-17,2023,29,"7",41.99605,-82.7179,"Surface",1,"SECCHI","m",3,FALSE,NA,198
2023-07-17,2023,29,"7",41.99605,-82.7179,"Surface",1,"TEMP","C",23.9,FALSE,NA,198
2023-07-17,2023,29,"7",41.99605,-82.7179,"Surface",1,"pH","pH",8.59,FALSE,NA,198
2023-07-19,2023,29,"2",41.913017,-82.73665,"Bottom",10.9,"CHLA","ugL",10.645,FALSE,NA,200
2023-07-19,2023,29,"2",41.913017,-82.73665,"Bottom",10.9,"DOC","mgL",2.3,FALSE,NA,200
2023-07-19,2023,29,"2",41.913017,-82.73665,"Bottom",10.9,"NH4","ugL",33.13,FALSE,NA,200
2023-07-19,2023,29,"2",41.913017,-82.73665,"Bottom",10.9,"NO3","ugL",264.485,FALSE,NA,200
2023-07-19,2023,29,"2",41.913017,-82.73665,"Bottom",10.9,"PP","ugL",31.205,TRUE,NA,200
2023-07-19,2023,29,"2",41.913017,-82.73665,"Bottom",10.9,"SRP","ugL",1.965,TRUE,NA,200
2023-07-19,2023,29,"2",41.913017,-82.73665,"Bottom",10.9,"TDN","ugL",534.85,FALSE,NA,200
2023-07-19,2023,29,"2",41.913017,-82.73665,"Bottom",10.9,"TDP","ugL",6.29,FALSE,NA,200
2023-07-19,2023,29,"2",41.913017,-82.73665,"Bottom",10.9,"TP","ugL",5.89,TRUE,NA,200
2023-07-19,2023,29,"2",41.913017,-82.73665,"Bottom",10.9,"TSS","mgL",3472,FALSE,NA,200
2023-07-19,2023,29,"2",41.913017,-82.73665,"Surface",1,"CHLA","ugL",11.415,FALSE,NA,200
2023-07-19,2023,29,"2",41.913017,-82.73665,"Surface",1,"DOC","mgL",3.84,FALSE,NA,200
2023-07-19,2023,29,"2",41.913017,-82.73665,"Surface",1,"NH4","ugL",5.64,TRUE,NA,200
2023-07-19,2023,29,"2",41.913017,-82.73665,"Surface",1,"NO3","ugL",291.785,FALSE,NA,200
2023-07-19,2023,29,"2",41.913017,-82.73665,"Surface",1,"PP","ugL",32.075,TRUE,NA,200
2023-07-19,2023,29,"2",41.913017,-82.73665,"Surface",1,"SRP","ugL",0.73,FALSE,NA,200
2023-07-19,2023,29,"2",41.913017,-82.73665,"Surface",1,"TDN","ugL",415.92,FALSE,NA,200
2023-07-19,2023,29,"2",41.913017,-82.73665,"Surface",1,"TDP","ugL",11.42,FALSE,NA,200
2023-07-19,2023,29,"2",41.913017,-82.73665,"Surface",1,"TP","ugL",2.39,FALSE,NA,200
2023-07-19,2023,29,"4",41.8927,-82.525767,"Bottom",9.8,"CHLA","ugL",5.735,FALSE,NA,200
2023-07-19,2023,29,"4",41.8927,-82.525767,"Bottom",9.8,"DOC","mgL",4.29,FALSE,NA,200
2023-07-19,2023,29,"4",41.8927,-82.525767,"Bottom",9.8,"NH4","ugL",16.02,FALSE,NA,200
2023-07-19,2023,29,"4",41.8927,-82.525767,"Bottom",9.8,"NO3","ugL",248.625,FALSE,NA,200
2023-07-19,2023,29,"4",41.8927,-82.525767,"Bottom",9.8,"PP","ugL",29.5,TRUE,NA,200
2023-07-19,2023,29,"4",41.8927,-82.525767,"Bottom",9.8,"SRP","ugL",0.91,TRUE,NA,200
2023-07-19,2023,29,"4",41.8927,-82.525767,"Bottom",9.8,"TDN","ugL",496.285,FALSE,NA,200
2023-07-19,2023,29,"4",41.8927,-82.525767,"Bottom",9.8,"TDP","ugL",0.92,FALSE,NA,200
2023-07-19,2023,29,"4",41.8927,-82.525767,"Bottom",9.8,"TP","ugL",3.86,FALSE,NA,200
2023-07-19,2023,29,"4",41.8927,-82.525767,"Bottom",9.8,"TSS","mgL",2526,FALSE,NA,200
2023-07-19,2023,29,"4",41.8927,-82.525767,"Surface",1,"CHLA","ugL",5.19,FALSE,NA,200
2023-07-19,2023,29,"4",41.8927,-82.525767,"Surface",1,"DOC","mgL",6.69,FALSE,NA,200
2023-07-19,2023,29,"4",41.8927,-82.525767,"Surface",1,"NH4","ugL",13.33,FALSE,NA,200
2023-07-19,2023,29,"4",41.8927,-82.525767,"Surface",1,"NO3","ugL",310.235,FALSE,NA,200
2023-07-19,2023,29,"4",41.8927,-82.525767,"Surface",1,"PP","ugL",24.735,TRUE,NA,200
2023-07-19,2023,29,"4",41.8927,-82.525767,"Surface",1,"SRP","ugL",0.64,FALSE,NA,200
2023-07-19,2023,29,"4",41.8927,-82.525767,"Surface",1,"TDN","ugL",427.6,FALSE,NA,200
2023-07-19,2023,29,"4",41.8927,-82.525767,"Surface",1,"TDP","ugL",7.45,FALSE,NA,200
2023-07-19,2023,29,"4",41.8927,-82.525767,"Surface",1,"TP","ugL",5.075,FALSE,NA,200
2023-07-19,2023,29,"4",41.8927,-82.525767,"Surface",1,"TSS","mgL",1078,FALSE,NA,200
2023-07-19,2023,29,"5",42.002583,-82.578633,"Bottom",8.1,"CHLA","ugL",8.57,FALSE,NA,200
2023-07-19,2023,29,"5",42.002583,-82.578633,"Bottom",8.1,"DOC","mgL",1.75,FALSE,NA,200
2023-07-19,2023,29,"5",42.002583,-82.578633,"Bottom",8.1,"NH4","ugL",86.185,FALSE,NA,200
2023-07-19,2023,29,"5",42.002583,-82.578633,"Bottom",8.1,"NO3","ugL",274.48,FALSE,NA,200
2023-07-19,2023,29,"5",42.002583,-82.578633,"Bottom",8.1,"PP","ugL",36.345,TRUE,NA,200
2023-07-19,2023,29,"5",42.002583,-82.578633,"Bottom",8.1,"SRP","ugL",0.925,FALSE,NA,200
2023-07-19,2023,29,"5",42.002583,-82.578633,"Bottom",8.1,"TDN","ugL",492.34,FALSE,NA,200
2023-07-19,2023,29,"5",42.002583,-82.578633,"Bottom",8.1,"TDP","ugL",11.42,FALSE,NA,200
2023-07-19,2023,29,"5",42.002583,-82.578633,"Bottom",8.1,"TSS","mgL",3742,FALSE,NA,200
2023-07-19,2023,29,"5",42.002583,-82.578633,"Surface",1,"CHLA","ugL",6.295,FALSE,NA,200
2023-07-19,2023,29,"5",42.002583,-82.578633,"Surface",1,"DOC","mgL",11.56,FALSE,NA,200
2023-07-19,2023,29,"5",42.002583,-82.578633,"Surface",1,"NH4","ugL",13.525,TRUE,NA,200
2023-07-19,2023,29,"5",42.002583,-82.578633,"Surface",1,"NO3","ugL",259.575,FALSE,NA,200
2023-07-19,2023,29,"5",42.002583,-82.578633,"Surface",1,"PP","ugL",30.86,TRUE,NA,200
2023-07-19,2023,29,"5",42.002583,-82.578633,"Surface",1,"SRP","ugL",0.565,TRUE,NA,200
2023-07-19,2023,29,"5",42.002583,-82.578633,"Surface",1,"TDN","ugL",373.435,FALSE,NA,200
2023-07-19,2023,29,"5",42.002583,-82.578633,"Surface",1,"TDP","ugL",0.68,FALSE,NA,200
2023-07-19,2023,29,"5",42.002583,-82.578633,"Surface",1,"TSS","mgL",2292,FALSE,NA,200
2023-07-19,2023,29,"6",42.0222,-82.669683,"Bottom",7.9,"CHLA","ugL",6.43,FALSE,NA,200
2023-07-19,2023,29,"6",42.0222,-82.669683,"Bottom",7.9,"DOC","mgL",1.67,FALSE,NA,200
2023-07-19,2023,29,"6",42.0222,-82.669683,"Bottom",7.9,"NH4","ugL",54.855,FALSE,NA,200
2023-07-19,2023,29,"6",42.0222,-82.669683,"Bottom",7.9,"NO3","ugL",187.485,FALSE,NA,200
2023-07-19,2023,29,"6",42.0222,-82.669683,"Bottom",7.9,"PP","ugL",56.795,TRUE,NA,200
2023-07-19,2023,29,"6",42.0222,-82.669683,"Bottom",7.9,"SRP","ugL",1.755,FALSE,NA,200
2023-07-19,2023,29,"6",42.0222,-82.669683,"Bottom",7.9,"TDN","ugL",635.135,FALSE,NA,200
2023-07-19,2023,29,"6",42.0222,-82.669683,"Bottom",7.9,"TDP","ugL",20.3,FALSE,NA,200
2023-07-19,2023,29,"6",42.0222,-82.669683,"Bottom",7.9,"TP","ugL",14.765,TRUE,NA,200
2023-07-19,2023,29,"6",42.0222,-82.669683,"Bottom",7.9,"TSS","mgL",4266,FALSE,NA,200
2023-07-19,2023,29,"6",42.0222,-82.669683,"Surface",1,"CHLA","ugL",6.46,FALSE,NA,200
2023-07-19,2023,29,"6",42.0222,-82.669683,"Surface",1,"DOC","mgL",1.72,FALSE,NA,200
2023-07-19,2023,29,"6",42.0222,-82.669683,"Surface",1,"NH4","ugL",24.29,FALSE,NA,200
2023-07-19,2023,29,"6",42.0222,-82.669683,"Surface",1,"NO3","ugL",225.605,FALSE,NA,200
2023-07-19,2023,29,"6",42.0222,-82.669683,"Surface",1,"PP","ugL",26.265,TRUE,NA,200
2023-07-19,2023,29,"6",42.0222,-82.669683,"Surface",1,"SRP","ugL",1.135,TRUE,NA,200
2023-07-19,2023,29,"6",42.0222,-82.669683,"Surface",1,"TDN","ugL",396.345,FALSE,NA,200
2023-07-19,2023,29,"6",42.0222,-82.669683,"Surface",1,"TDP","ugL",3.25,FALSE,NA,200
2023-07-19,2023,29,"6",42.0222,-82.669683,"Surface",1,"TSS","mgL",2318,FALSE,NA,200
2023-07-19,2023,29,"7",41.99605,-82.7179,"Bottom",9.5,"CHLA","ugL",7.5,FALSE,NA,200
2023-07-19,2023,29,"7",41.99605,-82.7179,"Bottom",9.5,"DOC","mgL",6.43,FALSE,NA,200
2023-07-19,2023,29,"7",41.99605,-82.7179,"Bottom",9.5,"NH4","ugL",11.695,FALSE,NA,200
2023-07-19,2023,29,"7",41.99605,-82.7179,"Bottom",9.5,"NO3","ugL",252.66,TRUE,NA,200
2023-07-19,2023,29,"7",41.99605,-82.7179,"Bottom",9.5,"PP","ugL",29.33,TRUE,NA,200
2023-07-19,2023,29,"7",41.99605,-82.7179,"Bottom",9.5,"SRP","ugL",0.745,FALSE,NA,200
2023-07-19,2023,29,"7",41.99605,-82.7179,"Bottom",9.5,"TDN","ugL",412.435,FALSE,NA,200
2023-07-19,2023,29,"7",41.99605,-82.7179,"Bottom",9.5,"TDP","ugL",3.365,TRUE,NA,200
2023-07-19,2023,29,"7",41.99605,-82.7179,"Bottom",9.5,"TSS","mgL",2462,FALSE,NA,200
2023-07-19,2023,29,"7",41.99605,-82.7179,"Surface",1,"CHLA","ugL",6.3,FALSE,NA,200
2023-07-19,2023,29,"7",41.99605,-82.7179,"Surface",1,"DOC","mgL",7.84,FALSE,NA,200
2023-07-19,2023,29,"7",41.99605,-82.7179,"Surface",1,"NH4","ugL",17.755,FALSE,NA,200
2023-07-19,2023,29,"7",41.99605,-82.7179,"Surface",1,"NO3","ugL",227.615,FALSE,NA,200
2023-07-19,2023,29,"7",41.99605,-82.7179,"Surface",1,"PP","ugL",31.78,TRUE,NA,200
2023-07-19,2023,29,"7",41.99605,-82.7179,"Surface",1,"SRP","ugL",1.42,TRUE,NA,200
2023-07-19,2023,29,"7",41.99605,-82.7179,"Surface",1,"TDN","ugL",394.98,FALSE,NA,200
2023-07-19,2023,29,"7",41.99605,-82.7179,"Surface",1,"TDP","ugL",4.89,FALSE,NA,200
2023-07-25,2023,30,"2",41.913017,-82.73665,"Bottom",10.9,"CHLA","ugL",6.12,FALSE,NA,206
2023-07-25,2023,30,"2",41.913017,-82.73665,"Bottom",10.5,"COND","uS",242.5,FALSE,NA,206
2023-07-25,2023,30,"2",41.913017,-82.73665,"Bottom",10.5,"DO","%sat",98.4,FALSE,NA,206
2023-07-25,2023,30,"2",41.913017,-82.73665,"Bottom",10.9,"DOC","mgL",2.05,FALSE,NA,206
2023-07-25,2023,30,"2",41.913017,-82.73665,"Bottom",10.9,"NH4","ugL",91.285,FALSE,NA,206
2023-07-25,2023,30,"2",41.913017,-82.73665,"Bottom",10.9,"NO3","ugL",240.285,FALSE,NA,206
2023-07-25,2023,30,"2",41.913017,-82.73665,"Bottom",10.9,"PP","ugL",30.805,TRUE,NA,206
2023-07-25,2023,30,"2",41.913017,-82.73665,"Bottom",10.5,"PRESSURE","mmHg",748,FALSE,NA,206
2023-07-25,2023,30,"2",41.913017,-82.73665,"Bottom",10.9,"SRP","ugL",1.12,FALSE,NA,206
2023-07-25,2023,30,"2",41.913017,-82.73665,"Bottom",10.9,"TDP","ugL",2.08,FALSE,NA,206
2023-07-25,2023,30,"2",41.913017,-82.73665,"Bottom",10.5,"TEMP","C",24,FALSE,NA,206
2023-07-25,2023,30,"2",41.913017,-82.73665,"Bottom",10.9,"TSS","mgL",2477,FALSE,NA,206
2023-07-25,2023,30,"2",41.913017,-82.73665,"Bottom",10.5,"pH","pH",8.23,FALSE,NA,206
2023-07-25,2023,30,"2",41.913017,-82.73665,"Surface",1,"CHLA","ugL",5.46,FALSE,NA,206
2023-07-25,2023,30,"2",41.913017,-82.73665,"Surface",1,"COND","uS",239.1,FALSE,NA,206
2023-07-25,2023,30,"2",41.913017,-82.73665,"Surface",1,"DO","%sat",107.7,FALSE,NA,206
2023-07-25,2023,30,"2",41.913017,-82.73665,"Surface",1,"DOC","mgL",1.74,FALSE,NA,206
2023-07-25,2023,30,"2",41.913017,-82.73665,"Surface",1,"NH4","ugL",15.54,FALSE,NA,206
2023-07-25,2023,30,"2",41.913017,-82.73665,"Surface",1,"NO3","ugL",176.75,FALSE,NA,206
2023-07-25,2023,30,"2",41.913017,-82.73665,"Surface",1,"PP","ugL",28.315,TRUE,NA,206
2023-07-25,2023,30,"2",41.913017,-82.73665,"Surface",1,"PRESSURE","mmHg",747.9,FALSE,NA,206
2023-07-25,2023,30,"2",41.913017,-82.73665,"Surface",1,"SECCHI","m",3.5,FALSE,NA,206
2023-07-25,2023,30,"2",41.913017,-82.73665,"Surface",1,"SRP","ugL",1.695,TRUE,NA,206
2023-07-25,2023,30,"2",41.913017,-82.73665,"Surface",1,"TDN","ugL",356.635,FALSE,NA,206
2023-07-25,2023,30,"2",41.913017,-82.73665,"Surface",1,"TDP","ugL",-0.25,FALSE,NA,206
2023-07-25,2023,30,"2",41.913017,-82.73665,"Surface",1,"TEMP","C",24.6,FALSE,NA,206
2023-07-25,2023,30,"2",41.913017,-82.73665,"Surface",1,"TSS","mgL",1924,FALSE,NA,206
2023-07-25,2023,30,"2",41.913017,-82.73665,"Surface",1,"pH","pH",8.44,FALSE,NA,206
2023-07-25,2023,30,"4",41.8927,-82.525767,"Bottom",9.8,"CHLA","ugL",3.83,FALSE,NA,206
2023-07-25,2023,30,"4",41.8927,-82.525767,"Bottom",8.5,"COND","uS",250.2,FALSE,NA,206
2023-07-25,2023,30,"4",41.8927,-82.525767,"Bottom",8.5,"DO","%sat",94.3,FALSE,NA,206
2023-07-25,2023,30,"4",41.8927,-82.525767,"Bottom",9.8,"DOC","mgL",1.96,FALSE,NA,206
2023-07-25,2023,30,"4",41.8927,-82.525767,"Bottom",9.8,"NH4","ugL",51.875,TRUE,NA,206
2023-07-25,2023,30,"4",41.8927,-82.525767,"Bottom",9.8,"NO3","ugL",85.57,FALSE,NA,206
2023-07-25,2023,30,"4",41.8927,-82.525767,"Bottom",9.8,"PP","ugL",20.67,TRUE,NA,206
2023-07-25,2023,30,"4",41.8927,-82.525767,"Bottom",8.5,"PRESSURE","mmHg",748.3,FALSE,NA,206
2023-07-25,2023,30,"4",41.8927,-82.525767,"Bottom",9.8,"SRP","ugL",0.805,FALSE,NA,206
2023-07-25,2023,30,"4",41.8927,-82.525767,"Bottom",9.8,"TDN","ugL",255.335,FALSE,NA,206
2023-07-25,2023,30,"4",41.8927,-82.525767,"Bottom",9.8,"TDP","ugL",3.72,FALSE,NA,206
2023-07-25,2023,30,"4",41.8927,-82.525767,"Bottom",8.5,"TEMP","C",22.6,FALSE,NA,206
2023-07-25,2023,30,"4",41.8927,-82.525767,"Bottom",9.8,"TSS","mgL",1774,FALSE,NA,206
2023-07-25,2023,30,"4",41.8927,-82.525767,"Bottom",8.5,"pH","pH",8.01,FALSE,NA,206
2023-07-25,2023,30,"4",41.8927,-82.525767,"Surface",1,"CHLA","ugL",6.66,FALSE,NA,206
2023-07-25,2023,30,"4",41.8927,-82.525767,"Surface",1,"COND","uS",240.3,FALSE,NA,206
2023-07-25,2023,30,"4",41.8927,-82.525767,"Surface",1,"DO","%sat",110.8,FALSE,NA,206
2023-07-25,2023,30,"4",41.8927,-82.525767,"Surface",1,"DOC","mgL",2.13,FALSE,NA,206
2023-07-25,2023,30,"4",41.8927,-82.525767,"Surface",1,"NH4","ugL",148.66,FALSE,NA,206
2023-07-25,2023,30,"4",41.8927,-82.525767,"Surface",1,"NO3","ugL",170.035,FALSE,NA,206
2023-07-25,2023,30,"4",41.8927,-82.525767,"Surface",1,"PP","ugL",24.67,TRUE,NA,206
2023-07-25,2023,30,"4",41.8927,-82.525767,"Surface",1,"PRESSURE","mmHg",748.1,FALSE,NA,206
2023-07-25,2023,30,"4",41.8927,-82.525767,"Surface",1,"SECCHI","m",3.5,FALSE,NA,206
2023-07-25,2023,30,"4",41.8927,-82.525767,"Surface",1,"SRP","ugL",0.925,FALSE,NA,206
2023-07-25,2023,30,"4",41.8927,-82.525767,"Surface",1,"TDN","ugL",402.225,FALSE,NA,206
2023-07-25,2023,30,"4",41.8927,-82.525767,"Surface",1,"TDP","ugL",9.79,TRUE,NA,206
2023-07-25,2023,30,"4",41.8927,-82.525767,"Surface",1,"TEMP","C",24.6,FALSE,NA,206
2023-07-25,2023,30,"4",41.8927,-82.525767,"Surface",1,"TSS","mgL",2000,FALSE,NA,206
2023-07-25,2023,30,"4",41.8927,-82.525767,"Surface",1,"pH","pH",8.6,FALSE,NA,206
2023-07-25,2023,30,"5",42.002583,-82.578633,"Bottom",8.1,"CHLA","ugL",6.3,FALSE,NA,206
2023-07-25,2023,30,"5",42.002583,-82.578633,"Bottom",7.5,"COND","uS",235.2,FALSE,NA,206
2023-07-25,2023,30,"5",42.002583,-82.578633,"Bottom",7.5,"DO","%sat",105.4,FALSE,NA,206
2023-07-25,2023,30,"5",42.002583,-82.578633,"Bottom",8.1,"DOC","mgL",2.23,FALSE,NA,206
2023-07-25,2023,30,"5",42.002583,-82.578633,"Bottom",8.1,"NH4","ugL",19.29,FALSE,NA,206
2023-07-25,2023,30,"5",42.002583,-82.578633,"Bottom",8.1,"NO3","ugL",148.17,FALSE,NA,206
2023-07-25,2023,30,"5",42.002583,-82.578633,"Bottom",8.1,"PP","ugL",30.585,TRUE,NA,206
2023-07-25,2023,30,"5",42.002583,-82.578633,"Bottom",7.5,"PRESSURE","mmHg",748.9,FALSE,NA,206
2023-07-25,2023,30,"5",42.002583,-82.578633,"Bottom",8.1,"SRP","ugL",3.1,TRUE,NA,206
2023-07-25,2023,30,"5",42.002583,-82.578633,"Bottom",8.1,"TDN","ugL",298.275,FALSE,NA,206
2023-07-25,2023,30,"5",42.002583,-82.578633,"Bottom",8.1,"TDP","ugL",0.22,FALSE,NA,206
2023-07-25,2023,30,"5",42.002583,-82.578633,"Bottom",7.5,"TEMP","C",24.5,FALSE,NA,206
2023-07-25,2023,30,"5",42.002583,-82.578633,"Bottom",8.1,"TSS","mgL",3372,FALSE,NA,206
2023-07-25,2023,30,"5",42.002583,-82.578633,"Bottom",7.5,"pH","pH",8.46,FALSE,NA,206
2023-07-25,2023,30,"5",42.002583,-82.578633,"Surface",1,"CHLA","ugL",4.88,FALSE,NA,206
2023-07-25,2023,30,"5",42.002583,-82.578633,"Surface",1,"COND","uS",233.1,FALSE,NA,206
2023-07-25,2023,30,"5",42.002583,-82.578633,"Surface",1,"DO","%sat",105.9,FALSE,NA,206
2023-07-25,2023,30,"5",42.002583,-82.578633,"Surface",1,"DOC","mgL",15.95,FALSE,NA,206
2023-07-25,2023,30,"5",42.002583,-82.578633,"Surface",1,"NH4","ugL",127.135,FALSE,NA,206
2023-07-25,2023,30,"5",42.002583,-82.578633,"Surface",1,"NO3","ugL",160.925,FALSE,NA,206
2023-07-25,2023,30,"5",42.002583,-82.578633,"Surface",1,"PP","ugL",25.035,TRUE,NA,206
2023-07-25,2023,30,"5",42.002583,-82.578633,"Surface",1,"PRESSURE","mmHg",748.2,FALSE,NA,206
2023-07-25,2023,30,"5",42.002583,-82.578633,"Surface",1,"SECCHI","m",3.5,FALSE,NA,206
2023-07-25,2023,30,"5",42.002583,-82.578633,"Surface",1,"SRP","ugL",0.745,TRUE,NA,206
2023-07-25,2023,30,"5",42.002583,-82.578633,"Surface",1,"TDN","ugL",376.58,FALSE,NA,206
2023-07-25,2023,30,"5",42.002583,-82.578633,"Surface",1,"TDP","ugL",32.67,FALSE,NA,206
2023-07-25,2023,30,"5",42.002583,-82.578633,"Surface",1,"TEMP","C",25.1,FALSE,NA,206
2023-07-25,2023,30,"5",42.002583,-82.578633,"Surface",1,"TSS","mgL",1850,FALSE,NA,206
2023-07-25,2023,30,"5",42.002583,-82.578633,"Surface",1,"pH","pH",8.46,FALSE,NA,206
2023-07-25,2023,30,"6",42.0222,-82.669683,"Bottom",7,"COND","uS",233.9,FALSE,NA,206
2023-07-25,2023,30,"6",42.0222,-82.669683,"Bottom",7,"DO","%sat",96.3,FALSE,NA,206
2023-07-25,2023,30,"6",42.0222,-82.669683,"Bottom",7.9,"DOC","mgL",2.25,FALSE,NA,206
2023-07-25,2023,30,"6",42.0222,-82.669683,"Bottom",7.9,"NH4","ugL",64.37,FALSE,NA,206
2023-07-25,2023,30,"6",42.0222,-82.669683,"Bottom",7.9,"NO3","ugL",152.235,FALSE,NA,206
2023-07-25,2023,30,"6",42.0222,-82.669683,"Bottom",7,"PRESSURE","mmHg",748.9,FALSE,NA,206
2023-07-25,2023,30,"6",42.0222,-82.669683,"Bottom",7.9,"SRP","ugL",0.67,FALSE,NA,206
2023-07-25,2023,30,"6",42.0222,-82.669683,"Bottom",7.9,"TDN","ugL",439.96,FALSE,NA,206
2023-07-25,2023,30,"6",42.0222,-82.669683,"Bottom",7.9,"TDP","ugL",16.33,FALSE,NA,206
2023-07-25,2023,30,"6",42.0222,-82.669683,"Bottom",7,"TEMP","C",24,FALSE,NA,206
2023-07-25,2023,30,"6",42.0222,-82.669683,"Bottom",7.9,"TSS","mgL",3590,FALSE,NA,206
2023-07-25,2023,30,"6",42.0222,-82.669683,"Bottom",7,"pH","pH",8.32,FALSE,NA,206
2023-07-25,2023,30,"6",42.0222,-82.669683,"Surface",1,"CHLA","ugL",5.16,FALSE,NA,206
2023-07-25,2023,30,"6",42.0222,-82.669683,"Surface",1,"COND","uS",230.1,FALSE,NA,206
2023-07-25,2023,30,"6",42.0222,-82.669683,"Surface",1,"DO","%sat",107.7,FALSE,NA,206
2023-07-25,2023,30,"6",42.0222,-82.669683,"Surface",1,"DOC","mgL",1.95,FALSE,NA,206
2023-07-25,2023,30,"6",42.0222,-82.669683,"Surface",1,"NH4","ugL",52.45,FALSE,NA,206
2023-07-25,2023,30,"6",42.0222,-82.669683,"Surface",1,"NO3","ugL",147.735,FALSE,NA,206
2023-07-25,2023,30,"6",42.0222,-82.669683,"Surface",1,"PP","ugL",8.57,FALSE,NA,206
2023-07-25,2023,30,"6",42.0222,-82.669683,"Surface",1,"PRESSURE","mmHg",748.9,FALSE,NA,206
2023-07-25,2023,30,"6",42.0222,-82.669683,"Surface",1,"SECCHI","m",3,FALSE,NA,206
2023-07-25,2023,30,"6",42.0222,-82.669683,"Surface",1,"SRP","ugL",5.56,TRUE,NA,206
2023-07-25,2023,30,"6",42.0222,-82.669683,"Surface",1,"TDN","ugL",346.29,FALSE,NA,206
2023-07-25,2023,30,"6",42.0222,-82.669683,"Surface",1,"TDP","ugL",1.62,FALSE,NA,206
2023-07-25,2023,30,"6",42.0222,-82.669683,"Surface",1,"TEMP","C",24.3,FALSE,NA,206
2023-07-25,2023,30,"6",42.0222,-82.669683,"Surface",1,"TSS","mgL",2228,FALSE,NA,206
2023-07-25,2023,30,"6",42.0222,-82.669683,"Surface",1,"pH","pH",8.6,FALSE,NA,206
2023-07-25,2023,30,"7",41.99605,-82.7179,"Bottom",9.5,"CHLA","ugL",8.04,FALSE,NA,206
2023-07-25,2023,30,"7",41.99605,-82.7179,"Bottom",9,"COND","uS",229.7,FALSE,NA,206
2023-07-25,2023,30,"7",41.99605,-82.7179,"Bottom",9,"DO","%sat",108,FALSE,NA,206
2023-07-25,2023,30,"7",41.99605,-82.7179,"Bottom",9.5,"NH4","ugL",102.335,FALSE,NA,206
2023-07-25,2023,30,"7",41.99605,-82.7179,"Bottom",9.5,"NO3","ugL",98.465,FALSE,NA,206
2023-07-25,2023,30,"7",41.99605,-82.7179,"Bottom",9.5,"PP","ugL",12.375,FALSE,NA,206
2023-07-25,2023,30,"7",41.99605,-82.7179,"Bottom",9,"PRESSURE","mmHg",747.9,FALSE,NA,206
2023-07-25,2023,30,"7",41.99605,-82.7179,"Bottom",9.5,"SRP","ugL",1.195,TRUE,NA,206
2023-07-25,2023,30,"7",41.99605,-82.7179,"Bottom",9.5,"TDN","ugL",292.36,TRUE,NA,206
2023-07-25,2023,30,"7",41.99605,-82.7179,"Bottom",9.5,"TDP","ugL",5.48,TRUE,NA,206
2023-07-25,2023,30,"7",41.99605,-82.7179,"Bottom",9,"TEMP","C",24.1,FALSE,NA,206
2023-07-25,2023,30,"7",41.99605,-82.7179,"Bottom",9.5,"TSS","mgL",3936,FALSE,NA,206
2023-07-25,2023,30,"7",41.99605,-82.7179,"Bottom",9,"pH","pH",8.57,FALSE,NA,206
2023-07-25,2023,30,"7",41.99605,-82.7179,"Surface",1,"CHLA","ugL",4.53,FALSE,NA,206
2023-07-25,2023,30,"7",41.99605,-82.7179,"Surface",1,"COND","uS",226.8,FALSE,NA,206
2023-07-25,2023,30,"7",41.99605,-82.7179,"Surface",1,"DO","%sat",108.5,FALSE,NA,206
2023-07-25,2023,30,"7",41.99605,-82.7179,"Surface",1,"DOC","mgL",2.09,FALSE,NA,206
2023-07-25,2023,30,"7",41.99605,-82.7179,"Surface",1,"NH4","ugL",28.805,FALSE,NA,206
2023-07-25,2023,30,"7",41.99605,-82.7179,"Surface",1,"NO3","ugL",127.965,FALSE,NA,206
2023-07-25,2023,30,"7",41.99605,-82.7179,"Surface",1,"PP","ugL",8.725,FALSE,NA,206
2023-07-25,2023,30,"7",41.99605,-82.7179,"Surface",1,"PRESSURE","mmHg",747.9,FALSE,NA,206
2023-07-25,2023,30,"7",41.99605,-82.7179,"Surface",1,"SECCHI","m",3.5,FALSE,NA,206
2023-07-25,2023,30,"7",41.99605,-82.7179,"Surface",1,"SRP","ugL",1.165,TRUE,NA,206
2023-07-25,2023,30,"7",41.99605,-82.7179,"Surface",1,"TDN","ugL",319.285,FALSE,NA,206
2023-07-25,2023,30,"7",41.99605,-82.7179,"Surface",1,"TDP","ugL",0.22,FALSE,NA,206
2023-07-25,2023,30,"7",41.99605,-82.7179,"Surface",1,"TEMP","C",24.4,FALSE,NA,206
2023-07-25,2023,30,"7",41.99605,-82.7179,"Surface",1,"TSS","mgL",1838,FALSE,NA,206
2023-07-25,2023,30,"7",41.99605,-82.7179,"Surface",1,"pH","pH",8.63,FALSE,NA,206
2023-07-26,2023,30,"2",41.913017,-82.73665,"Bottom",10.9,"CHLA","ugL",6.25,FALSE,NA,207
2023-07-26,2023,30,"2",41.913017,-82.73665,"Surface",1,"CHLA","ugL",5.52,FALSE,NA,207
2023-07-26,2023,30,"4",41.8927,-82.525767,"Bottom",9.8,"CHLA","ugL",4.29,FALSE,NA,207
2023-07-26,2023,30,"4",41.8927,-82.525767,"Surface",1,"CHLA","ugL",7.06,FALSE,NA,207
2023-07-26,2023,30,"5",42.002583,-82.578633,"Bottom",8.1,"CHLA","ugL",7.17,FALSE,NA,207
2023-07-26,2023,30,"5",42.002583,-82.578633,"Surface",1,"CHLA","ugL",5.91,FALSE,NA,207
2023-07-26,2023,30,"6",42.0222,-82.669683,"Surface",1,"CHLA","ugL",6.08,FALSE,NA,207
2023-07-26,2023,30,"7",41.99605,-82.7179,"Bottom",9.5,"CHLA","ugL",8.3,FALSE,NA,207
2023-07-26,2023,30,"7",41.99605,-82.7179,"Surface",1,"CHLA","ugL",5.25,FALSE,NA,207
2023-08-01,2023,31,"2",41.913017,-82.73665,"Bottom",10.9,"CHLA","ugL",8.185,FALSE,NA,213
2023-08-01,2023,31,"2",41.913017,-82.73665,"Bottom",10.5,"COND","uS",230.2,FALSE,NA,213
2023-08-01,2023,31,"2",41.913017,-82.73665,"Bottom",10.5,"DO","%sat",97.2,FALSE,NA,213
2023-08-01,2023,31,"2",41.913017,-82.73665,"Bottom",10.9,"DOC","mgL",2.18,FALSE,NA,213
2023-08-01,2023,31,"2",41.913017,-82.73665,"Bottom",10.9,"NH4","ugL",55.14,FALSE,NA,213
2023-08-01,2023,31,"2",41.913017,-82.73665,"Bottom",10.9,"NO3","ugL",225.855,FALSE,NA,213
2023-08-01,2023,31,"2",41.913017,-82.73665,"Bottom",10.9,"PP","ugL",33.63,TRUE,NA,213
2023-08-01,2023,31,"2",41.913017,-82.73665,"Bottom",10.5,"PRESSURE","mmHg",751.3,FALSE,NA,213
2023-08-01,2023,31,"2",41.913017,-82.73665,"Bottom",10.9,"SRP","ugL",0.775,FALSE,NA,213
2023-08-01,2023,31,"2",41.913017,-82.73665,"Bottom",10.9,"TDN","ugL",429.29,FALSE,NA,213
2023-08-01,2023,31,"2",41.913017,-82.73665,"Bottom",10.9,"TDP","ugL",6.055,TRUE,NA,213
2023-08-01,2023,31,"2",41.913017,-82.73665,"Bottom",10.5,"TEMP","C",24.5,FALSE,NA,213
2023-08-01,2023,31,"2",41.913017,-82.73665,"Bottom",10.9,"TSS","mgL",3846,FALSE,NA,213
2023-08-01,2023,31,"2",41.913017,-82.73665,"Bottom",10.5,"pH","pH",8.33,FALSE,NA,213
2023-08-01,2023,31,"2",41.913017,-82.73665,"Surface",1,"CHLA","ugL",8.665,FALSE,NA,213
2023-08-01,2023,31,"2",41.913017,-82.73665,"Surface",1,"COND","uS",230.1,FALSE,NA,213
2023-08-01,2023,31,"2",41.913017,-82.73665,"Surface",1,"DMC","ugL",0.01,FALSE,NA,213
2023-08-01,2023,31,"2",41.913017,-82.73665,"Surface",1,"DO","%sat",99.3,FALSE,NA,213
2023-08-01,2023,31,"2",41.913017,-82.73665,"Surface",1,"DOC","mgL",1.84,FALSE,NA,213
2023-08-01,2023,31,"2",41.913017,-82.73665,"Surface",1,"NH4","ugL",3.72,FALSE,NA,213
2023-08-01,2023,31,"2",41.913017,-82.73665,"Surface",1,"NO3","ugL",151.06,FALSE,NA,213
2023-08-01,2023,31,"2",41.913017,-82.73665,"Surface",1,"PP","ugL",33.295,TRUE,NA,213
2023-08-01,2023,31,"2",41.913017,-82.73665,"Surface",1,"PRESSURE","mmHg",751.4,FALSE,NA,213
2023-08-01,2023,31,"2",41.913017,-82.73665,"Surface",1,"SECCHI","m",2,FALSE,NA,213
2023-08-01,2023,31,"2",41.913017,-82.73665,"Surface",1,"SRP","ugL",1,TRUE,NA,213
2023-08-01,2023,31,"2",41.913017,-82.73665,"Surface",1,"TDN","ugL",286.98,FALSE,NA,213
2023-08-01,2023,31,"2",41.913017,-82.73665,"Surface",1,"TDP","ugL",4.89,FALSE,NA,213
2023-08-01,2023,31,"2",41.913017,-82.73665,"Surface",1,"TEMP","C",24.6,FALSE,NA,213
2023-08-01,2023,31,"2",41.913017,-82.73665,"Surface",1,"TSS","mgL",3810,FALSE,NA,213
2023-08-01,2023,31,"2",41.913017,-82.73665,"Surface",1,"pH","pH",8.36,FALSE,NA,213
2023-08-01,2023,31,"4",41.8927,-82.525767,"Bottom",9.8,"CHLA","ugL",6.52,FALSE,NA,213
2023-08-01,2023,31,"4",41.8927,-82.525767,"Bottom",8.5,"COND","uS",248.3,FALSE,NA,213
2023-08-01,2023,31,"4",41.8927,-82.525767,"Bottom",8.5,"DO","%sat",81.5,FALSE,NA,213
2023-08-01,2023,31,"4",41.8927,-82.525767,"Bottom",9.8,"DOC","mgL",2,FALSE,NA,213
2023-08-01,2023,31,"4",41.8927,-82.525767,"Bottom",9.8,"NO3","ugL",107.505,TRUE,NA,213
2023-08-01,2023,31,"4",41.8927,-82.525767,"Bottom",9.8,"PP","ugL",49.72,TRUE,NA,213
2023-08-01,2023,31,"4",41.8927,-82.525767,"Bottom",8.5,"PRESSURE","mmHg",751.2,FALSE,NA,213
2023-08-01,2023,31,"4",41.8927,-82.525767,"Bottom",9.8,"SRP","ugL",0.34,FALSE,NA,213
2023-08-01,2023,31,"4",41.8927,-82.525767,"Bottom",9.8,"TDN","ugL",327.185,FALSE,NA,213
2023-08-01,2023,31,"4",41.8927,-82.525767,"Bottom",9.8,"TDP","ugL",4.65,TRUE,NA,213
2023-08-01,2023,31,"4",41.8927,-82.525767,"Bottom",8.5,"TEMP","C",23,FALSE,NA,213
2023-08-01,2023,31,"4",41.8927,-82.525767,"Bottom",9.8,"TSS","mgL",10634,FALSE,NA,213
2023-08-01,2023,31,"4",41.8927,-82.525767,"Bottom",8.5,"pH","pH",7.94,FALSE,NA,213
2023-08-01,2023,31,"4",41.8927,-82.525767,"Surface",1,"CHLA","ugL",6.675,FALSE,NA,213
2023-08-01,2023,31,"4",41.8927,-82.525767,"Surface",1,"COND","uS",235.8,FALSE,NA,213
2023-08-01,2023,31,"4",41.8927,-82.525767,"Surface",1,"DMC","ugL",0.015,TRUE,NA,213
2023-08-01,2023,31,"4",41.8927,-82.525767,"Surface",1,"DO","%sat",102.5,FALSE,NA,213
2023-08-01,2023,31,"4",41.8927,-82.525767,"Surface",1,"DOC","mgL",15.49,FALSE,NA,213
2023-08-01,2023,31,"4",41.8927,-82.525767,"Surface",1,"NH4","ugL",30.63,FALSE,NA,213
2023-08-01,2023,31,"4",41.8927,-82.525767,"Surface",1,"NO3","ugL",130,TRUE,NA,213
2023-08-01,2023,31,"4",41.8927,-82.525767,"Surface",1,"PP","ugL",28.025,TRUE,NA,213
2023-08-01,2023,31,"4",41.8927,-82.525767,"Surface",1,"PRESSURE","mmHg",751.2,FALSE,NA,213
2023-08-01,2023,31,"4",41.8927,-82.525767,"Surface",1,"SECCHI","m",2.5,FALSE,NA,213
2023-08-01,2023,31,"4",41.8927,-82.525767,"Surface",1,"SRP","ugL",0.445,TRUE,NA,213
2023-08-01,2023,31,"4",41.8927,-82.525767,"Surface",1,"TDN","ugL",318.975,FALSE,NA,213
2023-08-01,2023,31,"4",41.8927,-82.525767,"Surface",1,"TDP","ugL",3.02,FALSE,NA,213
2023-08-01,2023,31,"4",41.8927,-82.525767,"Surface",1,"TEMP","C",24.1,FALSE,NA,213
2023-08-01,2023,31,"4",41.8927,-82.525767,"Surface",1,"TSS","mgL",1814,FALSE,NA,213
2023-08-01,2023,31,"4",41.8927,-82.525767,"Surface",1,"pH","pH",8.48,FALSE,NA,213
2023-08-01,2023,31,"5",42.002583,-82.578633,"Bottom",8.1,"CHLA","ugL",5.615,FALSE,NA,213
2023-08-01,2023,31,"5",42.002583,-82.578633,"Bottom",7.5,"COND","uS",262.8,FALSE,NA,213
2023-08-01,2023,31,"5",42.002583,-82.578633,"Bottom",7.5,"DO","%sat",43.6,FALSE,NA,213
2023-08-01,2023,31,"5",42.002583,-82.578633,"Bottom",8.1,"DOC","mgL",1.86,FALSE,NA,213
2023-08-01,2023,31,"5",42.002583,-82.578633,"Bottom",8.1,"NH4","ugL",30.63,TRUE,NA,213
2023-08-01,2023,31,"5",42.002583,-82.578633,"Bottom",8.1,"NO3","ugL",137.325,FALSE,NA,213
2023-08-01,2023,31,"5",42.002583,-82.578633,"Bottom",8.1,"PP","ugL",43.765,TRUE,NA,213
2023-08-01,2023,31,"5",42.002583,-82.578633,"Bottom",7.5,"PRESSURE","mmHg",751.2,FALSE,NA,213
2023-08-01,2023,31,"5",42.002583,-82.578633,"Bottom",8.1,"SRP","ugL",1.09,FALSE,NA,213
2023-08-01,2023,31,"5",42.002583,-82.578633,"Bottom",8.1,"TDN","ugL",369.885,FALSE,NA,213
2023-08-01,2023,31,"5",42.002583,-82.578633,"Bottom",8.1,"TDP","ugL",5.82,FALSE,NA,213
2023-08-01,2023,31,"5",42.002583,-82.578633,"Bottom",7.5,"TEMP","C",20.5,FALSE,NA,213
2023-08-01,2023,31,"5",42.002583,-82.578633,"Bottom",8.1,"TSS","mgL",3172,FALSE,NA,213
2023-08-01,2023,31,"5",42.002583,-82.578633,"Bottom",7.5,"pH","pH",7.66,FALSE,NA,213
2023-08-01,2023,31,"5",42.002583,-82.578633,"Surface",1,"CHLA","ugL",6.315,FALSE,NA,213
2023-08-01,2023,31,"5",42.002583,-82.578633,"Surface",1,"COND","uS",227.6,FALSE,NA,213
2023-08-01,2023,31,"5",42.002583,-82.578633,"Surface",1,"DMC","ugL",0.015,TRUE,NA,213
2023-08-01,2023,31,"5",42.002583,-82.578633,"Surface",1,"DO","%sat",103.1,FALSE,NA,213
2023-08-01,2023,31,"5",42.002583,-82.578633,"Surface",1,"DOC","mgL",1.76,FALSE,NA,213
2023-08-01,2023,31,"5",42.002583,-82.578633,"Surface",1,"NH4","ugL",6.22,TRUE,NA,213
2023-08-01,2023,31,"5",42.002583,-82.578633,"Surface",1,"NO3","ugL",87.88,FALSE,NA,213
2023-08-01,2023,31,"5",42.002583,-82.578633,"Surface",1,"PP","ugL",30.76,TRUE,NA,213
2023-08-01,2023,31,"5",42.002583,-82.578633,"Surface",1,"PRESSURE","mmHg",751.3,FALSE,NA,213
2023-08-01,2023,31,"5",42.002583,-82.578633,"Surface",1,"SECCHI","m",3,FALSE,NA,213
2023-08-01,2023,31,"5",42.002583,-82.578633,"Surface",1,"SRP","ugL",0.295,TRUE,NA,213
2023-08-01,2023,31,"5",42.002583,-82.578633,"Surface",1,"TDN","ugL",200.015,FALSE,NA,213
2023-08-01,2023,31,"5",42.002583,-82.578633,"Surface",1,"TDP","ugL",8.39,FALSE,NA,213
2023-08-01,2023,31,"5",42.002583,-82.578633,"Surface",1,"TEMP","C",24.2,FALSE,NA,213
2023-08-01,2023,31,"5",42.002583,-82.578633,"Surface",1,"TSS","mgL",2634,FALSE,NA,213
2023-08-01,2023,31,"5",42.002583,-82.578633,"Surface",1,"pH","pH",8.56,FALSE,NA,213
2023-08-01,2023,31,"6",42.0222,-82.669683,"Bottom",7.9,"CHLA","ugL",7.375,FALSE,NA,213
2023-08-01,2023,31,"6",42.0222,-82.669683,"Bottom",7,"COND","uS",226.2,FALSE,NA,213
2023-08-01,2023,31,"6",42.0222,-82.669683,"Bottom",7.9,"DMC","ugL",0.015,TRUE,NA,213
2023-08-01,2023,31,"6",42.0222,-82.669683,"Bottom",7,"DO","%sat",100.2,FALSE,NA,213
2023-08-01,2023,31,"6",42.0222,-82.669683,"Bottom",7.9,"DOC","mgL",2.28,FALSE,NA,213
2023-08-01,2023,31,"6",42.0222,-82.669683,"Bottom",7.9,"NH4","ugL",20.055,FALSE,NA,213
2023-08-01,2023,31,"6",42.0222,-82.669683,"Bottom",7.9,"NO3","ugL",101.935,TRUE,NA,213
2023-08-01,2023,31,"6",42.0222,-82.669683,"Bottom",7.9,"PP","ugL",37.9,TRUE,NA,213
2023-08-01,2023,31,"6",42.0222,-82.669683,"Bottom",7,"PRESSURE","mmHg",751.5,FALSE,NA,213
2023-08-01,2023,31,"6",42.0222,-82.669683,"Bottom",7.9,"SRP","ugL",0.91,TRUE,NA,213
2023-08-01,2023,31,"6",42.0222,-82.669683,"Bottom",7.9,"TDN","ugL",370.615,TRUE,NA,213
2023-08-01,2023,31,"6",42.0222,-82.669683,"Bottom",7.9,"TDP","ugL",6.05,FALSE,NA,213
2023-08-01,2023,31,"6",42.0222,-82.669683,"Bottom",7,"TEMP","C",24.3,FALSE,NA,213
2023-08-01,2023,31,"6",42.0222,-82.669683,"Bottom",7.9,"TSS","mgL",3512,FALSE,NA,213
2023-08-01,2023,31,"6",42.0222,-82.669683,"Bottom",7,"pH","pH",8.49,FALSE,NA,213
2023-08-01,2023,31,"6",42.0222,-82.669683,"Surface",1,"CHLA","ugL",7.87,FALSE,NA,213
2023-08-01,2023,31,"6",42.0222,-82.669683,"Surface",1,"COND","uS",225.5,FALSE,NA,213
2023-08-01,2023,31,"6",42.0222,-82.669683,"Surface",1,"DO","%sat",104.7,FALSE,NA,213
2023-08-01,2023,31,"6",42.0222,-82.669683,"Surface",1,"DOC","mgL",1.76,FALSE,NA,213
2023-08-01,2023,31,"6",42.0222,-82.669683,"Surface",1,"NO3","ugL",111.865,FALSE,NA,213
2023-08-01,2023,31,"6",42.0222,-82.669683,"Surface",1,"PP","ugL",32.27,TRUE,NA,213
2023-08-01,2023,31,"6",42.0222,-82.669683,"Surface",1,"PRESSURE","mmHg",751.5,FALSE,NA,213
2023-08-01,2023,31,"6",42.0222,-82.669683,"Surface",1,"SECCHI","m",2.5,FALSE,NA,213
2023-08-01,2023,31,"6",42.0222,-82.669683,"Surface",1,"SRP","ugL",0.715,FALSE,NA,213
2023-08-01,2023,31,"6",42.0222,-82.669683,"Surface",1,"TDN","ugL",248.285,FALSE,NA,213
2023-08-01,2023,31,"6",42.0222,-82.669683,"Surface",1,"TDP","ugL",2.08,FALSE,NA,213
2023-08-01,2023,31,"6",42.0222,-82.669683,"Surface",1,"TEMP","C",24.5,FALSE,NA,213
2023-08-01,2023,31,"6",42.0222,-82.669683,"Surface",1,"TSS","mgL",2830,FALSE,NA,213
2023-08-01,2023,31,"6",42.0222,-82.669683,"Surface",1,"pH","pH",8.56,FALSE,NA,213
2023-08-01,2023,31,"7",41.99605,-82.7179,"Bottom",9.5,"CHLA","ugL",8.885,FALSE,NA,213
2023-08-01,2023,31,"7",41.99605,-82.7179,"Bottom",9,"COND","uS",226.8,FALSE,NA,213
2023-08-01,2023,31,"7",41.99605,-82.7179,"Bottom",9,"DO","%sat",101.4,FALSE,NA,213
2023-08-01,2023,31,"7",41.99605,-82.7179,"Bottom",9.5,"DOC","mgL",1.79,FALSE,NA,213
2023-08-01,2023,31,"7",41.99605,-82.7179,"Bottom",9.5,"NO3","ugL",168.15,FALSE,NA,213
2023-08-01,2023,31,"7",41.99605,-82.7179,"Bottom",9.5,"PP","ugL",39.79,TRUE,NA,213
2023-08-01,2023,31,"7",41.99605,-82.7179,"Bottom",9,"PRESSURE","mmHg",751.4,FALSE,NA,213
2023-08-01,2023,31,"7",41.99605,-82.7179,"Bottom",9.5,"SRP","ugL",0.91,FALSE,NA,213
2023-08-01,2023,31,"7",41.99605,-82.7179,"Bottom",9.5,"TDN","ugL",295.065,TRUE,NA,213
2023-08-01,2023,31,"7",41.99605,-82.7179,"Bottom",9.5,"TDP","ugL",32.67,FALSE,NA,213
2023-08-01,2023,31,"7",41.99605,-82.7179,"Bottom",9,"TEMP","C",24.4,FALSE,NA,213
2023-08-01,2023,31,"7",41.99605,-82.7179,"Bottom",9.5,"TSS","mgL",3426,FALSE,NA,213
2023-08-01,2023,31,"7",41.99605,-82.7179,"Bottom",9,"pH","pH",8.5,FALSE,NA,213
2023-08-01,2023,31,"7",41.99605,-82.7179,"Surface",1,"CHLA","ugL",8.825,FALSE,NA,213
2023-08-01,2023,31,"7",41.99605,-82.7179,"Surface",1,"COND","uS",226.6,FALSE,NA,213
2023-08-01,2023,31,"7",41.99605,-82.7179,"Surface",1,"DMC","ugL",0.02,FALSE,NA,213
2023-08-01,2023,31,"7",41.99605,-82.7179,"Surface",1,"DO","%sat",105.1,FALSE,NA,213
2023-08-01,2023,31,"7",41.99605,-82.7179,"Surface",1,"DOC","mgL",1.79,FALSE,NA,213
2023-08-01,2023,31,"7",41.99605,-82.7179,"Surface",1,"NO3","ugL",165.06,FALSE,NA,213
2023-08-01,2023,31,"7",41.99605,-82.7179,"Surface",1,"PP","ugL",32.8,TRUE,NA,213
2023-08-01,2023,31,"7",41.99605,-82.7179,"Surface",1,"PRESSURE","mmHg",751.4,FALSE,NA,213
2023-08-01,2023,31,"7",41.99605,-82.7179,"Surface",1,"SECCHI","m",2.5,FALSE,NA,213
2023-08-01,2023,31,"7",41.99605,-82.7179,"Surface",1,"SRP","ugL",1.48,FALSE,NA,213
2023-08-01,2023,31,"7",41.99605,-82.7179,"Surface",1,"TDN","ugL",343.715,FALSE,NA,213
2023-08-01,2023,31,"7",41.99605,-82.7179,"Surface",1,"TDP","ugL",6.99,FALSE,NA,213
2023-08-01,2023,31,"7",41.99605,-82.7179,"Surface",1,"TEMP","C",24.5,FALSE,NA,213
2023-08-01,2023,31,"7",41.99605,-82.7179,"Surface",1,"TSS","mgL",2830,FALSE,NA,213
2023-08-01,2023,31,"7",41.99605,-82.7179,"Surface",1,"pH","pH",8.54,FALSE,NA,213
2023-08-16,2023,33,"2",41.913017,-82.73665,"Bottom",10.9,"CHLA","ugL",7.785,FALSE,NA,228
2023-08-16,2023,33,"2",41.913017,-82.73665,"Bottom",10.5,"COND","uS",234.6,FALSE,NA,228
2023-08-16,2023,33,"2",41.913017,-82.73665,"Bottom",10.5,"DO","%sat",97.5,FALSE,NA,228
2023-08-16,2023,33,"2",41.913017,-82.73665,"Bottom",10.9,"DOC","mgL",1.7,FALSE,NA,228
2023-08-16,2023,33,"2",41.913017,-82.73665,"Bottom",10.9,"NH4","ugL",20.735,FALSE,NA,228
2023-08-16,2023,33,"2",41.913017,-82.73665,"Bottom",10.9,"NO3","ugL",202.045,FALSE,NA,228
2023-08-16,2023,33,"2",41.913017,-82.73665,"Bottom",10.9,"PP","ugL",41.88,TRUE,NA,228
2023-08-16,2023,33,"2",41.913017,-82.73665,"Bottom",10.5,"PRESSURE","mmHg",746.7,FALSE,NA,228
2023-08-16,2023,33,"2",41.913017,-82.73665,"Bottom",10.9,"SRP","ugL",1.195,FALSE,NA,228
2023-08-16,2023,33,"2",41.913017,-82.73665,"Bottom",10.9,"TDN","ugL",450.01,TRUE,NA,228
2023-08-16,2023,33,"2",41.913017,-82.73665,"Bottom",10.9,"TDP","ugL",7.22,FALSE,NA,228
2023-08-16,2023,33,"2",41.913017,-82.73665,"Bottom",10.5,"TEMP","C",23.7,FALSE,NA,228
2023-08-16,2023,33,"2",41.913017,-82.73665,"Bottom",10.9,"TSS","mgL",4576,FALSE,NA,228
2023-08-16,2023,33,"2",41.913017,-82.73665,"Bottom",10.5,"pH","pH",8.39,FALSE,NA,228
2023-08-16,2023,33,"2",41.913017,-82.73665,"Surface",1,"CHLA","ugL",7.595,FALSE,NA,228
2023-08-16,2023,33,"2",41.913017,-82.73665,"Surface",1,"COND","uS",234.3,FALSE,NA,228
2023-08-16,2023,33,"2",41.913017,-82.73665,"Surface",1,"DMC","ugL",0.025,TRUE,NA,228
2023-08-16,2023,33,"2",41.913017,-82.73665,"Surface",1,"DO","%sat",100.3,FALSE,NA,228
2023-08-16,2023,33,"2",41.913017,-82.73665,"Surface",1,"NH4","ugL",8.14,FALSE,NA,228
2023-08-16,2023,33,"2",41.913017,-82.73665,"Surface",1,"NO3","ugL",200.065,FALSE,NA,228
2023-08-16,2023,33,"2",41.913017,-82.73665,"Surface",1,"PP","ugL",33.235,TRUE,NA,228
2023-08-16,2023,33,"2",41.913017,-82.73665,"Surface",1,"PRESSURE","mmHg",746.8,FALSE,NA,228
2023-08-16,2023,33,"2",41.913017,-82.73665,"Surface",1,"SECCHI","m",2.5,FALSE,NA,228
2023-08-16,2023,33,"2",41.913017,-82.73665,"Surface",1,"SRP","ugL",1.375,TRUE,NA,228
2023-08-16,2023,33,"2",41.913017,-82.73665,"Surface",1,"TDN","ugL",390.63,TRUE,NA,228
2023-08-16,2023,33,"2",41.913017,-82.73665,"Surface",1,"TDP","ugL",6.75,FALSE,NA,228
2023-08-16,2023,33,"2",41.913017,-82.73665,"Surface",1,"TEMP","C",23.7,FALSE,NA,228
2023-08-16,2023,33,"2",41.913017,-82.73665,"Surface",1,"TSS","mgL",2902,FALSE,NA,228
2023-08-16,2023,33,"2",41.913017,-82.73665,"Surface",1,"pH","pH",8.43,FALSE,NA,228
2023-08-16,2023,33,"4",41.8927,-82.525767,"Bottom",9.8,"CHLA","ugL",7.32,FALSE,NA,228
2023-08-16,2023,33,"4",41.8927,-82.525767,"Bottom",8.6,"COND","uS",255.3,FALSE,NA,228
2023-08-16,2023,33,"4",41.8927,-82.525767,"Bottom",8.6,"DO","%sat",86.8,FALSE,NA,228
2023-08-16,2023,33,"4",41.8927,-82.525767,"Bottom",9.8,"DOC","mgL",1.57,FALSE,NA,228
2023-08-16,2023,33,"4",41.8927,-82.525767,"Bottom",9.8,"NH4","ugL",48.22,FALSE,NA,228
2023-08-16,2023,33,"4",41.8927,-82.525767,"Bottom",9.8,"NO3","ugL",101.99,TRUE,NA,228
2023-08-16,2023,33,"4",41.8927,-82.525767,"Bottom",9.8,"PP","ugL",59.32,TRUE,NA,228
2023-08-16,2023,33,"4",41.8927,-82.525767,"Bottom",8.6,"PRESSURE","mmHg",746.7,FALSE,NA,228
2023-08-16,2023,33,"4",41.8927,-82.525767,"Bottom",9.8,"SRP","ugL",36.7,TRUE,NA,228
2023-08-16,2023,33,"4",41.8927,-82.525767,"Bottom",9.8,"TDN","ugL",385.305,TRUE,NA,228
2023-08-16,2023,33,"4",41.8927,-82.525767,"Bottom",9.8,"TDP","ugL",16.09,FALSE,NA,228
2023-08-16,2023,33,"4",41.8927,-82.525767,"Bottom",8.6,"TEMP","C",21.2,FALSE,NA,228
2023-08-16,2023,33,"4",41.8927,-82.525767,"Bottom",9.8,"TSS","mgL",7076,FALSE,NA,228
2023-08-16,2023,33,"4",41.8927,-82.525767,"Bottom",8.6,"pH","pH",8.1,FALSE,NA,228
2023-08-16,2023,33,"4",41.8927,-82.525767,"Surface",1,"CHLA","ugL",5.41,FALSE,NA,228
2023-08-16,2023,33,"4",41.8927,-82.525767,"Surface",1,"COND","uS",253.8,FALSE,NA,228
2023-08-16,2023,33,"4",41.8927,-82.525767,"Surface",1,"DMC","ugL",0.02,TRUE,NA,228
2023-08-16,2023,33,"4",41.8927,-82.525767,"Surface",1,"DO","%sat",95,FALSE,NA,228
2023-08-16,2023,33,"4",41.8927,-82.525767,"Surface",1,"NH4","ugL",23.4225,FALSE,NA,228
2023-08-16,2023,33,"4",41.8927,-82.525767,"Surface",1,"NO3","ugL",153.705,FALSE,NA,228
2023-08-16,2023,33,"4",41.8927,-82.525767,"Surface",1,"PP","ugL",24.535,TRUE,NA,228
2023-08-16,2023,33,"4",41.8927,-82.525767,"Surface",1,"PRESSURE","mmHg",746.7,FALSE,NA,228
2023-08-16,2023,33,"4",41.8927,-82.525767,"Surface",1,"SECCHI","m",3.5,FALSE,NA,228
2023-08-16,2023,33,"4",41.8927,-82.525767,"Surface",1,"SRP","ugL",1.45,FALSE,NA,228
2023-08-16,2023,33,"4",41.8927,-82.525767,"Surface",1,"TDN","ugL",175.145,TRUE,NA,228
2023-08-16,2023,33,"4",41.8927,-82.525767,"Surface",1,"TDP","ugL",0.22,FALSE,NA,228
2023-08-16,2023,33,"4",41.8927,-82.525767,"Surface",1,"TEMP","C",21.7,FALSE,NA,228
2023-08-16,2023,33,"4",41.8927,-82.525767,"Surface",1,"TSS","mgL",1382,FALSE,NA,228
2023-08-16,2023,33,"4",41.8927,-82.525767,"Surface",1,"pH","pH",8.27,FALSE,NA,228
2023-08-16,2023,33,"5",42.002583,-82.578633,"Bottom",8.1,"CHLA","ugL",10.59,TRUE,NA,228
2023-08-16,2023,33,"5",42.002583,-82.578633,"Bottom",8.1,"CN","rat",5.875,FALSE,NA,228
2023-08-16,2023,33,"5",42.002583,-82.578633,"Bottom",7.8,"COND","uS",234.9,FALSE,NA,228
2023-08-16,2023,33,"5",42.002583,-82.578633,"Bottom",7.8,"DO","%sat",93.6,FALSE,NA,228
2023-08-16,2023,33,"5",42.002583,-82.578633,"Bottom",8.1,"DOC","mgL",3.37,FALSE,NA,228
2023-08-16,2023,33,"5",42.002583,-82.578633,"Bottom",8.1,"NH4","ugL",19.965,FALSE,NA,228
2023-08-16,2023,33,"5",42.002583,-82.578633,"Bottom",8.1,"NO3","ugL",67.56,FALSE,NA,228
2023-08-16,2023,33,"5",42.002583,-82.578633,"Bottom",8.1,"PP","ugL",56.34,TRUE,NA,228
2023-08-16,2023,33,"5",42.002583,-82.578633,"Bottom",7.8,"PRESSURE","mmHg",746.7,FALSE,NA,228
2023-08-16,2023,33,"5",42.002583,-82.578633,"Bottom",8.1,"SES_C","mgL",0.855,FALSE,NA,228
2023-08-16,2023,33,"5",42.002583,-82.578633,"Bottom",8.1,"SES_N","mgL",0.17,FALSE,NA,228
2023-08-16,2023,33,"5",42.002583,-82.578633,"Bottom",8.1,"SRP","ugL",0.91,TRUE,NA,228
2023-08-16,2023,33,"5",42.002583,-82.578633,"Bottom",8.1,"TDN","ugL",289.555,FALSE,NA,228
2023-08-16,2023,33,"5",42.002583,-82.578633,"Bottom",8.1,"TDP","ugL",7.69,FALSE,NA,228
2023-08-16,2023,33,"5",42.002583,-82.578633,"Bottom",7.8,"TEMP","C",23.2,FALSE,NA,228
2023-08-16,2023,33,"5",42.002583,-82.578633,"Bottom",8.1,"TSS","mgL",5244,FALSE,NA,228
2023-08-16,2023,33,"5",42.002583,-82.578633,"Bottom",7.8,"pH","pH",8.31,FALSE,NA,228
2023-08-16,2023,33,"5",42.002583,-82.578633,"Surface",1,"CHLA","ugL",13.725,FALSE,NA,228
2023-08-16,2023,33,"5",42.002583,-82.578633,"Surface",1,"COND","uS",232.6,FALSE,NA,228
2023-08-16,2023,33,"5",42.002583,-82.578633,"Surface",1,"DMC","ugL",0.01,FALSE,NA,228
2023-08-16,2023,33,"5",42.002583,-82.578633,"Surface",1,"DO","%sat",104,FALSE,NA,228
2023-08-16,2023,33,"5",42.002583,-82.578633,"Surface",1,"DOC","mgL",4.16,FALSE,NA,228
2023-08-16,2023,33,"5",42.002583,-82.578633,"Surface",1,"NH4","ugL",25.15,FALSE,NA,228
2023-08-16,2023,33,"5",42.002583,-82.578633,"Surface",1,"NO3","ugL",68,FALSE,NA,228
2023-08-16,2023,33,"5",42.002583,-82.578633,"Surface",1,"PP","ugL",54.755,TRUE,NA,228
2023-08-16,2023,33,"5",42.002583,-82.578633,"Surface",1,"PRESSURE","mmHg",746.7,FALSE,NA,228
2023-08-16,2023,33,"5",42.002583,-82.578633,"Surface",1,"SECCHI","m",2,FALSE,NA,228
2023-08-16,2023,33,"5",42.002583,-82.578633,"Surface",1,"SRP","ugL",2.69,FALSE,NA,228
2023-08-16,2023,33,"5",42.002583,-82.578633,"Surface",1,"TDN","ugL",254.01,FALSE,NA,228
2023-08-16,2023,33,"5",42.002583,-82.578633,"Surface",1,"TDP","ugL",7.69,FALSE,NA,228
2023-08-16,2023,33,"5",42.002583,-82.578633,"Surface",1,"TEMP","C",23.7,FALSE,NA,228
2023-08-16,2023,33,"5",42.002583,-82.578633,"Surface",1,"TSS","mgL",2652,FALSE,NA,228
2023-08-16,2023,33,"5",42.002583,-82.578633,"Surface",1,"pH","pH",8.6,FALSE,NA,228
2023-08-16,2023,33,"6",42.0222,-82.669683,"Bottom",7.9,"CHLA","ugL",11.235,FALSE,NA,228
2023-08-16,2023,33,"6",42.0222,-82.669683,"Bottom",7.9,"CN","rat",6.795,TRUE,NA,228
2023-08-16,2023,33,"6",42.0222,-82.669683,"Bottom",7,"COND","uS",227.5,FALSE,NA,228
2023-08-16,2023,33,"6",42.0222,-82.669683,"Bottom",7.9,"DMC","ugL",0.025,TRUE,NA,228
2023-08-16,2023,33,"6",42.0222,-82.669683,"Bottom",7,"DO","%sat",96.2,FALSE,NA,228
2023-08-16,2023,33,"6",42.0222,-82.669683,"Bottom",7.9,"DOC","mgL",1.96,FALSE,NA,228
2023-08-16,2023,33,"6",42.0222,-82.669683,"Bottom",7.9,"NO3","ugL",61.15,FALSE,NA,228
2023-08-16,2023,33,"6",42.0222,-82.669683,"Bottom",7.9,"PP","ugL",48.395,TRUE,NA,228
2023-08-16,2023,33,"6",42.0222,-82.669683,"Bottom",7,"PRESSURE","mmHg",746.6,FALSE,NA,228
2023-08-16,2023,33,"6",42.0222,-82.669683,"Bottom",7.9,"SES_C","mgL",0.65,FALSE,NA,228
2023-08-16,2023,33,"6",42.0222,-82.669683,"Bottom",7.9,"SES_N","mgL",0.115,TRUE,NA,228
2023-08-16,2023,33,"6",42.0222,-82.669683,"Bottom",7.9,"SRP","ugL",1.12,FALSE,NA,228
2023-08-16,2023,33,"6",42.0222,-82.669683,"Bottom",7.9,"TDN","ugL",352.595,FALSE,NA,228
2023-08-16,2023,33,"6",42.0222,-82.669683,"Bottom",7.9,"TDP","ugL",5.59,FALSE,NA,228
2023-08-16,2023,33,"6",42.0222,-82.669683,"Bottom",7,"TEMP","C",23.5,FALSE,NA,228
2023-08-16,2023,33,"6",42.0222,-82.669683,"Bottom",7,"pH","pH",8.51,FALSE,NA,228
2023-08-16,2023,33,"6",42.0222,-82.669683,"Surface",1,"CHLA","ugL",11.3,FALSE,NA,228
2023-08-16,2023,33,"6",42.0222,-82.669683,"Surface",1,"CN","rat",7.105,FALSE,NA,228
2023-08-16,2023,33,"6",42.0222,-82.669683,"Surface",1,"COND","uS",227.6,FALSE,NA,228
2023-08-16,2023,33,"6",42.0222,-82.669683,"Surface",1,"DMC","ugL",0.02,FALSE,NA,228
2023-08-16,2023,33,"6",42.0222,-82.669683,"Surface",1,"DO","%sat",98.5,FALSE,NA,228
2023-08-16,2023,33,"6",42.0222,-82.669683,"Surface",1,"DOC","mgL",1.91,FALSE,NA,228
2023-08-16,2023,33,"6",42.0222,-82.669683,"Surface",1,"NO3","ugL",77.77,TRUE,NA,228
2023-08-16,2023,33,"6",42.0222,-82.669683,"Surface",1,"PP","ugL",38.37,TRUE,NA,228
2023-08-16,2023,33,"6",42.0222,-82.669683,"Surface",1,"PRESSURE","mmHg",746.7,FALSE,NA,228
2023-08-16,2023,33,"6",42.0222,-82.669683,"Surface",1,"SECCHI","m",2.5,FALSE,NA,228
2023-08-16,2023,33,"6",42.0222,-82.669683,"Surface",1,"SES_C","mgL",0.56,FALSE,NA,228
2023-08-16,2023,33,"6",42.0222,-82.669683,"Surface",1,"SES_N","mgL",0.09,TRUE,NA,228
2023-08-16,2023,33,"6",42.0222,-82.669683,"Surface",1,"SRP","ugL",1.075,TRUE,NA,228
2023-08-16,2023,33,"6",42.0222,-82.669683,"Surface",1,"TDN","ugL",249.645,FALSE,NA,228
2023-08-16,2023,33,"6",42.0222,-82.669683,"Surface",1,"TDP","ugL",7.69,FALSE,NA,228
2023-08-16,2023,33,"6",42.0222,-82.669683,"Surface",1,"TEMP","C",23.5,FALSE,NA,228
2023-08-16,2023,33,"6",42.0222,-82.669683,"Surface",1,"pH","pH",8.54,FALSE,NA,228
2023-08-16,2023,33,"7",41.99605,-82.7179,"Bottom",9.5,"CHLA","ugL",16.385,FALSE,NA,228
2023-08-16,2023,33,"7",41.99605,-82.7179,"Bottom",9.5,"CN","rat",6.94,TRUE,NA,228
2023-08-16,2023,33,"7",41.99605,-82.7179,"Bottom",10,"COND","uS",231.2,FALSE,NA,228
2023-08-16,2023,33,"7",41.99605,-82.7179,"Bottom",10,"DO","%sat",97.9,FALSE,NA,228
2023-08-16,2023,33,"7",41.99605,-82.7179,"Bottom",9.5,"NO3","ugL",71.31,FALSE,NA,228
2023-08-16,2023,33,"7",41.99605,-82.7179,"Bottom",9.5,"PP","ugL",55.85,TRUE,NA,228
2023-08-16,2023,33,"7",41.99605,-82.7179,"Bottom",10,"PRESSURE","mmHg",746.5,FALSE,NA,228
2023-08-16,2023,33,"7",41.99605,-82.7179,"Bottom",9.5,"SES_C","mgL",0.695,FALSE,NA,228
2023-08-16,2023,33,"7",41.99605,-82.7179,"Bottom",9.5,"SES_N","mgL",0.12,TRUE,NA,228
2023-08-16,2023,33,"7",41.99605,-82.7179,"Bottom",9.5,"SRP","ugL",0.85,TRUE,NA,228
2023-08-16,2023,33,"7",41.99605,-82.7179,"Bottom",9.5,"TDN","ugL",256.34,FALSE,NA,228
2023-08-16,2023,33,"7",41.99605,-82.7179,"Bottom",9.5,"TDP","ugL",2.32,FALSE,NA,228
2023-08-16,2023,33,"7",41.99605,-82.7179,"Bottom",10,"TEMP","C",23.6,FALSE,NA,228
2023-08-16,2023,33,"7",41.99605,-82.7179,"Bottom",9.5,"TSS","mgL",4538,FALSE,NA,228
2023-08-16,2023,33,"7",41.99605,-82.7179,"Bottom",10,"pH","pH",8.57,FALSE,NA,228
2023-08-16,2023,33,"7",41.99605,-82.7179,"Surface",1,"CHLA","ugL",15.655,FALSE,NA,228
2023-08-16,2023,33,"7",41.99605,-82.7179,"Surface",1,"CN","rat",5.08,FALSE,NA,228
2023-08-16,2023,33,"7",41.99605,-82.7179,"Surface",1,"COND","uS",230.9,FALSE,NA,228
2023-08-16,2023,33,"7",41.99605,-82.7179,"Surface",1,"DMC","ugL",0.03,TRUE,NA,228
2023-08-16,2023,33,"7",41.99605,-82.7179,"Surface",1,"DO","%sat",100.5,FALSE,NA,228
2023-08-16,2023,33,"7",41.99605,-82.7179,"Surface",1,"DOC","mgL",1.69,FALSE,NA,228
2023-08-16,2023,33,"7",41.99605,-82.7179,"Surface",1,"NH4","ugL",57.83,FALSE,NA,228
2023-08-16,2023,33,"7",41.99605,-82.7179,"Surface",1,"NO3","ugL",95.255,FALSE,NA,228
2023-08-16,2023,33,"7",41.99605,-82.7179,"Surface",1,"PP","ugL",47.275,TRUE,NA,228
2023-08-16,2023,33,"7",41.99605,-82.7179,"Surface",1,"PRESSURE","mmHg",746.6,FALSE,NA,228
2023-08-16,2023,33,"7",41.99605,-82.7179,"Surface",1,"SECCHI","m",2.25,FALSE,NA,228
2023-08-16,2023,33,"7",41.99605,-82.7179,"Surface",1,"SES_C","mgL",0.55,FALSE,NA,228
2023-08-16,2023,33,"7",41.99605,-82.7179,"Surface",1,"SES_N","mgL",0.125,FALSE,NA,228
2023-08-16,2023,33,"7",41.99605,-82.7179,"Surface",1,"SRP","ugL",0.835,FALSE,NA,228
2023-08-16,2023,33,"7",41.99605,-82.7179,"Surface",1,"TDN","ugL",242.035,FALSE,NA,228
2023-08-16,2023,33,"7",41.99605,-82.7179,"Surface",1,"TDP","ugL",5.82,FALSE,NA,228
2023-08-16,2023,33,"7",41.99605,-82.7179,"Surface",1,"TEMP","C",23.7,FALSE,NA,228
2023-08-16,2023,33,"7",41.99605,-82.7179,"Surface",1,"TSS","mgL",3572,FALSE,NA,228
2023-08-16,2023,33,"7",41.99605,-82.7179,"Surface",1,"pH","pH",8.63,FALSE,NA,228
2023-08-28,2023,35,"2",41.913017,-82.73665,"Bottom",10.9,"CHLA","ugL",9.355,FALSE,NA,240
2023-08-28,2023,35,"2",41.913017,-82.73665,"Bottom",10.9,"CN","rat",9.7,FALSE,NA,240
2023-08-28,2023,35,"2",41.913017,-82.73665,"Bottom",10.5,"COND","uS",226.3,FALSE,NA,240
2023-08-28,2023,35,"2",41.913017,-82.73665,"Bottom",10.5,"DO","%sat",98.2,FALSE,NA,240
2023-08-28,2023,35,"2",41.913017,-82.73665,"Bottom",10.9,"DOC","mgL",2.12,FALSE,NA,240
2023-08-28,2023,35,"2",41.913017,-82.73665,"Bottom",10.9,"NH4","ugL",8.525,TRUE,NA,240
2023-08-28,2023,35,"2",41.913017,-82.73665,"Bottom",10.9,"NO3","ugL",269.54,FALSE,NA,240
2023-08-28,2023,35,"2",41.913017,-82.73665,"Bottom",10.9,"PP","ugL",14.22,FALSE,NA,240
2023-08-28,2023,35,"2",41.913017,-82.73665,"Bottom",10.5,"PRESSURE","mmHg",747,FALSE,NA,240
2023-08-28,2023,35,"2",41.913017,-82.73665,"Bottom",10.9,"SES_C","mgL",0.725,FALSE,NA,240
2023-08-28,2023,35,"2",41.913017,-82.73665,"Bottom",10.9,"SES_N","mgL",0.09,FALSE,NA,240
2023-08-28,2023,35,"2",41.913017,-82.73665,"Bottom",10.9,"SRP","ugL",1.72,FALSE,NA,240
2023-08-28,2023,35,"2",41.913017,-82.73665,"Bottom",10.9,"TDN","ugL",505.755,FALSE,NA,240
2023-08-28,2023,35,"2",41.913017,-82.73665,"Bottom",10.9,"TDP","ugL",10.49,FALSE,NA,240
2023-08-28,2023,35,"2",41.913017,-82.73665,"Bottom",10.5,"TEMP","C",22.3,FALSE,NA,240
2023-08-28,2023,35,"2",41.913017,-82.73665,"Bottom",10.9,"TSS","mgL",4070,FALSE,NA,240
2023-08-28,2023,35,"2",41.913017,-82.73665,"Bottom",10.5,"pH","pH",8.44,FALSE,NA,240
2023-08-28,2023,35,"2",41.913017,-82.73665,"Surface",1,"CHLA","ugL",4.685,TRUE,NA,240
2023-08-28,2023,35,"2",41.913017,-82.73665,"Surface",1,"CN","rat",11.235,FALSE,NA,240
2023-08-28,2023,35,"2",41.913017,-82.73665,"Surface",1,"COND","uS",226.3,FALSE,NA,240
2023-08-28,2023,35,"2",41.913017,-82.73665,"Surface",1,"DMC","ugL",0.02,FALSE,NA,240
2023-08-28,2023,35,"2",41.913017,-82.73665,"Surface",1,"DO","%sat",101.1,FALSE,NA,240
2023-08-28,2023,35,"2",41.913017,-82.73665,"Surface",1,"DOC","mgL",1.4,FALSE,NA,240
2023-08-28,2023,35,"2",41.913017,-82.73665,"Surface",1,"NH4","ugL",15.255,FALSE,NA,240
2023-08-28,2023,35,"2",41.913017,-82.73665,"Surface",1,"NO3","ugL",270.68,FALSE,NA,240
2023-08-28,2023,35,"2",41.913017,-82.73665,"Surface",1,"PP","ugL",11.035,FALSE,NA,240
2023-08-28,2023,35,"2",41.913017,-82.73665,"Surface",1,"PRESSURE","mmHg",747,FALSE,NA,240
2023-08-28,2023,35,"2",41.913017,-82.73665,"Surface",1,"SECCHI","m",2.3,FALSE,NA,240
2023-08-28,2023,35,"2",41.913017,-82.73665,"Surface",1,"SES_C","mgL",0.58,FALSE,NA,240
2023-08-28,2023,35,"2",41.913017,-82.73665,"Surface",1,"SES_N","mgL",0.065,FALSE,NA,240
2023-08-28,2023,35,"2",41.913017,-82.73665,"Surface",1,"SRP","ugL",1.375,TRUE,NA,240
2023-08-28,2023,35,"2",41.913017,-82.73665,"Surface",1,"TDN","ugL",454.14,FALSE,NA,240
2023-08-28,2023,35,"2",41.913017,-82.73665,"Surface",1,"TDP","ugL",3.25,FALSE,NA,240
2023-08-28,2023,35,"2",41.913017,-82.73665,"Surface",1,"TEMP","C",22.6,FALSE,NA,240
2023-08-28,2023,35,"2",41.913017,-82.73665,"Surface",1,"TSS","mgL",2276,FALSE,NA,240
2023-08-28,2023,35,"2",41.913017,-82.73665,"Surface",1,"pH","pH",8.5,FALSE,NA,240
2023-08-28,2023,35,"4",41.8927,-82.525767,"Bottom",9.8,"CHLA","ugL",14.285,FALSE,NA,240
2023-08-28,2023,35,"4",41.8927,-82.525767,"Bottom",9.8,"CN","rat",9.61,TRUE,NA,240
2023-08-28,2023,35,"4",41.8927,-82.525767,"Bottom",8.6,"COND","uS",231,FALSE,NA,240
2023-08-28,2023,35,"4",41.8927,-82.525767,"Bottom",8.6,"DO","%sat",22.2,FALSE,NA,240
2023-08-28,2023,35,"4",41.8927,-82.525767,"Bottom",9.8,"DOC","mgL",1.85,FALSE,NA,240
2023-08-28,2023,35,"4",41.8927,-82.525767,"Bottom",9.8,"NH4","ugL",21.5,FALSE,NA,240
2023-08-28,2023,35,"4",41.8927,-82.525767,"Bottom",9.8,"NO3","ugL",116.22,FALSE,NA,240
2023-08-28,2023,35,"4",41.8927,-82.525767,"Bottom",9.8,"PP","ugL",22.1,FALSE,NA,240
2023-08-28,2023,35,"4",41.8927,-82.525767,"Bottom",8.6,"PRESSURE","mmHg",747,FALSE,NA,240
2023-08-28,2023,35,"4",41.8927,-82.525767,"Bottom",9.8,"SES_C","mgL",0.87,FALSE,NA,240
2023-08-28,2023,35,"4",41.8927,-82.525767,"Bottom",9.8,"SES_N","mgL",0.11,TRUE,NA,240
2023-08-28,2023,35,"4",41.8927,-82.525767,"Bottom",9.8,"SRP","ugL",2.39,FALSE,NA,240
2023-08-28,2023,35,"4",41.8927,-82.525767,"Bottom",9.8,"TDN","ugL",423.2,FALSE,NA,240
2023-08-28,2023,35,"4",41.8927,-82.525767,"Bottom",9.8,"TDP","ugL",8.15,FALSE,NA,240
2023-08-28,2023,35,"4",41.8927,-82.525767,"Bottom",8.6,"TEMP","C",22.2,FALSE,NA,240
2023-08-28,2023,35,"4",41.8927,-82.525767,"Bottom",9.8,"TSS","mgL",4508,FALSE,NA,240
2023-08-28,2023,35,"4",41.8927,-82.525767,"Bottom",8.6,"pH","pH",8.48,FALSE,NA,240
2023-08-28,2023,35,"4",41.8927,-82.525767,"Surface",1,"CHLA","ugL",14.745,FALSE,NA,240
2023-08-28,2023,35,"4",41.8927,-82.525767,"Surface",1,"CN","rat",7.655,TRUE,NA,240
2023-08-28,2023,35,"4",41.8927,-82.525767,"Surface",1,"COND","uS",228.6,FALSE,NA,240
2023-08-28,2023,35,"4",41.8927,-82.525767,"Surface",1,"DMC","ugL",0.02,FALSE,NA,240
2023-08-28,2023,35,"4",41.8927,-82.525767,"Surface",1,"DO","%sat",22.5,FALSE,NA,240
2023-08-28,2023,35,"4",41.8927,-82.525767,"Surface",1,"DOC","mgL",1.71,FALSE,NA,240
2023-08-28,2023,35,"4",41.8927,-82.525767,"Surface",1,"NH4","ugL",1.99,FALSE,NA,240
2023-08-28,2023,35,"4",41.8927,-82.525767,"Surface",1,"NO3","ugL",103.225,FALSE,NA,240
2023-08-28,2023,35,"4",41.8927,-82.525767,"Surface",1,"PP","ugL",15.855,FALSE,NA,240
2023-08-28,2023,35,"4",41.8927,-82.525767,"Surface",1,"PRESSURE","mmHg",747,FALSE,NA,240
2023-08-28,2023,35,"4",41.8927,-82.525767,"Surface",1,"SECCHI","m",1.75,FALSE,NA,240
2023-08-28,2023,35,"4",41.8927,-82.525767,"Surface",1,"SES_C","mgL",0.72,FALSE,NA,240
2023-08-28,2023,35,"4",41.8927,-82.525767,"Surface",1,"SES_N","mgL",0.11,TRUE,NA,240
2023-08-28,2023,35,"4",41.8927,-82.525767,"Surface",1,"SRP","ugL",1.45,FALSE,NA,240
2023-08-28,2023,35,"4",41.8927,-82.525767,"Surface",1,"TDN","ugL",250.2,FALSE,NA,240
2023-08-28,2023,35,"4",41.8927,-82.525767,"Surface",1,"TDP","ugL",6.05,FALSE,NA,240
2023-08-28,2023,35,"4",41.8927,-82.525767,"Surface",1,"TEMP","C",22.5,FALSE,NA,240
2023-08-28,2023,35,"4",41.8927,-82.525767,"Surface",1,"TSS","mgL",3574,FALSE,NA,240
2023-08-28,2023,35,"4",41.8927,-82.525767,"Surface",1,"pH","pH",8.59,FALSE,NA,240
2023-08-28,2023,35,"5",42.002583,-82.578633,"Bottom",8.1,"CHLA","ugL",15.16,FALSE,NA,240
2023-08-28,2023,35,"5",42.002583,-82.578633,"Bottom",8.1,"CN","rat",7.6,FALSE,NA,240
2023-08-28,2023,35,"5",42.002583,-82.578633,"Bottom",7.8,"COND","uS",232.6,FALSE,NA,240
2023-08-28,2023,35,"5",42.002583,-82.578633,"Bottom",7.8,"DO","%sat",22.4,FALSE,NA,240
2023-08-28,2023,35,"5",42.002583,-82.578633,"Bottom",8.1,"DOC","mgL",1.95,FALSE,NA,240
2023-08-28,2023,35,"5",42.002583,-82.578633,"Bottom",8.1,"NH4","ugL",36.305,TRUE,NA,240
2023-08-28,2023,35,"5",42.002583,-82.578633,"Bottom",8.1,"NO3","ugL",131.15,FALSE,NA,240
2023-08-28,2023,35,"5",42.002583,-82.578633,"Bottom",8.1,"PP","ugL",25.97,FALSE,NA,240
2023-08-28,2023,35,"5",42.002583,-82.578633,"Bottom",7.8,"PRESSURE","mmHg",746.8,FALSE,NA,240
2023-08-28,2023,35,"5",42.002583,-82.578633,"Bottom",8.1,"SES_C","mgL",1.025,FALSE,NA,240
2023-08-28,2023,35,"5",42.002583,-82.578633,"Bottom",8.1,"SES_N","mgL",0.16,FALSE,NA,240
2023-08-28,2023,35,"5",42.002583,-82.578633,"Bottom",8.1,"SRP","ugL",2.085,TRUE,NA,240
2023-08-28,2023,35,"5",42.002583,-82.578633,"Bottom",8.1,"TDN","ugL",-13.395,FALSE,NA,240
2023-08-28,2023,35,"5",42.002583,-82.578633,"Bottom",8.1,"TDP","ugL",37.455,TRUE,NA,240
2023-08-28,2023,35,"5",42.002583,-82.578633,"Bottom",7.8,"TEMP","C",22.4,FALSE,NA,240
2023-08-28,2023,35,"5",42.002583,-82.578633,"Bottom",8.1,"TSS","mgL",6418,FALSE,NA,240
2023-08-28,2023,35,"5",42.002583,-82.578633,"Bottom",7.8,"pH","pH",8.51,FALSE,NA,240
2023-08-28,2023,35,"5",42.002583,-82.578633,"Surface",1,"CHLA","ugL",15.41,FALSE,NA,240
2023-08-28,2023,35,"5",42.002583,-82.578633,"Surface",1,"CN","rat",8.405,FALSE,NA,240
2023-08-28,2023,35,"5",42.002583,-82.578633,"Surface",1,"COND","uS",232.7,FALSE,NA,240
2023-08-28,2023,35,"5",42.002583,-82.578633,"Surface",1,"DMC","ugL",0.02,FALSE,NA,240
2023-08-28,2023,35,"5",42.002583,-82.578633,"Surface",1,"DO","%sat",22.3,FALSE,NA,240
2023-08-28,2023,35,"5",42.002583,-82.578633,"Surface",1,"DOC","mgL",2.19,FALSE,NA,240
2023-08-28,2023,35,"5",42.002583,-82.578633,"Surface",1,"NH4","ugL",42.355,TRUE,NA,240
2023-08-28,2023,35,"5",42.002583,-82.578633,"Surface",1,"NO3","ugL",136.735,FALSE,NA,240
2023-08-28,2023,35,"5",42.002583,-82.578633,"Surface",1,"PP","ugL",24.29,FALSE,NA,240
2023-08-28,2023,35,"5",42.002583,-82.578633,"Surface",1,"PRESSURE","mmHg",746.9,FALSE,NA,240
2023-08-28,2023,35,"5",42.002583,-82.578633,"Surface",1,"SECCHI","m",1.25,FALSE,NA,240
2023-08-28,2023,35,"5",42.002583,-82.578633,"Surface",1,"SES_C","mgL",0.8,FALSE,NA,240
2023-08-28,2023,35,"5",42.002583,-82.578633,"Surface",1,"SES_N","mgL",0.115,FALSE,NA,240
2023-08-28,2023,35,"5",42.002583,-82.578633,"Surface",1,"SRP","ugL",2.405,FALSE,NA,240
2023-08-28,2023,35,"5",42.002583,-82.578633,"Surface",1,"TDN","ugL",423.375,FALSE,NA,240
2023-08-28,2023,35,"5",42.002583,-82.578633,"Surface",1,"TDP","ugL",10.955,TRUE,NA,240
2023-08-28,2023,35,"5",42.002583,-82.578633,"Surface",1,"TEMP","C",22.3,FALSE,NA,240
2023-08-28,2023,35,"5",42.002583,-82.578633,"Surface",1,"TSS","mgL",4248,FALSE,NA,240
2023-08-28,2023,35,"5",42.002583,-82.578633,"Surface",1,"pH","pH",8.55,FALSE,NA,240
2023-08-28,2023,35,"6",42.0222,-82.669683,"Bottom",7.9,"CHLA","ugL",9.26,FALSE,NA,240
2023-08-28,2023,35,"6",42.0222,-82.669683,"Bottom",7.9,"CN","rat",8.57,TRUE,NA,240
2023-08-28,2023,35,"6",42.0222,-82.669683,"Bottom",7,"COND","uS",216.3,FALSE,NA,240
2023-08-28,2023,35,"6",42.0222,-82.669683,"Bottom",7.9,"DMC","ugL",0.015,TRUE,NA,240
2023-08-28,2023,35,"6",42.0222,-82.669683,"Bottom",7,"DO","%sat",22.3,FALSE,NA,240
2023-08-28,2023,35,"6",42.0222,-82.669683,"Bottom",7.9,"DOC","mgL",2.22,FALSE,NA,240
2023-08-28,2023,35,"6",42.0222,-82.669683,"Bottom",7.9,"NH4","ugL",13.04,FALSE,NA,240
2023-08-28,2023,35,"6",42.0222,-82.669683,"Bottom",7.9,"NO3","ugL",286.635,FALSE,NA,240
2023-08-28,2023,35,"6",42.0222,-82.669683,"Bottom",7.9,"PP","ugL",24.68,FALSE,NA,240
2023-08-28,2023,35,"6",42.0222,-82.669683,"Bottom",7,"PRESSURE","mmHg",747.3,FALSE,NA,240
2023-08-28,2023,35,"6",42.0222,-82.669683,"Bottom",7.9,"SES_C","mgL",0.82,TRUE,NA,240
2023-08-28,2023,35,"6",42.0222,-82.669683,"Bottom",7.9,"SES_N","mgL",0.11,FALSE,NA,240
2023-08-28,2023,35,"6",42.0222,-82.669683,"Bottom",7.9,"SRP","ugL",1.675,FALSE,NA,240
2023-08-28,2023,35,"6",42.0222,-82.669683,"Bottom",7.9,"TDN","ugL",596.16,FALSE,NA,240
2023-08-28,2023,35,"6",42.0222,-82.669683,"Bottom",7.9,"TDP","ugL",7.69,FALSE,NA,240
2023-08-28,2023,35,"6",42.0222,-82.669683,"Bottom",7,"TEMP","C",22.3,FALSE,NA,240
2023-08-28,2023,35,"6",42.0222,-82.669683,"Bottom",7,"pH","pH",8.25,FALSE,NA,240
2023-08-28,2023,35,"6",42.0222,-82.669683,"Surface",1,"CHLA","ugL",9.115,FALSE,NA,240
2023-08-28,2023,35,"6",42.0222,-82.669683,"Surface",1,"CN","rat",9.045,FALSE,NA,240
2023-08-28,2023,35,"6",42.0222,-82.669683,"Surface",1,"COND","uS",214,FALSE,NA,240
2023-08-28,2023,35,"6",42.0222,-82.669683,"Surface",1,"DMC","ugL",0.035,TRUE,NA,240
2023-08-28,2023,35,"6",42.0222,-82.669683,"Surface",1,"DO","%sat",22.5,FALSE,NA,240
2023-08-28,2023,35,"6",42.0222,-82.669683,"Surface",1,"DOC","mgL",2.11,FALSE,NA,240
2023-08-28,2023,35,"6",42.0222,-82.669683,"Surface",1,"NH4","ugL",16.5,TRUE,NA,240
2023-08-28,2023,35,"6",42.0222,-82.669683,"Surface",1,"NO3","ugL",310.57,FALSE,NA,240
2023-08-28,2023,35,"6",42.0222,-82.669683,"Surface",1,"PP","ugL",22.605,FALSE,NA,240
2023-08-28,2023,35,"6",42.0222,-82.669683,"Surface",1,"PRESSURE","mmHg",747.1,FALSE,NA,240
2023-08-28,2023,35,"6",42.0222,-82.669683,"Surface",1,"SECCHI","m",1.75,FALSE,NA,240
2023-08-28,2023,35,"6",42.0222,-82.669683,"Surface",1,"SES_C","mgL",0.71,FALSE,NA,240
2023-08-28,2023,35,"6",42.0222,-82.669683,"Surface",1,"SES_N","mgL",0.09,FALSE,NA,240
2023-08-28,2023,35,"6",42.0222,-82.669683,"Surface",1,"SRP","ugL",3.91,TRUE,NA,240
2023-08-28,2023,35,"6",42.0222,-82.669683,"Surface",1,"TDN","ugL",485.965,FALSE,NA,240
2023-08-28,2023,35,"6",42.0222,-82.669683,"Surface",1,"TDP","ugL",5.82,FALSE,NA,240
2023-08-28,2023,35,"6",42.0222,-82.669683,"Surface",1,"TEMP","C",22.5,FALSE,NA,240
2023-08-28,2023,35,"6",42.0222,-82.669683,"Surface",1,"TSS","mgL",4434,FALSE,NA,240
2023-08-28,2023,35,"6",42.0222,-82.669683,"Surface",1,"pH","pH",8.29,FALSE,NA,240
2023-08-28,2023,35,"7",41.99605,-82.7179,"Bottom",9.5,"CHLA","ugL",8.495,FALSE,NA,240
2023-08-28,2023,35,"7",41.99605,-82.7179,"Bottom",9.5,"CN","rat",9.055,FALSE,NA,240
2023-08-28,2023,35,"7",41.99605,-82.7179,"Bottom",9,"COND","uS",223.6,FALSE,NA,240
2023-08-28,2023,35,"7",41.99605,-82.7179,"Bottom",9,"DO","%sat",22.3,FALSE,NA,240
2023-08-28,2023,35,"7",41.99605,-82.7179,"Bottom",9.5,"DOC","mgL",1.56,FALSE,NA,240
2023-08-28,2023,35,"7",41.99605,-82.7179,"Bottom",9.5,"NH4","ugL",17.27,TRUE,NA,240
2023-08-28,2023,35,"7",41.99605,-82.7179,"Bottom",9.5,"NO3","ugL",261.72,FALSE,NA,240
2023-08-28,2023,35,"7",41.99605,-82.7179,"Bottom",9.5,"PP","ugL",17.475,FALSE,NA,240
2023-08-28,2023,35,"7",41.99605,-82.7179,"Bottom",9,"PRESSURE","mmHg",747,FALSE,NA,240
2023-08-28,2023,35,"7",41.99605,-82.7179,"Bottom",9.5,"SES_C","mgL",0.69,FALSE,NA,240
2023-08-28,2023,35,"7",41.99605,-82.7179,"Bottom",9.5,"SES_N","mgL",0.09,FALSE,NA,240
2023-08-28,2023,35,"7",41.99605,-82.7179,"Bottom",9.5,"SRP","ugL",2.57,TRUE,NA,240
2023-08-28,2023,35,"7",41.99605,-82.7179,"Bottom",9.5,"TDN","ugL",514.115,FALSE,NA,240
2023-08-28,2023,35,"7",41.99605,-82.7179,"Bottom",9.5,"TDP","ugL",16.33,FALSE,NA,240
2023-08-28,2023,35,"7",41.99605,-82.7179,"Bottom",9,"TEMP","C",22.3,FALSE,NA,240
2023-08-28,2023,35,"7",41.99605,-82.7179,"Bottom",9.5,"TSS","mgL",6360,FALSE,NA,240
2023-08-28,2023,35,"7",41.99605,-82.7179,"Bottom",9,"pH","pH",8.5,FALSE,NA,240
2023-08-28,2023,35,"7",41.99605,-82.7179,"Surface",1,"CHLA","ugL",6.225,FALSE,NA,240
2023-08-28,2023,35,"7",41.99605,-82.7179,"Surface",1,"CN","rat",10.05,FALSE,NA,240
2023-08-28,2023,35,"7",41.99605,-82.7179,"Surface",1,"COND","uS",223.6,FALSE,NA,240
2023-08-28,2023,35,"7",41.99605,-82.7179,"Surface",1,"DMC","ugL",0.015,TRUE,NA,240
2023-08-28,2023,35,"7",41.99605,-82.7179,"Surface",1,"DO","%sat",22.5,FALSE,NA,240
2023-08-28,2023,35,"7",41.99605,-82.7179,"Surface",1,"DOC","mgL",1.69,FALSE,NA,240
2023-08-28,2023,35,"7",41.99605,-82.7179,"Surface",1,"NH4","ugL",14.87,TRUE,NA,240
2023-08-28,2023,35,"7",41.99605,-82.7179,"Surface",1,"PP","ugL",11.475,FALSE,NA,240
2023-08-28,2023,35,"7",41.99605,-82.7179,"Surface",1,"PRESSURE","mmHg",747.1,FALSE,NA,240
2023-08-28,2023,35,"7",41.99605,-82.7179,"Surface",1,"SECCHI","m",2.1,FALSE,NA,240
2023-08-28,2023,35,"7",41.99605,-82.7179,"Surface",1,"SES_C","mgL",0.575,FALSE,NA,240
2023-08-28,2023,35,"7",41.99605,-82.7179,"Surface",1,"SES_N","mgL",0.065,FALSE,NA,240
2023-08-28,2023,35,"7",41.99605,-82.7179,"Surface",1,"TEMP","C",22.5,FALSE,NA,240
2023-08-28,2023,35,"7",41.99605,-82.7179,"Surface",1,"TSS","mgL",3546,FALSE,NA,240
2023-08-28,2023,35,"7",41.99605,-82.7179,"Surface",1,"pH","pH",8.52,FALSE,NA,240
2023-09-15,2023,37,"2",41.913017,-82.73665,"Bottom",10.9,"CHLA","ugL",13.22,TRUE,NA,258
2023-09-15,2023,37,"2",41.913017,-82.73665,"Bottom",10.9,"CN","rat",10.415,FALSE,NA,258
2023-09-15,2023,37,"2",41.913017,-82.73665,"Bottom",11,"COND","uS",229.1,FALSE,NA,258
2023-09-15,2023,37,"2",41.913017,-82.73665,"Bottom",11,"DO","%sat",101.4,FALSE,NA,258
2023-09-15,2023,37,"2",41.913017,-82.73665,"Bottom",10.9,"DOC","mgL",2.07,FALSE,NA,258
2023-09-15,2023,37,"2",41.913017,-82.73665,"Bottom",10.9,"NH4","ugL",7.085,FALSE,NA,258
2023-09-15,2023,37,"2",41.913017,-82.73665,"Bottom",10.9,"NO3","ugL",232.255,FALSE,NA,258
2023-09-15,2023,37,"2",41.913017,-82.73665,"Bottom",10.9,"PP","ugL",14.765,FALSE,NA,258
2023-09-15,2023,37,"2",41.913017,-82.73665,"Bottom",11,"PRESSURE","mmHg",751.4,FALSE,NA,258
2023-09-15,2023,37,"2",41.913017,-82.73665,"Bottom",10.9,"SES_C","mgL",0.975,FALSE,NA,258
2023-09-15,2023,37,"2",41.913017,-82.73665,"Bottom",10.9,"SES_N","mgL",0.11,FALSE,NA,258
2023-09-15,2023,37,"2",41.913017,-82.73665,"Bottom",10.9,"SRP","ugL",1.545,TRUE,NA,258
2023-09-15,2023,37,"2",41.913017,-82.73665,"Bottom",10.9,"TDN","ugL",430.84,FALSE,NA,258
2023-09-15,2023,37,"2",41.913017,-82.73665,"Bottom",10.9,"TDP","ugL",3.605,FALSE,NA,258
2023-09-15,2023,37,"2",41.913017,-82.73665,"Bottom",11,"TEMP","C",21.7,FALSE,NA,258
2023-09-15,2023,37,"2",41.913017,-82.73665,"Bottom",10.9,"TSS","mgL",3290,FALSE,NA,258
2023-09-15,2023,37,"2",41.913017,-82.73665,"Bottom",11,"pH","pH",8.41,FALSE,NA,258
2023-09-15,2023,37,"2",41.913017,-82.73665,"Surface",1,"CHLA","ugL",8.765,FALSE,NA,258
2023-09-15,2023,37,"2",41.913017,-82.73665,"Surface",1,"CN","rat",9.02,FALSE,NA,258
2023-09-15,2023,37,"2",41.913017,-82.73665,"Surface",1,"COND","uS",228.9,FALSE,NA,258
2023-09-15,2023,37,"2",41.913017,-82.73665,"Surface",1,"DO","%sat",102.5,FALSE,NA,258
2023-09-15,2023,37,"2",41.913017,-82.73665,"Surface",1,"DOC","mgL",1.98,FALSE,NA,258
2023-09-15,2023,37,"2",41.913017,-82.73665,"Surface",1,"NH4","ugL",4.87,FALSE,NA,258
2023-09-15,2023,37,"2",41.913017,-82.73665,"Surface",1,"NO3","ugL",198.27,FALSE,NA,258
2023-09-15,2023,37,"2",41.913017,-82.73665,"Surface",1,"PP","ugL",12.665,FALSE,NA,258
2023-09-15,2023,37,"2",41.913017,-82.73665,"Surface",1,"PRESSURE","mmHg",751.5,FALSE,NA,258
2023-09-15,2023,37,"2",41.913017,-82.73665,"Surface",1,"SECCHI","m",2.5,FALSE,NA,258
2023-09-15,2023,37,"2",41.913017,-82.73665,"Surface",1,"SES_C","mgL",0.785,FALSE,NA,258
2023-09-15,2023,37,"2",41.913017,-82.73665,"Surface",1,"SES_N","mgL",0.105,FALSE,NA,258
2023-09-15,2023,37,"2",41.913017,-82.73665,"Surface",1,"SRP","ugL",1.63,FALSE,NA,258
2023-09-15,2023,37,"2",41.913017,-82.73665,"Surface",1,"TDN","ugL",361.585,TRUE,NA,258
2023-09-15,2023,37,"2",41.913017,-82.73665,"Surface",1,"TDP","ugL",11.655,TRUE,NA,258
2023-09-15,2023,37,"2",41.913017,-82.73665,"Surface",1,"TEMP","C",21.7,FALSE,NA,258
2023-09-15,2023,37,"2",41.913017,-82.73665,"Surface",1,"pH","pH",8.4,FALSE,NA,258
2023-09-15,2023,37,"4",41.8927,-82.525767,"Bottom",9.8,"CHLA","ugL",10.21,FALSE,NA,258
2023-09-15,2023,37,"4",41.8927,-82.525767,"Bottom",9.8,"CN","rat",8.94,TRUE,NA,258
2023-09-15,2023,37,"4",41.8927,-82.525767,"Bottom",9,"COND","uS",228.8,FALSE,NA,258
2023-09-15,2023,37,"4",41.8927,-82.525767,"Bottom",9,"DO","%sat",102.4,FALSE,NA,258
2023-09-15,2023,37,"4",41.8927,-82.525767,"Bottom",9.8,"DOC","mgL",1.69,FALSE,NA,258
2023-09-15,2023,37,"4",41.8927,-82.525767,"Bottom",9.8,"NH4","ugL",13.715,TRUE,NA,258
2023-09-15,2023,37,"4",41.8927,-82.525767,"Bottom",9.8,"NO3","ugL",150.1,FALSE,NA,258
2023-09-15,2023,37,"4",41.8927,-82.525767,"Bottom",9.8,"PP","ugL",15.015,FALSE,NA,258
2023-09-15,2023,37,"4",41.8927,-82.525767,"Bottom",9,"PRESSURE","mmHg",751.5,FALSE,NA,258
2023-09-15,2023,37,"4",41.8927,-82.525767,"Bottom",9.8,"SES_C","mgL",1.04,FALSE,NA,258
2023-09-15,2023,37,"4",41.8927,-82.525767,"Bottom",9.8,"SES_N","mgL",0.14,TRUE,NA,258
2023-09-15,2023,37,"4",41.8927,-82.525767,"Bottom",9.8,"SRP","ugL",1.24,TRUE,NA,258
2023-09-15,2023,37,"4",41.8927,-82.525767,"Bottom",9.8,"TDN","ugL",379.355,FALSE,NA,258
2023-09-15,2023,37,"4",41.8927,-82.525767,"Bottom",9.8,"TDP","ugL",4.42,FALSE,NA,258
2023-09-15,2023,37,"4",41.8927,-82.525767,"Bottom",9,"TEMP","C",21.8,FALSE,NA,258
2023-09-15,2023,37,"4",41.8927,-82.525767,"Bottom",9.8,"TSS","mgL",4898,FALSE,NA,258
2023-09-15,2023,37,"4",41.8927,-82.525767,"Bottom",9,"pH","pH",8.56,FALSE,NA,258
2023-09-15,2023,37,"4",41.8927,-82.525767,"Surface",1,"CHLA","ugL",9.67,FALSE,NA,258
2023-09-15,2023,37,"4",41.8927,-82.525767,"Surface",1,"CN","rat",7.935,TRUE,NA,258
2023-09-15,2023,37,"4",41.8927,-82.525767,"Surface",1,"COND","uS",228.8,FALSE,NA,258
2023-09-15,2023,37,"4",41.8927,-82.525767,"Surface",1,"DMC","ugL",0.02,FALSE,NA,258
2023-09-15,2023,37,"4",41.8927,-82.525767,"Surface",1,"DO","%sat",103.2,FALSE,NA,258
2023-09-15,2023,37,"4",41.8927,-82.525767,"Surface",1,"DOC","mgL",1.73,FALSE,NA,258
2023-09-15,2023,37,"4",41.8927,-82.525767,"Surface",1,"NH4","ugL",5.93,FALSE,NA,258
2023-09-15,2023,37,"4",41.8927,-82.525767,"Surface",1,"NO3","ugL",159.61,FALSE,NA,258
2023-09-15,2023,37,"4",41.8927,-82.525767,"Surface",1,"PP","ugL",12.555,TRUE,NA,258
2023-09-15,2023,37,"4",41.8927,-82.525767,"Surface",1,"PRESSURE","mmHg",751.4,FALSE,NA,258
2023-09-15,2023,37,"4",41.8927,-82.525767,"Surface",1,"SECCHI","m",2.5,FALSE,NA,258
2023-09-15,2023,37,"4",41.8927,-82.525767,"Surface",1,"SES_C","mgL",0.79,FALSE,NA,258
2023-09-15,2023,37,"4",41.8927,-82.525767,"Surface",1,"SES_N","mgL",0.12,TRUE,NA,258
2023-09-15,2023,37,"4",41.8927,-82.525767,"Surface",1,"SRP","ugL",1.635,TRUE,NA,258
2023-09-15,2023,37,"4",41.8927,-82.525767,"Surface",1,"TDN","ugL",251.575,FALSE,NA,258
2023-09-15,2023,37,"4",41.8927,-82.525767,"Surface",1,"TDP","ugL",9.905,TRUE,NA,258
2023-09-15,2023,37,"4",41.8927,-82.525767,"Surface",1,"TEMP","C",21.8,FALSE,NA,258
2023-09-15,2023,37,"4",41.8927,-82.525767,"Surface",1,"TSS","mgL",2920,FALSE,NA,258
2023-09-15,2023,37,"4",41.8927,-82.525767,"Surface",1,"pH","pH",8.55,FALSE,NA,258
2023-09-15,2023,37,"5",42.002583,-82.578633,"Bottom",8.1,"CHLA","ugL",16.805,FALSE,NA,258
2023-09-15,2023,37,"5",42.002583,-82.578633,"Bottom",8.1,"CN","rat",8.265,TRUE,NA,258
2023-09-15,2023,37,"5",42.002583,-82.578633,"Bottom",8,"COND","uS",236.9,FALSE,NA,258
2023-09-15,2023,37,"5",42.002583,-82.578633,"Bottom",8,"DO","%sat",103.8,FALSE,NA,258
2023-09-15,2023,37,"5",42.002583,-82.578633,"Bottom",8.1,"DOC","mgL",4.86,FALSE,NA,258
2023-09-15,2023,37,"5",42.002583,-82.578633,"Bottom",8.1,"NH4","ugL",8.43,FALSE,NA,258
2023-09-15,2023,37,"5",42.002583,-82.578633,"Bottom",8.1,"NO3","ugL",209.61,FALSE,NA,258
2023-09-15,2023,37,"5",42.002583,-82.578633,"Bottom",8.1,"PP","ugL",20.895,FALSE,NA,258
2023-09-15,2023,37,"5",42.002583,-82.578633,"Bottom",8,"PRESSURE","mmHg",751.2,FALSE,NA,258
2023-09-15,2023,37,"5",42.002583,-82.578633,"Bottom",8.1,"SES_C","mgL",1.27,FALSE,NA,258
2023-09-15,2023,37,"5",42.002583,-82.578633,"Bottom",8.1,"SES_N","mgL",0.18,TRUE,NA,258
2023-09-15,2023,37,"5",42.002583,-82.578633,"Bottom",8.1,"SRP","ugL",1.405,FALSE,NA,258
2023-09-15,2023,37,"5",42.002583,-82.578633,"Bottom",8.1,"TDN","ugL",583.925,FALSE,NA,258
2023-09-15,2023,37,"5",42.002583,-82.578633,"Bottom",8.1,"TDP","ugL",7.69,FALSE,NA,258
2023-09-15,2023,37,"5",42.002583,-82.578633,"Bottom",8,"TEMP","C",21.8,FALSE,NA,258
2023-09-15,2023,37,"5",42.002583,-82.578633,"Bottom",8.1,"TSS","mgL",6742,FALSE,NA,258
2023-09-15,2023,37,"5",42.002583,-82.578633,"Bottom",8,"pH","pH",8.62,FALSE,NA,258
2023-09-15,2023,37,"5",42.002583,-82.578633,"Surface",1,"CHLA","ugL",11.33,FALSE,NA,258
2023-09-15,2023,37,"5",42.002583,-82.578633,"Surface",1,"CN","rat",6.925,FALSE,NA,258
2023-09-15,2023,37,"5",42.002583,-82.578633,"Surface",1,"COND","uS",234.3,FALSE,NA,258
2023-09-15,2023,37,"5",42.002583,-82.578633,"Surface",1,"DMC","ugL",0.03,FALSE,NA,258
2023-09-15,2023,37,"5",42.002583,-82.578633,"Surface",1,"DO","%sat",104.9,FALSE,NA,258
2023-09-15,2023,37,"5",42.002583,-82.578633,"Surface",1,"DOC","mgL",1.86,FALSE,NA,258
2023-09-15,2023,37,"5",42.002583,-82.578633,"Surface",1,"NH4","ugL",9.39,TRUE,NA,258
2023-09-15,2023,37,"5",42.002583,-82.578633,"Surface",1,"NO3","ugL",216.06,FALSE,NA,258
2023-09-15,2023,37,"5",42.002583,-82.578633,"Surface",1,"PP","ugL",14.715,FALSE,NA,258
2023-09-15,2023,37,"5",42.002583,-82.578633,"Surface",1,"PRESSURE","mmHg",751.3,FALSE,NA,258
2023-09-15,2023,37,"5",42.002583,-82.578633,"Surface",1,"SECCHI","m",2,FALSE,NA,258
2023-09-15,2023,37,"5",42.002583,-82.578633,"Surface",1,"SES_C","mgL",0.805,FALSE,NA,258
2023-09-15,2023,37,"5",42.002583,-82.578633,"Surface",1,"SES_N","mgL",0.135,FALSE,NA,258
2023-09-15,2023,37,"5",42.002583,-82.578633,"Surface",1,"SRP","ugL",1.42,FALSE,NA,258
2023-09-15,2023,37,"5",42.002583,-82.578633,"Surface",1,"TDN","ugL",306.09,TRUE,NA,258
2023-09-15,2023,37,"5",42.002583,-82.578633,"Surface",1,"TDP","ugL",3.25,FALSE,NA,258
2023-09-15,2023,37,"5",42.002583,-82.578633,"Surface",1,"TEMP","C",21.8,FALSE,NA,258
2023-09-15,2023,37,"5",42.002583,-82.578633,"Surface",1,"TSS","mgL",3676,FALSE,NA,258
2023-09-15,2023,37,"5",42.002583,-82.578633,"Surface",1,"pH","pH",8.63,FALSE,NA,258
2023-09-15,2023,37,"6",42.0222,-82.669683,"Bottom",7.9,"CHLA","ugL",15.615,FALSE,NA,258
2023-09-15,2023,37,"6",42.0222,-82.669683,"Bottom",7.9,"CN","rat",7.18,FALSE,NA,258
2023-09-15,2023,37,"6",42.0222,-82.669683,"Bottom",7.5,"COND","uS",235.2,FALSE,NA,258
2023-09-15,2023,37,"6",42.0222,-82.669683,"Bottom",7.9,"DMC","ugL",0.035,TRUE,NA,258
2023-09-15,2023,37,"6",42.0222,-82.669683,"Bottom",7.5,"DO","%sat",101.4,FALSE,NA,258
2023-09-15,2023,37,"6",42.0222,-82.669683,"Bottom",7.9,"DOC","mgL",2.48,FALSE,NA,258
2023-09-15,2023,37,"6",42.0222,-82.669683,"Bottom",7.9,"NH4","ugL",8.72,FALSE,NA,258
2023-09-15,2023,37,"6",42.0222,-82.669683,"Bottom",7.9,"NO3","ugL",199.425,FALSE,NA,258
2023-09-15,2023,37,"6",42.0222,-82.669683,"Bottom",7.9,"PP","ugL",16.44,FALSE,NA,258
2023-09-15,2023,37,"6",42.0222,-82.669683,"Bottom",7.5,"PRESSURE","mmHg",751.5,FALSE,NA,258
2023-09-15,2023,37,"6",42.0222,-82.669683,"Bottom",7.9,"SES_C","mgL",0.985,FALSE,NA,258
2023-09-15,2023,37,"6",42.0222,-82.669683,"Bottom",7.9,"SES_N","mgL",0.16,FALSE,NA,258
2023-09-15,2023,37,"6",42.0222,-82.669683,"Bottom",7.9,"SRP","ugL",1.495,FALSE,NA,258
2023-09-15,2023,37,"6",42.0222,-82.669683,"Bottom",7.9,"TDN","ugL",487.875,FALSE,NA,258
2023-09-15,2023,37,"6",42.0222,-82.669683,"Bottom",7.9,"TDP","ugL",3.25,FALSE,NA,258
2023-09-15,2023,37,"6",42.0222,-82.669683,"Bottom",7.5,"TEMP","C",21.4,FALSE,NA,258
2023-09-15,2023,37,"6",42.0222,-82.669683,"Bottom",7.9,"TSS","mgL",6026,FALSE,NA,258
2023-09-15,2023,37,"6",42.0222,-82.669683,"Bottom",7.5,"pH","pH",8.52,FALSE,NA,258
2023-09-15,2023,37,"6",42.0222,-82.669683,"Surface",1,"CHLA","ugL",9.78,FALSE,NA,258
2023-09-15,2023,37,"6",42.0222,-82.669683,"Surface",1,"CN","rat",10.105,FALSE,NA,258
2023-09-15,2023,37,"6",42.0222,-82.669683,"Surface",1,"COND","uS",235,FALSE,NA,258
2023-09-15,2023,37,"6",42.0222,-82.669683,"Surface",1,"DMC","ugL",0.035,TRUE,NA,258
2023-09-15,2023,37,"6",42.0222,-82.669683,"Surface",1,"DO","%sat",105.8,FALSE,NA,258
2023-09-15,2023,37,"6",42.0222,-82.669683,"Surface",1,"DOC","mgL",2.05,FALSE,NA,258
2023-09-15,2023,37,"6",42.0222,-82.669683,"Surface",1,"NH4","ugL",11.795,TRUE,NA,258
2023-09-15,2023,37,"6",42.0222,-82.669683,"Surface",1,"NO3","ugL",225.505,FALSE,NA,258
2023-09-15,2023,37,"6",42.0222,-82.669683,"Surface",1,"PP","ugL",13.105,TRUE,NA,258
2023-09-15,2023,37,"6",42.0222,-82.669683,"Surface",1,"PRESSURE","mmHg",751.5,FALSE,NA,258
2023-09-15,2023,37,"6",42.0222,-82.669683,"Surface",1,"SECCHI","m",2,FALSE,NA,258
2023-09-15,2023,37,"6",42.0222,-82.669683,"Surface",1,"SES_C","mgL",0.83,FALSE,NA,258
2023-09-15,2023,37,"6",42.0222,-82.669683,"Surface",1,"SES_N","mgL",0.1,TRUE,NA,258
2023-09-15,2023,37,"6",42.0222,-82.669683,"Surface",1,"SRP","ugL",0.745,FALSE,NA,258
2023-09-15,2023,37,"6",42.0222,-82.669683,"Surface",1,"TDN","ugL",457.325,FALSE,NA,258
2023-09-15,2023,37,"6",42.0222,-82.669683,"Surface",1,"TDP","ugL",5.59,FALSE,NA,258
2023-09-15,2023,37,"6",42.0222,-82.669683,"Surface",1,"TEMP","C",21.4,FALSE,NA,258
2023-09-15,2023,37,"6",42.0222,-82.669683,"Surface",1,"TSS","mgL",3054,FALSE,NA,258
2023-09-15,2023,37,"6",42.0222,-82.669683,"Surface",1,"pH","pH",8.52,FALSE,NA,258
2023-09-15,2023,37,"7",41.99605,-82.7179,"Bottom",9.5,"CHLA","ugL",14.47,FALSE,NA,258
2023-09-15,2023,37,"7",41.99605,-82.7179,"Bottom",9.5,"CN","rat",7.71,FALSE,NA,258
2023-09-15,2023,37,"7",41.99605,-82.7179,"Bottom",9,"COND","uS",231,FALSE,NA,258
2023-09-15,2023,37,"7",41.99605,-82.7179,"Bottom",9,"DO","%sat",103.1,FALSE,NA,258
2023-09-15,2023,37,"7",41.99605,-82.7179,"Bottom",9.5,"DOC","mgL",2.08,FALSE,NA,258
2023-09-15,2023,37,"7",41.99605,-82.7179,"Bottom",9.5,"NH4","ugL",19.195,TRUE,NA,258
2023-09-15,2023,37,"7",41.99605,-82.7179,"Bottom",9.5,"NO3","ugL",203.715,TRUE,NA,258
2023-09-15,2023,37,"7",41.99605,-82.7179,"Bottom",9.5,"PP","ugL",18.125,FALSE,NA,258
2023-09-15,2023,37,"7",41.99605,-82.7179,"Bottom",9,"PRESSURE","mmHg",751.4,FALSE,NA,258
2023-09-15,2023,37,"7",41.99605,-82.7179,"Bottom",9.5,"SES_C","mgL",1.025,FALSE,NA,258
2023-09-15,2023,37,"7",41.99605,-82.7179,"Bottom",9.5,"SES_N","mgL",0.155,FALSE,NA,258
2023-09-15,2023,37,"7",41.99605,-82.7179,"Bottom",9.5,"SRP","ugL",1.03,FALSE,NA,258
2023-09-15,2023,37,"7",41.99605,-82.7179,"Bottom",9.5,"TDN","ugL",416.41,FALSE,NA,258
2023-09-15,2023,37,"7",41.99605,-82.7179,"Bottom",9.5,"TDP","ugL",6.29,FALSE,NA,258
2023-09-15,2023,37,"7",41.99605,-82.7179,"Bottom",9,"TEMP","C",21.7,FALSE,NA,258
2023-09-15,2023,37,"7",41.99605,-82.7179,"Bottom",9.5,"TSS","mgL",8884,FALSE,NA,258
2023-09-15,2023,37,"7",41.99605,-82.7179,"Bottom",9,"pH","pH",8.61,FALSE,NA,258
2023-09-15,2023,37,"7",41.99605,-82.7179,"Surface",1,"CHLA","ugL",11.12,FALSE,NA,258
2023-09-15,2023,37,"7",41.99605,-82.7179,"Surface",1,"CN","rat",8.43,FALSE,NA,258
2023-09-15,2023,37,"7",41.99605,-82.7179,"Surface",1,"COND","uS",230.8,FALSE,NA,258
2023-09-15,2023,37,"7",41.99605,-82.7179,"Surface",1,"DMC","ugL",0.04,TRUE,NA,258
2023-09-15,2023,37,"7",41.99605,-82.7179,"Surface",1,"DO","%sat",104.7,FALSE,NA,258
2023-09-15,2023,37,"7",41.99605,-82.7179,"Surface",1,"DOC","mgL",1.98,FALSE,NA,258
2023-09-15,2023,37,"7",41.99605,-82.7179,"Surface",1,"NH4","ugL",10.83,FALSE,NA,258
2023-09-15,2023,37,"7",41.99605,-82.7179,"Surface",1,"NO3","ugL",180.51,FALSE,NA,258
2023-09-15,2023,37,"7",41.99605,-82.7179,"Surface",1,"PP","ugL",14.565,FALSE,NA,258
2023-09-15,2023,37,"7",41.99605,-82.7179,"Surface",1,"PRESSURE","mmHg",751.5,FALSE,NA,258
2023-09-15,2023,37,"7",41.99605,-82.7179,"Surface",1,"SECCHI","m",2,FALSE,NA,258
2023-09-15,2023,37,"7",41.99605,-82.7179,"Surface",1,"SES_C","mgL",0.88,FALSE,NA,258
2023-09-15,2023,37,"7",41.99605,-82.7179,"Surface",1,"SES_N","mgL",0.125,FALSE,NA,258
2023-09-15,2023,37,"7",41.99605,-82.7179,"Surface",1,"SRP","ugL",1.375,FALSE,NA,258
2023-09-15,2023,37,"7",41.99605,-82.7179,"Surface",1,"TDN","ugL",325.605,TRUE,NA,258
2023-09-15,2023,37,"7",41.99605,-82.7179,"Surface",1,"TDP","ugL",3.72,FALSE,NA,258
2023-09-15,2023,37,"7",41.99605,-82.7179,"Surface",1,"TEMP","C",21.7,FALSE,NA,258
2023-09-15,2023,37,"7",41.99605,-82.7179,"Surface",1,"TSS","mgL",5198,FALSE,NA,258
2023-09-15,2023,37,"7",41.99605,-82.7179,"Surface",1,"pH","pH",8.64,FALSE,NA,258
2023-09-23,2023,38,"2",41.913017,-82.73665,"Bottom",10.9,"CHLA","ugL",4.895,FALSE,NA,266
2023-09-23,2023,38,"2",41.913017,-82.73665,"Bottom",10.9,"CN","rat",10.095,FALSE,NA,266
2023-09-23,2023,38,"2",41.913017,-82.73665,"Bottom",10.9,"NH4","ugL",7.755,FALSE,NA,266
2023-09-23,2023,38,"2",41.913017,-82.73665,"Bottom",10.9,"NO3","ugL",227.215,TRUE,NA,266
2023-09-23,2023,38,"2",41.913017,-82.73665,"Bottom",10.9,"PP","ugL",14.805,TRUE,NA,266
2023-09-23,2023,38,"2",41.913017,-82.73665,"Bottom",10.9,"SES_C","mgL",1.06,FALSE,NA,266
2023-09-23,2023,38,"2",41.913017,-82.73665,"Bottom",10.9,"SES_N","mgL",0.12,FALSE,NA,266
2023-09-23,2023,38,"2",41.913017,-82.73665,"Bottom",10.9,"SRP","ugL",0.895,FALSE,NA,266
2023-09-23,2023,38,"2",41.913017,-82.73665,"Bottom",10.9,"TDN","ugL",439.735,FALSE,NA,266
2023-09-23,2023,38,"2",41.913017,-82.73665,"Bottom",10.9,"TDP","ugL",4.77,FALSE,NA,266
2023-09-23,2023,38,"2",41.913017,-82.73665,"Bottom",10.9,"TP","ugL",6.315,TRUE,NA,266
2023-09-23,2023,38,"2",41.913017,-82.73665,"Bottom",10.9,"TSS","mgL",4400,FALSE,NA,266
2023-09-23,2023,38,"2",41.913017,-82.73665,"Surface",1,"CHLA","ugL",7.215,FALSE,NA,266
2023-09-23,2023,38,"2",41.913017,-82.73665,"Surface",1,"CN","rat",10.59,FALSE,NA,266
2023-09-23,2023,38,"2",41.913017,-82.73665,"Surface",1,"DMC","ugL",0.05,TRUE,NA,266
2023-09-23,2023,38,"2",41.913017,-82.73665,"Surface",1,"NH4","ugL",3.91,TRUE,NA,266
2023-09-23,2023,38,"2",41.913017,-82.73665,"Surface",1,"NO3","ugL",256.395,FALSE,NA,266
2023-09-23,2023,38,"2",41.913017,-82.73665,"Surface",1,"PP","ugL",10.655,FALSE,NA,266
2023-09-23,2023,38,"2",41.913017,-82.73665,"Surface",1,"SES_C","mgL",0.9,FALSE,NA,266
2023-09-23,2023,38,"2",41.913017,-82.73665,"Surface",1,"SES_N","mgL",0.1,FALSE,NA,266
2023-09-23,2023,38,"2",41.913017,-82.73665,"Surface",1,"SRP","ugL",2.42,FALSE,NA,266
2023-09-23,2023,38,"2",41.913017,-82.73665,"Surface",1,"TDN","ugL",437.765,FALSE,NA,266
2023-09-23,2023,38,"2",41.913017,-82.73665,"Surface",1,"TDP","ugL",7.92,FALSE,NA,266
2023-09-23,2023,38,"2",41.913017,-82.73665,"Surface",1,"TSS","mgL",2430,FALSE,NA,266
2023-09-23,2023,38,"4",41.8927,-82.525767,"Bottom",9.8,"CHLA","ugL",12.41,TRUE,NA,266
2023-09-23,2023,38,"4",41.8927,-82.525767,"Bottom",9.8,"CN","rat",8.305,FALSE,NA,266
2023-09-23,2023,38,"4",41.8927,-82.525767,"Bottom",9.8,"NO3","ugL",125.63,FALSE,NA,266
2023-09-23,2023,38,"4",41.8927,-82.525767,"Bottom",9.8,"PP","ugL",49.695,FALSE,NA,266
2023-09-23,2023,38,"4",41.8927,-82.525767,"Bottom",9.8,"SES_C","mgL",2.165,FALSE,NA,266
2023-09-23,2023,38,"4",41.8927,-82.525767,"Bottom",9.8,"SES_N","mgL",0.305,FALSE,NA,266
2023-09-23,2023,38,"4",41.8927,-82.525767,"Bottom",9.8,"SRP","ugL",1.585,FALSE,NA,266
2023-09-23,2023,38,"4",41.8927,-82.525767,"Bottom",9.8,"TDN","ugL",462.965,FALSE,NA,266
2023-09-23,2023,38,"4",41.8927,-82.525767,"Bottom",9.8,"TDP","ugL",20.295,TRUE,NA,266
2023-09-23,2023,38,"4",41.8927,-82.525767,"Bottom",9.8,"TSS","mgL",7934,FALSE,NA,266
2023-09-23,2023,38,"4",41.8927,-82.525767,"Surface",1,"CHLA","ugL",9.875,FALSE,NA,266
2023-09-23,2023,38,"4",41.8927,-82.525767,"Surface",1,"CN","rat",13.91,TRUE,NA,266
2023-09-23,2023,38,"4",41.8927,-82.525767,"Surface",1,"DMC","ugL",0.035,TRUE,NA,266
2023-09-23,2023,38,"4",41.8927,-82.525767,"Surface",1,"NH4","ugL",2.085,FALSE,NA,266
2023-09-23,2023,38,"4",41.8927,-82.525767,"Surface",1,"NO3","ugL",118.325,TRUE,NA,266
2023-09-23,2023,38,"4",41.8927,-82.525767,"Surface",1,"PP","ugL",12.285,TRUE,NA,266
2023-09-23,2023,38,"4",41.8927,-82.525767,"Surface",1,"SES_C","mgL",1.06,FALSE,NA,266
2023-09-23,2023,38,"4",41.8927,-82.525767,"Surface",1,"SES_N","mgL",0.095,TRUE,NA,266
2023-09-23,2023,38,"4",41.8927,-82.525767,"Surface",1,"SRP","ugL",0.895,FALSE,NA,266
2023-09-23,2023,38,"4",41.8927,-82.525767,"Surface",1,"TDN","ugL",427.2,TRUE,NA,266
2023-09-23,2023,38,"4",41.8927,-82.525767,"Surface",1,"TDP","ugL",4.65,FALSE,NA,266
2023-09-23,2023,38,"4",41.8927,-82.525767,"Surface",1,"TP","ugL",12.375,FALSE,NA,266
2023-09-23,2023,38,"4",41.8927,-82.525767,"Surface",1,"TSS","mgL",2516,FALSE,NA,266
2023-09-23,2023,38,"5",42.002583,-82.578633,"Bottom",8.1,"CHLA","ugL",9.215,FALSE,NA,266
2023-09-23,2023,38,"5",42.002583,-82.578633,"Bottom",8.1,"CN","rat",8.63,FALSE,NA,266
2023-09-23,2023,38,"5",42.002583,-82.578633,"Bottom",8.1,"NO3","ugL",171.875,FALSE,NA,266
2023-09-23,2023,38,"5",42.002583,-82.578633,"Bottom",8.1,"PP","ugL",18.305,FALSE,NA,266
2023-09-23,2023,38,"5",42.002583,-82.578633,"Bottom",8.1,"SES_C","mgL",1.265,FALSE,NA,266
2023-09-23,2023,38,"5",42.002583,-82.578633,"Bottom",8.1,"SES_N","mgL",0.17,FALSE,NA,266
2023-09-23,2023,38,"5",42.002583,-82.578633,"Bottom",8.1,"SRP","ugL",1.12,FALSE,NA,266
2023-09-23,2023,38,"5",42.002583,-82.578633,"Bottom",8.1,"TDN","ugL",417.485,FALSE,NA,266
2023-09-23,2023,38,"5",42.002583,-82.578633,"Bottom",8.1,"TDP","ugL",6.17,FALSE,NA,266
2023-09-23,2023,38,"5",42.002583,-82.578633,"Bottom",8.1,"TP","ugL",13.725,TRUE,NA,266
2023-09-23,2023,38,"5",42.002583,-82.578633,"Bottom",8.1,"TSS","mgL",5856,FALSE,NA,266
2023-09-23,2023,38,"5",42.002583,-82.578633,"Surface",1,"CHLA","ugL",6.68,FALSE,NA,266
2023-09-23,2023,38,"5",42.002583,-82.578633,"Surface",1,"CN","rat",13.155,TRUE,NA,266
2023-09-23,2023,38,"5",42.002583,-82.578633,"Surface",1,"DMC","ugL",0.035,TRUE,NA,266
2023-09-23,2023,38,"5",42.002583,-82.578633,"Surface",1,"NO3","ugL",179.895,FALSE,NA,266
2023-09-23,2023,38,"5",42.002583,-82.578633,"Surface",1,"PP","ugL",12.07,TRUE,NA,266
2023-09-23,2023,38,"5",42.002583,-82.578633,"Surface",1,"SES_C","mgL",1.26,TRUE,NA,266
2023-09-23,2023,38,"5",42.002583,-82.578633,"Surface",1,"SES_N","mgL",0.115,FALSE,NA,266
2023-09-23,2023,38,"5",42.002583,-82.578633,"Surface",1,"SRP","ugL",1.105,FALSE,NA,266
2023-09-23,2023,38,"5",42.002583,-82.578633,"Surface",1,"TDN","ugL",363.405,FALSE,NA,266
2023-09-23,2023,38,"5",42.002583,-82.578633,"Surface",1,"TDP","ugL",5.82,FALSE,NA,266
2023-09-23,2023,38,"5",42.002583,-82.578633,"Surface",1,"TP","ugL",12.025,FALSE,NA,266
2023-09-23,2023,38,"5",42.002583,-82.578633,"Surface",1,"TSS","mgL",2590,FALSE,NA,266
2023-09-23,2023,38,"6",42.0222,-82.669683,"Bottom",7.9,"CHLA","ugL",7.735,FALSE,NA,266
2023-09-23,2023,38,"6",42.0222,-82.669683,"Bottom",7.9,"CN","rat",9.625,FALSE,NA,266
2023-09-23,2023,38,"6",42.0222,-82.669683,"Bottom",7.9,"DMC","ugL",0.05,TRUE,NA,266
2023-09-23,2023,38,"6",42.0222,-82.669683,"Bottom",7.9,"NO3","ugL",222.115,FALSE,NA,266
2023-09-23,2023,38,"6",42.0222,-82.669683,"Bottom",7.9,"PP","ugL",15.765,FALSE,NA,266
2023-09-23,2023,38,"6",42.0222,-82.669683,"Bottom",7.9,"SES_C","mgL",1.045,FALSE,NA,266
2023-09-23,2023,38,"6",42.0222,-82.669683,"Bottom",7.9,"SES_N","mgL",0.13,FALSE,NA,266
2023-09-23,2023,38,"6",42.0222,-82.669683,"Bottom",7.9,"SRP","ugL",1.015,TRUE,NA,266
2023-09-23,2023,38,"6",42.0222,-82.669683,"Bottom",7.9,"TDN","ugL",443.995,FALSE,NA,266
2023-09-23,2023,38,"6",42.0222,-82.669683,"Bottom",7.9,"TDP","ugL",6.52,FALSE,NA,266
2023-09-23,2023,38,"6",42.0222,-82.669683,"Bottom",7.9,"TP","ugL",18.92,FALSE,NA,266
2023-09-23,2023,38,"6",42.0222,-82.669683,"Bottom",7.9,"TSS","mgL",3786,FALSE,NA,266
2023-09-23,2023,38,"6",42.0222,-82.669683,"Surface",1,"CHLA","ugL",6.8,FALSE,NA,266
2023-09-23,2023,38,"6",42.0222,-82.669683,"Surface",1,"CN","rat",12.505,FALSE,NA,266
2023-09-23,2023,38,"6",42.0222,-82.669683,"Surface",1,"DMC","ugL",0.05,TRUE,NA,266
2023-09-23,2023,38,"6",42.0222,-82.669683,"Surface",1,"NO3","ugL",224.965,FALSE,NA,266
2023-09-23,2023,38,"6",42.0222,-82.669683,"Surface",1,"PP","ugL",11.475,FALSE,NA,266
2023-09-23,2023,38,"6",42.0222,-82.669683,"Surface",1,"SES_C","mgL",1.09,FALSE,NA,266
2023-09-23,2023,38,"6",42.0222,-82.669683,"Surface",1,"SES_N","mgL",0.1,FALSE,NA,266
2023-09-23,2023,38,"6",42.0222,-82.669683,"Surface",1,"SRP","ugL",1.03,FALSE,NA,266
2023-09-23,2023,38,"6",42.0222,-82.669683,"Surface",1,"TDN","ugL",371.515,FALSE,NA,266
2023-09-23,2023,38,"6",42.0222,-82.669683,"Surface",1,"TDP","ugL",11.19,FALSE,NA,266
2023-09-23,2023,38,"6",42.0222,-82.669683,"Surface",1,"TP","ugL",13.075,TRUE,NA,266
2023-09-23,2023,38,"6",42.0222,-82.669683,"Surface",1,"TSS","mgL",2404,FALSE,NA,266
2023-09-23,2023,38,"7",41.99605,-82.7179,"Bottom",9.5,"CHLA","ugL",10.77,FALSE,NA,266
2023-09-23,2023,38,"7",41.99605,-82.7179,"Bottom",9.5,"CN","rat",10.225,FALSE,NA,266
2023-09-23,2023,38,"7",41.99605,-82.7179,"Bottom",9.5,"NH4","ugL",23.71,TRUE,NA,266
2023-09-23,2023,38,"7",41.99605,-82.7179,"Bottom",9.5,"NO3","ugL",211.06,FALSE,NA,266
2023-09-23,2023,38,"7",41.99605,-82.7179,"Bottom",9.5,"PP","ugL",15.645,FALSE,NA,266
2023-09-23,2023,38,"7",41.99605,-82.7179,"Bottom",9.5,"SES_C","mgL",1.055,FALSE,NA,266
2023-09-23,2023,38,"7",41.99605,-82.7179,"Bottom",9.5,"SES_N","mgL",0.125,FALSE,NA,266
2023-09-23,2023,38,"7",41.99605,-82.7179,"Bottom",9.5,"SRP","ugL",1.51,FALSE,NA,266
2023-09-23,2023,38,"7",41.99605,-82.7179,"Bottom",9.5,"TDN","ugL",384.91,FALSE,NA,266
2023-09-23,2023,38,"7",41.99605,-82.7179,"Bottom",9.5,"TDP","ugL",2.55,FALSE,NA,266
2023-09-23,2023,38,"7",41.99605,-82.7179,"Bottom",9.5,"TP","ugL",11.33,TRUE,NA,266
2023-09-23,2023,38,"7",41.99605,-82.7179,"Bottom",9.5,"TSS","mgL",3810,FALSE,NA,266
2023-09-23,2023,38,"7",41.99605,-82.7179,"Surface",1,"CHLA","ugL",9.385,FALSE,NA,266
2023-09-23,2023,38,"7",41.99605,-82.7179,"Surface",1,"CN","rat",12.79,TRUE,NA,266
2023-09-23,2023,38,"7",41.99605,-82.7179,"Surface",1,"DMC","ugL",0.04,FALSE,NA,266
2023-09-23,2023,38,"7",41.99605,-82.7179,"Surface",1,"DOC","mgL",7.25,FALSE,NA,266
2023-09-23,2023,38,"7",41.99605,-82.7179,"Surface",1,"NO3","ugL",195.9,FALSE,NA,266
2023-09-23,2023,38,"7",41.99605,-82.7179,"Surface",1,"PP","ugL",10.86,TRUE,NA,266
2023-09-23,2023,38,"7",41.99605,-82.7179,"Surface",1,"SES_C","mgL",0.995,FALSE,NA,266
2023-09-23,2023,38,"7",41.99605,-82.7179,"Surface",1,"SES_N","mgL",0.095,TRUE,NA,266
2023-09-23,2023,38,"7",41.99605,-82.7179,"Surface",1,"SRP","ugL",1.075,FALSE,NA,266
2023-09-23,2023,38,"7",41.99605,-82.7179,"Surface",1,"TDN","ugL",248.91,FALSE,NA,266
2023-09-23,2023,38,"7",41.99605,-82.7179,"Surface",1,"TDP","ugL",2.32,FALSE,NA,266
2023-09-23,2023,38,"7",41.99605,-82.7179,"Surface",1,"TP","ugL",11.63,TRUE,NA,266
2023-09-23,2023,38,"7",41.99605,-82.7179,"Surface",1,"TSS","mgL",2120,FALSE,NA,266
2023-10-03,2023,40,"2",41.913017,-82.73665,"Bottom",10.9,"CHLA","ugL",2.92,FALSE,NA,276
2023-10-03,2023,40,"2",41.913017,-82.73665,"Bottom",10.9,"CN","rat",12.785,TRUE,NA,276
2023-10-03,2023,40,"2",41.913017,-82.73665,"Bottom",10.9,"DOC","mgL",4.64,FALSE,NA,276
2023-10-03,2023,40,"2",41.913017,-82.73665,"Bottom",10.9,"NH4","ugL",16.315,FALSE,NA,276
2023-10-03,2023,40,"2",41.913017,-82.73665,"Bottom",10.9,"NO3","ugL",224.395,FALSE,NA,276
2023-10-03,2023,40,"2",41.913017,-82.73665,"Bottom",10.9,"PP","ugL",10.735,FALSE,NA,276
2023-10-03,2023,40,"2",41.913017,-82.73665,"Bottom",10.9,"SES_C","mgL",0.885,FALSE,NA,276
2023-10-03,2023,40,"2",41.913017,-82.73665,"Bottom",10.9,"SES_N","mgL",0.08,TRUE,NA,276
2023-10-03,2023,40,"2",41.913017,-82.73665,"Bottom",10.9,"SRP","ugL",1.255,FALSE,NA,276
2023-10-03,2023,40,"2",41.913017,-82.73665,"Bottom",10.9,"TDN","ugL",321.52,TRUE,NA,276
2023-10-03,2023,40,"2",41.913017,-82.73665,"Bottom",10.9,"TDP","ugL",4.655,FALSE,NA,276
2023-10-03,2023,40,"2",41.913017,-82.73665,"Bottom",10.9,"TP","ugL",4.085,TRUE,NA,276
2023-10-03,2023,40,"2",41.913017,-82.73665,"Bottom",10.9,"TSS","mgL",6666,FALSE,NA,276
2023-10-03,2023,40,"2",41.913017,-82.73665,"Surface",1,"CHLA","ugL",9.715,FALSE,NA,276
2023-10-03,2023,40,"2",41.913017,-82.73665,"Surface",1,"CN","rat",7.515,FALSE,NA,276
2023-10-03,2023,40,"2",41.913017,-82.73665,"Surface",1,"DMC","ugL",0.05,TRUE,NA,276
2023-10-03,2023,40,"2",41.913017,-82.73665,"Surface",1,"DOC","mgL",1.52,FALSE,NA,276
2023-10-03,2023,40,"2",41.913017,-82.73665,"Surface",1,"NH4","ugL",7.08,TRUE,NA,276
2023-10-03,2023,40,"2",41.913017,-82.73665,"Surface",1,"NO3","ugL",180.45,FALSE,NA,276
2023-10-03,2023,40,"2",41.913017,-82.73665,"Surface",1,"PP","ugL",14.2,TRUE,NA,276
2023-10-03,2023,40,"2",41.913017,-82.73665,"Surface",1,"SES_C","mgL",0.925,FALSE,NA,276
2023-10-03,2023,40,"2",41.913017,-82.73665,"Surface",1,"SES_N","mgL",0.14,FALSE,NA,276
2023-10-03,2023,40,"2",41.913017,-82.73665,"Surface",1,"SRP","ugL",1.45,FALSE,NA,276
2023-10-03,2023,40,"2",41.913017,-82.73665,"Surface",1,"TDN","ugL",304.94,TRUE,NA,276
2023-10-03,2023,40,"2",41.913017,-82.73665,"Surface",1,"TDP","ugL",6.05,FALSE,NA,276
2023-10-03,2023,40,"2",41.913017,-82.73665,"Surface",1,"TP","ugL",6.27,FALSE,NA,276
2023-10-03,2023,40,"2",41.913017,-82.73665,"Surface",1,"TSS","mgL",3166,FALSE,NA,276
2023-10-03,2023,40,"4",41.8927,-82.525767,"Bottom",9.8,"CHLA","ugL",9.355,FALSE,NA,276
2023-10-03,2023,40,"4",41.8927,-82.525767,"Bottom",9.8,"CN","rat",10.015,FALSE,NA,276
2023-10-03,2023,40,"4",41.8927,-82.525767,"Bottom",9.8,"DOC","mgL",4.21,FALSE,NA,276
2023-10-03,2023,40,"4",41.8927,-82.525767,"Bottom",9.8,"NH4","ugL",55.235,FALSE,NA,276
2023-10-03,2023,40,"4",41.8927,-82.525767,"Bottom",9.8,"NO3","ugL",141.065,FALSE,NA,276
2023-10-03,2023,40,"4",41.8927,-82.525767,"Bottom",9.8,"PP","ugL",15.005,FALSE,NA,276
2023-10-03,2023,40,"4",41.8927,-82.525767,"Bottom",9.8,"SES_C","mgL",0.935,FALSE,NA,276
2023-10-03,2023,40,"4",41.8927,-82.525767,"Bottom",9.8,"SES_N","mgL",0.11,FALSE,NA,276
2023-10-03,2023,40,"4",41.8927,-82.525767,"Bottom",9.8,"SRP","ugL",1.585,TRUE,NA,276
2023-10-03,2023,40,"4",41.8927,-82.525767,"Bottom",9.8,"TDN","ugL",294.205,TRUE,NA,276
2023-10-03,2023,40,"4",41.8927,-82.525767,"Bottom",9.8,"TDP","ugL",7.105,TRUE,NA,276
2023-10-03,2023,40,"4",41.8927,-82.525767,"Bottom",9.8,"TP","ugL",7.5,TRUE,NA,276
2023-10-03,2023,40,"4",41.8927,-82.525767,"Bottom",9.8,"TSS","mgL",2952,FALSE,NA,276
2023-10-03,2023,40,"4",41.8927,-82.525767,"Surface",1,"CHLA","ugL",7.99,FALSE,NA,276
2023-10-03,2023,40,"4",41.8927,-82.525767,"Surface",1,"CN","rat",16.01,FALSE,NA,276
2023-10-03,2023,40,"4",41.8927,-82.525767,"Surface",1,"DMC","ugL",0.045,TRUE,NA,276
2023-10-03,2023,40,"4",41.8927,-82.525767,"Surface",1,"DOC","mgL",1.79,FALSE,NA,276
2023-10-03,2023,40,"4",41.8927,-82.525767,"Surface",1,"NH4","ugL",45.24,TRUE,NA,276
2023-10-03,2023,40,"4",41.8927,-82.525767,"Surface",1,"NO3","ugL",104.935,FALSE,NA,276
2023-10-03,2023,40,"4",41.8927,-82.525767,"Surface",1,"PP","ugL",13.21,FALSE,NA,276
2023-10-03,2023,40,"4",41.8927,-82.525767,"Surface",1,"SES_C","mgL",1.075,FALSE,NA,276
2023-10-03,2023,40,"4",41.8927,-82.525767,"Surface",1,"SES_N","mgL",0.08,FALSE,NA,276
2023-10-03,2023,40,"4",41.8927,-82.525767,"Surface",1,"SRP","ugL",1.725,FALSE,NA,276
2023-10-03,2023,40,"4",41.8927,-82.525767,"Surface",1,"TDN","ugL",251.44,FALSE,NA,276
2023-10-03,2023,40,"4",41.8927,-82.525767,"Surface",1,"TDP","ugL",14.695,TRUE,NA,276
2023-10-03,2023,40,"4",41.8927,-82.525767,"Surface",1,"TP","ugL",7.57,TRUE,NA,276
2023-10-03,2023,40,"4",41.8927,-82.525767,"Surface",1,"TSS","mgL",1574,FALSE,NA,276
2023-10-03,2023,40,"5",42.002583,-82.578633,"Bottom",8.1,"CHLA","ugL",9.3,FALSE,NA,276
2023-10-03,2023,40,"5",42.002583,-82.578633,"Bottom",8.1,"CN","rat",7.885,FALSE,NA,276
2023-10-03,2023,40,"5",42.002583,-82.578633,"Bottom",8.1,"DOC","mgL",1.84,FALSE,NA,276
2023-10-03,2023,40,"5",42.002583,-82.578633,"Bottom",8.1,"PP","ugL",15.11,TRUE,NA,276
2023-10-03,2023,40,"5",42.002583,-82.578633,"Bottom",8.1,"SES_C","mgL",0.96,FALSE,NA,276
2023-10-03,2023,40,"5",42.002583,-82.578633,"Bottom",8.1,"SES_N","mgL",0.14,FALSE,NA,276
2023-10-03,2023,40,"5",42.002583,-82.578633,"Bottom",8.1,"SRP","ugL",2.255,FALSE,NA,276
2023-10-03,2023,40,"5",42.002583,-82.578633,"Bottom",8.1,"TDN","ugL",393.86,FALSE,NA,276
2023-10-03,2023,40,"5",42.002583,-82.578633,"Bottom",8.1,"TDP","ugL",5.705,FALSE,NA,276
2023-10-03,2023,40,"5",42.002583,-82.578633,"Bottom",8.1,"TP","ugL",8.825,FALSE,NA,276
2023-10-03,2023,40,"5",42.002583,-82.578633,"Bottom",8.1,"TSS","mgL",3034,FALSE,NA,276
2023-10-03,2023,40,"5",42.002583,-82.578633,"Surface",1,"CHLA","ugL",8.835,FALSE,NA,276
2023-10-03,2023,40,"5",42.002583,-82.578633,"Surface",1,"CN","rat",14.55,FALSE,NA,276
2023-10-03,2023,40,"5",42.002583,-82.578633,"Surface",1,"DMC","ugL",0.075,FALSE,NA,276
2023-10-03,2023,40,"5",42.002583,-82.578633,"Surface",1,"DOC","mgL",1.86,FALSE,NA,276
2023-10-03,2023,40,"5",42.002583,-82.578633,"Surface",1,"NH4","ugL",7.66,TRUE,NA,276
2023-10-03,2023,40,"5",42.002583,-82.578633,"Surface",1,"NO3","ugL",149.62,FALSE,NA,276
2023-10-03,2023,40,"5",42.002583,-82.578633,"Surface",1,"PP","ugL",13.01,TRUE,NA,276
2023-10-03,2023,40,"5",42.002583,-82.578633,"Surface",1,"SES_C","mgL",0.96,FALSE,NA,276
2023-10-03,2023,40,"5",42.002583,-82.578633,"Surface",1,"SES_N","mgL",0.08,FALSE,NA,276
2023-10-03,2023,40,"5",42.002583,-82.578633,"Surface",1,"SRP","ugL",1.69,FALSE,NA,276
2023-10-03,2023,40,"5",42.002583,-82.578633,"Surface",1,"TDN","ugL",367.735,FALSE,NA,276
2023-10-03,2023,40,"5",42.002583,-82.578633,"Surface",1,"TDP","ugL",17.375,TRUE,NA,276
2023-10-03,2023,40,"5",42.002583,-82.578633,"Surface",1,"TP","ugL",6.62,FALSE,NA,276
2023-10-03,2023,40,"5",42.002583,-82.578633,"Surface",1,"TSS","mgL",1570,FALSE,NA,276
2023-10-03,2023,40,"6",42.0222,-82.669683,"Bottom",7.9,"CHLA","ugL",6.065,FALSE,NA,276
2023-10-03,2023,40,"6",42.0222,-82.669683,"Bottom",7.9,"DMC","ugL",0.1,TRUE,NA,276
2023-10-03,2023,40,"6",42.0222,-82.669683,"Bottom",7.9,"DOC","mgL",1.66,FALSE,NA,276
2023-10-03,2023,40,"6",42.0222,-82.669683,"Bottom",7.9,"NH4","ugL",15.445,TRUE,NA,276
2023-10-03,2023,40,"6",42.0222,-82.669683,"Bottom",7.9,"NO3","ugL",168.085,FALSE,NA,276
2023-10-03,2023,40,"6",42.0222,-82.669683,"Bottom",7.9,"SRP","ugL",1.68,TRUE,NA,276
2023-10-03,2023,40,"6",42.0222,-82.669683,"Bottom",7.9,"TDN","ugL",378.905,FALSE,NA,276
2023-10-03,2023,40,"6",42.0222,-82.669683,"Bottom",7.9,"TDP","ugL",7.805,TRUE,NA,276
2023-10-03,2023,40,"6",42.0222,-82.669683,"Bottom",7.9,"TP","ugL",12.93,TRUE,NA,276
2023-10-03,2023,40,"6",42.0222,-82.669683,"Bottom",7.9,"TSS","mgL",2512,FALSE,NA,276
2023-10-03,2023,40,"6",42.0222,-82.669683,"Surface",1,"CHLA","ugL",6.22,FALSE,NA,276
2023-10-03,2023,40,"6",42.0222,-82.669683,"Surface",1,"CN","rat",11.735,FALSE,NA,276
2023-10-03,2023,40,"6",42.0222,-82.669683,"Surface",1,"DMC","ugL",0.05,TRUE,NA,276
2023-10-03,2023,40,"6",42.0222,-82.669683,"Surface",1,"DOC","mgL",2.13,FALSE,NA,276
2023-10-03,2023,40,"6",42.0222,-82.669683,"Surface",1,"NH4","ugL",17.365,TRUE,NA,276
2023-10-03,2023,40,"6",42.0222,-82.669683,"Surface",1,"NO3","ugL",107.215,FALSE,NA,276
2023-10-03,2023,40,"6",42.0222,-82.669683,"Surface",1,"PP","ugL",10.99,TRUE,NA,276
2023-10-03,2023,40,"6",42.0222,-82.669683,"Surface",1,"SES_C","mgL",0.895,FALSE,NA,276
2023-10-03,2023,40,"6",42.0222,-82.669683,"Surface",1,"SES_N","mgL",0.085,FALSE,NA,276
2023-10-03,2023,40,"6",42.0222,-82.669683,"Surface",1,"SRP","ugL",1.24,FALSE,NA,276
2023-10-03,2023,40,"6",42.0222,-82.669683,"Surface",1,"TDN","ugL",200.29,FALSE,NA,276
2023-10-03,2023,40,"6",42.0222,-82.669683,"Surface",1,"TDP","ugL",6.055,FALSE,NA,276
2023-10-03,2023,40,"6",42.0222,-82.669683,"Surface",1,"TP","ugL",10.145,TRUE,NA,276
2023-10-03,2023,40,"6",42.0222,-82.669683,"Surface",1,"TSS","mgL",1700,FALSE,NA,276
2023-10-03,2023,40,"7",41.99605,-82.7179,"Bottom",9.5,"CHLA","ugL",9.23,FALSE,NA,276
2023-10-03,2023,40,"7",41.99605,-82.7179,"Bottom",9.5,"CN","rat",9.16,FALSE,NA,276
2023-10-03,2023,40,"7",41.99605,-82.7179,"Bottom",9.5,"DOC","mgL",35.8,FALSE,NA,276
2023-10-03,2023,40,"7",41.99605,-82.7179,"Bottom",9.5,"NH4","ugL",4.875,TRUE,NA,276
2023-10-03,2023,40,"7",41.99605,-82.7179,"Bottom",9.5,"NO3","ugL",203.65,FALSE,NA,276
2023-10-03,2023,40,"7",41.99605,-82.7179,"Bottom",9.5,"PP","ugL",12.86,FALSE,NA,276
2023-10-03,2023,40,"7",41.99605,-82.7179,"Bottom",9.5,"SES_C","mgL",1.025,FALSE,NA,276
2023-10-03,2023,40,"7",41.99605,-82.7179,"Bottom",9.5,"SES_N","mgL",0.13,FALSE,NA,276
2023-10-03,2023,40,"7",41.99605,-82.7179,"Bottom",9.5,"SRP","ugL",1.42,FALSE,NA,276
2023-10-03,2023,40,"7",41.99605,-82.7179,"Bottom",9.5,"TDN","ugL",215.66,TRUE,NA,276
2023-10-03,2023,40,"7",41.99605,-82.7179,"Bottom",9.5,"TDP","ugL",3.955,TRUE,NA,276
2023-10-03,2023,40,"7",41.99605,-82.7179,"Bottom",9.5,"TP","ugL",5.71,TRUE,NA,276
2023-10-03,2023,40,"7",41.99605,-82.7179,"Bottom",9.5,"TSS","mgL",3466,FALSE,NA,276
2023-10-03,2023,40,"7",41.99605,-82.7179,"Surface",1,"CHLA","ugL",5.585,FALSE,NA,276
2023-10-03,2023,40,"7",41.99605,-82.7179,"Surface",1,"CN","rat",14.115,FALSE,NA,276
2023-10-03,2023,40,"7",41.99605,-82.7179,"Surface",1,"DMC","ugL",0.06,FALSE,NA,276
2023-10-03,2023,40,"7",41.99605,-82.7179,"Surface",1,"DOC","mgL",4.57,FALSE,NA,276
2023-10-03,2023,40,"7",41.99605,-82.7179,"Surface",1,"NO3","ugL",162.84,FALSE,NA,276
2023-10-03,2023,40,"7",41.99605,-82.7179,"Surface",1,"PP","ugL",12.36,TRUE,NA,276
2023-10-03,2023,40,"7",41.99605,-82.7179,"Surface",1,"SES_C","mgL",0.84,FALSE,NA,276
2023-10-03,2023,40,"7",41.99605,-82.7179,"Surface",1,"SES_N","mgL",0.07,FALSE,NA,276
2023-10-03,2023,40,"7",41.99605,-82.7179,"Surface",1,"SRP","ugL",1.06,FALSE,NA,276
2023-10-03,2023,40,"7",41.99605,-82.7179,"Surface",1,"TDN","ugL",252.06,FALSE,NA,276
2023-10-03,2023,40,"7",41.99605,-82.7179,"Surface",1,"TDP","ugL",12.01,TRUE,NA,276
2023-10-03,2023,40,"7",41.99605,-82.7179,"Surface",1,"TP","ugL",5.805,TRUE,NA,276
2023-10-03,2023,40,"7",41.99605,-82.7179,"Surface",1,"TSS","mgL",1790,FALSE,NA,276
2024-05-16,2024,20,"4",41.8927,-82.525767,"Bottom",10,"COND","uS",258.9,FALSE,NA,137
2024-05-16,2024,20,"4",41.8927,-82.525767,"Bottom",10,"DO","sat%",97.9,FALSE,NA,137
2024-05-16,2024,20,"4",41.8927,-82.525767,"Bottom",10,"PRESSURE","mmHg",745.2,FALSE,NA,137
2024-05-16,2024,20,"4",41.8927,-82.525767,"Bottom",10,"TEMP","C",15.1,FALSE,NA,137
2024-05-16,2024,20,"4",41.8927,-82.525767,"Bottom",10,"pH","pH",8.08,FALSE,NA,137
2024-05-16,2024,20,"4",41.8927,-82.525767,"Surface",1,"COND","uS",253.2,FALSE,NA,137
2024-05-16,2024,20,"4",41.8927,-82.525767,"Surface",1,"DO","sat%",106.7,FALSE,NA,137
2024-05-16,2024,20,"4",41.8927,-82.525767,"Surface",1,"PRESSURE","mmHg",745.2,FALSE,NA,137
2024-05-16,2024,20,"4",41.8927,-82.525767,"Surface",1,"TEMP","C",18.4,FALSE,NA,137
2024-05-16,2024,20,"4",41.8927,-82.525767,"Surface",1,"pH","pH",8.29,FALSE,NA,137
2024-05-16,2024,20,"6",42.0222,-82.669683,"Bottom",7,"CHLA","ugL",14.445,FALSE,NA,137
2024-05-16,2024,20,"6",42.0222,-82.669683,"Bottom",7,"NH4","ugL",78.854882605,FALSE,NA,137
2024-05-16,2024,20,"6",42.0222,-82.669683,"Bottom",7,"NO3","ugl",540.22,FALSE,NA,137
2024-05-16,2024,20,"6",42.0222,-82.669683,"Bottom",7,"SRP","ugL",2.395,FALSE,NA,137
2024-05-16,2024,20,"6",42.0222,-82.669683,"Bottom",7,"TDN","ugl",859.81394,FALSE,NA,137
2024-05-16,2024,20,"6",42.0222,-82.669683,"Bottom",7,"TP","ugL",8.7728252275,TRUE,NA,137
2024-05-16,2024,20,"6",42.0222,-82.669683,"Bottom",7,"TSS","mgL",3.372,FALSE,NA,137
2024-05-16,2024,20,"6",42.0222,-82.669683,"Surface",1,"CHLA","ugL",13.295,FALSE,NA,137
2024-05-16,2024,20,"6",42.0222,-82.669683,"Surface",1,"NH4","ugL",11.7204407715,TRUE,NA,137
2024-05-16,2024,20,"6",42.0222,-82.669683,"Surface",1,"NO3","ugl",515.31,FALSE,NA,137
2024-05-16,2024,20,"6",42.0222,-82.669683,"Surface",1,"TP","ugL",9.345446677,TRUE,NA,137
2024-05-16,2024,20,"6",42.0222,-82.669683,"Surface",1,"TSS","mgL",2.126,FALSE,NA,137
2024-05-16,2024,20,"7",41.99605,-82.7179,"Bottom",9,"CHLA","ugL",13.96,FALSE,NA,137
2024-05-16,2024,20,"7",41.99605,-82.7179,"Bottom",9,"NH4","ugL",20.738500125,FALSE,NA,137
2024-05-16,2024,20,"7",41.99605,-82.7179,"Bottom",9,"NO3","ugl",482.46,FALSE,NA,137
2024-05-16,2024,20,"7",41.99605,-82.7179,"Bottom",9,"SRP","ugL",4.425,FALSE,NA,137
2024-05-16,2024,20,"7",41.99605,-82.7179,"Bottom",9,"TDN","ugl",825.2207239,FALSE,NA,137
2024-05-16,2024,20,"7",41.99605,-82.7179,"Bottom",9,"TP","ugL",13.224376959,TRUE,NA,137
2024-05-16,2024,20,"7",41.99605,-82.7179,"Bottom",9,"TSS","mgL",2.22,FALSE,NA,137
2024-05-16,2024,20,"7",41.99605,-82.7179,"Surface",1,"CHLA","ugL",4.62,FALSE,NA,137
2024-05-16,2024,20,"7",41.99605,-82.7179,"Surface",1,"NH4","ugL",15.364101115,TRUE,NA,137
2024-05-16,2024,20,"7",41.99605,-82.7179,"Surface",1,"NO3","ugl",514.99,FALSE,NA,137
2024-05-16,2024,20,"7",41.99605,-82.7179,"Surface",1,"SRP","ugL",2.12,TRUE,NA,137
2024-05-16,2024,20,"7",41.99605,-82.7179,"Surface",1,"TDN","ugl",623.311489,FALSE,NA,137
2024-05-16,2024,20,"7",41.99605,-82.7179,"Surface",1,"TP","ugL",6.508130312,FALSE,NA,137
2024-05-16,2024,20,"7",41.99605,-82.7179,"Surface",1,"TSS","mgL",1.292,FALSE,NA,137
2024-05-23,2024,21,"4",41.8927,-82.525767,"Bottom",10,"CHLA","ugL",14.09,FALSE,NA,144
2024-05-23,2024,21,"4",41.8927,-82.525767,"Bottom",10,"NH4","ugL",9.807519093,TRUE,NA,144
2024-05-23,2024,21,"4",41.8927,-82.525767,"Bottom",10,"NO3","ugl",366.81,FALSE,NA,144
2024-05-23,2024,21,"4",41.8927,-82.525767,"Bottom",10,"SRP","ugL",1.895,FALSE,NA,144
2024-05-23,2024,21,"4",41.8927,-82.525767,"Bottom",10,"TDN","ugl",537.1784038,FALSE,NA,144
2024-05-23,2024,21,"4",41.8927,-82.525767,"Bottom",10,"TP","ugL",6.792465447,TRUE,NA,144
2024-05-23,2024,21,"4",41.8927,-82.525767,"Bottom",10,"TSS","mgL",0.859,FALSE,NA,144
2024-05-23,2024,21,"4",41.8927,-82.525767,"Surface",1,"CHLA","ugL",7.98,FALSE,NA,144
2024-05-23,2024,21,"4",41.8927,-82.525767,"Surface",1,"NH4","ugL",33.491311325,FALSE,NA,144
2024-05-23,2024,21,"4",41.8927,-82.525767,"Surface",1,"NO3","ugl",397.97,FALSE,NA,144
2024-05-23,2024,21,"4",41.8927,-82.525767,"Surface",1,"SRP","ugL",1.24,TRUE,NA,144
2024-05-23,2024,21,"4",41.8927,-82.525767,"Surface",1,"TDN","ugl",662.7155188,FALSE,NA,144
2024-05-23,2024,21,"4",41.8927,-82.525767,"Surface",1,"TP","ugL",3.228746828,TRUE,NA,144
2024-05-23,2024,21,"4",41.8927,-82.525767,"Surface",1,"TSS","mgL",0.793,FALSE,NA,144
2024-05-23,2024,21,"6",42.0222,-82.669683,"Bottom",7,"COND","uS",254.3,FALSE,NA,144
2024-05-23,2024,21,"6",42.0222,-82.669683,"Bottom",7,"DO","sat%",101.9,FALSE,NA,144
2024-05-23,2024,21,"6",42.0222,-82.669683,"Bottom",7,"PRESSURE","mmHg",743.1,FALSE,NA,144
2024-05-23,2024,21,"6",42.0222,-82.669683,"Bottom",7,"TEMP","C",15.3,FALSE,NA,144
2024-05-23,2024,21,"6",42.0222,-82.669683,"Bottom",7,"pH","pH",8.13,FALSE,NA,144
2024-05-23,2024,21,"6",42.0222,-82.669683,"Surface",1,"COND","uS",254.7,FALSE,NA,144
2024-05-23,2024,21,"6",42.0222,-82.669683,"Surface",1,"DO","sat%",103.6,FALSE,NA,144
2024-05-23,2024,21,"6",42.0222,-82.669683,"Surface",1,"PRESSURE","mmHg",743.1,FALSE,NA,144
2024-05-23,2024,21,"6",42.0222,-82.669683,"Surface",1,"TEMP","C",15.8,FALSE,NA,144
2024-05-23,2024,21,"6",42.0222,-82.669683,"Surface",1,"pH","pH",8.1,FALSE,NA,144
2024-05-23,2024,21,"7",41.99605,-82.7179,"Bottom",9,"COND","uS",249.2,FALSE,NA,144
2024-05-23,2024,21,"7",41.99605,-82.7179,"Bottom",9,"DO","sat%",102,FALSE,NA,144
2024-05-23,2024,21,"7",41.99605,-82.7179,"Bottom",9,"PRESSURE","mmHg",743.4,FALSE,NA,144
2024-05-23,2024,21,"7",41.99605,-82.7179,"Bottom",9,"TEMP","C",15.1,FALSE,NA,144
2024-05-23,2024,21,"7",41.99605,-82.7179,"Bottom",9,"pH","pH",8.19,FALSE,NA,144
2024-05-23,2024,21,"7",41.99605,-82.7179,"Surface",1,"COND","uS",249.5,FALSE,NA,144
2024-05-23,2024,21,"7",41.99605,-82.7179,"Surface",1,"DO","sat%",101.8,FALSE,NA,144
2024-05-23,2024,21,"7",41.99605,-82.7179,"Surface",1,"PRESSURE","mmHg",743.3,FALSE,NA,144
2024-05-23,2024,21,"7",41.99605,-82.7179,"Surface",1,"TEMP","C",15.4,FALSE,NA,144
2024-05-23,2024,21,"7",41.99605,-82.7179,"Surface",1,"pH","pH",8.24,FALSE,NA,144
2024-05-31,2024,22,"2",41.971783,-82.488083,"Bottom",10,"CHLA","ugL",23.785,FALSE,NA,152
2024-05-31,2024,22,"2",41.971783,-82.488083,"Bottom",10,"COND","uS",248.3,FALSE,NA,152
2024-05-31,2024,22,"2",41.971783,-82.488083,"Bottom",10,"DO","sat%",97.5,FALSE,NA,152
2024-05-31,2024,22,"2",41.971783,-82.488083,"Bottom",10,"NH4","ugL",11.356074738,TRUE,NA,152
2024-05-31,2024,22,"2",41.971783,-82.488083,"Bottom",10,"NO3","ugl",483.15,FALSE,NA,152
2024-05-31,2024,22,"2",41.971783,-82.488083,"Bottom",10,"PP","ugL",12.695264985,TRUE,NA,152
2024-05-31,2024,22,"2",41.971783,-82.488083,"Bottom",10,"PRESSURE","mmHg",753.8,FALSE,NA,152
2024-05-31,2024,22,"2",41.971783,-82.488083,"Bottom",10,"SRP","ugL",2.915,FALSE,NA,152
2024-05-31,2024,22,"2",41.971783,-82.488083,"Bottom",10,"TDN","ugl",610.7475346,FALSE,NA,152
2024-05-31,2024,22,"2",41.971783,-82.488083,"Bottom",10,"TEMP","C",18.6,FALSE,NA,152
2024-05-31,2024,22,"2",41.971783,-82.488083,"Bottom",10,"TP","ugL",4.905969935,TRUE,NA,152
2024-05-31,2024,22,"2",41.971783,-82.488083,"Bottom",10,"TSS","mgL",5.12,FALSE,NA,152
2024-05-31,2024,22,"2",41.971783,-82.488083,"Bottom",10,"pH","pH",7.93,FALSE,NA,152
2024-05-31,2024,22,"2",41.971783,-82.488083,"Surface",1,"CHLA","ugL",23.345,FALSE,NA,152
2024-05-31,2024,22,"2",41.971783,-82.488083,"Surface",1,"COND","uS",248,FALSE,NA,152
2024-05-31,2024,22,"2",41.971783,-82.488083,"Surface",1,"DO","sat%",104,FALSE,NA,152
2024-05-31,2024,22,"2",41.971783,-82.488083,"Surface",1,"NH4","ugL",11.447166247,TRUE,NA,152
2024-05-31,2024,22,"2",41.971783,-82.488083,"Surface",1,"NO3","ugl",470.37,FALSE,NA,152
2024-05-31,2024,22,"2",41.971783,-82.488083,"Surface",1,"PP","ugL",8.476165467,TRUE,NA,152
2024-05-31,2024,22,"2",41.971783,-82.488083,"Surface",1,"PRESSURE","mmHg",753,FALSE,NA,152
2024-05-31,2024,22,"2",41.971783,-82.488083,"Surface",1,"SECCHI","m",1.9,FALSE,NA,152
2024-05-31,2024,22,"2",41.971783,-82.488083,"Surface",1,"SRP","ugL",0.51,TRUE,NA,152
2024-05-31,2024,22,"2",41.971783,-82.488083,"Surface",1,"TDN","ugl",637.7162715,FALSE,NA,152
2024-05-31,2024,22,"2",41.971783,-82.488083,"Surface",1,"TEMP","C",19.3,FALSE,NA,152
2024-05-31,2024,22,"2",41.971783,-82.488083,"Surface",1,"TP","ugL",4.8396498795,TRUE,NA,152
2024-05-31,2024,22,"2",41.971783,-82.488083,"Surface",1,"TSS","mgL",1.906,FALSE,NA,152
2024-05-31,2024,22,"2",41.971783,-82.488083,"Surface",1,"pH","pH",8.11,FALSE,NA,152
2024-05-31,2024,22,"4",41.8927,-82.525767,"Bottom",10,"CHLA","ugL",46.89,FALSE,NA,152
2024-05-31,2024,22,"4",41.8927,-82.525767,"Bottom",10,"COND","uS",253,FALSE,NA,152
2024-05-31,2024,22,"4",41.8927,-82.525767,"Bottom",10,"DO","sat%",97,FALSE,NA,152
2024-05-31,2024,22,"4",41.8927,-82.525767,"Bottom",10,"NH4","ugL",18.91666995,FALSE,NA,152
2024-05-31,2024,22,"4",41.8927,-82.525767,"Bottom",10,"NO3","ugl",451.24,FALSE,NA,152
2024-05-31,2024,22,"4",41.8927,-82.525767,"Bottom",10,"PP","ugL",12.29756906,FALSE,NA,152
2024-05-31,2024,22,"4",41.8927,-82.525767,"Bottom",10,"PRESSURE","mmHg",754,FALSE,NA,152
2024-05-31,2024,22,"4",41.8927,-82.525767,"Bottom",10,"SRP","ugL",4.9,FALSE,NA,152
2024-05-31,2024,22,"4",41.8927,-82.525767,"Bottom",10,"TDN","ugl",489.421258,FALSE,NA,152
2024-05-31,2024,22,"4",41.8927,-82.525767,"Bottom",10,"TEMP","C",17.9,FALSE,NA,152
2024-05-31,2024,22,"4",41.8927,-82.525767,"Bottom",10,"TP","ugL",11.3605072605,TRUE,NA,152
2024-05-31,2024,22,"4",41.8927,-82.525767,"Bottom",10,"TSS","mgL",5.009,FALSE,NA,152
2024-05-31,2024,22,"4",41.8927,-82.525767,"Bottom",10,"pH","pH",8.02,FALSE,NA,152
2024-05-31,2024,22,"4",41.8927,-82.525767,"Surface",1,"CHLA","ugL",22.885,FALSE,NA,152
2024-05-31,2024,22,"4",41.8927,-82.525767,"Surface",1,"COND","uS",254,FALSE,NA,152
2024-05-31,2024,22,"4",41.8927,-82.525767,"Surface",1,"DO","sat%",105,FALSE,NA,152
2024-05-31,2024,22,"4",41.8927,-82.525767,"Surface",1,"NH4","ugL",11.81153228,FALSE,NA,152
2024-05-31,2024,22,"4",41.8927,-82.525767,"Surface",1,"NO3","ugl",484.95,FALSE,NA,152
2024-05-31,2024,22,"4",41.8927,-82.525767,"Surface",1,"PP","ugL",14.09243299,FALSE,NA,152
2024-05-31,2024,22,"4",41.8927,-82.525767,"Surface",1,"PRESSURE","mmHg",750,FALSE,NA,152
2024-05-31,2024,22,"4",41.8927,-82.525767,"Surface",1,"SECCHI","m",1.25,FALSE,NA,152
2024-05-31,2024,22,"4",41.8927,-82.525767,"Surface",1,"SRP","ugL",2.235,TRUE,NA,152
2024-05-31,2024,22,"4",41.8927,-82.525767,"Surface",1,"TDN","ugl",621.0383986,FALSE,NA,152
2024-05-31,2024,22,"4",41.8927,-82.525767,"Surface",1,"TEMP","C",19,FALSE,NA,152
2024-05-31,2024,22,"4",41.8927,-82.525767,"Surface",1,"TP","ugL",17.0757800025,TRUE,NA,152
2024-05-31,2024,22,"4",41.8927,-82.525767,"Surface",1,"TSS","mgL",3.568,FALSE,NA,152
2024-05-31,2024,22,"4",41.8927,-82.525767,"Surface",1,"pH","pH",8.32,FALSE,NA,152
2024-05-31,2024,22,"5",42.002583,-82.578633,"Bottom",7,"CHLA","ugL",34.97,FALSE,NA,152
2024-05-31,2024,22,"5",42.002583,-82.578633,"Bottom",7,"COND","uS",258.4,FALSE,NA,152
2024-05-31,2024,22,"5",42.002583,-82.578633,"Bottom",7,"DO","sat%",93,FALSE,NA,152
2024-05-31,2024,22,"5",42.002583,-82.578633,"Bottom",7,"NH4","ugL",34.58440943,FALSE,NA,152
2024-05-31,2024,22,"5",42.002583,-82.578633,"Bottom",7,"NO3","ugl",430.54,FALSE,NA,152
2024-05-31,2024,22,"5",42.002583,-82.578633,"Bottom",7,"PP","ugL",14.687123475,FALSE,NA,152
2024-05-31,2024,22,"5",42.002583,-82.578633,"Bottom",7,"PRESSURE","mmHg",753.6,FALSE,NA,152
2024-05-31,2024,22,"5",42.002583,-82.578633,"Bottom",7,"SRP","ugL",3.395,FALSE,NA,152
2024-05-31,2024,22,"5",42.002583,-82.578633,"Bottom",7,"TDN","ugl",558.8716897,FALSE,NA,152
2024-05-31,2024,22,"5",42.002583,-82.578633,"Bottom",7,"TEMP","C",17.6,FALSE,NA,152
2024-05-31,2024,22,"5",42.002583,-82.578633,"Bottom",7,"TP","ugL",8.4769407065,TRUE,NA,152
2024-05-31,2024,22,"5",42.002583,-82.578633,"Bottom",7,"TSS","mgL",6.523,FALSE,NA,152
2024-05-31,2024,22,"5",42.002583,-82.578633,"Bottom",7,"pH","pH",7.93,FALSE,NA,152
2024-05-31,2024,22,"5",42.002583,-82.578633,"Surface",1,"CHLA","ugL",22.885,FALSE,NA,152
2024-05-31,2024,22,"5",42.002583,-82.578633,"Surface",1,"COND","uS",252.9,FALSE,NA,152
2024-05-31,2024,22,"5",42.002583,-82.578633,"Surface",1,"DO","sat%",101.3,FALSE,NA,152
2024-05-31,2024,22,"5",42.002583,-82.578633,"Surface",1,"NH4","ugL",12.084806805,FALSE,NA,152
2024-05-31,2024,22,"5",42.002583,-82.578633,"Surface",1,"NO3","ugl",495.82,FALSE,NA,152
2024-05-31,2024,22,"5",42.002583,-82.578633,"Surface",1,"PP","ugL",10.92658991,FALSE,NA,152
2024-05-31,2024,22,"5",42.002583,-82.578633,"Surface",1,"PRESSURE","mmHg",753.6,FALSE,NA,152
2024-05-31,2024,22,"5",42.002583,-82.578633,"Surface",1,"SECCHI","m",2.6,FALSE,NA,152
2024-05-31,2024,22,"5",42.002583,-82.578633,"Surface",1,"SRP","ugL",2.95,TRUE,NA,152
2024-05-31,2024,22,"5",42.002583,-82.578633,"Surface",1,"TDN","ugl",13994.13725,FALSE,NA,152
2024-05-31,2024,22,"5",42.002583,-82.578633,"Surface",1,"TEMP","C",19.6,FALSE,NA,152
2024-05-31,2024,22,"5",42.002583,-82.578633,"Surface",1,"TP","ugL",7.0882707735,TRUE,NA,152
2024-05-31,2024,22,"5",42.002583,-82.578633,"Surface",1,"TSS","mgL",3.349,FALSE,NA,152
2024-05-31,2024,22,"5",42.002583,-82.578633,"Surface",1,"pH","pH",8.08,FALSE,NA,152
2024-05-31,2024,22,"6",42.0222,-82.669683,"Bottom",7,"CHLA","ugL",21.935,FALSE,NA,152
2024-05-31,2024,22,"6",42.0222,-82.669683,"Bottom",7,"COND","uS",251.4,FALSE,NA,152
2024-05-31,2024,22,"6",42.0222,-82.669683,"Bottom",7,"DO","sat%",94.8,FALSE,NA,152
2024-05-31,2024,22,"6",42.0222,-82.669683,"Bottom",7,"NH4","ugL",35.95078206,FALSE,NA,152
2024-05-31,2024,22,"6",42.0222,-82.669683,"Bottom",7,"NO3","ugl",493.72,FALSE,NA,152
2024-05-31,2024,22,"6",42.0222,-82.669683,"Bottom",7,"PP","ugL",11.98424149,TRUE,NA,152
2024-05-31,2024,22,"6",42.0222,-82.669683,"Bottom",7,"PRESSURE","mmHg",753.6,FALSE,NA,152
2024-05-31,2024,22,"6",42.0222,-82.669683,"Bottom",7,"SRP","ugL",3.54,FALSE,NA,152
2024-05-31,2024,22,"6",42.0222,-82.669683,"Bottom",7,"TDN","ugl",650.5531167,FALSE,NA,152
2024-05-31,2024,22,"6",42.0222,-82.669683,"Bottom",7,"TEMP","C",19.5,FALSE,NA,152
2024-05-31,2024,22,"6",42.0222,-82.669683,"Bottom",7,"TP","ugL",13.1984412315,TRUE,NA,152
2024-05-31,2024,22,"6",42.0222,-82.669683,"Bottom",7,"TSS","mgL",4.406,FALSE,NA,152
2024-05-31,2024,22,"6",42.0222,-82.669683,"Bottom",7,"pH","pH",7.93,FALSE,NA,152
2024-05-31,2024,22,"6",42.0222,-82.669683,"Surface",1,"CHLA","ugL",17.755,FALSE,NA,152
2024-05-31,2024,22,"6",42.0222,-82.669683,"Surface",1,"COND","uS",251.2,FALSE,NA,152
2024-05-31,2024,22,"6",42.0222,-82.669683,"Surface",1,"DO","sat%",102,FALSE,NA,152
2024-05-31,2024,22,"6",42.0222,-82.669683,"Surface",1,"NH4","ugL",23.106879345,FALSE,NA,152
2024-05-31,2024,22,"6",42.0222,-82.669683,"Surface",1,"NO3","ugl",555.9,FALSE,NA,152
2024-05-31,2024,22,"6",42.0222,-82.669683,"Surface",1,"PP","ugL",12.220184217,TRUE,NA,152
2024-05-31,2024,22,"6",42.0222,-82.669683,"Surface",1,"PRESSURE","mmHg",753.6,FALSE,NA,152
2024-05-31,2024,22,"6",42.0222,-82.669683,"Surface",1,"SECCHI","m",1.6,FALSE,NA,152
2024-05-31,2024,22,"6",42.0222,-82.669683,"Surface",1,"SRP","ugL",3.71,TRUE,NA,152
2024-05-31,2024,22,"6",42.0222,-82.669683,"Surface",1,"TDN","ugl",798.4601449,FALSE,NA,152
2024-05-31,2024,22,"6",42.0222,-82.669683,"Surface",1,"TEMP","C",19.9,FALSE,NA,152
2024-05-31,2024,22,"6",42.0222,-82.669683,"Surface",1,"TP","ugL",19.034194527,TRUE,NA,152
2024-05-31,2024,22,"6",42.0222,-82.669683,"Surface",1,"TSS","mgL",1.355,FALSE,NA,152
2024-05-31,2024,22,"6",42.0222,-82.669683,"Surface",1,"pH","pH",8.02,FALSE,NA,152
2024-05-31,2024,22,"7",41.99605,-82.7179,"Bottom",9,"CHLA","ugL",17.685,FALSE,NA,152
2024-05-31,2024,22,"7",41.99605,-82.7179,"Bottom",9,"COND","uS",250.6,FALSE,NA,152
2024-05-31,2024,22,"7",41.99605,-82.7179,"Bottom",9,"DO","sat%",95.5,FALSE,NA,152
2024-05-31,2024,22,"7",41.99605,-82.7179,"Bottom",9,"NH4","ugL",16.821565255,FALSE,NA,152
2024-05-31,2024,22,"7",41.99605,-82.7179,"Bottom",9,"NO3","ugl",589.36,FALSE,NA,152
2024-05-31,2024,22,"7",41.99605,-82.7179,"Bottom",9,"PP","ugL",13.155096,FALSE,NA,152
2024-05-31,2024,22,"7",41.99605,-82.7179,"Bottom",9,"PRESSURE","mmHg",753.6,FALSE,NA,152
2024-05-31,2024,22,"7",41.99605,-82.7179,"Bottom",9,"SRP","ugL",2.13,FALSE,NA,152
2024-05-31,2024,22,"7",41.99605,-82.7179,"Bottom",9,"TDN","ugl",750.7932958,FALSE,NA,152
2024-05-31,2024,22,"7",41.99605,-82.7179,"Bottom",9,"TEMP","C",19,FALSE,NA,152
2024-05-31,2024,22,"7",41.99605,-82.7179,"Bottom",9,"TP","ugL",8.1383428415,TRUE,NA,152
2024-05-31,2024,22,"7",41.99605,-82.7179,"Bottom",9,"TSS","mgL",5.189,FALSE,NA,152
2024-05-31,2024,22,"7",41.99605,-82.7179,"Bottom",9,"pH","pH",8,FALSE,NA,152
2024-05-31,2024,22,"7",41.99605,-82.7179,"Surface",1,"CHLA","ugL",38.275,FALSE,NA,152
2024-05-31,2024,22,"7",41.99605,-82.7179,"Surface",1,"COND","uS",250,FALSE,NA,152
2024-05-31,2024,22,"7",41.99605,-82.7179,"Surface",1,"DO","sat%",105,FALSE,NA,152
2024-05-31,2024,22,"7",41.99605,-82.7179,"Surface",1,"NH4","ugL",6.072767239,TRUE,NA,152
2024-05-31,2024,22,"7",41.99605,-82.7179,"Surface",1,"NO3","ugl",481.03,FALSE,NA,152
2024-05-31,2024,22,"7",41.99605,-82.7179,"Surface",1,"PP","ugL",13.622002885,TRUE,NA,152
2024-05-31,2024,22,"7",41.99605,-82.7179,"Surface",1,"PRESSURE","mmHg",753.6,FALSE,NA,152
2024-05-31,2024,22,"7",41.99605,-82.7179,"Surface",1,"SECCHI","m",1.6,FALSE,NA,152
2024-05-31,2024,22,"7",41.99605,-82.7179,"Surface",1,"SRP","ugL",1.905,TRUE,NA,152
2024-05-31,2024,22,"7",41.99605,-82.7179,"Surface",1,"TDN","ugl",559.7629772,FALSE,NA,152
2024-05-31,2024,22,"7",41.99605,-82.7179,"Surface",1,"TEMP","C",19.8,FALSE,NA,152
2024-05-31,2024,22,"7",41.99605,-82.7179,"Surface",1,"TP","ugL",4.221522046,TRUE,NA,152
2024-05-31,2024,22,"7",41.99605,-82.7179,"Surface",1,"TSS","mgL",3.484,FALSE,NA,152
2024-05-31,2024,22,"7",41.99605,-82.7179,"Surface",1,"pH","pH",8.21,FALSE,NA,152
2024-06-19,2024,25,"2",41.971783,-82.488083,"Bottom",10,"CHLA","ugL",24.945,FALSE,NA,171
2024-06-19,2024,25,"2",41.971783,-82.488083,"Bottom",10,"COND","uS",249,FALSE,NA,171
2024-06-19,2024,25,"2",41.971783,-82.488083,"Bottom",10,"DO","sat%",97,FALSE,NA,171
2024-06-19,2024,25,"2",41.971783,-82.488083,"Bottom",10,"NH4","ugL",26.56835667,FALSE,NA,171
2024-06-19,2024,25,"2",41.971783,-82.488083,"Bottom",10,"NO3","ugl",430.12,FALSE,NA,171
2024-06-19,2024,25,"2",41.971783,-82.488083,"Bottom",10,"PP","ugL",11.569743975,TRUE,NA,171
2024-06-19,2024,25,"2",41.971783,-82.488083,"Bottom",10,"PRESSURE","mmHg",752,FALSE,NA,171
2024-06-19,2024,25,"2",41.971783,-82.488083,"Bottom",10,"SRP","ugL",4.35,FALSE,NA,171
2024-06-19,2024,25,"2",41.971783,-82.488083,"Bottom",10,"TDN","ugl",673.8607463,FALSE,NA,171
2024-06-19,2024,25,"2",41.971783,-82.488083,"Bottom",10,"TEMP","C",21,FALSE,NA,171
2024-06-19,2024,25,"2",41.971783,-82.488083,"Bottom",10,"TP","ugL",7.094080656,TRUE,NA,171
2024-06-19,2024,25,"2",41.971783,-82.488083,"Bottom",10,"TSS","mgL",3.511,FALSE,NA,171
2024-06-19,2024,25,"2",41.971783,-82.488083,"Bottom",10,"pH","pH",8.06,FALSE,NA,171
2024-06-19,2024,25,"2",41.971783,-82.488083,"Surface",1,"CHLA","ugL",15.345,FALSE,NA,171
2024-06-19,2024,25,"2",41.971783,-82.488083,"Surface",1,"COND","uS",246,FALSE,NA,171
2024-06-19,2024,25,"2",41.971783,-82.488083,"Surface",1,"DO","sat%",108,FALSE,NA,171
2024-06-19,2024,25,"2",41.971783,-82.488083,"Surface",1,"NH4","ugL",21.102866155,FALSE,NA,171
2024-06-19,2024,25,"2",41.971783,-82.488083,"Surface",1,"NO3","ugl",385.56,FALSE,NA,171
2024-06-19,2024,25,"2",41.971783,-82.488083,"Surface",1,"PP","ugL",8.195652111,TRUE,NA,171
2024-06-19,2024,25,"2",41.971783,-82.488083,"Surface",1,"PRESSURE","mmHg",752,FALSE,NA,171
2024-06-19,2024,25,"2",41.971783,-82.488083,"Surface",1,"SECCHI","m",3.5,FALSE,NA,171
2024-06-19,2024,25,"2",41.971783,-82.488083,"Surface",1,"SRP","ugL",0.67,TRUE,NA,171
2024-06-19,2024,25,"2",41.971783,-82.488083,"Surface",1,"TDN","ugl",610.6611081,FALSE,NA,171
2024-06-19,2024,25,"2",41.971783,-82.488083,"Surface",1,"TEMP","C",22.9,FALSE,NA,171
2024-06-19,2024,25,"2",41.971783,-82.488083,"Surface",1,"TP","ugL",6.2501105535,TRUE,NA,171
2024-06-19,2024,25,"2",41.971783,-82.488083,"Surface",1,"TSS","mgL",1.418,FALSE,NA,171
2024-06-19,2024,25,"2",41.971783,-82.488083,"Surface",1,"pH","pH",8.23,FALSE,NA,171
2024-06-19,2024,25,"4",41.8927,-82.525767,"Bottom",10,"CHLA","ugL",28.125,FALSE,NA,171
2024-06-19,2024,25,"4",41.8927,-82.525767,"Bottom",10,"COND","uS",253,FALSE,NA,171
2024-06-19,2024,25,"4",41.8927,-82.525767,"Bottom",10,"DO","sat%",88,FALSE,NA,171
2024-06-19,2024,25,"4",41.8927,-82.525767,"Bottom",10,"NH4","ugL",39.50335089,FALSE,NA,171
2024-06-19,2024,25,"4",41.8927,-82.525767,"Bottom",10,"NO3","ugl",435.61,FALSE,NA,171
2024-06-19,2024,25,"4",41.8927,-82.525767,"Bottom",10,"PP","ugL",11.62730643,FALSE,NA,171
2024-06-19,2024,25,"4",41.8927,-82.525767,"Bottom",10,"PRESSURE","mmHg",752,FALSE,NA,171
2024-06-19,2024,25,"4",41.8927,-82.525767,"Bottom",10,"SRP","ugL",2.94,FALSE,NA,171
2024-06-19,2024,25,"4",41.8927,-82.525767,"Bottom",10,"TDN","ugl",647.344515,FALSE,NA,171
2024-06-19,2024,25,"4",41.8927,-82.525767,"Bottom",10,"TEMP","C",21,FALSE,NA,171
2024-06-19,2024,25,"4",41.8927,-82.525767,"Bottom",10,"TP","ugL",9.7507124365,TRUE,NA,171
2024-06-19,2024,25,"4",41.8927,-82.525767,"Bottom",10,"TSS","mgL",3.31,FALSE,NA,171
2024-06-19,2024,25,"4",41.8927,-82.525767,"Bottom",10,"pH","pH",7.95,FALSE,NA,171
2024-06-19,2024,25,"4",41.8927,-82.525767,"Surface",1,"CHLA","ugL",41.005,FALSE,NA,171
2024-06-19,2024,25,"4",41.8927,-82.525767,"Surface",1,"COND","uS",258,FALSE,NA,171
2024-06-19,2024,25,"4",41.8927,-82.525767,"Surface",1,"DO","sat%",109,FALSE,NA,171
2024-06-19,2024,25,"4",41.8927,-82.525767,"Surface",1,"NH4","ugL",15.546284135,FALSE,NA,171
2024-06-19,2024,25,"4",41.8927,-82.525767,"Surface",1,"NO3","ugl",462.95,FALSE,NA,171
2024-06-19,2024,25,"4",41.8927,-82.525767,"Surface",1,"PP","ugL",11.918097675,TRUE,NA,171
2024-06-19,2024,25,"4",41.8927,-82.525767,"Surface",1,"PRESSURE","mmHg",752,FALSE,NA,171
2024-06-19,2024,25,"4",41.8927,-82.525767,"Surface",1,"SECCHI","m",3.5,FALSE,NA,171
2024-06-19,2024,25,"4",41.8927,-82.525767,"Surface",1,"SRP","ugL",1.245,TRUE,NA,171
2024-06-19,2024,25,"4",41.8927,-82.525767,"Surface",1,"TDN","ugl",622.2081618,FALSE,NA,171
2024-06-19,2024,25,"4",41.8927,-82.525767,"Surface",1,"TEMP","C",22.6,FALSE,NA,171
2024-06-19,2024,25,"4",41.8927,-82.525767,"Surface",1,"TP","ugL",10.5911945415,TRUE,NA,171
2024-06-19,2024,25,"4",41.8927,-82.525767,"Surface",1,"TSS","mgL",2.572,FALSE,NA,171
2024-06-19,2024,25,"4",41.8927,-82.525767,"Surface",1,"pH","pH",8.34,FALSE,NA,171
2024-06-19,2024,25,"5",42.002583,-82.578633,"Bottom",7,"CHLA","ugL",48.73,TRUE,NA,171
2024-06-19,2024,25,"5",42.002583,-82.578633,"Bottom",7,"COND","uS",253,FALSE,NA,171
2024-06-19,2024,25,"5",42.002583,-82.578633,"Bottom",7,"DO","sat%",112,FALSE,NA,171
2024-06-19,2024,25,"5",42.002583,-82.578633,"Bottom",7,"NH4","ugL",8.6233294775,TRUE,NA,171
2024-06-19,2024,25,"5",42.002583,-82.578633,"Bottom",7,"NO3","ugl",414.94,FALSE,NA,171
2024-06-19,2024,25,"5",42.002583,-82.578633,"Bottom",7,"PP","ugL",12.420318675,TRUE,NA,171
2024-06-19,2024,25,"5",42.002583,-82.578633,"Bottom",7,"PRESSURE","mmHg",752,FALSE,NA,171
2024-06-19,2024,25,"5",42.002583,-82.578633,"Bottom",7,"SRP","ugL",5.335,TRUE,NA,171
2024-06-19,2024,25,"5",42.002583,-82.578633,"Bottom",7,"TDN","ugl",623.3900457,FALSE,NA,171
2024-06-19,2024,25,"5",42.002583,-82.578633,"Bottom",7,"TEMP","C",22.9,FALSE,NA,171
2024-06-19,2024,25,"5",42.002583,-82.578633,"Bottom",7,"TP","ugL",12.982981445,TRUE,NA,171
2024-06-19,2024,25,"5",42.002583,-82.578633,"Bottom",7,"TSS","mgL",3.315,FALSE,NA,171
2024-06-19,2024,25,"5",42.002583,-82.578633,"Bottom",7,"pH","pH",8.49,FALSE,NA,171
2024-06-19,2024,25,"5",42.002583,-82.578633,"Surface",1,"CHLA","ugL",25.65,TRUE,NA,171
2024-06-19,2024,25,"5",42.002583,-82.578633,"Surface",1,"COND","uS",243,FALSE,NA,171
2024-06-19,2024,25,"5",42.002583,-82.578633,"Surface",1,"DO","sat%",112,FALSE,NA,171
2024-06-19,2024,25,"5",42.002583,-82.578633,"Surface",1,"NH4","ugL",6.8925908165,TRUE,NA,171
2024-06-19,2024,25,"5",42.002583,-82.578633,"Surface",1,"NO3","ugl",433.32,FALSE,NA,171
2024-06-19,2024,25,"5",42.002583,-82.578633,"Surface",1,"PP","ugL",12.927821315,TRUE,NA,171
2024-06-19,2024,25,"5",42.002583,-82.578633,"Surface",1,"PRESSURE","mmHg",752,FALSE,NA,171
2024-06-19,2024,25,"5",42.002583,-82.578633,"Surface",1,"SECCHI","m",2.5,FALSE,NA,171
2024-06-19,2024,25,"5",42.002583,-82.578633,"Surface",1,"SRP","ugL",0.88,FALSE,NA,171
2024-06-19,2024,25,"5",42.002583,-82.578633,"Surface",1,"TDN","ugl",602.8226853,FALSE,NA,171
2024-06-19,2024,25,"5",42.002583,-82.578633,"Surface",1,"TEMP","C",23.2,FALSE,NA,171
2024-06-19,2024,25,"5",42.002583,-82.578633,"Surface",1,"TP","ugL",10.356624149,TRUE,NA,171
2024-06-19,2024,25,"5",42.002583,-82.578633,"Surface",1,"TSS","mgL",3.544,FALSE,NA,171
2024-06-19,2024,25,"5",42.002583,-82.578633,"Surface",1,"pH","pH",8.54,FALSE,NA,171
2024-06-19,2024,25,"6",42.0222,-82.669683,"Bottom",7,"CHLA","ugL",41.305,FALSE,NA,171
2024-06-19,2024,25,"6",42.0222,-82.669683,"Bottom",7,"COND","uS",256,FALSE,NA,171
2024-06-19,2024,25,"6",42.0222,-82.669683,"Bottom",7,"DO","sat%",107,FALSE,NA,171
2024-06-19,2024,25,"6",42.0222,-82.669683,"Bottom",7,"NH4","ugL",13.90663698,FALSE,NA,171
2024-06-19,2024,25,"6",42.0222,-82.669683,"Bottom",7,"NO3","ugl",423.96,FALSE,NA,171
2024-06-19,2024,25,"6",42.0222,-82.669683,"Bottom",7,"PP","ugL",10.694885085,FALSE,NA,171
2024-06-19,2024,25,"6",42.0222,-82.669683,"Bottom",7,"PRESSURE","mmHg",752,FALSE,NA,171
2024-06-19,2024,25,"6",42.0222,-82.669683,"Bottom",7,"SRP","ugL",1.79,FALSE,NA,171
2024-06-19,2024,25,"6",42.0222,-82.669683,"Bottom",7,"TDN","ugl",570.2436896,FALSE,NA,171
2024-06-19,2024,25,"6",42.0222,-82.669683,"Bottom",7,"TEMP","C",23.2,FALSE,NA,171
2024-06-19,2024,25,"6",42.0222,-82.669683,"Bottom",7,"TP","ugL",8.9615836845,TRUE,NA,171
2024-06-19,2024,25,"6",42.0222,-82.669683,"Bottom",7,"TSS","mgL",2.514,FALSE,NA,171
2024-06-19,2024,25,"6",42.0222,-82.669683,"Bottom",7,"pH","pH",8.18,FALSE,NA,171
2024-06-19,2024,25,"6",42.0222,-82.669683,"Surface",1,"COND","uS",256,FALSE,NA,171
2024-06-19,2024,25,"6",42.0222,-82.669683,"Surface",1,"DO","sat%",111,FALSE,NA,171
2024-06-19,2024,25,"6",42.0222,-82.669683,"Surface",1,"PRESSURE","mmHg",752,FALSE,NA,171
2024-06-19,2024,25,"6",42.0222,-82.669683,"Surface",1,"SECCHI","m",4,FALSE,NA,171
2024-06-19,2024,25,"6",42.0222,-82.669683,"Surface",1,"TEMP","C",24,FALSE,NA,171
2024-06-19,2024,25,"6",42.0222,-82.669683,"Surface",1,"pH","pH",8.37,FALSE,NA,171
2024-06-19,2024,25,"7",41.99605,-82.7179,"Bottom",9,"CHLA","ugL",37.075,FALSE,NA,171
2024-06-19,2024,25,"7",41.99605,-82.7179,"Bottom",9,"COND","uS",250,FALSE,NA,171
2024-06-19,2024,25,"7",41.99605,-82.7179,"Bottom",9,"DO","sat%",91,FALSE,NA,171
2024-06-19,2024,25,"7",41.99605,-82.7179,"Bottom",9,"NH4","ugL",14.271003015,FALSE,NA,171
2024-06-19,2024,25,"7",41.99605,-82.7179,"Bottom",9,"NO3","ugl",417.07,FALSE,NA,171
2024-06-19,2024,25,"7",41.99605,-82.7179,"Bottom",9,"PP","ugL",10.7998032945,TRUE,NA,171
2024-06-19,2024,25,"7",41.99605,-82.7179,"Bottom",9,"PRESSURE","mmHg",752,FALSE,NA,171
2024-06-19,2024,25,"7",41.99605,-82.7179,"Bottom",9,"SRP","ugL",1.925,FALSE,NA,171
2024-06-19,2024,25,"7",41.99605,-82.7179,"Bottom",9,"TDN","ugl",615.4004597,FALSE,NA,171
2024-06-19,2024,25,"7",41.99605,-82.7179,"Bottom",9,"TEMP","C",21.3,FALSE,NA,171
2024-06-19,2024,25,"7",41.99605,-82.7179,"Bottom",9,"TP","ugL",8.855238117,TRUE,NA,171
2024-06-19,2024,25,"7",41.99605,-82.7179,"Bottom",9,"TSS","mgL",2.319,FALSE,NA,171
2024-06-19,2024,25,"7",41.99605,-82.7179,"Bottom",9,"pH","pH",7.99,FALSE,NA,171
2024-06-19,2024,25,"7",41.99605,-82.7179,"Surface",1,"CHLA","ugL",18.165,FALSE,NA,171
2024-06-19,2024,25,"7",41.99605,-82.7179,"Surface",1,"COND","uS",246,FALSE,NA,171
2024-06-19,2024,25,"7",41.99605,-82.7179,"Surface",1,"DO","sat%",108,FALSE,NA,171
2024-06-19,2024,25,"7",41.99605,-82.7179,"Surface",1,"NH4","ugL",2.9756559475,TRUE,NA,171
2024-06-19,2024,25,"7",41.99605,-82.7179,"Surface",1,"NO3","ugl",380.5,FALSE,NA,171
2024-06-19,2024,25,"7",41.99605,-82.7179,"Surface",1,"PP","ugL",9.635274177,TRUE,NA,171
2024-06-19,2024,25,"7",41.99605,-82.7179,"Surface",1,"PRESSURE","mmHg",752,FALSE,NA,171
2024-06-19,2024,25,"7",41.99605,-82.7179,"Surface",1,"SECCHI","m",3.5,FALSE,NA,171
2024-06-19,2024,25,"7",41.99605,-82.7179,"Surface",1,"SRP","ugL",2.58,FALSE,NA,171
2024-06-19,2024,25,"7",41.99605,-82.7179,"Surface",1,"TDN","ugl",561.0527861,FALSE,NA,171
2024-06-19,2024,25,"7",41.99605,-82.7179,"Surface",1,"TEMP","C",23.4,FALSE,NA,171
2024-06-19,2024,25,"7",41.99605,-82.7179,"Surface",1,"TP","ugL",8.58358346,TRUE,NA,171
2024-06-19,2024,25,"7",41.99605,-82.7179,"Surface",1,"TSS","mgL",1.589,FALSE,NA,171
2024-06-19,2024,25,"7",41.99605,-82.7179,"Surface",1,"pH","pH",8.25,FALSE,NA,171
2024-07-04,2024,27,"2",41.971783,-82.488083,"Bottom",10,"CHLA","ugL",24.685,FALSE,NA,186
2024-07-04,2024,27,"2",41.971783,-82.488083,"Bottom",10,"COND","uS",245.7,FALSE,NA,186
2024-07-04,2024,27,"2",41.971783,-82.488083,"Bottom",10,"DO","sat%",103.4,FALSE,NA,186
2024-07-04,2024,27,"2",41.971783,-82.488083,"Bottom",10,"NH4","ugL",10.445159651,TRUE,NA,186
2024-07-04,2024,27,"2",41.971783,-82.488083,"Bottom",10,"NO3","ugl",378.77,FALSE,NA,186
2024-07-04,2024,27,"2",41.971783,-82.488083,"Bottom",10,"PP","ugL",11.01689917,FALSE,NA,186
2024-07-04,2024,27,"2",41.971783,-82.488083,"Bottom",10,"PRESSURE","mmHg",744,FALSE,NA,186
2024-07-04,2024,27,"2",41.971783,-82.488083,"Bottom",10,"SRP","ugL",2.59,TRUE,NA,186
2024-07-04,2024,27,"2",41.971783,-82.488083,"Bottom",10,"TDN","ugl",524.0218345,FALSE,NA,186
2024-07-04,2024,27,"2",41.971783,-82.488083,"Bottom",10,"TEMP","C",23,FALSE,NA,186
2024-07-04,2024,27,"2",41.971783,-82.488083,"Bottom",10,"TP","ugL",4.80879019,TRUE,NA,186
2024-07-04,2024,27,"2",41.971783,-82.488083,"Bottom",10,"TSS","mgL",1.099,FALSE,NA,186
2024-07-04,2024,27,"2",41.971783,-82.488083,"Bottom",10,"pH","pH",8.22,FALSE,NA,186
2024-07-04,2024,27,"2",41.971783,-82.488083,"Surface",1,"CHLA","ugL",20.06,FALSE,NA,186
2024-07-04,2024,27,"2",41.971783,-82.488083,"Surface",1,"COND","uS",245.2,FALSE,NA,186
2024-07-04,2024,27,"2",41.971783,-82.488083,"Surface",1,"DO","sat%",103.7,FALSE,NA,186
2024-07-04,2024,27,"2",41.971783,-82.488083,"Surface",1,"NH4","ugL",32.67148775,TRUE,NA,186
2024-07-04,2024,27,"2",41.971783,-82.488083,"Surface",1,"NO3","ugl",371.58,FALSE,NA,186
2024-07-04,2024,27,"2",41.971783,-82.488083,"Surface",1,"PP","ugL",8.692432008,TRUE,NA,186
2024-07-04,2024,27,"2",41.971783,-82.488083,"Surface",1,"PRESSURE","mmHg",744,FALSE,NA,186
2024-07-04,2024,27,"2",41.971783,-82.488083,"Surface",1,"SECCHI","m",4.5,FALSE,NA,186
2024-07-04,2024,27,"2",41.971783,-82.488083,"Surface",1,"SRP","ugL",2.545,TRUE,NA,186
2024-07-04,2024,27,"2",41.971783,-82.488083,"Surface",1,"TDN","ugl",509.7115212,FALSE,NA,186
2024-07-04,2024,27,"2",41.971783,-82.488083,"Surface",1,"TEMP","C",23.2,FALSE,NA,186
2024-07-04,2024,27,"2",41.971783,-82.488083,"Surface",1,"TP","ugL",6.1275933615,TRUE,NA,186
2024-07-04,2024,27,"2",41.971783,-82.488083,"Surface",1,"TSS","mgL",0.942,FALSE,NA,186
2024-07-04,2024,27,"2",41.971783,-82.488083,"Surface",1,"pH","pH",8.27,FALSE,NA,186
2024-07-04,2024,27,"4",41.8927,-82.525767,"Bottom",10,"CHLA","ugL",18.62,TRUE,NA,186
2024-07-04,2024,27,"4",41.8927,-82.525767,"Bottom",10,"COND","uS",250,FALSE,NA,186
2024-07-04,2024,27,"4",41.8927,-82.525767,"Bottom",10,"DO","sat%",91.8,FALSE,NA,186
2024-07-04,2024,27,"4",41.8927,-82.525767,"Bottom",10,"NH4","ugL",23.56233689,TRUE,NA,186
2024-07-04,2024,27,"4",41.8927,-82.525767,"Bottom",10,"NO3","ugl",347.27,FALSE,NA,186
2024-07-04,2024,27,"4",41.8927,-82.525767,"Bottom",10,"PP","ugL",10.314260265,FALSE,NA,186
2024-07-04,2024,27,"4",41.8927,-82.525767,"Bottom",10,"PRESSURE","mmHg",744.2,FALSE,NA,186
2024-07-04,2024,27,"4",41.8927,-82.525767,"Bottom",10,"SRP","ugL",3.47,FALSE,NA,186
2024-07-04,2024,27,"4",41.8927,-82.525767,"Bottom",10,"TDN","ugl",609.2870505,FALSE,NA,186
2024-07-04,2024,27,"4",41.8927,-82.525767,"Bottom",10,"TEMP","C",22.6,FALSE,NA,186
2024-07-04,2024,27,"4",41.8927,-82.525767,"Bottom",10,"TP","ugL",8.1998756015,TRUE,NA,186
2024-07-04,2024,27,"4",41.8927,-82.525767,"Bottom",10,"TSS","mgL",2.381,FALSE,NA,186
2024-07-04,2024,27,"4",41.8927,-82.525767,"Bottom",10,"pH","pH",7.97,FALSE,NA,186
2024-07-04,2024,27,"4",41.8927,-82.525767,"Surface",1,"CHLA","ugL",34.56,FALSE,NA,186
2024-07-04,2024,27,"4",41.8927,-82.525767,"Surface",1,"COND","uS",247.9,FALSE,NA,186
2024-07-04,2024,27,"4",41.8927,-82.525767,"Surface",1,"DO","sat%",104.8,FALSE,NA,186
2024-07-04,2024,27,"4",41.8927,-82.525767,"Surface",1,"NH4","ugL",0.88055125,TRUE,NA,186
2024-07-04,2024,27,"4",41.8927,-82.525767,"Surface",1,"NO3","ugl",395.39,FALSE,NA,186
2024-07-04,2024,27,"4",41.8927,-82.525767,"Surface",1,"PP","ugL",10.560403481,FALSE,NA,186
2024-07-04,2024,27,"4",41.8927,-82.525767,"Surface",1,"PRESSURE","mmHg",744,FALSE,NA,186
2024-07-04,2024,27,"4",41.8927,-82.525767,"Surface",1,"SECCHI","m",4.5,FALSE,NA,186
2024-07-04,2024,27,"4",41.8927,-82.525767,"Surface",1,"SRP","ugL",2.41,FALSE,NA,186
2024-07-04,2024,27,"4",41.8927,-82.525767,"Surface",1,"TDN","ugl",541.125841,FALSE,NA,186
2024-07-04,2024,27,"4",41.8927,-82.525767,"Surface",1,"TEMP","C",23.6,FALSE,NA,186
2024-07-04,2024,27,"4",41.8927,-82.525767,"Surface",1,"TP","ugL",7.4354645765,TRUE,NA,186
2024-07-04,2024,27,"4",41.8927,-82.525767,"Surface",1,"TSS","mgL",1.036,FALSE,NA,186
2024-07-04,2024,27,"4",41.8927,-82.525767,"Surface",1,"pH","pH",8.28,FALSE,NA,186
2024-07-04,2024,27,"5",42.002583,-82.578633,"Bottom",7,"CHLA","ugL",41.925,FALSE,NA,186
2024-07-04,2024,27,"5",42.002583,-82.578633,"Bottom",7,"COND","uS",240.4,FALSE,NA,186
2024-07-04,2024,27,"5",42.002583,-82.578633,"Bottom",7,"DO","sat%",101,FALSE,NA,186
2024-07-04,2024,27,"5",42.002583,-82.578633,"Bottom",7,"NH4","ugL",7.5302313765,TRUE,NA,186
2024-07-04,2024,27,"5",42.002583,-82.578633,"Bottom",7,"NO3","ugl",350.72,FALSE,NA,186
2024-07-04,2024,27,"5",42.002583,-82.578633,"Bottom",7,"PP","ugL",14.098465115,FALSE,NA,186
2024-07-04,2024,27,"5",42.002583,-82.578633,"Bottom",7,"PRESSURE","mmHg",744.4,FALSE,NA,186
2024-07-04,2024,27,"5",42.002583,-82.578633,"Bottom",7,"SRP","ugL",1.3,TRUE,NA,186
2024-07-04,2024,27,"5",42.002583,-82.578633,"Bottom",7,"TDN","ugl",491.0364608,FALSE,NA,186
2024-07-04,2024,27,"5",42.002583,-82.578633,"Bottom",7,"TEMP","C",23.3,FALSE,NA,186
2024-07-04,2024,27,"5",42.002583,-82.578633,"Bottom",7,"TP","ugL",8.9931265365,TRUE,NA,186
2024-07-04,2024,27,"5",42.002583,-82.578633,"Bottom",7,"TSS","mgL",3.082,FALSE,NA,186
2024-07-04,2024,27,"5",42.002583,-82.578633,"Bottom",7,"pH","pH",8.27,FALSE,NA,186
2024-07-04,2024,27,"5",42.002583,-82.578633,"Surface",1,"CHLA","ugL",38.095,FALSE,NA,186
2024-07-04,2024,27,"5",42.002583,-82.578633,"Surface",1,"COND","uS",243,FALSE,NA,186
2024-07-04,2024,27,"5",42.002583,-82.578633,"Surface",1,"DO","sat%",109,FALSE,NA,186
2024-07-04,2024,27,"5",42.002583,-82.578633,"Surface",1,"NH4","ugL",9.989702109,TRUE,NA,186
2024-07-04,2024,27,"5",42.002583,-82.578633,"Surface",1,"NO3","ugl",323.14,FALSE,NA,186
2024-07-04,2024,27,"5",42.002583,-82.578633,"Surface",1,"PP","ugL",15.01093178,FALSE,NA,186
2024-07-04,2024,27,"5",42.002583,-82.578633,"Surface",1,"PRESSURE","mmHg",744.4,FALSE,NA,186
2024-07-04,2024,27,"5",42.002583,-82.578633,"Surface",1,"SECCHI","m",2.5,FALSE,NA,186
2024-07-04,2024,27,"5",42.002583,-82.578633,"Surface",1,"SRP","ugL",1.725,TRUE,NA,186
2024-07-04,2024,27,"5",42.002583,-82.578633,"Surface",1,"TDN","ugl",423.581237,FALSE,NA,186
2024-07-04,2024,27,"5",42.002583,-82.578633,"Surface",1,"TEMP","C",24,FALSE,NA,186
2024-07-04,2024,27,"5",42.002583,-82.578633,"Surface",1,"TP","ugL",12.307023382,TRUE,NA,186
2024-07-04,2024,27,"5",42.002583,-82.578633,"Surface",1,"TSS","mgL",0.862,FALSE,NA,186
2024-07-04,2024,27,"5",42.002583,-82.578633,"Surface",1,"pH","pH",8.39,FALSE,NA,186
2024-07-04,2024,27,"6",42.0222,-82.669683,"Bottom",7,"CHLA","ugL",39.45,FALSE,NA,186
2024-07-04,2024,27,"6",42.0222,-82.669683,"Bottom",7,"COND","uS",238.9,FALSE,NA,186
2024-07-04,2024,27,"6",42.0222,-82.669683,"Bottom",7,"DO","sat%",100,FALSE,NA,186
2024-07-04,2024,27,"6",42.0222,-82.669683,"Bottom",7,"NH4","ugL",14.544277535,TRUE,NA,186
2024-07-04,2024,27,"6",42.0222,-82.669683,"Bottom",7,"NO3","ugl",336.58,FALSE,NA,186
2024-07-04,2024,27,"6",42.0222,-82.669683,"Bottom",7,"PP","ugL",13.442730335,FALSE,NA,186
2024-07-04,2024,27,"6",42.0222,-82.669683,"Bottom",7,"PRESSURE","mmHg",744.3,FALSE,NA,186
2024-07-04,2024,27,"6",42.0222,-82.669683,"Bottom",7,"SRP","ugL",3.125,TRUE,NA,186
2024-07-04,2024,27,"6",42.0222,-82.669683,"Bottom",7,"TEMP","C",23.1,FALSE,NA,186
2024-07-04,2024,27,"6",42.0222,-82.669683,"Bottom",7,"TP","ugL",12.20224792,FALSE,NA,186
2024-07-04,2024,27,"6",42.0222,-82.669683,"Bottom",7,"TSS","mgL",2.509,FALSE,NA,186
2024-07-04,2024,27,"6",42.0222,-82.669683,"Bottom",7,"pH","pH",8.2,FALSE,NA,186
2024-07-04,2024,27,"6",42.0222,-82.669683,"Surface",1,"CHLA","ugL",30.795,FALSE,NA,186
2024-07-04,2024,27,"6",42.0222,-82.669683,"Surface",1,"COND","uS",242.8,FALSE,NA,186
2024-07-04,2024,27,"6",42.0222,-82.669683,"Surface",1,"DO","sat%",103.8,FALSE,NA,186
2024-07-04,2024,27,"6",42.0222,-82.669683,"Surface",1,"NH4","ugL",33.764585855,TRUE,NA,186
2024-07-04,2024,27,"6",42.0222,-82.669683,"Surface",1,"NO3","ugl",371.3,FALSE,NA,186
2024-07-04,2024,27,"6",42.0222,-82.669683,"Surface",1,"PP","ugL",11.27933267,FALSE,NA,186
2024-07-04,2024,27,"6",42.0222,-82.669683,"Surface",1,"PRESSURE","mmHg",744.3,FALSE,NA,186
2024-07-04,2024,27,"6",42.0222,-82.669683,"Surface",1,"SECCHI","m",3.5,FALSE,NA,186
2024-07-04,2024,27,"6",42.0222,-82.669683,"Surface",1,"SRP","ugL",5.27,FALSE,NA,186
2024-07-04,2024,27,"6",42.0222,-82.669683,"Surface",1,"TEMP","C",23.8,FALSE,NA,186
2024-07-04,2024,27,"6",42.0222,-82.669683,"Surface",1,"TP","ugL",7.444977299,TRUE,NA,186
2024-07-04,2024,27,"6",42.0222,-82.669683,"Surface",1,"TSS","mgL",1.912,FALSE,NA,186
2024-07-04,2024,27,"6",42.0222,-82.669683,"Surface",1,"pH","pH",8.24,FALSE,NA,186
2024-07-04,2024,27,"7",41.99605,-82.7179,"Bottom",9,"CHLA","ugL",60.8,FALSE,NA,186
2024-07-04,2024,27,"7",41.99605,-82.7179,"Bottom",9,"COND","uS",238.7,FALSE,NA,186
2024-07-04,2024,27,"7",41.99605,-82.7179,"Bottom",9,"DO","sat%",99.1,FALSE,NA,186
2024-07-04,2024,27,"7",41.99605,-82.7179,"Bottom",9,"NH4","ugL",31.94275568,TRUE,NA,186
2024-07-04,2024,27,"7",41.99605,-82.7179,"Bottom",9,"NO3","ugl",316.49,FALSE,NA,186
2024-07-04,2024,27,"7",41.99605,-82.7179,"Bottom",9,"PP","ugL",14.29208194,FALSE,NA,186
2024-07-04,2024,27,"7",41.99605,-82.7179,"Bottom",9,"PRESSURE","mmHg",744,FALSE,NA,186
2024-07-04,2024,27,"7",41.99605,-82.7179,"Bottom",9,"SRP","ugL",1.925,FALSE,NA,186
2024-07-04,2024,27,"7",41.99605,-82.7179,"Bottom",9,"TDN","ugl",618.0985254,FALSE,NA,186
2024-07-04,2024,27,"7",41.99605,-82.7179,"Bottom",9,"TEMP","C",22.8,FALSE,NA,186
2024-07-04,2024,27,"7",41.99605,-82.7179,"Bottom",9,"TP","ugL",8.862047897,TRUE,NA,186
2024-07-04,2024,27,"7",41.99605,-82.7179,"Bottom",9,"TSS","mgL",3.52125,FALSE,NA,186
2024-07-04,2024,27,"7",41.99605,-82.7179,"Bottom",9,"pH","pH",8.18,FALSE,NA,186
2024-07-04,2024,27,"7",41.99605,-82.7179,"Surface",1,"CHLA","ugL",27.795,FALSE,NA,186
2024-07-04,2024,27,"7",41.99605,-82.7179,"Surface",1,"COND","uS",239.7,FALSE,NA,186
2024-07-04,2024,27,"7",41.99605,-82.7179,"Surface",1,"DO","sat%",105,FALSE,NA,186
2024-07-04,2024,27,"7",41.99605,-82.7179,"Surface",1,"NH4","ugL",4.9796691365,TRUE,NA,186
2024-07-04,2024,27,"7",41.99605,-82.7179,"Surface",1,"NO3","ugl",355.57,FALSE,NA,186
2024-07-04,2024,27,"7",41.99605,-82.7179,"Surface",1,"PP","ugL",9.37978838,FALSE,NA,186
2024-07-04,2024,27,"7",41.99605,-82.7179,"Surface",1,"PRESSURE","mmHg",744,FALSE,NA,186
2024-07-04,2024,27,"7",41.99605,-82.7179,"Surface",1,"SECCHI","m",4.5,FALSE,NA,186
2024-07-04,2024,27,"7",41.99605,-82.7179,"Surface",1,"SRP","ugL",1.88,TRUE,NA,186
2024-07-04,2024,27,"7",41.99605,-82.7179,"Surface",1,"TDN","ugl",636.0143971,FALSE,NA,186
2024-07-04,2024,27,"7",41.99605,-82.7179,"Surface",1,"TEMP","C",23.5,FALSE,NA,186
2024-07-04,2024,27,"7",41.99605,-82.7179,"Surface",1,"TP","ugL",8.811171887,TRUE,NA,186
2024-07-04,2024,27,"7",41.99605,-82.7179,"Surface",1,"TSS","mgL",0.941,FALSE,NA,186
2024-07-04,2024,27,"7",41.99605,-82.7179,"Surface",1,"pH","pH",8.37,FALSE,NA,186
2024-07-19,2024,29,"2",41.971783,-82.488083,"Bottom",10,"CHLA","ugL",42.38,FALSE,NA,201
2024-07-19,2024,29,"2",41.971783,-82.488083,"Bottom",10,"COND","uS",244,FALSE,NA,201
2024-07-19,2024,29,"2",41.971783,-82.488083,"Bottom",10,"DO","sat%",98.3,FALSE,NA,201
2024-07-19,2024,29,"2",41.971783,-82.488083,"Bottom",10,"NH4","ugL",28.66346137,TRUE,NA,201
2024-07-19,2024,29,"2",41.971783,-82.488083,"Bottom",10,"NO3","ugl",299.46,FALSE,NA,201
2024-07-19,2024,29,"2",41.971783,-82.488083,"Bottom",10,"PP","ugL",12.791771475,TRUE,NA,201
2024-07-19,2024,29,"2",41.971783,-82.488083,"Bottom",10,"PRESSURE","mmHg",751.2,FALSE,NA,201
2024-07-19,2024,29,"2",41.971783,-82.488083,"Bottom",10,"SRP","ugL",17.635,FALSE,NA,201
2024-07-19,2024,29,"2",41.971783,-82.488083,"Bottom",10,"TDN","ugl",687.7072468,FALSE,NA,201
2024-07-19,2024,29,"2",41.971783,-82.488083,"Bottom",10,"TEMP","C",24.4,FALSE,NA,201
2024-07-19,2024,29,"2",41.971783,-82.488083,"Bottom",10,"TP","ugL",17.153082595,TRUE,NA,201
2024-07-19,2024,29,"2",41.971783,-82.488083,"Bottom",10,"TSS","mgL",2.81,FALSE,NA,201
2024-07-19,2024,29,"2",41.971783,-82.488083,"Bottom",10,"pH","pH",8.21,FALSE,NA,201
2024-07-19,2024,29,"2",41.971783,-82.488083,"Surface",1,"CHLA","ugL",30.11,FALSE,NA,201
2024-07-19,2024,29,"2",41.971783,-82.488083,"Surface",1,"COND","uS",241.7,FALSE,NA,201
2024-07-19,2024,29,"2",41.971783,-82.488083,"Surface",1,"DO","sat%",108.3,FALSE,NA,201
2024-07-19,2024,29,"2",41.971783,-82.488083,"Surface",1,"NH4","ugL",13.54227094,TRUE,NA,201
2024-07-19,2024,29,"2",41.971783,-82.488083,"Surface",1,"NO3","ugl",274.15,FALSE,NA,201
2024-07-19,2024,29,"2",41.971783,-82.488083,"Surface",1,"PP","ugL",10.468745355,TRUE,NA,201
2024-07-19,2024,29,"2",41.971783,-82.488083,"Surface",1,"PRESSURE","mmHg",751.3,FALSE,NA,201
2024-07-19,2024,29,"2",41.971783,-82.488083,"Surface",1,"SECCHI","m",3.5,FALSE,NA,201
2024-07-19,2024,29,"2",41.971783,-82.488083,"Surface",1,"SRP","ugL",1.15,TRUE,NA,201
2024-07-19,2024,29,"2",41.971783,-82.488083,"Surface",1,"TDN","ugl",650.8176795,FALSE,NA,201
2024-07-19,2024,29,"2",41.971783,-82.488083,"Surface",1,"TEMP","C",24.7,FALSE,NA,201
2024-07-19,2024,29,"2",41.971783,-82.488083,"Surface",1,"TP","ugL",11.2511500765,TRUE,NA,201
2024-07-19,2024,29,"2",41.971783,-82.488083,"Surface",1,"TSS","mgL",0.688,FALSE,NA,201
2024-07-19,2024,29,"2",41.971783,-82.488083,"Surface",1,"pH","pH",8.37,FALSE,NA,201
2024-07-19,2024,29,"4",41.8927,-82.525767,"Bottom",10,"CHLA","ugL",43.83,FALSE,NA,201
2024-07-19,2024,29,"4",41.8927,-82.525767,"Bottom",10,"COND","uS",234,FALSE,NA,201
2024-07-19,2024,29,"4",41.8927,-82.525767,"Bottom",10,"DO","sat%",100.5,FALSE,NA,201
2024-07-19,2024,29,"4",41.8927,-82.525767,"Bottom",10,"NH4","ugL",15.63737564,TRUE,NA,201
2024-07-19,2024,29,"4",41.8927,-82.525767,"Bottom",10,"NO3","ugl",327.24,FALSE,NA,201
2024-07-19,2024,29,"4",41.8927,-82.525767,"Bottom",10,"PP","ugL",12.665580045,TRUE,NA,201
2024-07-19,2024,29,"4",41.8927,-82.525767,"Bottom",10,"PRESSURE","mmHg",751.1,FALSE,NA,201
2024-07-19,2024,29,"4",41.8927,-82.525767,"Bottom",10,"SRP","ugL",2.665,TRUE,NA,201
2024-07-19,2024,29,"4",41.8927,-82.525767,"Bottom",10,"TEMP","C",24.6,FALSE,NA,201
2024-07-19,2024,29,"4",41.8927,-82.525767,"Bottom",10,"TP","ugL",10.0247246215,TRUE,NA,201
2024-07-19,2024,29,"4",41.8927,-82.525767,"Bottom",10,"TSS","mgL",2.005,FALSE,NA,201
2024-07-19,2024,29,"4",41.8927,-82.525767,"Bottom",10,"pH","pH",8.3,FALSE,NA,201
2024-07-19,2024,29,"4",41.8927,-82.525767,"Surface",1,"CHLA","ugL",46.3,FALSE,NA,201
2024-07-19,2024,29,"4",41.8927,-82.525767,"Surface",1,"COND","uS",233.9,FALSE,NA,201
2024-07-19,2024,29,"4",41.8927,-82.525767,"Surface",1,"DO","sat%",103,FALSE,NA,201
2024-07-19,2024,29,"4",41.8927,-82.525767,"Surface",1,"NH4","ugL",8.0767804265,TRUE,NA,201
2024-07-19,2024,29,"4",41.8927,-82.525767,"Surface",1,"NO3","ugl",290.94,FALSE,NA,201
2024-07-19,2024,29,"4",41.8927,-82.525767,"Surface",1,"PP","ugL",11.558983913,TRUE,NA,201
2024-07-19,2024,29,"4",41.8927,-82.525767,"Surface",1,"PRESSURE","mmHg",751.2,FALSE,NA,201
2024-07-19,2024,29,"4",41.8927,-82.525767,"Surface",1,"SECCHI","m",3.6,FALSE,NA,201
2024-07-19,2024,29,"4",41.8927,-82.525767,"Surface",1,"SRP","ugL",6.785,FALSE,NA,201
2024-07-19,2024,29,"4",41.8927,-82.525767,"Surface",1,"TDN","ugl",569.4005523,FALSE,NA,201
2024-07-19,2024,29,"4",41.8927,-82.525767,"Surface",1,"TEMP","C",24.5,FALSE,NA,201
2024-07-19,2024,29,"4",41.8927,-82.525767,"Surface",1,"TP","ugL",6.2187441675,TRUE,NA,201
2024-07-19,2024,29,"4",41.8927,-82.525767,"Surface",1,"TSS","mgL",2.202,FALSE,NA,201
2024-07-19,2024,29,"4",41.8927,-82.525767,"Surface",1,"pH","pH",8.34,FALSE,NA,201
2024-07-19,2024,29,"5",42.002583,-82.578633,"Bottom",7,"CHLA","ugL",69.515,FALSE,NA,201
2024-07-19,2024,29,"5",42.002583,-82.578633,"Bottom",7,"COND","uS",258.8,FALSE,NA,201
2024-07-19,2024,29,"5",42.002583,-82.578633,"Bottom",7,"DO","sat%",66.9,FALSE,NA,201
2024-07-19,2024,29,"5",42.002583,-82.578633,"Bottom",7,"NH4","ugL",17.2770228,TRUE,NA,201
2024-07-19,2024,29,"5",42.002583,-82.578633,"Bottom",7,"NO3","ugl",292.67,FALSE,NA,201
2024-07-19,2024,29,"5",42.002583,-82.578633,"Bottom",7,"PP","ugL",20.114746025,FALSE,NA,201
2024-07-19,2024,29,"5",42.002583,-82.578633,"Bottom",7,"PRESSURE","mmHg",751.2,FALSE,NA,201
2024-07-19,2024,29,"5",42.002583,-82.578633,"Bottom",7,"SRP","ugL",3.82,FALSE,NA,201
2024-07-19,2024,29,"5",42.002583,-82.578633,"Bottom",7,"TDN","ugl",705.7069657,FALSE,NA,201
2024-07-19,2024,29,"5",42.002583,-82.578633,"Bottom",7,"TEMP","C",20.2,FALSE,NA,201
2024-07-19,2024,29,"5",42.002583,-82.578633,"Bottom",7,"TP","ugL",10.9685600255,TRUE,NA,201
2024-07-19,2024,29,"5",42.002583,-82.578633,"Bottom",7,"TSS","mgL",4.235,FALSE,NA,201
2024-07-19,2024,29,"5",42.002583,-82.578633,"Bottom",7,"pH","pH",7.67,FALSE,NA,201
2024-07-19,2024,29,"5",42.002583,-82.578633,"Surface",1,"CHLA","ugL",43.485,FALSE,NA,201
2024-07-19,2024,29,"5",42.002583,-82.578633,"Surface",1,"COND","uS",241.4,FALSE,NA,201
2024-07-19,2024,29,"5",42.002583,-82.578633,"Surface",1,"DO","sat%",102.3,FALSE,NA,201
2024-07-19,2024,29,"5",42.002583,-82.578633,"Surface",1,"NH4","ugL",23.015787835,TRUE,NA,201
2024-07-19,2024,29,"5",42.002583,-82.578633,"Surface",1,"NO3","ugl",283.56,FALSE,NA,201
2024-07-19,2024,29,"5",42.002583,-82.578633,"Surface",1,"PP","ugL",11.90988685,TRUE,NA,201
2024-07-19,2024,29,"5",42.002583,-82.578633,"Surface",1,"PRESSURE","mmHg",751.1,FALSE,NA,201
2024-07-19,2024,29,"5",42.002583,-82.578633,"Surface",1,"SECCHI","m",2.5,FALSE,NA,201
2024-07-19,2024,29,"5",42.002583,-82.578633,"Surface",1,"SRP","ugL",0.67,FALSE,NA,201
2024-07-19,2024,29,"5",42.002583,-82.578633,"Surface",1,"TDN","ugl",595.8660362,FALSE,NA,201
2024-07-19,2024,29,"5",42.002583,-82.578633,"Surface",1,"TEMP","C",25.1,FALSE,NA,201
2024-07-19,2024,29,"5",42.002583,-82.578633,"Surface",1,"TP","ugL",8.757943849,TRUE,NA,201
2024-07-19,2024,29,"5",42.002583,-82.578633,"Surface",1,"TSS","mgL",2.34,FALSE,NA,201
2024-07-19,2024,29,"5",42.002583,-82.578633,"Surface",1,"pH","pH",8.22,FALSE,NA,201
2024-07-19,2024,29,"6",42.0222,-82.669683,"Bottom",7,"COND","uS",239.1,FALSE,NA,201
2024-07-19,2024,29,"6",42.0222,-82.669683,"Bottom",7,"DO","sat%",98,FALSE,NA,201
2024-07-19,2024,29,"6",42.0222,-82.669683,"Bottom",7,"NH4","ugL",4.2509370675,FALSE,NA,201
2024-07-19,2024,29,"6",42.0222,-82.669683,"Bottom",7,"NO3","ugl",282.63,FALSE,NA,201
2024-07-19,2024,29,"6",42.0222,-82.669683,"Bottom",7,"PRESSURE","mmHg",751.3,FALSE,NA,201
2024-07-19,2024,29,"6",42.0222,-82.669683,"Bottom",7,"SRP","ugL",5.26,FALSE,NA,201
2024-07-19,2024,29,"6",42.0222,-82.669683,"Bottom",7,"TDN","ugl",650.7929764,FALSE,NA,201
2024-07-19,2024,29,"6",42.0222,-82.669683,"Bottom",7,"TEMP","C",24.6,FALSE,NA,201
2024-07-19,2024,29,"6",42.0222,-82.669683,"Bottom",7,"TP","ugL",18.003712471,TRUE,NA,201
2024-07-19,2024,29,"6",42.0222,-82.669683,"Bottom",7,"TSS","mgL",4.832,FALSE,NA,201
2024-07-19,2024,29,"6",42.0222,-82.669683,"Bottom",7,"pH","pH",8.24,FALSE,NA,201
2024-07-19,2024,29,"6",42.0222,-82.669683,"Surface",1,"CHLA","ugL",32.235,FALSE,NA,201
2024-07-19,2024,29,"6",42.0222,-82.669683,"Surface",1,"COND","uS",239,FALSE,NA,201
2024-07-19,2024,29,"6",42.0222,-82.669683,"Surface",1,"DO","sat%",99.1,FALSE,NA,201
2024-07-19,2024,29,"6",42.0222,-82.669683,"Surface",1,"NH4","ugL",18.91666995,TRUE,NA,201
2024-07-19,2024,29,"6",42.0222,-82.669683,"Surface",1,"NO3","ugl",272.55,FALSE,NA,201
2024-07-19,2024,29,"6",42.0222,-82.669683,"Surface",1,"PP","ugL",12.762003985,TRUE,NA,201
2024-07-19,2024,29,"6",42.0222,-82.669683,"Surface",1,"PRESSURE","mmHg",751.3,FALSE,NA,201
2024-07-19,2024,29,"6",42.0222,-82.669683,"Surface",1,"SECCHI","m",3.6,FALSE,NA,201
2024-07-19,2024,29,"6",42.0222,-82.669683,"Surface",1,"SRP","ugL",4.045,FALSE,NA,201
2024-07-19,2024,29,"6",42.0222,-82.669683,"Surface",1,"TDN","ugl",576.7740694,FALSE,NA,201
2024-07-19,2024,29,"6",42.0222,-82.669683,"Surface",1,"TEMP","C",24.6,FALSE,NA,201
2024-07-19,2024,29,"6",42.0222,-82.669683,"Surface",1,"TP","ugL",17.093900961,TRUE,NA,201
2024-07-19,2024,29,"6",42.0222,-82.669683,"Surface",1,"TSS","mgL",0.391,FALSE,NA,201
2024-07-19,2024,29,"6",42.0222,-82.669683,"Surface",1,"pH","pH",8.27,FALSE,NA,201
2024-07-19,2024,29,"7",41.99605,-82.7179,"Bottom",9,"CHLA","ugL",43.35,FALSE,NA,201
2024-07-19,2024,29,"7",41.99605,-82.7179,"Bottom",9,"COND","uS",237.4,FALSE,NA,201
2024-07-19,2024,29,"7",41.99605,-82.7179,"Bottom",9,"DO","sat%",101.2,FALSE,NA,201
2024-07-19,2024,29,"7",41.99605,-82.7179,"Bottom",9,"NH4","ugL",10.7184341775,TRUE,NA,201
2024-07-19,2024,29,"7",41.99605,-82.7179,"Bottom",9,"NO3","ugl",397.53,FALSE,NA,201
2024-07-19,2024,29,"7",41.99605,-82.7179,"Bottom",9,"PP","ugL",15.010547305,TRUE,NA,201
2024-07-19,2024,29,"7",41.99605,-82.7179,"Bottom",9,"PRESSURE","mmHg",751.2,FALSE,NA,201
2024-07-19,2024,29,"7",41.99605,-82.7179,"Bottom",9,"SRP","ugL",3.23,TRUE,NA,201
2024-07-19,2024,29,"7",41.99605,-82.7179,"Bottom",9,"TDN","ugl",892.9001238,FALSE,NA,201
2024-07-19,2024,29,"7",41.99605,-82.7179,"Bottom",9,"TEMP","C",24.6,FALSE,NA,201
2024-07-19,2024,29,"7",41.99605,-82.7179,"Bottom",9,"TP","ugL",4.111050002,TRUE,NA,201
2024-07-19,2024,29,"7",41.99605,-82.7179,"Bottom",9,"TSS","mgL",2.77,FALSE,NA,201
2024-07-19,2024,29,"7",41.99605,-82.7179,"Bottom",9,"pH","pH",8.33,FALSE,NA,201
2024-07-19,2024,29,"7",41.99605,-82.7179,"Surface",1,"CHLA","ugL",41.205,TRUE,NA,201
2024-07-19,2024,29,"7",41.99605,-82.7179,"Surface",1,"COND","uS",237.4,FALSE,NA,201
2024-07-19,2024,29,"7",41.99605,-82.7179,"Surface",1,"DO","sat%",104.4,FALSE,NA,201
2024-07-19,2024,29,"7",41.99605,-82.7179,"Surface",1,"NH4","ugL",8.5322379735,TRUE,NA,201
2024-07-19,2024,29,"7",41.99605,-82.7179,"Surface",1,"NO3","ugl",293.85,FALSE,NA,201
2024-07-19,2024,29,"7",41.99605,-82.7179,"Surface",1,"PP","ugL",12.095036535,TRUE,NA,201
2024-07-19,2024,29,"7",41.99605,-82.7179,"Surface",1,"PRESSURE","mmHg",751.3,FALSE,NA,201
2024-07-19,2024,29,"7",41.99605,-82.7179,"Surface",1,"SECCHI","m",3.8,FALSE,NA,201
2024-07-19,2024,29,"7",41.99605,-82.7179,"Surface",1,"SRP","ugL",1.275,TRUE,NA,201
2024-07-19,2024,29,"7",41.99605,-82.7179,"Surface",1,"TEMP","C",24.2,FALSE,NA,201
2024-07-19,2024,29,"7",41.99605,-82.7179,"Surface",1,"TP","ugL",26.217753315,TRUE,NA,201
2024-07-19,2024,29,"7",41.99605,-82.7179,"Surface",1,"TSS","mgL",1.713,FALSE,NA,201
2024-07-19,2024,29,"7",41.99605,-82.7179,"Surface",1,"pH","pH",8.36,FALSE,NA,201
2024-08-04,2024,32,"2",41.971783,-82.488083,"Bottom",10,"CHLA","ugL",54.885,FALSE,NA,217
2024-08-04,2024,32,"2",41.971783,-82.488083,"Bottom",10,"COND","uS",237.2,FALSE,NA,217
2024-08-04,2024,32,"2",41.971783,-82.488083,"Bottom",10,"DO","sat%",93.9,FALSE,NA,217
2024-08-04,2024,32,"2",41.971783,-82.488083,"Bottom",10,"NH4","ugL",18.82557844,TRUE,NA,217
2024-08-04,2024,32,"2",41.971783,-82.488083,"Bottom",10,"NO3","ugl",188.49,FALSE,NA,217
2024-08-04,2024,32,"2",41.971783,-82.488083,"Bottom",10,"PP","ugL",11.232981195,FALSE,NA,217
2024-08-04,2024,32,"2",41.971783,-82.488083,"Bottom",10,"PRESSURE","mmHg",745.9,FALSE,NA,217
2024-08-04,2024,32,"2",41.971783,-82.488083,"Bottom",10,"SRP","ugL",2.425,FALSE,NA,217
2024-08-04,2024,32,"2",41.971783,-82.488083,"Bottom",10,"TDN","ugl",610.7076563,FALSE,NA,217
2024-08-04,2024,32,"2",41.971783,-82.488083,"Bottom",10,"TEMP","C",25.6,FALSE,NA,217
2024-08-04,2024,32,"2",41.971783,-82.488083,"Bottom",10,"TP","ugL",14.465357381,TRUE,NA,217
2024-08-04,2024,32,"2",41.971783,-82.488083,"Bottom",10,"TSS","mgL",0.84,FALSE,NA,217
2024-08-04,2024,32,"2",41.971783,-82.488083,"Bottom",10,"pH","pH",8.41,FALSE,NA,217
2024-08-04,2024,32,"2",41.971783,-82.488083,"Surface",1,"CHLA","ugL",66.185,FALSE,NA,217
2024-08-04,2024,32,"2",41.971783,-82.488083,"Surface",1,"COND","uS",241.2,FALSE,NA,217
2024-08-04,2024,32,"2",41.971783,-82.488083,"Surface",1,"DMC","ugL",0.027693162,FALSE,NA,217
2024-08-04,2024,32,"2",41.971783,-82.488083,"Surface",1,"DO","sat%",106.4,FALSE,NA,217
2024-08-04,2024,32,"2",41.971783,-82.488083,"Surface",1,"NH4","ugL",27.023814215,FALSE,NA,217
2024-08-04,2024,32,"2",41.971783,-82.488083,"Surface",1,"NO3","ugl",187.07,FALSE,NA,217
2024-08-04,2024,32,"2",41.971783,-82.488083,"Surface",1,"PP","ugL",11.88755129,FALSE,NA,217
2024-08-04,2024,32,"2",41.971783,-82.488083,"Surface",1,"PRESSURE","mmHg",746.9,FALSE,NA,217
2024-08-04,2024,32,"2",41.971783,-82.488083,"Surface",1,"SECCHI","m",3,FALSE,NA,217
2024-08-04,2024,32,"2",41.971783,-82.488083,"Surface",1,"SRP","ugL",0.81,TRUE,NA,217
2024-08-04,2024,32,"2",41.971783,-82.488083,"Surface",1,"TDN","ugl",605.2388661,FALSE,NA,217
2024-08-04,2024,32,"2",41.971783,-82.488083,"Surface",1,"TEMP","C",26.1,FALSE,NA,217
2024-08-04,2024,32,"2",41.971783,-82.488083,"Surface",1,"TMC","ugl",0.280864055,FALSE,NA,217
2024-08-04,2024,32,"2",41.971783,-82.488083,"Surface",1,"TP","ugL",10.1057312625,TRUE,NA,217
2024-08-04,2024,32,"2",41.971783,-82.488083,"Surface",1,"TSS","mgL",1.738,FALSE,NA,217
2024-08-04,2024,32,"2",41.971783,-82.488083,"Surface",1,"pH","pH",8.54,FALSE,NA,217
2024-08-04,2024,32,"4",41.8927,-82.525767,"Bottom",10,"CHLA","ugL",51.21,FALSE,NA,217
2024-08-04,2024,32,"4",41.8927,-82.525767,"Bottom",10,"COND","uS",237,FALSE,NA,217
2024-08-04,2024,32,"4",41.8927,-82.525767,"Bottom",10,"DO","sat%",94.4,FALSE,NA,217
2024-08-04,2024,32,"4",41.8927,-82.525767,"Bottom",10,"NH4","ugL",60.090031835,FALSE,NA,217
2024-08-04,2024,32,"4",41.8927,-82.525767,"Bottom",10,"NO3","ugl",215.73,FALSE,NA,217
2024-08-04,2024,32,"4",41.8927,-82.525767,"Bottom",10,"PRESSURE","mmHg",746.1,FALSE,NA,217
2024-08-04,2024,32,"4",41.8927,-82.525767,"Bottom",10,"SRP","ugL",1.255,TRUE,NA,217
2024-08-04,2024,32,"4",41.8927,-82.525767,"Bottom",10,"TDN","ugl",554.5234456,FALSE,NA,217
2024-08-04,2024,32,"4",41.8927,-82.525767,"Bottom",10,"TEMP","C",25.8,FALSE,NA,217
2024-08-04,2024,32,"4",41.8927,-82.525767,"Bottom",10,"TP","ugL",11.0802966925,TRUE,NA,217
2024-08-04,2024,32,"4",41.8927,-82.525767,"Bottom",10,"TSS","mgL",1.865,FALSE,NA,217
2024-08-04,2024,32,"4",41.8927,-82.525767,"Bottom",10,"pH","pH",8.32,FALSE,NA,217
2024-08-04,2024,32,"4",41.8927,-82.525767,"Surface",1,"CHLA","ugL",67.51,FALSE,NA,217
2024-08-04,2024,32,"4",41.8927,-82.525767,"Surface",1,"COND","uS",232.3,FALSE,NA,217
2024-08-04,2024,32,"4",41.8927,-82.525767,"Surface",1,"DMC","ugL",0.022566271,FALSE,NA,217
2024-08-04,2024,32,"4",41.8927,-82.525767,"Surface",1,"DO","sat%",107.3,FALSE,NA,217
2024-08-04,2024,32,"4",41.8927,-82.525767,"Surface",1,"NH4","ugL",37.408246195,FALSE,NA,217
2024-08-04,2024,32,"4",41.8927,-82.525767,"Surface",1,"NO3","ugl",144.84,FALSE,NA,217
2024-08-04,2024,32,"4",41.8927,-82.525767,"Surface",1,"PP","ugL",8.78191787425,TRUE,NA,217
2024-08-04,2024,32,"4",41.8927,-82.525767,"Surface",1,"PRESSURE","mmHg",746.1,FALSE,NA,217
2024-08-04,2024,32,"4",41.8927,-82.525767,"Surface",1,"SECCHI","m",3,FALSE,NA,217
2024-08-04,2024,32,"4",41.8927,-82.525767,"Surface",1,"SRP","ugL",3.28,TRUE,NA,217
2024-08-04,2024,32,"4",41.8927,-82.525767,"Surface",1,"TDN","ugl",488.951161,FALSE,NA,217
2024-08-04,2024,32,"4",41.8927,-82.525767,"Surface",1,"TEMP","C",26.4,FALSE,NA,217
2024-08-04,2024,32,"4",41.8927,-82.525767,"Surface",1,"TMC","ugl",1.17561611,FALSE,NA,217
2024-08-04,2024,32,"4",41.8927,-82.525767,"Surface",1,"TP","ugL",8.874882395,TRUE,NA,217
2024-08-04,2024,32,"4",41.8927,-82.525767,"Surface",1,"TSS","mgL",1.132,FALSE,NA,217
2024-08-04,2024,32,"4",41.8927,-82.525767,"Surface",1,"pH","pH",8.44,FALSE,NA,217
2024-08-04,2024,32,"5",42.002583,-82.578633,"Bottom",7,"CHLA","ugL",30.645,TRUE,NA,217
2024-08-04,2024,32,"5",42.002583,-82.578633,"Bottom",7,"COND","uS",234.9,FALSE,NA,217
2024-08-04,2024,32,"5",42.002583,-82.578633,"Bottom",7,"DO","sat%",52.5,FALSE,NA,217
2024-08-04,2024,32,"5",42.002583,-82.578633,"Bottom",7,"NH4","ugL",12.90463038,FALSE,NA,217
2024-08-04,2024,32,"5",42.002583,-82.578633,"Bottom",7,"NO3","ugl",113.27,FALSE,NA,217
2024-08-04,2024,32,"5",42.002583,-82.578633,"Bottom",7,"PP","ugL",12.569190725,TRUE,NA,217
2024-08-04,2024,32,"5",42.002583,-82.578633,"Bottom",7,"PRESSURE","mmHg",746.4,FALSE,NA,217
2024-08-04,2024,32,"5",42.002583,-82.578633,"Bottom",7,"SRP","ugL",1.275,TRUE,NA,217
2024-08-04,2024,32,"5",42.002583,-82.578633,"Bottom",7,"TDN","ugl",480.8215047,FALSE,NA,217
2024-08-04,2024,32,"5",42.002583,-82.578633,"Bottom",7,"TEMP","C",24.9,FALSE,NA,217
2024-08-04,2024,32,"5",42.002583,-82.578633,"Bottom",7,"TP","ugL",12.1312656405,TRUE,NA,217
2024-08-04,2024,32,"5",42.002583,-82.578633,"Bottom",7,"TSS","mgL",14.74,FALSE,NA,217
2024-08-04,2024,32,"5",42.002583,-82.578633,"Bottom",7,"pH","pH",7.68,FALSE,NA,217
2024-08-04,2024,32,"5",42.002583,-82.578633,"Surface",1,"CHLA","ugL",59.495,TRUE,NA,217
2024-08-04,2024,32,"5",42.002583,-82.578633,"Surface",1,"COND","uS",228.3,FALSE,NA,217
2024-08-04,2024,32,"5",42.002583,-82.578633,"Surface",1,"DO","sat%",117.7,FALSE,NA,217
2024-08-04,2024,32,"5",42.002583,-82.578633,"Surface",1,"NH4","ugL",49.61450837,TRUE,NA,217
2024-08-04,2024,32,"5",42.002583,-82.578633,"Surface",1,"NO3","ugl",155.87,FALSE,NA,217
2024-08-04,2024,32,"5",42.002583,-82.578633,"Surface",1,"PP","ugL",10.761158935,FALSE,NA,217
2024-08-04,2024,32,"5",42.002583,-82.578633,"Surface",1,"PRESSURE","mmHg",746.3,FALSE,NA,217
2024-08-04,2024,32,"5",42.002583,-82.578633,"Surface",1,"SECCHI","m",2.4,FALSE,NA,217
2024-08-04,2024,32,"5",42.002583,-82.578633,"Surface",1,"SRP","ugL",5.65,TRUE,NA,217
2024-08-04,2024,32,"5",42.002583,-82.578633,"Surface",1,"TDN","ugl",512.3549894,FALSE,NA,217
2024-08-04,2024,32,"5",42.002583,-82.578633,"Surface",1,"TEMP","C",26.7,FALSE,NA,217
2024-08-04,2024,32,"5",42.002583,-82.578633,"Surface",1,"TP","ugL",10.449501037,TRUE,NA,217
2024-08-04,2024,32,"5",42.002583,-82.578633,"Surface",1,"TSS","mgL",0.926,FALSE,NA,217
2024-08-04,2024,32,"5",42.002583,-82.578633,"Surface",1,"pH","pH",8.54,FALSE,NA,217
2024-08-04,2024,32,"6",42.0222,-82.669683,"Bottom",7,"CHLA","ugL",58.275,FALSE,NA,217
2024-08-04,2024,32,"6",42.0222,-82.669683,"Bottom",7,"COND","uS",233.9,FALSE,NA,217
2024-08-04,2024,32,"6",42.0222,-82.669683,"Bottom",7,"DMC","ugL",0.039028778,FALSE,NA,217
2024-08-04,2024,32,"6",42.0222,-82.669683,"Bottom",7,"DO","sat%",75.8,FALSE,NA,217
2024-08-04,2024,32,"6",42.0222,-82.669683,"Bottom",7,"NH4","ugL",39.86771693,FALSE,NA,217
2024-08-04,2024,32,"6",42.0222,-82.669683,"Bottom",7,"NO3","ugl",208.84,FALSE,NA,217
2024-08-04,2024,32,"6",42.0222,-82.669683,"Bottom",7,"PP","ugL",15.55582087,FALSE,NA,217
2024-08-04,2024,32,"6",42.0222,-82.669683,"Bottom",7,"PRESSURE","mmHg",745.8,FALSE,NA,217
2024-08-04,2024,32,"6",42.0222,-82.669683,"Bottom",7,"SRP","ugL",3.375,TRUE,NA,217
2024-08-04,2024,32,"6",42.0222,-82.669683,"Bottom",7,"TDN","ugl",669.7226009,FALSE,NA,217
2024-08-04,2024,32,"6",42.0222,-82.669683,"Bottom",7,"TEMP","C",25.5,FALSE,NA,217
2024-08-04,2024,32,"6",42.0222,-82.669683,"Bottom",7,"TP","ugL",18.31749009,TRUE,NA,217
2024-08-04,2024,32,"6",42.0222,-82.669683,"Bottom",7,"TSS","mgL",3.238,FALSE,NA,217
2024-08-04,2024,32,"6",42.0222,-82.669683,"Bottom",7,"pH","pH",8.15,FALSE,NA,217
2024-08-04,2024,32,"6",42.0222,-82.669683,"Surface",1,"CHLA","ugL",63.635,FALSE,NA,217
2024-08-04,2024,32,"6",42.0222,-82.669683,"Surface",1,"COND","uS",232.4,FALSE,NA,217
2024-08-04,2024,32,"6",42.0222,-82.669683,"Surface",1,"DMC","ugL",0.022629451,FALSE,NA,217
2024-08-04,2024,32,"6",42.0222,-82.669683,"Surface",1,"DO","sat%",105.7,FALSE,NA,217
2024-08-04,2024,32,"6",42.0222,-82.669683,"Surface",1,"NH4","ugL",33.49131133,FALSE,NA,217
2024-08-04,2024,32,"6",42.0222,-82.669683,"Surface",1,"NO3","ugl",215.35,FALSE,NA,217
2024-08-04,2024,32,"6",42.0222,-82.669683,"Surface",1,"PP","ugL",12.06814274,TRUE,NA,217
2024-08-04,2024,32,"6",42.0222,-82.669683,"Surface",1,"PRESSURE","mmHg",725.7,FALSE,NA,217
2024-08-04,2024,32,"6",42.0222,-82.669683,"Surface",1,"SECCHI","m",2.1,FALSE,NA,217
2024-08-04,2024,32,"6",42.0222,-82.669683,"Surface",1,"SRP","ugL",1.06,FALSE,NA,217
2024-08-04,2024,32,"6",42.0222,-82.669683,"Surface",1,"TDN","ugl",568.9165743,FALSE,NA,217
2024-08-04,2024,32,"6",42.0222,-82.669683,"Surface",1,"TEMP","C",26.4,FALSE,NA,217
2024-08-04,2024,32,"6",42.0222,-82.669683,"Surface",1,"TMC","ugl",0.169541982,FALSE,NA,217
2024-08-04,2024,32,"6",42.0222,-82.669683,"Surface",1,"TP","ugL",11.867522905,TRUE,NA,217
2024-08-04,2024,32,"6",42.0222,-82.669683,"Surface",1,"TSS","mgL",1.9,FALSE,NA,217
2024-08-04,2024,32,"6",42.0222,-82.669683,"Surface",1,"pH","pH",8.59,FALSE,NA,217
2024-08-04,2024,32,"7",41.99605,-82.7179,"Bottom",9,"CHLA","ugL",19.985,TRUE,NA,217
2024-08-04,2024,32,"7",41.99605,-82.7179,"Bottom",9,"COND","uS",235.2,FALSE,NA,217
2024-08-04,2024,32,"7",41.99605,-82.7179,"Bottom",9,"DO","sat%",91.5,FALSE,NA,217
2024-08-04,2024,32,"7",41.99605,-82.7179,"Bottom",9,"NH4","ugL",117.29549925,FALSE,NA,217
2024-08-04,2024,32,"7",41.99605,-82.7179,"Bottom",9,"NO3","ugl",230.02,FALSE,NA,217
2024-08-04,2024,32,"7",41.99605,-82.7179,"Bottom",9,"PP","ugL",8.061259535,FALSE,NA,217
2024-08-04,2024,32,"7",41.99605,-82.7179,"Bottom",9,"PRESSURE","mmHg",745.9,FALSE,NA,217
2024-08-04,2024,32,"7",41.99605,-82.7179,"Bottom",9,"SRP","ugL",3.125,FALSE,NA,217
2024-08-04,2024,32,"7",41.99605,-82.7179,"Bottom",9,"TDN","ugl",524.6382651,FALSE,NA,217
2024-08-04,2024,32,"7",41.99605,-82.7179,"Bottom",9,"TEMP","C",25.7,FALSE,NA,217
2024-08-04,2024,32,"7",41.99605,-82.7179,"Bottom",9,"TP","ugL",10.616863542,TRUE,NA,217
2024-08-04,2024,32,"7",41.99605,-82.7179,"Bottom",9,"TSS","mgL",1.079,FALSE,NA,217
2024-08-04,2024,32,"7",41.99605,-82.7179,"Bottom",9,"pH","pH",8.4,FALSE,NA,217
2024-08-04,2024,32,"7",41.99605,-82.7179,"Surface",1,"CHLA","ugL",56.275,TRUE,NA,217
2024-08-04,2024,32,"7",41.99605,-82.7179,"Surface",1,"COND","uS",233.7,FALSE,NA,217
2024-08-04,2024,32,"7",41.99605,-82.7179,"Surface",1,"DMC","ugL",0.025621099,FALSE,NA,217
2024-08-04,2024,32,"7",41.99605,-82.7179,"Surface",1,"DO","sat%",105.2,FALSE,NA,217
2024-08-04,2024,32,"7",41.99605,-82.7179,"Surface",1,"NH4","ugL",53.3492602,TRUE,NA,217
2024-08-04,2024,32,"7",41.99605,-82.7179,"Surface",1,"NO3","ugl",210.38,FALSE,NA,217
2024-08-04,2024,32,"7",41.99605,-82.7179,"Surface",1,"PP","ugL",15.759320935,FALSE,NA,217
2024-08-04,2024,32,"7",41.99605,-82.7179,"Surface",1,"PRESSURE","mmHg",745.6,FALSE,NA,217
2024-08-04,2024,32,"7",41.99605,-82.7179,"Surface",1,"SECCHI","m",3,FALSE,NA,217
2024-08-04,2024,32,"7",41.99605,-82.7179,"Surface",1,"SRP","ugL",4.55,FALSE,NA,217
2024-08-04,2024,32,"7",41.99605,-82.7179,"Surface",1,"TDN","ugl",739.4370706,FALSE,NA,217
2024-08-04,2024,32,"7",41.99605,-82.7179,"Surface",1,"TEMP","C",26.4,FALSE,NA,217
2024-08-04,2024,32,"7",41.99605,-82.7179,"Surface",1,"TP","ugL",14.7710916165,TRUE,NA,217
2024-08-04,2024,32,"7",41.99605,-82.7179,"Surface",1,"TSS","mgL",2.303,FALSE,NA,217
2024-08-04,2024,32,"7",41.99605,-82.7179,"Surface",1,"pH","pH",8.54,FALSE,NA,217
2024-08-13,2024,33,"2",41.971783,-82.488083,"Bottom",10,"CHLA","ugL",66.115,FALSE,NA,226
2024-08-13,2024,33,"2",41.971783,-82.488083,"Bottom",10,"COND","uS",231.8,FALSE,NA,226
2024-08-13,2024,33,"2",41.971783,-82.488083,"Bottom",10,"DO","sat%",96.7,FALSE,NA,226
2024-08-13,2024,33,"2",41.971783,-82.488083,"Bottom",10,"NH4","ugL",9.169878531,TRUE,NA,226
2024-08-13,2024,33,"2",41.971783,-82.488083,"Bottom",10,"NO3","ugl",228.65,FALSE,NA,226
2024-08-13,2024,33,"2",41.971783,-82.488083,"Bottom",10,"PP","ugL",11.917872715,TRUE,NA,226
2024-08-13,2024,33,"2",41.971783,-82.488083,"Bottom",10,"PRESSURE","mmHg",749.3,FALSE,NA,226
2024-08-13,2024,33,"2",41.971783,-82.488083,"Bottom",10,"SRP","ugL",2.775,FALSE,NA,226
2024-08-13,2024,33,"2",41.971783,-82.488083,"Bottom",10,"TDN","ugl",652.5577834,FALSE,NA,226
2024-08-13,2024,33,"2",41.971783,-82.488083,"Bottom",10,"TEMP","C",23.7,FALSE,NA,226
2024-08-13,2024,33,"2",41.971783,-82.488083,"Bottom",10,"TP","ugL",16.89027174,TRUE,NA,226
2024-08-13,2024,33,"2",41.971783,-82.488083,"Bottom",10,"TSS","mgL",2.962,FALSE,NA,226
2024-08-13,2024,33,"2",41.971783,-82.488083,"Bottom",10,"pH","pH",8.35,FALSE,NA,226
2024-08-13,2024,33,"2",41.971783,-82.488083,"Surface",1,"CHLA","ugL",41.835,FALSE,NA,226
2024-08-13,2024,33,"2",41.971783,-82.488083,"Surface",1,"COND","uS",233.4,FALSE,NA,226
2024-08-13,2024,33,"2",41.971783,-82.488083,"Surface",1,"DMC","ugL",0.077127775,FALSE,NA,226
2024-08-13,2024,33,"2",41.971783,-82.488083,"Surface",1,"DO","sat%",106.7,FALSE,NA,226
2024-08-13,2024,33,"2",41.971783,-82.488083,"Surface",1,"NH4","ugL",-4.676030775,FALSE,NA,226
2024-08-13,2024,33,"2",41.971783,-82.488083,"Surface",1,"NO3","ugl",222.99,FALSE,NA,226
2024-08-13,2024,33,"2",41.971783,-82.488083,"Surface",1,"PP","ugL",7.86256981,TRUE,NA,226
2024-08-13,2024,33,"2",41.971783,-82.488083,"Surface",1,"PRESSURE","mmHg",749.4,FALSE,NA,226
2024-08-13,2024,33,"2",41.971783,-82.488083,"Surface",1,"SECCHI","m",2.4,FALSE,NA,226
2024-08-13,2024,33,"2",41.971783,-82.488083,"Surface",1,"SRP","ugL",7.26,TRUE,NA,226
2024-08-13,2024,33,"2",41.971783,-82.488083,"Surface",1,"TDN","ugl",853.2580003,FALSE,NA,226
2024-08-13,2024,33,"2",41.971783,-82.488083,"Surface",1,"TEMP","C",24.2,FALSE,NA,226
2024-08-13,2024,33,"2",41.971783,-82.488083,"Surface",1,"TMC","ugl",0.107003767,FALSE,NA,226
2024-08-13,2024,33,"2",41.971783,-82.488083,"Surface",1,"TP","ugL",11.62692779,TRUE,NA,226
2024-08-13,2024,33,"2",41.971783,-82.488083,"Surface",1,"TSS","mgL",3.225,FALSE,NA,226
2024-08-13,2024,33,"2",41.971783,-82.488083,"Surface",1,"pH","pH",8.58,FALSE,NA,226
2024-08-13,2024,33,"4",41.8927,-82.525767,"Bottom",10,"CHLA","ugL",47.87,FALSE,NA,226
2024-08-13,2024,33,"4",41.8927,-82.525767,"Bottom",10,"COND","uS",235.2,FALSE,NA,226
2024-08-13,2024,33,"4",41.8927,-82.525767,"Bottom",10,"DO","sat%",91.2,FALSE,NA,226
2024-08-13,2024,33,"4",41.8927,-82.525767,"Bottom",10,"NH4","ugL",4.433120085,TRUE,NA,226
2024-08-13,2024,33,"4",41.8927,-82.525767,"Bottom",10,"NO3","ugl",166.19,FALSE,NA,226
2024-08-13,2024,33,"4",41.8927,-82.525767,"Bottom",10,"PP","ugL",11.67624167,FALSE,NA,226
2024-08-13,2024,33,"4",41.8927,-82.525767,"Bottom",10,"PRESSURE","mmHg",749.5,FALSE,NA,226
2024-08-13,2024,33,"4",41.8927,-82.525767,"Bottom",10,"SRP","ugL",5.96,FALSE,NA,226
2024-08-13,2024,33,"4",41.8927,-82.525767,"Bottom",10,"TDN","ugl",524.933162,FALSE,NA,226
2024-08-13,2024,33,"4",41.8927,-82.525767,"Bottom",10,"TEMP","C",23.8,FALSE,NA,226
2024-08-13,2024,33,"4",41.8927,-82.525767,"Bottom",10,"TP","ugL",13.801433417,TRUE,NA,226
2024-08-13,2024,33,"4",41.8927,-82.525767,"Bottom",10,"TSS","mgL",2.122,FALSE,NA,226
2024-08-13,2024,33,"4",41.8927,-82.525767,"Bottom",10,"pH","pH",8.24,FALSE,NA,226
2024-08-13,2024,33,"4",41.8927,-82.525767,"Surface",1,"CHLA","ugL",39.865,FALSE,NA,226
2024-08-13,2024,33,"4",41.8927,-82.525767,"Surface",1,"COND","uS",233.1,FALSE,NA,226
2024-08-13,2024,33,"4",41.8927,-82.525767,"Surface",1,"DMC","ugL",0.019004772,FALSE,NA,226
2024-08-13,2024,33,"4",41.8927,-82.525767,"Surface",1,"DO","sat%",103.7,FALSE,NA,226
2024-08-13,2024,33,"4",41.8927,-82.525767,"Surface",1,"NH4","ugL",31.30511512,FALSE,NA,226
2024-08-13,2024,33,"4",41.8927,-82.525767,"Surface",1,"NO3","ugl",152.05,FALSE,NA,226
2024-08-13,2024,33,"4",41.8927,-82.525767,"Surface",1,"PP","ugL",8.363734067,FALSE,NA,226
2024-08-13,2024,33,"4",41.8927,-82.525767,"Surface",1,"PRESSURE","mmHg",749.4,FALSE,NA,226
2024-08-13,2024,33,"4",41.8927,-82.525767,"Surface",1,"SECCHI","m",2.8,FALSE,NA,226
2024-08-13,2024,33,"4",41.8927,-82.525767,"Surface",1,"SRP","ugL",2.03,TRUE,NA,226
2024-08-13,2024,33,"4",41.8927,-82.525767,"Surface",1,"TDN","ugl",424.3273028,FALSE,NA,226
2024-08-13,2024,33,"4",41.8927,-82.525767,"Surface",1,"TEMP","C",24.2,FALSE,NA,226
2024-08-13,2024,33,"4",41.8927,-82.525767,"Surface",1,"TMC","ugl",0.094645398,FALSE,NA,226
2024-08-13,2024,33,"4",41.8927,-82.525767,"Surface",1,"TP","ugL",13.794608295,FALSE,NA,226
2024-08-13,2024,33,"4",41.8927,-82.525767,"Surface",1,"TSS","mgL",1.308,FALSE,NA,226
2024-08-13,2024,33,"4",41.8927,-82.525767,"Surface",1,"pH","pH",8.49,FALSE,NA,226
2024-08-13,2024,33,"5",42.002583,-82.578633,"Bottom",7,"CHLA","ugL",30.39,TRUE,NA,226
2024-08-13,2024,33,"5",42.002583,-82.578633,"Bottom",7,"COND","uS",233.8,FALSE,NA,226
2024-08-13,2024,33,"5",42.002583,-82.578633,"Bottom",7,"DO","sat%",100.3,FALSE,NA,226
2024-08-13,2024,33,"5",42.002583,-82.578633,"Bottom",7,"NH4","ugL",8.8966040035,TRUE,NA,226
2024-08-13,2024,33,"5",42.002583,-82.578633,"Bottom",7,"NO3","ugl",357.98,FALSE,NA,226
2024-08-13,2024,33,"5",42.002583,-82.578633,"Bottom",7,"PP","ugL",15.33176304,FALSE,NA,226
2024-08-13,2024,33,"5",42.002583,-82.578633,"Bottom",7,"PRESSURE","mmHg",749.5,FALSE,NA,226
2024-08-13,2024,33,"5",42.002583,-82.578633,"Bottom",7,"SRP","ugL",2.495,TRUE,NA,226
2024-08-13,2024,33,"5",42.002583,-82.578633,"Bottom",7,"TDN","ugl",683.8783689,FALSE,NA,226
2024-08-13,2024,33,"5",42.002583,-82.578633,"Bottom",7,"TEMP","C",23.7,FALSE,NA,226
2024-08-13,2024,33,"5",42.002583,-82.578633,"Bottom",7,"TP","ugL",15.00945175,TRUE,NA,226
2024-08-13,2024,33,"5",42.002583,-82.578633,"Bottom",7,"TSS","mgL",5.624,FALSE,NA,226
2024-08-13,2024,33,"5",42.002583,-82.578633,"Bottom",7,"pH","pH",8.59,FALSE,NA,226
2024-08-13,2024,33,"5",42.002583,-82.578633,"Surface",1,"CHLA","ugL",54.285,FALSE,NA,226
2024-08-13,2024,33,"5",42.002583,-82.578633,"Surface",1,"COND","uS",232.5,FALSE,NA,226
2024-08-13,2024,33,"5",42.002583,-82.578633,"Surface",1,"DMC","ugL",0.024426856,FALSE,NA,226
2024-08-13,2024,33,"5",42.002583,-82.578633,"Surface",1,"DO","sat%",109,FALSE,NA,226
2024-08-13,2024,33,"5",42.002583,-82.578633,"Surface",1,"NH4","ugL",38.774618825,FALSE,NA,226
2024-08-13,2024,33,"5",42.002583,-82.578633,"Surface",1,"NO3","ugl",201.45,FALSE,NA,226
2024-08-13,2024,33,"5",42.002583,-82.578633,"Surface",1,"PP","ugL",12.00961118,FALSE,NA,226
2024-08-13,2024,33,"5",42.002583,-82.578633,"Surface",1,"PRESSURE","mmHg",749.5,FALSE,NA,226
2024-08-13,2024,33,"5",42.002583,-82.578633,"Surface",1,"SECCHI","m",2,FALSE,NA,226
2024-08-13,2024,33,"5",42.002583,-82.578633,"Surface",1,"SRP","ugL",3.665,TRUE,NA,226
2024-08-13,2024,33,"5",42.002583,-82.578633,"Surface",1,"TDN","ugl",450.5200949,FALSE,NA,226
2024-08-13,2024,33,"5",42.002583,-82.578633,"Surface",1,"TEMP","C",24.6,FALSE,NA,226
2024-08-13,2024,33,"5",42.002583,-82.578633,"Surface",1,"TMC","ugl",0.432527798,FALSE,NA,226
2024-08-13,2024,33,"5",42.002583,-82.578633,"Surface",1,"TP","ugL",13.648958825,TRUE,NA,226
2024-08-13,2024,33,"5",42.002583,-82.578633,"Surface",1,"TSS","mgL",14.128,FALSE,NA,226
2024-08-13,2024,33,"5",42.002583,-82.578633,"Surface",1,"pH","pH",8.68,FALSE,NA,226
2024-08-13,2024,33,"6",42.0222,-82.669683,"Bottom",7,"CHLA","ugL",82.76,FALSE,NA,226
2024-08-13,2024,33,"6",42.0222,-82.669683,"Bottom",7,"COND","uS",232.4,FALSE,NA,226
2024-08-13,2024,33,"6",42.0222,-82.669683,"Bottom",7,"DMC","ugL",0.036303554,FALSE,NA,226
2024-08-13,2024,33,"6",42.0222,-82.669683,"Bottom",7,"DO","sat%",97.2,FALSE,NA,226
2024-08-13,2024,33,"6",42.0222,-82.669683,"Bottom",7,"NH4","ugL",12.266989825,TRUE,NA,226
2024-08-13,2024,33,"6",42.0222,-82.669683,"Bottom",7,"NO3","ugl",257.59,FALSE,NA,226
2024-08-13,2024,33,"6",42.0222,-82.669683,"Bottom",7,"PP","ugL",15.149726445,FALSE,NA,226
2024-08-13,2024,33,"6",42.0222,-82.669683,"Bottom",7,"PRESSURE","mmHg",749,FALSE,NA,226
2024-08-13,2024,33,"6",42.0222,-82.669683,"Bottom",7,"SRP","ugL",1.83,TRUE,NA,226
2024-08-13,2024,33,"6",42.0222,-82.669683,"Bottom",7,"TDN","ugl",661.6200338,FALSE,NA,226
2024-08-13,2024,33,"6",42.0222,-82.669683,"Bottom",7,"TEMP","C",23.8,FALSE,NA,226
2024-08-13,2024,33,"6",42.0222,-82.669683,"Bottom",7,"TP","ugL",17.759174375,TRUE,NA,226
2024-08-13,2024,33,"6",42.0222,-82.669683,"Bottom",7,"TSS","mgL",1.788,FALSE,NA,226
2024-08-13,2024,33,"6",42.0222,-82.669683,"Bottom",7,"pH","pH",8.41,FALSE,NA,226
2024-08-13,2024,33,"6",42.0222,-82.669683,"Surface",1,"CHLA","ugL",44.92,TRUE,NA,226
2024-08-13,2024,33,"6",42.0222,-82.669683,"Surface",1,"COND","uS",232,FALSE,NA,226
2024-08-13,2024,33,"6",42.0222,-82.669683,"Surface",1,"DMC","ugL",0.025957072,FALSE,NA,226
2024-08-13,2024,33,"6",42.0222,-82.669683,"Surface",1,"DO","sat%",104.9,FALSE,NA,226
2024-08-13,2024,33,"6",42.0222,-82.669683,"Surface",1,"NH4","ugL",11.17389172,FALSE,NA,226
2024-08-13,2024,33,"6",42.0222,-82.669683,"Surface",1,"NO3","ugl",226.58,FALSE,NA,226
2024-08-13,2024,33,"6",42.0222,-82.669683,"Surface",1,"PP","ugL",10.047293402,FALSE,NA,226
2024-08-13,2024,33,"6",42.0222,-82.669683,"Surface",1,"PRESSURE","mmHg",749,FALSE,NA,226
2024-08-13,2024,33,"6",42.0222,-82.669683,"Surface",1,"SECCHI","m",2.4,FALSE,NA,226
2024-08-13,2024,33,"6",42.0222,-82.669683,"Surface",1,"SRP","ugL",2.065,TRUE,NA,226
2024-08-13,2024,33,"6",42.0222,-82.669683,"Surface",1,"TDN","ugl",497.0789567,FALSE,NA,226
2024-08-13,2024,33,"6",42.0222,-82.669683,"Surface",1,"TEMP","C",24.2,FALSE,NA,226
2024-08-13,2024,33,"6",42.0222,-82.669683,"Surface",1,"TMC","ugl",0.175839215,FALSE,NA,226
2024-08-13,2024,33,"6",42.0222,-82.669683,"Surface",1,"TP","ugL",15.02989643,TRUE,NA,226
2024-08-13,2024,33,"6",42.0222,-82.669683,"Surface",1,"TSS","mgL",1.656,FALSE,NA,226
2024-08-13,2024,33,"6",42.0222,-82.669683,"Surface",1,"pH","pH",8.53,FALSE,NA,226
2024-08-13,2024,33,"7",41.99605,-82.7179,"Bottom",9,"CHLA","ugL",80.1,FALSE,NA,226
2024-08-13,2024,33,"7",41.99605,-82.7179,"Bottom",9,"COND","uS",233,FALSE,NA,226
2024-08-13,2024,33,"7",41.99605,-82.7179,"Bottom",9,"DO","sat%",94.4,FALSE,NA,226
2024-08-13,2024,33,"7",41.99605,-82.7179,"Bottom",9,"NH4","ugL",14.726460555,FALSE,NA,226
2024-08-13,2024,33,"7",41.99605,-82.7179,"Bottom",9,"NO3","ugl",384.64,FALSE,NA,226
2024-08-13,2024,33,"7",41.99605,-82.7179,"Bottom",9,"PP","ugL",15.199966995,FALSE,NA,226
2024-08-13,2024,33,"7",41.99605,-82.7179,"Bottom",9,"PRESSURE","mmHg",749.1,FALSE,NA,226
2024-08-13,2024,33,"7",41.99605,-82.7179,"Bottom",9,"SRP","ugL",2.785,TRUE,NA,226
2024-08-13,2024,33,"7",41.99605,-82.7179,"Bottom",9,"TDN","ugl",858.6301934,FALSE,NA,226
2024-08-13,2024,33,"7",41.99605,-82.7179,"Bottom",9,"TEMP","C",23.8,FALSE,NA,226
2024-08-13,2024,33,"7",41.99605,-82.7179,"Bottom",9,"TP","ugL",19.80238741,TRUE,NA,226
2024-08-13,2024,33,"7",41.99605,-82.7179,"Bottom",9,"TSS","mgL",2.626,FALSE,NA,226
2024-08-13,2024,33,"7",41.99605,-82.7179,"Bottom",9,"pH","pH",8.38,FALSE,NA,226
2024-08-13,2024,33,"7",41.99605,-82.7179,"Surface",1,"CHLA","ugL",55.595,FALSE,NA,226
2024-08-13,2024,33,"7",41.99605,-82.7179,"Surface",1,"COND","uS",231.4,FALSE,NA,226
2024-08-13,2024,33,"7",41.99605,-82.7179,"Surface",1,"DMC","ugL",0.025382428,FALSE,NA,226
2024-08-13,2024,33,"7",41.99605,-82.7179,"Surface",1,"DO","sat%",106.6,FALSE,NA,226
2024-08-13,2024,33,"7",41.99605,-82.7179,"Surface",1,"NH4","ugL",27.38818025,TRUE,NA,226
2024-08-13,2024,33,"7",41.99605,-82.7179,"Surface",1,"NO3","ugl",229.76,FALSE,NA,226
2024-08-13,2024,33,"7",41.99605,-82.7179,"Surface",1,"PP","ugL",9.428672004,TRUE,NA,226
2024-08-13,2024,33,"7",41.99605,-82.7179,"Surface",1,"PRESSURE","mmHg",749.1,FALSE,NA,226
2024-08-13,2024,33,"7",41.99605,-82.7179,"Surface",1,"SECCHI","m",2.6,FALSE,NA,226
2024-08-13,2024,33,"7",41.99605,-82.7179,"Surface",1,"SRP","ugL",2.49,TRUE,NA,226
2024-08-13,2024,33,"7",41.99605,-82.7179,"Surface",1,"TEMP","C",24.2,FALSE,NA,226
2024-08-13,2024,33,"7",41.99605,-82.7179,"Surface",1,"TP","ugL",15.421682425,FALSE,NA,226
2024-08-13,2024,33,"7",41.99605,-82.7179,"Surface",1,"TSS","mgL",1.449,FALSE,NA,226
2024-08-13,2024,33,"7",41.99605,-82.7179,"Surface",1,"pH","pH",8.57,FALSE,NA,226
2024-08-22,2024,34,"2",41.971783,-82.488083,"Bottom",10,"CHLA","ugL",76.74,FALSE,NA,235
2024-08-22,2024,34,"2",41.971783,-82.488083,"Bottom",10,"COND","uS",234.7,FALSE,NA,235
2024-08-22,2024,34,"2",41.971783,-82.488083,"Bottom",10,"DO","sat%",97.5,FALSE,NA,235
2024-08-22,2024,34,"2",41.971783,-82.488083,"Bottom",10,"NH4","ugL",24.19997745,FALSE,NA,235
2024-08-22,2024,34,"2",41.971783,-82.488083,"Bottom",10,"NO3","ugl",229.36,FALSE,NA,235
2024-08-22,2024,34,"2",41.971783,-82.488083,"Bottom",10,"PP","ugL",12.15359125,FALSE,NA,235
2024-08-22,2024,34,"2",41.971783,-82.488083,"Bottom",10,"PRESSURE","mmHg",753.4,FALSE,NA,235
2024-08-22,2024,34,"2",41.971783,-82.488083,"Bottom",10,"SRP","ugL",1.995,FALSE,NA,235
2024-08-22,2024,34,"2",41.971783,-82.488083,"Bottom",10,"TDN","ugl",565.8416619,FALSE,NA,235
2024-08-22,2024,34,"2",41.971783,-82.488083,"Bottom",10,"TEMP","C",22.7,FALSE,NA,235
2024-08-22,2024,34,"2",41.971783,-82.488083,"Bottom",10,"TP","ugL",15.395982963,TRUE,NA,235
2024-08-22,2024,34,"2",41.971783,-82.488083,"Bottom",10,"TSS","mgL",3.728,FALSE,NA,235
2024-08-22,2024,34,"2",41.971783,-82.488083,"Bottom",10,"pH","pH",8.63,FALSE,NA,235
2024-08-22,2024,34,"2",41.971783,-82.488083,"Surface",1,"CHLA","ugL",78.015,FALSE,NA,235
2024-08-22,2024,34,"2",41.971783,-82.488083,"Surface",1,"COND","uS",234.2,FALSE,NA,235
2024-08-22,2024,34,"2",41.971783,-82.488083,"Surface",1,"DMC","ugL",0.024130462,FALSE,NA,235
2024-08-22,2024,34,"2",41.971783,-82.488083,"Surface",1,"DO","sat%",100.4,FALSE,NA,235
2024-08-22,2024,34,"2",41.971783,-82.488083,"Surface",1,"NH4","ugL",16.001741675,FALSE,NA,235
2024-08-22,2024,34,"2",41.971783,-82.488083,"Surface",1,"NO3","ugl",230.29,FALSE,NA,235
2024-08-22,2024,34,"2",41.971783,-82.488083,"Surface",1,"PP","ugL",12.64542764,FALSE,NA,235
2024-08-22,2024,34,"2",41.971783,-82.488083,"Surface",1,"PRESSURE","mmHg",753.5,FALSE,NA,235
2024-08-22,2024,34,"2",41.971783,-82.488083,"Surface",1,"SECCHI","m",2,FALSE,NA,235
2024-08-22,2024,34,"2",41.971783,-82.488083,"Surface",1,"SRP","ugL",1.585,FALSE,NA,235
2024-08-22,2024,34,"2",41.971783,-82.488083,"Surface",1,"TDN","ugl",622.2415842,FALSE,NA,235
2024-08-22,2024,34,"2",41.971783,-82.488083,"Surface",1,"TEMP","C",22.7,FALSE,NA,235
2024-08-22,2024,34,"2",41.971783,-82.488083,"Surface",1,"TMC","ugl",0.188651504,FALSE,NA,235
2024-08-22,2024,34,"2",41.971783,-82.488083,"Surface",1,"TP","ugL",15.741394275,TRUE,NA,235
2024-08-22,2024,34,"2",41.971783,-82.488083,"Surface",1,"TSS","mgL",2.962,FALSE,NA,235
2024-08-22,2024,34,"2",41.971783,-82.488083,"Surface",1,"pH","pH",8.69,FALSE,NA,235
2024-08-22,2024,34,"4",41.8927,-82.525767,"Bottom",10,"CHLA","ugL",32.245,TRUE,NA,235
2024-08-22,2024,34,"4",41.8927,-82.525767,"Bottom",10,"COND","uS",231.7,FALSE,NA,235
2024-08-22,2024,34,"4",41.8927,-82.525767,"Bottom",10,"DO","sat%",98.5,FALSE,NA,235
2024-08-22,2024,34,"4",41.8927,-82.525767,"Bottom",10,"NH4","ugL",2.611289913,TRUE,NA,235
2024-08-22,2024,34,"4",41.8927,-82.525767,"Bottom",10,"NO3","ugl",219.03,FALSE,NA,235
2024-08-22,2024,34,"4",41.8927,-82.525767,"Bottom",10,"PP","ugL",14.48296531,FALSE,NA,235
2024-08-22,2024,34,"4",41.8927,-82.525767,"Bottom",10,"PRESSURE","mmHg",753.6,FALSE,NA,235
2024-08-22,2024,34,"4",41.8927,-82.525767,"Bottom",10,"SRP","ugL",3.165,TRUE,NA,235
2024-08-22,2024,34,"4",41.8927,-82.525767,"Bottom",10,"TDN","ugl",451.7139417,FALSE,NA,235
2024-08-22,2024,34,"4",41.8927,-82.525767,"Bottom",10,"TEMP","C",22.8,FALSE,NA,235
2024-08-22,2024,34,"4",41.8927,-82.525767,"Bottom",10,"TP","ugL",24.0161528925,TRUE,NA,235
2024-08-22,2024,34,"4",41.8927,-82.525767,"Bottom",10,"TSS","mgL",2.954,FALSE,NA,235
2024-08-22,2024,34,"4",41.8927,-82.525767,"Bottom",10,"pH","pH",8.67,FALSE,NA,235
2024-08-22,2024,34,"4",41.8927,-82.525767,"Surface",1,"CHLA","ugL",81.445,FALSE,NA,235
2024-08-22,2024,34,"4",41.8927,-82.525767,"Surface",1,"COND","uS",231.5,FALSE,NA,235
2024-08-22,2024,34,"4",41.8927,-82.525767,"Surface",1,"DMC","ugL",0.033475129,FALSE,NA,235
2024-08-22,2024,34,"4",41.8927,-82.525767,"Surface",1,"DO","sat%",102.2,FALSE,NA,235
2024-08-22,2024,34,"4",41.8927,-82.525767,"Surface",1,"NH4","ugL",41.325181065,FALSE,NA,235
2024-08-22,2024,34,"4",41.8927,-82.525767,"Surface",1,"NO3","ugl",373.68,FALSE,NA,235
2024-08-22,2024,34,"4",41.8927,-82.525767,"Surface",1,"PP","ugL",11.439391195,FALSE,NA,235
2024-08-22,2024,34,"4",41.8927,-82.525767,"Surface",1,"PRESSURE","mmHg",753.7,FALSE,NA,235
2024-08-22,2024,34,"4",41.8927,-82.525767,"Surface",1,"SECCHI","m",2.4,FALSE,NA,235
2024-08-22,2024,34,"4",41.8927,-82.525767,"Surface",1,"SRP","ugL",2.675,FALSE,NA,235
2024-08-22,2024,34,"4",41.8927,-82.525767,"Surface",1,"TDN","ugl",636.0049767,FALSE,NA,235
2024-08-22,2024,34,"4",41.8927,-82.525767,"Surface",1,"TEMP","C",22.8,FALSE,NA,235
2024-08-22,2024,34,"4",41.8927,-82.525767,"Surface",1,"TP","ugL",15.126928031,TRUE,NA,235
2024-08-22,2024,34,"4",41.8927,-82.525767,"Surface",1,"TSS","mgL",2.389,FALSE,NA,235
2024-08-22,2024,34,"4",41.8927,-82.525767,"Surface",1,"pH","pH",8.75,FALSE,NA,235
2024-08-22,2024,34,"5",42.002583,-82.578633,"Bottom",7,"CHLA","ugL",97.725,FALSE,NA,235
2024-08-22,2024,34,"5",42.002583,-82.578633,"Bottom",7,"COND","uS",234.1,FALSE,NA,235
2024-08-22,2024,34,"5",42.002583,-82.578633,"Bottom",7,"DO","sat%",98.9,FALSE,NA,235
2024-08-22,2024,34,"5",42.002583,-82.578633,"Bottom",7,"NH4","ugL",23.38015387,FALSE,NA,235
2024-08-22,2024,34,"5",42.002583,-82.578633,"Bottom",7,"NO3","ugl",200.72,FALSE,NA,235
2024-08-22,2024,34,"5",42.002583,-82.578633,"Bottom",7,"PP","ugL",16.989211515,FALSE,NA,235
2024-08-22,2024,34,"5",42.002583,-82.578633,"Bottom",7,"PRESSURE","mmHg",753.6,FALSE,NA,235
2024-08-22,2024,34,"5",42.002583,-82.578633,"Bottom",7,"SRP","ugL",2.65,FALSE,NA,235
2024-08-22,2024,34,"5",42.002583,-82.578633,"Bottom",7,"TDN","ugl",497.8930391,FALSE,NA,235
2024-08-22,2024,34,"5",42.002583,-82.578633,"Bottom",7,"TEMP","C",22.9,FALSE,NA,235
2024-08-22,2024,34,"5",42.002583,-82.578633,"Bottom",7,"TP","ugL",22.8507417845,TRUE,NA,235
2024-08-22,2024,34,"5",42.002583,-82.578633,"Bottom",7,"TSS","mgL",4.975,FALSE,NA,235
2024-08-22,2024,34,"5",42.002583,-82.578633,"Bottom",7,"pH","pH",8.75,FALSE,NA,235
2024-08-22,2024,34,"5",42.002583,-82.578633,"Surface",1,"CHLA","ugL",128.95,FALSE,NA,235
2024-08-22,2024,34,"5",42.002583,-82.578633,"Surface",1,"COND","uS",233.4,FALSE,NA,235
2024-08-22,2024,34,"5",42.002583,-82.578633,"Surface",1,"DMC","ugL",0.02865322,FALSE,NA,235
2024-08-22,2024,34,"5",42.002583,-82.578633,"Surface",1,"DO","sat%",101.9,FALSE,NA,235
2024-08-22,2024,34,"5",42.002583,-82.578633,"Surface",1,"NH4","ugL",15.54628413,FALSE,NA,235
2024-08-22,2024,34,"5",42.002583,-82.578633,"Surface",1,"NO3","ugl",190.93,FALSE,NA,235
2024-08-22,2024,34,"5",42.002583,-82.578633,"Surface",1,"PP","ugL",16.559197435,FALSE,NA,235
2024-08-22,2024,34,"5",42.002583,-82.578633,"Surface",1,"PRESSURE","mmHg",753.6,FALSE,NA,235
2024-08-22,2024,34,"5",42.002583,-82.578633,"Surface",1,"SECCHI","m",1.6,FALSE,NA,235
2024-08-22,2024,34,"5",42.002583,-82.578633,"Surface",1,"SRP","ugL",2.105,FALSE,NA,235
2024-08-22,2024,34,"5",42.002583,-82.578633,"Surface",1,"TEMP","C",23.2,FALSE,NA,235
2024-08-22,2024,34,"5",42.002583,-82.578633,"Surface",1,"TMC","ugl",0.853894954,FALSE,NA,235
2024-08-22,2024,34,"5",42.002583,-82.578633,"Surface",1,"TP","ugL",17.73007521,TRUE,NA,235
2024-08-22,2024,34,"5",42.002583,-82.578633,"Surface",1,"TSS","mgL",3.415,FALSE,NA,235
2024-08-22,2024,34,"5",42.002583,-82.578633,"Surface",1,"pH","pH",8.82,FALSE,NA,235
2024-08-22,2024,34,"6",42.0222,-82.669683,"Bottom",7,"CHLA","ugL",79.745,FALSE,NA,235
2024-08-22,2024,34,"6",42.0222,-82.669683,"Bottom",7,"COND","uS",232.3,FALSE,NA,235
2024-08-22,2024,34,"6",42.0222,-82.669683,"Bottom",7,"DMC","ugL",0.035851446,FALSE,NA,235
2024-08-22,2024,34,"6",42.0222,-82.669683,"Bottom",7,"DO","sat%",97.3,FALSE,NA,235
2024-08-22,2024,34,"6",42.0222,-82.669683,"Bottom",7,"NH4","ugL",22.56033029,FALSE,NA,235
2024-08-22,2024,34,"6",42.0222,-82.669683,"Bottom",7,"NO3","ugl",344.12,FALSE,NA,235
2024-08-22,2024,34,"6",42.0222,-82.669683,"Bottom",7,"PP","ugL",12.859967955,FALSE,NA,235
2024-08-22,2024,34,"6",42.0222,-82.669683,"Bottom",7,"PRESSURE","mmHg",753.4,FALSE,NA,235
2024-08-22,2024,34,"6",42.0222,-82.669683,"Bottom",7,"SRP","ugL",1.95,TRUE,NA,235
2024-08-22,2024,34,"6",42.0222,-82.669683,"Bottom",7,"TDN","ugl",725.118589,FALSE,NA,235
2024-08-22,2024,34,"6",42.0222,-82.669683,"Bottom",7,"TEMP","C",22.6,FALSE,NA,235
2024-08-22,2024,34,"6",42.0222,-82.669683,"Bottom",7,"TP","ugL",19.0900107185,TRUE,NA,235
2024-08-22,2024,34,"6",42.0222,-82.669683,"Bottom",7,"TSS","mgL",3.416,FALSE,NA,235
2024-08-22,2024,34,"6",42.0222,-82.669683,"Bottom",7,"pH","pH",8.63,FALSE,NA,235
2024-08-22,2024,34,"6",42.0222,-82.669683,"Surface",1,"CHLA","ugL",75.355,FALSE,NA,235
2024-08-22,2024,34,"6",42.0222,-82.669683,"Surface",1,"COND","uS",232,FALSE,NA,235
2024-08-22,2024,34,"6",42.0222,-82.669683,"Surface",1,"DMC","ugL",0.032071468,FALSE,NA,235
2024-08-22,2024,34,"6",42.0222,-82.669683,"Surface",1,"DO","sat%",98.8,FALSE,NA,235
2024-08-22,2024,34,"6",42.0222,-82.669683,"Surface",1,"NH4","ugL",9.35206155,FALSE,NA,235
2024-08-22,2024,34,"6",42.0222,-82.669683,"Surface",1,"NO3","ugl",476.79,FALSE,NA,235
2024-08-22,2024,34,"6",42.0222,-82.669683,"Surface",1,"PP","ugL",11.109584505,FALSE,NA,235
2024-08-22,2024,34,"6",42.0222,-82.669683,"Surface",1,"PRESSURE","mmHg",753.4,FALSE,NA,235
2024-08-22,2024,34,"6",42.0222,-82.669683,"Surface",1,"SECCHI","m",2.2,FALSE,NA,235
2024-08-22,2024,34,"6",42.0222,-82.669683,"Surface",1,"SRP","ugL",1.79,FALSE,NA,235
2024-08-22,2024,34,"6",42.0222,-82.669683,"Surface",1,"TEMP","C",22.5,FALSE,NA,235
2024-08-22,2024,34,"6",42.0222,-82.669683,"Surface",1,"TMC","ugl",1.256798787,FALSE,NA,235
2024-08-22,2024,34,"6",42.0222,-82.669683,"Surface",1,"TP","ugL",12.9753577945,TRUE,NA,235
2024-08-22,2024,34,"6",42.0222,-82.669683,"Surface",1,"TSS","mgL",2.108,FALSE,NA,235
2024-08-22,2024,34,"6",42.0222,-82.669683,"Surface",1,"pH","pH",8.65,FALSE,NA,235
2024-08-22,2024,34,"7",41.99605,-82.7179,"Bottom",9,"CHLA","ugL",63.195,FALSE,NA,235
2024-08-22,2024,34,"7",41.99605,-82.7179,"Bottom",9,"COND","uS",236.2,FALSE,NA,235
2024-08-22,2024,34,"7",41.99605,-82.7179,"Bottom",9,"DO","sat%",96.5,FALSE,NA,235
2024-08-22,2024,34,"7",41.99605,-82.7179,"Bottom",9,"NH4","ugL",11.62934926,FALSE,NA,235
2024-08-22,2024,34,"7",41.99605,-82.7179,"Bottom",9,"NO3","ugl",327.85,FALSE,NA,235
2024-08-22,2024,34,"7",41.99605,-82.7179,"Bottom",9,"PP","ugL",10.0319790185,FALSE,NA,235
2024-08-22,2024,34,"7",41.99605,-82.7179,"Bottom",9,"PRESSURE","mmHg",753.4,FALSE,NA,235
2024-08-22,2024,34,"7",41.99605,-82.7179,"Bottom",9,"SRP","ugL",1.935,FALSE,NA,235
2024-08-22,2024,34,"7",41.99605,-82.7179,"Bottom",9,"TDN","ugl",693.4750319,FALSE,NA,235
2024-08-22,2024,34,"7",41.99605,-82.7179,"Bottom",9,"TEMP","C",22.5,FALSE,NA,235
2024-08-22,2024,34,"7",41.99605,-82.7179,"Bottom",9,"TP","ugL",12.729597165,TRUE,NA,235
2024-08-22,2024,34,"7",41.99605,-82.7179,"Bottom",9,"TSS","mgL",1.787,FALSE,NA,235
2024-08-22,2024,34,"7",41.99605,-82.7179,"Bottom",9,"pH","pH",8.54,FALSE,NA,235
2024-08-22,2024,34,"7",41.99605,-82.7179,"Surface",1,"CHLA","ugL",61.13,FALSE,NA,235
2024-08-22,2024,34,"7",41.99605,-82.7179,"Surface",1,"COND","uS",235.9,FALSE,NA,235
2024-08-22,2024,34,"7",41.99605,-82.7179,"Surface",1,"DMC","ugL",0.027601509,FALSE,NA,235
2024-08-22,2024,34,"7",41.99605,-82.7179,"Surface",1,"DO","sat%",100.6,FALSE,NA,235
2024-08-22,2024,34,"7",41.99605,-82.7179,"Surface",1,"NH4","ugL",23.83561141,FALSE,NA,235
2024-08-22,2024,34,"7",41.99605,-82.7179,"Surface",1,"NO3","ugl",349.52,FALSE,NA,235
2024-08-22,2024,34,"7",41.99605,-82.7179,"Surface",1,"PP","ugL",9.158469118,FALSE,NA,235
2024-08-22,2024,34,"7",41.99605,-82.7179,"Surface",1,"PRESSURE","mmHg",753.3,FALSE,NA,235
2024-08-22,2024,34,"7",41.99605,-82.7179,"Surface",1,"SECCHI","m",2.5,FALSE,NA,235
2024-08-22,2024,34,"7",41.99605,-82.7179,"Surface",1,"SRP","ugL",2.855,TRUE,NA,235
2024-08-22,2024,34,"7",41.99605,-82.7179,"Surface",1,"TDN","ugl",624.1497551,FALSE,NA,235
2024-08-22,2024,34,"7",41.99605,-82.7179,"Surface",1,"TEMP","C",22.4,FALSE,NA,235
2024-08-22,2024,34,"7",41.99605,-82.7179,"Surface",1,"TMC","ugl",0.322028797,FALSE,NA,235
2024-08-22,2024,34,"7",41.99605,-82.7179,"Surface",1,"TP","ugL",12.7797122755,TRUE,NA,235
2024-08-22,2024,34,"7",41.99605,-82.7179,"Surface",1,"TSS","mgL",3.526,FALSE,NA,235
2024-08-22,2024,34,"7",41.99605,-82.7179,"Surface",1,"pH","pH",8.59,FALSE,NA,235
2024-09-03,2024,36,"5",42.002583,-82.578633,"Bottom",7,"CHLA","ugL",83.685,FALSE,NA,247
2024-09-03,2024,36,"5",42.002583,-82.578633,"Bottom",7,"COND","uS",235.2,FALSE,NA,247
2024-09-03,2024,36,"5",42.002583,-82.578633,"Bottom",7,"DO","sat%",96.9,FALSE,NA,247
2024-09-03,2024,36,"5",42.002583,-82.578633,"Bottom",7,"NH4","ugL",33.946768865,FALSE,NA,247
2024-09-03,2024,36,"5",42.002583,-82.578633,"Bottom",7,"NO3","ugl",263.59,FALSE,NA,247
2024-09-03,2024,36,"5",42.002583,-82.578633,"Bottom",7,"PP","ugL",12.499672002,TRUE,NA,247
2024-09-03,2024,36,"5",42.002583,-82.578633,"Bottom",7,"PRESSURE","mmHg",755.5,FALSE,NA,247
2024-09-03,2024,36,"5",42.002583,-82.578633,"Bottom",7,"SRP","ugL",2.46,TRUE,NA,247
2024-09-03,2024,36,"5",42.002583,-82.578633,"Bottom",7,"TDN","ugl",606.3323933,FALSE,NA,247
2024-09-03,2024,36,"5",42.002583,-82.578633,"Bottom",7,"TEMP","C",23.1,FALSE,NA,247
2024-09-03,2024,36,"5",42.002583,-82.578633,"Bottom",7,"TP","ugL",15.679323788,TRUE,NA,247
2024-09-03,2024,36,"5",42.002583,-82.578633,"Bottom",7,"TSS","mgL",4.106,FALSE,NA,247
2024-09-03,2024,36,"5",42.002583,-82.578633,"Bottom",7,"pH","pH",8.55,FALSE,NA,247
2024-09-03,2024,36,"5",42.002583,-82.578633,"Surface",1,"CHLA","ugL",87.45,FALSE,NA,247
2024-09-03,2024,36,"5",42.002583,-82.578633,"Surface",1,"COND","uS",233.1,FALSE,NA,247
2024-09-03,2024,36,"5",42.002583,-82.578633,"Surface",1,"DMC","ugL",0.033846658,FALSE,NA,247
2024-09-03,2024,36,"5",42.002583,-82.578633,"Surface",1,"DO","sat%",98.1,FALSE,NA,247
2024-09-03,2024,36,"5",42.002583,-82.578633,"Surface",1,"NH4","ugL",13.63336245,FALSE,NA,247
2024-09-03,2024,36,"5",42.002583,-82.578633,"Surface",1,"NO3","ugl",287.28,FALSE,NA,247
2024-09-03,2024,36,"5",42.002583,-82.578633,"Surface",1,"PP","ugL",14.26603603,FALSE,NA,247
2024-09-03,2024,36,"5",42.002583,-82.578633,"Surface",1,"PRESSURE","mmHg",755.5,FALSE,NA,247
2024-09-03,2024,36,"5",42.002583,-82.578633,"Surface",1,"SECCHI","m",1.5,FALSE,NA,247
2024-09-03,2024,36,"5",42.002583,-82.578633,"Surface",1,"SRP","ugL",1.965,FALSE,NA,247
2024-09-03,2024,36,"5",42.002583,-82.578633,"Surface",1,"TEMP","C",23.1,FALSE,NA,247
2024-09-03,2024,36,"5",42.002583,-82.578633,"Surface",1,"TMC","ugl",0.277318041,FALSE,NA,247
2024-09-03,2024,36,"5",42.002583,-82.578633,"Surface",1,"TP","ugL",15.32230578,TRUE,NA,247
2024-09-03,2024,36,"5",42.002583,-82.578633,"Surface",1,"TSS","mgL",3.769,FALSE,NA,247
2024-09-03,2024,36,"5",42.002583,-82.578633,"Surface",1,"pH","pH",8.55,FALSE,NA,247
2024-09-03,2024,36,"6",42.0222,-82.669683,"Bottom",7,"CHLA","ugL",51.835,TRUE,NA,247
2024-09-03,2024,36,"6",42.0222,-82.669683,"Bottom",7,"COND","uS",231.6,FALSE,NA,247
2024-09-03,2024,36,"6",42.0222,-82.669683,"Bottom",7,"DMC","ugL",0.031822269,FALSE,NA,247
2024-09-03,2024,36,"6",42.0222,-82.669683,"Bottom",7,"DO","sat%",92.1,FALSE,NA,247
2024-09-03,2024,36,"6",42.0222,-82.669683,"Bottom",7,"NH4","ugL",13.633362455,TRUE,NA,247
2024-09-03,2024,36,"6",42.0222,-82.669683,"Bottom",7,"NO3","ugl",268.6,FALSE,NA,247
2024-09-03,2024,36,"6",42.0222,-82.669683,"Bottom",7,"PP","ugL",10.270804385,FALSE,NA,247
2024-09-03,2024,36,"6",42.0222,-82.669683,"Bottom",7,"PRESSURE","mmHg",755.1,FALSE,NA,247
2024-09-03,2024,36,"6",42.0222,-82.669683,"Bottom",7,"SRP","ugL",1.905,FALSE,NA,247
2024-09-03,2024,36,"6",42.0222,-82.669683,"Bottom",7,"TDN","ugl",616.7861776,FALSE,NA,247
2024-09-03,2024,36,"6",42.0222,-82.669683,"Bottom",7,"TEMP","C",22.9,FALSE,NA,247
2024-09-03,2024,36,"6",42.0222,-82.669683,"Bottom",7,"TP","ugL",21.127284841,TRUE,NA,247
2024-09-03,2024,36,"6",42.0222,-82.669683,"Bottom",7,"TSS","mgL",2.121,FALSE,NA,247
2024-09-03,2024,36,"6",42.0222,-82.669683,"Bottom",7,"pH","pH",8.48,FALSE,NA,247
2024-09-03,2024,36,"6",42.0222,-82.669683,"Surface",1,"CHLA","ugL",61.47,FALSE,NA,247
2024-09-03,2024,36,"6",42.0222,-82.669683,"Surface",1,"COND","uS",231.5,FALSE,NA,247
2024-09-03,2024,36,"6",42.0222,-82.669683,"Surface",1,"DMC","ugL",0.036200095,FALSE,NA,247
2024-09-03,2024,36,"6",42.0222,-82.669683,"Surface",1,"DO","sat%",94.7,FALSE,NA,247
2024-09-03,2024,36,"6",42.0222,-82.669683,"Surface",1,"NH4","ugL",40.869723525,FALSE,NA,247
2024-09-03,2024,36,"6",42.0222,-82.669683,"Surface",1,"NO3","ugl",268.44,FALSE,NA,247
2024-09-03,2024,36,"6",42.0222,-82.669683,"Surface",1,"PP","ugL",9.0296913425,FALSE,NA,247
2024-09-03,2024,36,"6",42.0222,-82.669683,"Surface",1,"PRESSURE","mmHg",755.1,FALSE,NA,247
2024-09-03,2024,36,"6",42.0222,-82.669683,"Surface",1,"SECCHI","m",2.2,FALSE,NA,247
2024-09-03,2024,36,"6",42.0222,-82.669683,"Surface",1,"SRP","ugL",2.01,FALSE,NA,247
2024-09-03,2024,36,"6",42.0222,-82.669683,"Surface",1,"TDN","ugl",618.136773,FALSE,NA,247
2024-09-03,2024,36,"6",42.0222,-82.669683,"Surface",1,"TEMP","C",22.9,FALSE,NA,247
2024-09-03,2024,36,"6",42.0222,-82.669683,"Surface",1,"TP","ugL",7.2951492655,FALSE,NA,247
2024-09-03,2024,36,"6",42.0222,-82.669683,"Surface",1,"TSS","mgL",1.838,FALSE,NA,247
2024-09-03,2024,36,"6",42.0222,-82.669683,"Surface",1,"pH","pH",8.49,FALSE,NA,247
2024-09-03,2024,36,"7",41.99605,-82.7179,"Bottom",9,"CHLA","ugL",43.14,FALSE,NA,247
2024-09-03,2024,36,"7",41.99605,-82.7179,"Bottom",9,"COND","uS",229.8,FALSE,NA,247
2024-09-03,2024,36,"7",41.99605,-82.7179,"Bottom",9,"DO","sat%",90.8,FALSE,NA,247
2024-09-03,2024,36,"7",41.99605,-82.7179,"Bottom",9,"NH4","ugL",145.6249584,FALSE,NA,247
2024-09-03,2024,36,"7",41.99605,-82.7179,"Bottom",9,"NO3","ugl",224.71,FALSE,NA,247
2024-09-03,2024,36,"7",41.99605,-82.7179,"Bottom",9,"PP","ugL",9.781569093,FALSE,NA,247
2024-09-03,2024,36,"7",41.99605,-82.7179,"Bottom",9,"PRESSURE","mmHg",755.3,FALSE,NA,247
2024-09-03,2024,36,"7",41.99605,-82.7179,"Bottom",9,"SRP","ugL",1.935,FALSE,NA,247
2024-09-03,2024,36,"7",41.99605,-82.7179,"Bottom",9,"TEMP","C",22.9,FALSE,NA,247
2024-09-03,2024,36,"7",41.99605,-82.7179,"Bottom",9,"TP","ugL",14.33055627,TRUE,NA,247
2024-09-03,2024,36,"7",41.99605,-82.7179,"Bottom",9,"TSS","mgL",2.263,FALSE,NA,247
2024-09-03,2024,36,"7",41.99605,-82.7179,"Bottom",9,"pH","pH",8.38,FALSE,NA,247
2024-09-03,2024,36,"7",41.99605,-82.7179,"Surface",1,"CHLA","ugL",46.905,FALSE,NA,247
2024-09-03,2024,36,"7",41.99605,-82.7179,"Surface",1,"COND","uS",229.7,FALSE,NA,247
2024-09-03,2024,36,"7",41.99605,-82.7179,"Surface",1,"DMC","ugL",0.033559627,FALSE,NA,247
2024-09-03,2024,36,"7",41.99605,-82.7179,"Surface",1,"DO","sat%",92.6,FALSE,NA,247
2024-09-03,2024,36,"7",41.99605,-82.7179,"Surface",1,"NH4","ugL",38.774618825,TRUE,NA,247
2024-09-03,2024,36,"7",41.99605,-82.7179,"Surface",1,"NO3","ugl",217.31,FALSE,NA,247
2024-09-03,2024,36,"7",41.99605,-82.7179,"Surface",1,"PP","ugL",7.6157884205,FALSE,NA,247
2024-09-03,2024,36,"7",41.99605,-82.7179,"Surface",1,"PRESSURE","mmHg",755.2,FALSE,NA,247
2024-09-03,2024,36,"7",41.99605,-82.7179,"Surface",1,"SECCHI","m",2.2,FALSE,NA,247
2024-09-03,2024,36,"7",41.99605,-82.7179,"Surface",1,"SRP","ugL",1.725,FALSE,NA,247
2024-09-03,2024,36,"7",41.99605,-82.7179,"Surface",1,"TEMP","C",22.8,FALSE,NA,247
2024-09-03,2024,36,"7",41.99605,-82.7179,"Surface",1,"TMC","ugl",0.269196083,FALSE,NA,247
2024-09-03,2024,36,"7",41.99605,-82.7179,"Surface",1,"TP","ugL",19.952723884,TRUE,NA,247
2024-09-03,2024,36,"7",41.99605,-82.7179,"Surface",1,"TSS","mgL",2.303,FALSE,NA,247
2024-09-03,2024,36,"7",41.99605,-82.7179,"Surface",1,"pH","pH",8.41,FALSE,NA,247
2024-09-11,2024,37,"2",41.971783,-82.488083,"Bottom",10,"CHLA","ugL",46.98,FALSE,NA,255
2024-09-11,2024,37,"2",41.971783,-82.488083,"Bottom",10,"COND","uS",240.5,FALSE,NA,255
2024-09-11,2024,37,"2",41.971783,-82.488083,"Bottom",10,"DO","sat%",88.1,FALSE,NA,255
2024-09-11,2024,37,"2",41.971783,-82.488083,"Bottom",10,"NH4","ugL",-0.121455345,FALSE,NA,255
2024-09-11,2024,37,"2",41.971783,-82.488083,"Bottom",10,"NO3","ugl",202.42,FALSE,NA,255
2024-09-11,2024,37,"2",41.971783,-82.488083,"Bottom",10,"PP","ugL",13.931502325,FALSE,NA,255
2024-09-11,2024,37,"2",41.971783,-82.488083,"Bottom",10,"PRESSURE","mmHg",749.9,FALSE,NA,255
2024-09-11,2024,37,"2",41.971783,-82.488083,"Bottom",10,"SRP","ugL",3.395,TRUE,NA,255
2024-09-11,2024,37,"2",41.971783,-82.488083,"Bottom",10,"TDN","ugl",489.6289344,FALSE,NA,255
2024-09-11,2024,37,"2",41.971783,-82.488083,"Bottom",10,"TEMP","C",21.2,FALSE,NA,255
2024-09-11,2024,37,"2",41.971783,-82.488083,"Bottom",10,"TP","ugL",9.049262584,TRUE,NA,255
2024-09-11,2024,37,"2",41.971783,-82.488083,"Bottom",10,"TSS","mgL",6.769,FALSE,NA,255
2024-09-11,2024,37,"2",41.971783,-82.488083,"Bottom",10,"pH","pH",8.17,FALSE,NA,255
2024-09-11,2024,37,"2",41.971783,-82.488083,"Surface",1,"CHLA","ugL",79.875,FALSE,NA,255
2024-09-11,2024,37,"2",41.971783,-82.488083,"Surface",1,"COND","uS",242.8,FALSE,NA,255
2024-09-11,2024,37,"2",41.971783,-82.488083,"Surface",1,"DMC","ugL",0.037040739,FALSE,NA,255
2024-09-11,2024,37,"2",41.971783,-82.488083,"Surface",1,"DO","sat%",99.5,FALSE,NA,255
2024-09-11,2024,37,"2",41.971783,-82.488083,"Surface",1,"NH4","ugL",44.14901783,FALSE,NA,255
2024-09-11,2024,37,"2",41.971783,-82.488083,"Surface",1,"NO3","ugl",137.63,FALSE,NA,255
2024-09-11,2024,37,"2",41.971783,-82.488083,"Surface",1,"PP","ugL",12.80857589,FALSE,NA,255
2024-09-11,2024,37,"2",41.971783,-82.488083,"Surface",1,"PRESSURE","mmHg",749.1,FALSE,NA,255
2024-09-11,2024,37,"2",41.971783,-82.488083,"Surface",1,"SECCHI","m",1.5,FALSE,NA,255
2024-09-11,2024,37,"2",41.971783,-82.488083,"Surface",1,"SRP","ugL",4.495,TRUE,NA,255
2024-09-11,2024,37,"2",41.971783,-82.488083,"Surface",1,"TDN","ugl",160.5255558,FALSE,NA,255
2024-09-11,2024,37,"2",41.971783,-82.488083,"Surface",1,"TEMP","C",21.5,FALSE,NA,255
2024-09-11,2024,37,"2",41.971783,-82.488083,"Surface",1,"TMC","ugl",0.23805627,FALSE,NA,255
2024-09-11,2024,37,"2",41.971783,-82.488083,"Surface",1,"TP","ugL",13.3733918585,TRUE,NA,255
2024-09-11,2024,37,"2",41.971783,-82.488083,"Surface",1,"TSS","mgL",3.948,FALSE,NA,255
2024-09-11,2024,37,"2",41.971783,-82.488083,"Surface",1,"pH","pH",8.42,FALSE,NA,255
2024-09-11,2024,37,"4",41.8927,-82.525767,"Bottom",10,"CHLA","ugL",82.185,FALSE,NA,255
2024-09-11,2024,37,"4",41.8927,-82.525767,"Bottom",10,"COND","uS",237.6,FALSE,NA,255
2024-09-11,2024,37,"4",41.8927,-82.525767,"Bottom",10,"DO","sat%",92.5,FALSE,NA,255
2024-09-11,2024,37,"4",41.8927,-82.525767,"Bottom",10,"NH4","ugL",44.05792632,FALSE,NA,255
2024-09-11,2024,37,"4",41.8927,-82.525767,"Bottom",10,"NO3","ugl",230.3,FALSE,NA,255
2024-09-11,2024,37,"4",41.8927,-82.525767,"Bottom",10,"PP","ugL",13.529725985,FALSE,NA,255
2024-09-11,2024,37,"4",41.8927,-82.525767,"Bottom",10,"PRESSURE","mmHg",750,FALSE,NA,255
2024-09-11,2024,37,"4",41.8927,-82.525767,"Bottom",10,"SRP","ugL",2.965,FALSE,NA,255
2024-09-11,2024,37,"4",41.8927,-82.525767,"Bottom",10,"TDN","ugl",596.8443141,FALSE,NA,255
2024-09-11,2024,37,"4",41.8927,-82.525767,"Bottom",10,"TEMP","C",21.2,FALSE,NA,255
2024-09-11,2024,37,"4",41.8927,-82.525767,"Bottom",10,"TP","ugL",13.41779633,TRUE,NA,255
2024-09-11,2024,37,"4",41.8927,-82.525767,"Bottom",10,"TSS","mgL",3.182,FALSE,NA,255
2024-09-11,2024,37,"4",41.8927,-82.525767,"Bottom",10,"pH","pH",8.37,FALSE,NA,255
2024-09-11,2024,37,"4",41.8927,-82.525767,"Surface",1,"CHLA","ugL",43.71,FALSE,NA,255
2024-09-11,2024,37,"4",41.8927,-82.525767,"Surface",1,"COND","uS",237.4,FALSE,NA,255
2024-09-11,2024,37,"4",41.8927,-82.525767,"Surface",1,"DO","sat%",101,FALSE,NA,255
2024-09-11,2024,37,"4",41.8927,-82.525767,"Surface",1,"NH4","ugL",20.556317105,TRUE,NA,255
2024-09-11,2024,37,"4",41.8927,-82.525767,"Surface",1,"NO3","ugl",228.65,FALSE,NA,255
2024-09-11,2024,37,"4",41.8927,-82.525767,"Surface",1,"PP","ugL",10.836967405,FALSE,NA,255
2024-09-11,2024,37,"4",41.8927,-82.525767,"Surface",1,"PRESSURE","mmHg",750.1,FALSE,NA,255
2024-09-11,2024,37,"4",41.8927,-82.525767,"Surface",1,"SECCHI","m",3,FALSE,NA,255
2024-09-11,2024,37,"4",41.8927,-82.525767,"Surface",1,"SRP","ugL",2.665,TRUE,NA,255
2024-09-11,2024,37,"4",41.8927,-82.525767,"Surface",1,"TDN","ugl",565.5355913,FALSE,NA,255
2024-09-11,2024,37,"4",41.8927,-82.525767,"Surface",1,"TEMP","C",21.6,FALSE,NA,255
2024-09-11,2024,37,"4",41.8927,-82.525767,"Surface",1,"TMC","ugl",0.999643339,FALSE,NA,255
2024-09-11,2024,37,"4",41.8927,-82.525767,"Surface",1,"TP","ugL",12.9383692265,TRUE,NA,255
2024-09-11,2024,37,"4",41.8927,-82.525767,"Surface",1,"TSS","mgL",1.453,FALSE,NA,255
2024-09-11,2024,37,"4",41.8927,-82.525767,"Surface",1,"pH","pH",8.52,FALSE,NA,255
2024-09-11,2024,37,"5",42.002583,-82.578633,"Bottom",7,"CHLA","ugL",108.55,FALSE,NA,255
2024-09-11,2024,37,"5",42.002583,-82.578633,"Bottom",7,"COND","uS",236.7,FALSE,NA,255
2024-09-11,2024,37,"5",42.002583,-82.578633,"Bottom",7,"DO","sat%",90.8,FALSE,NA,255
2024-09-11,2024,37,"5",42.002583,-82.578633,"Bottom",7,"NH4","ugL",10.1718851245,FALSE,NA,255
2024-09-11,2024,37,"5",42.002583,-82.578633,"Bottom",7,"NO3","ugl",230.05,FALSE,NA,255
2024-09-11,2024,37,"5",42.002583,-82.578633,"Bottom",7,"PP","ugL",21.23008001,FALSE,NA,255
2024-09-11,2024,37,"5",42.002583,-82.578633,"Bottom",7,"PRESSURE","mmHg",750.1,FALSE,NA,255
2024-09-11,2024,37,"5",42.002583,-82.578633,"Bottom",7,"SRP","ugL",2.495,TRUE,NA,255
2024-09-11,2024,37,"5",42.002583,-82.578633,"Bottom",7,"TDN","ugl",540.7801491,FALSE,NA,255
2024-09-11,2024,37,"5",42.002583,-82.578633,"Bottom",7,"TEMP","C",21,FALSE,NA,255
2024-09-11,2024,37,"5",42.002583,-82.578633,"Bottom",7,"TP","ugL",9.5004068565,TRUE,NA,255
2024-09-11,2024,37,"5",42.002583,-82.578633,"Bottom",7,"TSS","mgL",6.743,FALSE,NA,255
2024-09-11,2024,37,"5",42.002583,-82.578633,"Bottom",7,"pH","pH",8.41,FALSE,NA,255
2024-09-11,2024,37,"5",42.002583,-82.578633,"Surface",1,"CHLA","ugL",78.175,FALSE,NA,255
2024-09-11,2024,37,"5",42.002583,-82.578633,"Surface",1,"COND","uS",233.2,FALSE,NA,255
2024-09-11,2024,37,"5",42.002583,-82.578633,"Surface",1,"DO","sat%",112.4,FALSE,NA,255
2024-09-11,2024,37,"5",42.002583,-82.578633,"Surface",1,"NH4","ugL",18.91666995,FALSE,NA,255
2024-09-11,2024,37,"5",42.002583,-82.578633,"Surface",1,"NO3","ugl",228.68,FALSE,NA,255
2024-09-11,2024,37,"5",42.002583,-82.578633,"Surface",1,"PP","ugL",15.348926315,FALSE,NA,255
2024-09-11,2024,37,"5",42.002583,-82.578633,"Surface",1,"PRESSURE","mmHg",750,FALSE,NA,255
2024-09-11,2024,37,"5",42.002583,-82.578633,"Surface",1,"SECCHI","m",1.9,FALSE,NA,255
2024-09-11,2024,37,"5",42.002583,-82.578633,"Surface",1,"SRP","ugL",2.835,FALSE,NA,255
2024-09-11,2024,37,"5",42.002583,-82.578633,"Surface",1,"TDN","ugl",551.237966,FALSE,NA,255
2024-09-11,2024,37,"5",42.002583,-82.578633,"Surface",1,"TEMP","C",22.3,FALSE,NA,255
2024-09-11,2024,37,"5",42.002583,-82.578633,"Surface",1,"TP","ugL",12.345672005,TRUE,NA,255
2024-09-11,2024,37,"5",42.002583,-82.578633,"Surface",1,"TSS","mgL",2.84,FALSE,NA,255
2024-09-11,2024,37,"5",42.002583,-82.578633,"Surface",1,"pH","pH",8.73,FALSE,NA,255
2024-09-11,2024,37,"6",42.0222,-82.669683,"Bottom",7,"CHLA","ugL",70.805,TRUE,NA,255
2024-09-11,2024,37,"6",42.0222,-82.669683,"Bottom",7,"COND","uS",232.3,FALSE,NA,255
2024-09-11,2024,37,"6",42.0222,-82.669683,"Bottom",7,"DO","sat%",90.9,FALSE,NA,255
2024-09-11,2024,37,"6",42.0222,-82.669683,"Bottom",7,"NH4","ugL",2.15583237,TRUE,NA,255
2024-09-11,2024,37,"6",42.0222,-82.669683,"Bottom",7,"NO3","ugl",213.06,FALSE,NA,255
2024-09-11,2024,37,"6",42.0222,-82.669683,"Bottom",7,"PP","ugL",13.10837602,FALSE,NA,255
2024-09-11,2024,37,"6",42.0222,-82.669683,"Bottom",7,"PRESSURE","mmHg",749.8,FALSE,NA,255
2024-09-11,2024,37,"6",42.0222,-82.669683,"Bottom",7,"SRP","ugL",2.845,TRUE,NA,255
2024-09-11,2024,37,"6",42.0222,-82.669683,"Bottom",7,"TDN","ugl",534.9316627,FALSE,NA,255
2024-09-11,2024,37,"6",42.0222,-82.669683,"Bottom",7,"TEMP","C",21.1,FALSE,NA,255
2024-09-11,2024,37,"6",42.0222,-82.669683,"Bottom",7,"TP","ugL",6.8408290975,TRUE,NA,255
2024-09-11,2024,37,"6",42.0222,-82.669683,"Bottom",7,"TSS","mgL",2.749,FALSE,NA,255
2024-09-11,2024,37,"6",42.0222,-82.669683,"Bottom",7,"pH","pH",8.26,FALSE,NA,255
2024-09-11,2024,37,"6",42.0222,-82.669683,"Surface",1,"CHLA","ugL",55.235,FALSE,NA,255
2024-09-11,2024,37,"6",42.0222,-82.669683,"Surface",1,"COND","uS",232.2,FALSE,NA,255
2024-09-11,2024,37,"6",42.0222,-82.669683,"Surface",1,"DMC","ugL",0.046634007,FALSE,NA,255
2024-09-11,2024,37,"6",42.0222,-82.669683,"Surface",1,"DO","sat%",105,FALSE,NA,255
2024-09-11,2024,37,"6",42.0222,-82.669683,"Surface",1,"NH4","ugL",7.256956851,FALSE,NA,255
2024-09-11,2024,37,"6",42.0222,-82.669683,"Surface",1,"NO3","ugl",195.14,FALSE,NA,255
2024-09-11,2024,37,"6",42.0222,-82.669683,"Surface",1,"PP","ugL",9.213356674,TRUE,NA,255
2024-09-11,2024,37,"6",42.0222,-82.669683,"Surface",1,"PRESSURE","mmHg",749.8,FALSE,NA,255
2024-09-11,2024,37,"6",42.0222,-82.669683,"Surface",1,"SECCHI","m",2.4,FALSE,NA,255
2024-09-11,2024,37,"6",42.0222,-82.669683,"Surface",1,"SRP","ugL",1.97,FALSE,NA,255
2024-09-11,2024,37,"6",42.0222,-82.669683,"Surface",1,"TDN","ugl",416.0330328,FALSE,NA,255
2024-09-11,2024,37,"6",42.0222,-82.669683,"Surface",1,"TEMP","C",21.7,FALSE,NA,255
2024-09-11,2024,37,"6",42.0222,-82.669683,"Surface",1,"TMC","ugl",0.469239337,FALSE,NA,255
2024-09-11,2024,37,"6",42.0222,-82.669683,"Surface",1,"TP","ugL",8.9271155025,FALSE,NA,255
2024-09-11,2024,37,"6",42.0222,-82.669683,"Surface",1,"TSS","mgL",2.098,FALSE,NA,255
2024-09-11,2024,37,"6",42.0222,-82.669683,"Surface",1,"pH","pH",8.41,FALSE,NA,255
2024-09-11,2024,37,"7",41.99605,-82.7179,"Bottom",9,"CHLA","ugL",54.74,FALSE,NA,255
2024-09-11,2024,37,"7",41.99605,-82.7179,"Bottom",9,"COND","uS",231.3,FALSE,NA,255
2024-09-11,2024,37,"7",41.99605,-82.7179,"Bottom",9,"DO","sat%",90.8,FALSE,NA,255
2024-09-11,2024,37,"7",41.99605,-82.7179,"Bottom",9,"NH4","ugL",21.5583237,FALSE,NA,255
2024-09-11,2024,37,"7",41.99605,-82.7179,"Bottom",9,"NO3","ugl",213.66,FALSE,NA,255
2024-09-11,2024,37,"7",41.99605,-82.7179,"Bottom",9,"PP","ugL",10.2987101,FALSE,NA,255
2024-09-11,2024,37,"7",41.99605,-82.7179,"Bottom",9,"PRESSURE","mmHg",749.7,FALSE,NA,255
2024-09-11,2024,37,"7",41.99605,-82.7179,"Bottom",9,"SRP","ugL",3.155,FALSE,NA,255
2024-09-11,2024,37,"7",41.99605,-82.7179,"Bottom",9,"TDN","ugl",475.8123538,FALSE,NA,255
2024-09-11,2024,37,"7",41.99605,-82.7179,"Bottom",9,"TEMP","C",21.1,FALSE,NA,255
2024-09-11,2024,37,"7",41.99605,-82.7179,"Bottom",9,"TP","ugL",12.956433959,TRUE,NA,255
2024-09-11,2024,37,"7",41.99605,-82.7179,"Bottom",9,"TSS","mgL",2.65,FALSE,NA,255
2024-09-11,2024,37,"7",41.99605,-82.7179,"Bottom",9,"pH","pH",8.15,FALSE,NA,255
2024-09-11,2024,37,"7",41.99605,-82.7179,"Surface",1,"CHLA","ugL",51,FALSE,NA,255
2024-09-11,2024,37,"7",41.99605,-82.7179,"Surface",1,"COND","uS",231.9,FALSE,NA,255
2024-09-11,2024,37,"7",41.99605,-82.7179,"Surface",1,"DMC","ugL",0.036787335,FALSE,NA,255
2024-09-11,2024,37,"7",41.99605,-82.7179,"Surface",1,"DO","sat%",102.5,FALSE,NA,255
2024-09-11,2024,37,"7",41.99605,-82.7179,"Surface",1,"NH4","ugL",7.256956851,TRUE,NA,255
2024-09-11,2024,37,"7",41.99605,-82.7179,"Surface",1,"NO3","ugl",195.3,FALSE,NA,255
2024-09-11,2024,37,"7",41.99605,-82.7179,"Surface",1,"PP","ugL",6.9378037935,TRUE,NA,255
2024-09-11,2024,37,"7",41.99605,-82.7179,"Surface",1,"PRESSURE","mmHg",749.8,FALSE,NA,255
2024-09-11,2024,37,"7",41.99605,-82.7179,"Surface",1,"SECCHI","m",2.2,FALSE,NA,255
2024-09-11,2024,37,"7",41.99605,-82.7179,"Surface",1,"SRP","ugL",2.005,TRUE,NA,255
2024-09-11,2024,37,"7",41.99605,-82.7179,"Surface",1,"TDN","ugl",405.9216944,FALSE,NA,255
2024-09-11,2024,37,"7",41.99605,-82.7179,"Surface",1,"TEMP","C",21.5,FALSE,NA,255
2024-09-11,2024,37,"7",41.99605,-82.7179,"Surface",1,"TP","ugL",13.0222015715,TRUE,NA,255
2024-09-11,2024,37,"7",41.99605,-82.7179,"Surface",1,"TSS","mgL",1.668,FALSE,NA,255
2024-09-11,2024,37,"7",41.99605,-82.7179,"Surface",1,"pH","pH",8.38,FALSE,NA,255
2024-10-01,2024,40,"2",41.971783,-82.488083,"Bottom",10,"CHLA","ugL",59.135,FALSE,NA,275
2024-10-01,2024,40,"2",41.971783,-82.488083,"Bottom",10,"COND","uS",232.9,FALSE,NA,275
2024-10-01,2024,40,"2",41.971783,-82.488083,"Bottom",10,"DO","sat%",92.5,FALSE,NA,275
2024-10-01,2024,40,"2",41.971783,-82.488083,"Bottom",10,"NH4","ugL",70.019006245,TRUE,NA,275
2024-10-01,2024,40,"2",41.971783,-82.488083,"Bottom",10,"NO3","ugl",162,FALSE,NA,275
2024-10-01,2024,40,"2",41.971783,-82.488083,"Bottom",10,"PP","ugL",17.37081202,FALSE,NA,275
2024-10-01,2024,40,"2",41.971783,-82.488083,"Bottom",10,"PRESSURE","mmHg",745,FALSE,NA,275
2024-10-01,2024,40,"2",41.971783,-82.488083,"Bottom",10,"SRP","ugL",5.05,TRUE,NA,275
2024-10-01,2024,40,"2",41.971783,-82.488083,"Bottom",10,"TDN","ugl",410.3003797,FALSE,NA,275
2024-10-01,2024,40,"2",41.971783,-82.488083,"Bottom",10,"TEMP","C",21.4,FALSE,NA,275
2024-10-01,2024,40,"2",41.971783,-82.488083,"Bottom",10,"TP","ugL",29.62853233,TRUE,NA,275
2024-10-01,2024,40,"2",41.971783,-82.488083,"Bottom",10,"TSS","mgL",7.19,FALSE,NA,275
2024-10-01,2024,40,"2",41.971783,-82.488083,"Bottom",10,"pH","pH",8.24,FALSE,NA,275
2024-10-01,2024,40,"2",41.971783,-82.488083,"Surface",1,"CHLA","ugL",60.62,FALSE,NA,275
2024-10-01,2024,40,"2",41.971783,-82.488083,"Surface",1,"COND","uS",232.9,FALSE,NA,275
2024-10-01,2024,40,"2",41.971783,-82.488083,"Surface",1,"DMC","ugL",0.044336834,FALSE,NA,275
2024-10-01,2024,40,"2",41.971783,-82.488083,"Surface",1,"DO","sat%",93.5,FALSE,NA,275
2024-10-01,2024,40,"2",41.971783,-82.488083,"Surface",1,"NH4","ugL",20.37413409,FALSE,NA,275
2024-10-01,2024,40,"2",41.971783,-82.488083,"Surface",1,"NO3","ugl",166.63,FALSE,NA,275
2024-10-01,2024,40,"2",41.971783,-82.488083,"Surface",1,"PP","ugL",15.204951235,FALSE,NA,275
2024-10-01,2024,40,"2",41.971783,-82.488083,"Surface",1,"PRESSURE","mmHg",744.9,FALSE,NA,275
2024-10-01,2024,40,"2",41.971783,-82.488083,"Surface",1,"SECCHI","m",1.4,FALSE,NA,275
2024-10-01,2024,40,"2",41.971783,-82.488083,"Surface",1,"SRP","ugL",3.655,TRUE,NA,275
2024-10-01,2024,40,"2",41.971783,-82.488083,"Surface",1,"TDN","ugl",454.5925307,FALSE,NA,275
2024-10-01,2024,40,"2",41.971783,-82.488083,"Surface",1,"TEMP","C",21.4,FALSE,NA,275
2024-10-01,2024,40,"2",41.971783,-82.488083,"Surface",1,"TP","ugL",18.3558234915,TRUE,NA,275
2024-10-01,2024,40,"2",41.971783,-82.488083,"Surface",1,"TSS","mgL",8.322,FALSE,NA,275
2024-10-01,2024,40,"2",41.971783,-82.488083,"Surface",1,"pH","pH",8.25,FALSE,NA,275
2024-10-01,2024,40,"4",41.8927,-82.525767,"Bottom",10,"CHLA","ugL",77.655,FALSE,NA,275
2024-10-01,2024,40,"4",41.8927,-82.525767,"Bottom",10,"COND","uS",232.3,FALSE,NA,275
2024-10-01,2024,40,"4",41.8927,-82.525767,"Bottom",10,"DO","sat%",95.4,FALSE,NA,275
2024-10-01,2024,40,"4",41.8927,-82.525767,"Bottom",10,"NH4","ugL",6.163858748,FALSE,NA,275
2024-10-01,2024,40,"4",41.8927,-82.525767,"Bottom",10,"NO3","ugl",172.29,FALSE,NA,275
2024-10-01,2024,40,"4",41.8927,-82.525767,"Bottom",10,"PP","ugL",15.48845956,FALSE,NA,275
2024-10-01,2024,40,"4",41.8927,-82.525767,"Bottom",10,"PRESSURE","mmHg",745.2,FALSE,NA,275
2024-10-01,2024,40,"4",41.8927,-82.525767,"Bottom",10,"SRP","ugL",5.515,FALSE,NA,275
2024-10-01,2024,40,"4",41.8927,-82.525767,"Bottom",10,"TDN","ugl",509.9035692,FALSE,NA,275
2024-10-01,2024,40,"4",41.8927,-82.525767,"Bottom",10,"TEMP","C",21.3,FALSE,NA,275
2024-10-01,2024,40,"4",41.8927,-82.525767,"Bottom",10,"TP","ugL",21.7235987165,TRUE,NA,275
2024-10-01,2024,40,"4",41.8927,-82.525767,"Bottom",10,"TSS","mgL",14.902,FALSE,NA,275
2024-10-01,2024,40,"4",41.8927,-82.525767,"Bottom",10,"pH","pH",8.26,FALSE,NA,275
2024-10-01,2024,40,"4",41.8927,-82.525767,"Surface",1,"CHLA","ugL",58.49,FALSE,NA,275
2024-10-01,2024,40,"4",41.8927,-82.525767,"Surface",1,"COND","uS",232.9,FALSE,NA,275
2024-10-01,2024,40,"4",41.8927,-82.525767,"Surface",1,"DMC","ugL",0.049705298,FALSE,NA,275
2024-10-01,2024,40,"4",41.8927,-82.525767,"Surface",1,"DO","sat%",96.3,FALSE,NA,275
2024-10-01,2024,40,"4",41.8927,-82.525767,"Surface",1,"NH4","ugL",69.745731745,FALSE,NA,275
2024-10-01,2024,40,"4",41.8927,-82.525767,"Surface",1,"NO3","ugl",185.81,FALSE,NA,275
2024-10-01,2024,40,"4",41.8927,-82.525767,"Surface",1,"PP","ugL",11.928708895,FALSE,NA,275
2024-10-01,2024,40,"4",41.8927,-82.525767,"Surface",1,"PRESSURE","mmHg",745.2,FALSE,NA,275
2024-10-01,2024,40,"4",41.8927,-82.525767,"Surface",1,"SECCHI","m",1.8,FALSE,NA,275
2024-10-01,2024,40,"4",41.8927,-82.525767,"Surface",1,"SRP","ugL",1.935,FALSE,NA,275
2024-10-01,2024,40,"4",41.8927,-82.525767,"Surface",1,"TDN","ugl",457.4408154,FALSE,NA,275
2024-10-01,2024,40,"4",41.8927,-82.525767,"Surface",1,"TEMP","C",21.3,FALSE,NA,275
2024-10-01,2024,40,"4",41.8927,-82.525767,"Surface",1,"TMC","ugl",1.101047377,FALSE,NA,275
2024-10-01,2024,40,"4",41.8927,-82.525767,"Surface",1,"TP","ugL",13.79421685,TRUE,NA,275
2024-10-01,2024,40,"4",41.8927,-82.525767,"Surface",1,"TSS","mgL",5.821,FALSE,NA,275
2024-10-01,2024,40,"4",41.8927,-82.525767,"Surface",1,"pH","pH",8.28,FALSE,NA,275
2024-10-01,2024,40,"5",42.002583,-82.578633,"Bottom",7,"CHLA","ugL",80.385,FALSE,NA,275
2024-10-01,2024,40,"5",42.002583,-82.578633,"Bottom",7,"COND","uS",234.8,FALSE,NA,275
2024-10-01,2024,40,"5",42.002583,-82.578633,"Bottom",7,"DO","sat%",94.2,FALSE,NA,275
2024-10-01,2024,40,"5",42.002583,-82.578633,"Bottom",7,"NH4","ugL",61.911862005,FALSE,NA,275
2024-10-01,2024,40,"5",42.002583,-82.578633,"Bottom",7,"NO3","ugl",177.68,FALSE,NA,275
2024-10-01,2024,40,"5",42.002583,-82.578633,"Bottom",7,"PP","ugL",17.56098266,FALSE,NA,275
2024-10-01,2024,40,"5",42.002583,-82.578633,"Bottom",7,"PRESSURE","mmHg",745.1,FALSE,NA,275
2024-10-01,2024,40,"5",42.002583,-82.578633,"Bottom",7,"SRP","ugL",4.355,TRUE,NA,275
2024-10-01,2024,40,"5",42.002583,-82.578633,"Bottom",7,"TDN","ugl",524.385207,FALSE,NA,275
2024-10-01,2024,40,"5",42.002583,-82.578633,"Bottom",7,"TEMP","C",21.3,FALSE,NA,275
2024-10-01,2024,40,"5",42.002583,-82.578633,"Bottom",7,"TP","ugL",20.12970761,TRUE,NA,275
2024-10-01,2024,40,"5",42.002583,-82.578633,"Bottom",7,"TSS","mgL",3.196,FALSE,NA,275
2024-10-01,2024,40,"5",42.002583,-82.578633,"Bottom",7,"pH","pH",8.34,FALSE,NA,275
2024-10-01,2024,40,"5",42.002583,-82.578633,"Surface",1,"CHLA","ugL",84.59,FALSE,NA,275
2024-10-01,2024,40,"5",42.002583,-82.578633,"Surface",1,"COND","uS",234.5,FALSE,NA,275
2024-10-01,2024,40,"5",42.002583,-82.578633,"Surface",1,"DMC","ugL",0.046399181,FALSE,NA,275
2024-10-01,2024,40,"5",42.002583,-82.578633,"Surface",1,"DO","sat%",96.2,FALSE,NA,275
2024-10-01,2024,40,"5",42.002583,-82.578633,"Surface",1,"NH4","ugL",18.916669955,FALSE,NA,275
2024-10-01,2024,40,"5",42.002583,-82.578633,"Surface",1,"NO3","ugl",156.52,FALSE,NA,275
2024-10-01,2024,40,"5",42.002583,-82.578633,"Surface",1,"PP","ugL",14.423564565,FALSE,NA,275
2024-10-01,2024,40,"5",42.002583,-82.578633,"Surface",1,"PRESSURE","mmHg",745.1,FALSE,NA,275
2024-10-01,2024,40,"5",42.002583,-82.578633,"Surface",1,"SECCHI","m",1.5,FALSE,NA,275
2024-10-01,2024,40,"5",42.002583,-82.578633,"Surface",1,"SRP","ugL",2.365,FALSE,NA,275
2024-10-01,2024,40,"5",42.002583,-82.578633,"Surface",1,"TDN","ugl",409.8913745,FALSE,NA,275
2024-10-01,2024,40,"5",42.002583,-82.578633,"Surface",1,"TEMP","C",21.3,FALSE,NA,275
2024-10-01,2024,40,"5",42.002583,-82.578633,"Surface",1,"TP","ugL",12.310061204,TRUE,NA,275
2024-10-01,2024,40,"5",42.002583,-82.578633,"Surface",1,"TSS","mgL",4.13,FALSE,NA,275
2024-10-01,2024,40,"5",42.002583,-82.578633,"Surface",1,"pH","pH",8.37,FALSE,NA,275
2024-10-01,2024,40,"6",42.0222,-82.669683,"Bottom",7,"CHLA","ugL",60.495,TRUE,NA,275
2024-10-01,2024,40,"6",42.0222,-82.669683,"Bottom",7,"COND","uS",230.9,FALSE,NA,275
2024-10-01,2024,40,"6",42.0222,-82.669683,"Bottom",7,"DMC","ugL",0.056945994,FALSE,NA,275
2024-10-01,2024,40,"6",42.0222,-82.669683,"Bottom",7,"DO","sat%",93.1,FALSE,NA,275
2024-10-01,2024,40,"6",42.0222,-82.669683,"Bottom",7,"NH4","ugL",23.926702925,FALSE,NA,275
2024-10-01,2024,40,"6",42.0222,-82.669683,"Bottom",7,"NO3","ugl",200.27,FALSE,NA,275
2024-10-01,2024,40,"6",42.0222,-82.669683,"Bottom",7,"PP","ugL",18.953089955,FALSE,NA,275
2024-10-01,2024,40,"6",42.0222,-82.669683,"Bottom",7,"PRESSURE","mmHg",745,FALSE,NA,275
2024-10-01,2024,40,"6",42.0222,-82.669683,"Bottom",7,"SRP","ugL",10.4,FALSE,NA,275
2024-10-01,2024,40,"6",42.0222,-82.669683,"Bottom",7,"TDN","ugl",695.0650584,FALSE,NA,275
2024-10-01,2024,40,"6",42.0222,-82.669683,"Bottom",7,"TEMP","C",21.3,FALSE,NA,275
2024-10-01,2024,40,"6",42.0222,-82.669683,"Bottom",7,"TP","ugL",24.282572555,TRUE,NA,275
2024-10-01,2024,40,"6",42.0222,-82.669683,"Bottom",7,"TSS","mgL",3.233,FALSE,NA,275
2024-10-01,2024,40,"6",42.0222,-82.669683,"Bottom",7,"pH","pH",8.35,FALSE,NA,275
2024-10-01,2024,40,"6",42.0222,-82.669683,"Surface",1,"CHLA","ugL",85.115,FALSE,NA,275
2024-10-01,2024,40,"6",42.0222,-82.669683,"Surface",1,"COND","uS",230.8,FALSE,NA,275
2024-10-01,2024,40,"6",42.0222,-82.669683,"Surface",1,"DMC","ugL",0.041338576,FALSE,NA,275
2024-10-01,2024,40,"6",42.0222,-82.669683,"Surface",1,"DO","sat%",93.7,FALSE,NA,275
2024-10-01,2024,40,"6",42.0222,-82.669683,"Surface",1,"NH4","ugL",45.970848005,TRUE,NA,275
2024-10-01,2024,40,"6",42.0222,-82.669683,"Surface",1,"PP","ugL",13.691249555,FALSE,NA,275
2024-10-01,2024,40,"6",42.0222,-82.669683,"Surface",1,"PRESSURE","mmHg",745,FALSE,NA,275
2024-10-01,2024,40,"6",42.0222,-82.669683,"Surface",1,"SECCHI","m",1.6,FALSE,NA,275
2024-10-01,2024,40,"6",42.0222,-82.669683,"Surface",1,"TEMP","C",21.3,FALSE,NA,275
2024-10-01,2024,40,"6",42.0222,-82.669683,"Surface",1,"TP","ugL",15.745077217,TRUE,NA,275
2024-10-01,2024,40,"6",42.0222,-82.669683,"Surface",1,"TSS","mgL",3.77,FALSE,NA,275
2024-10-01,2024,40,"6",42.0222,-82.669683,"Surface",1,"pH","pH",8.36,FALSE,NA,275
2024-10-01,2024,40,"7",41.99605,-82.7179,"Bottom",9,"CHLA","ugL",40.725,FALSE,NA,275
2024-10-01,2024,40,"7",41.99605,-82.7179,"Bottom",9,"COND","uS",225.5,FALSE,NA,275
2024-10-01,2024,40,"7",41.99605,-82.7179,"Bottom",9,"DO","sat%",92.6,FALSE,NA,275
2024-10-01,2024,40,"7",41.99605,-82.7179,"Bottom",9,"NO3","ugl",193.83,FALSE,NA,275
2024-10-01,2024,40,"7",41.99605,-82.7179,"Bottom",9,"PP","ugL",10.0333721625,FALSE,NA,275
2024-10-01,2024,40,"7",41.99605,-82.7179,"Bottom",9,"PRESSURE","mmHg",744.9,FALSE,NA,275
2024-10-01,2024,40,"7",41.99605,-82.7179,"Bottom",9,"SRP","ugL",3.86,TRUE,NA,275
2024-10-01,2024,40,"7",41.99605,-82.7179,"Bottom",9,"TDN","ugl",525.070188,FALSE,NA,275
2024-10-01,2024,40,"7",41.99605,-82.7179,"Bottom",9,"TEMP","C",20.8,FALSE,NA,275
2024-10-01,2024,40,"7",41.99605,-82.7179,"Bottom",9,"TP","ugL",9.8637691725,TRUE,NA,275
2024-10-01,2024,40,"7",41.99605,-82.7179,"Bottom",9,"TSS","mgL",3.71,FALSE,NA,275
2024-10-01,2024,40,"7",41.99605,-82.7179,"Bottom",9,"pH","pH",8.2,FALSE,NA,275
2024-10-01,2024,40,"7",41.99605,-82.7179,"Surface",1,"CHLA","ugL",15.29,TRUE,NA,275
2024-10-01,2024,40,"7",41.99605,-82.7179,"Surface",1,"COND","uS",225.4,FALSE,NA,275
2024-10-01,2024,40,"7",41.99605,-82.7179,"Surface",1,"DMC","ugL",0.033342106,FALSE,NA,275
2024-10-01,2024,40,"7",41.99605,-82.7179,"Surface",1,"DO","sat%",93.3,FALSE,NA,275
2024-10-01,2024,40,"7",41.99605,-82.7179,"Surface",1,"NH4","ugL",27.023814215,FALSE,NA,275
2024-10-01,2024,40,"7",41.99605,-82.7179,"Surface",1,"NO3","ugl",229.59,FALSE,NA,275
2024-10-01,2024,40,"7",41.99605,-82.7179,"Surface",1,"PP","ugL",9.2877319375,FALSE,NA,275
2024-10-01,2024,40,"7",41.99605,-82.7179,"Surface",1,"PRESSURE","mmHg",745,FALSE,NA,275
2024-10-01,2024,40,"7",41.99605,-82.7179,"Surface",1,"SECCHI","m",1.7,FALSE,NA,275
2024-10-01,2024,40,"7",41.99605,-82.7179,"Surface",1,"SRP","ugL",3.78,FALSE,NA,275
2024-10-01,2024,40,"7",41.99605,-82.7179,"Surface",1,"TDN","ugl",543.1292689,FALSE,NA,275
2024-10-01,2024,40,"7",41.99605,-82.7179,"Surface",1,"TEMP","C",20.8,FALSE,NA,275
2024-10-01,2024,40,"7",41.99605,-82.7179,"Surface",1,"TP","ugL",10.2886453995,TRUE,NA,275
2024-10-01,2024,40,"7",41.99605,-82.7179,"Surface",1,"TSS","mgL",3.726,FALSE,NA,275
2024-10-01,2024,40,"7",41.99605,-82.7179,"Surface",1,"pH","pH",8.21,FALSE,NA,275
