check,date,year,weeknum,buoy,buoy_lat,buoy_long,depth_cat,depth_m,replicate,param,units,value,notes
14,2022-05-16,2022,21,2,41.913017,-82.7367,Surface,1,1,NH4,ugL,13.55,
15,2022-05-16,2022,21,2,41.913017,-82.7367,Surface,1,2,NH4,ugL,13.55,
1,2022-05-16,2022,21,2,41.913017,-82.7367,Bottom,11,1,NH4,ugL,13.35,
2,2022-05-16,2022,21,2,41.913017,-82.7367,Bottom,11,2,NH4,ugL,13.35,
16,2022-05-16,2022,21,2,41.913017,-82.7367,Surface,1,1,NO3,ugL,646.81,
17,2022-05-16,2022,21,2,41.913017,-82.7367,Surface,1,2,NO3,ugL,644.92,
3,2022-05-16,2022,21,2,41.913017,-82.7367,Bottom,11,1,NO3,ugL,814.27,
4,2022-05-16,2022,21,2,41.913017,-82.7367,Bottom,11,2,NO3,ugL,821.65,
22,2022-05-16,2022,21,2,41.913017,-82.7367,Surface,1,1,SRP,ugL,3.32,
23,2022-05-16,2022,21,2,41.913017,-82.7367,Surface,1,2,SRP,ugL,3.19,
9,2022-05-16,2022,21,2,41.913017,-82.7367,Bottom,11,1,SRP,ugL,4.52,
10,2022-05-16,2022,21,2,41.913017,-82.7367,Bottom,11,2,SRP,ugL,4.08,
18,2022-05-16,2022,21,2,41.913017,-82.7367,Surface,1,1,TDN,ugL,823.66,
19,2022-05-16,2022,21,2,41.913017,-82.7367,Surface,1,2,TDN,ugL,803.48,
5,2022-05-16,2022,21,2,41.913017,-82.7367,Bottom,11,1,TDN,ugL,944.69,
6,2022-05-16,2022,21,2,41.913017,-82.7367,Bottom,11,2,TDN,ugL,950.46,
20,2022-05-16,2022,21,2,41.913017,-82.7367,Surface,1,1,TDP,ugL,7.87,
21,2022-05-16,2022,21,2,41.913017,-82.7367,Surface,1,2,TDP,ugL,7.64,
7,2022-05-16,2022,21,2,41.913017,-82.7367,Bottom,11,1,TDP,ugL,17.84,
8,2022-05-16,2022,21,2,41.913017,-82.7367,Bottom,11,2,TDP,ugL,17.27,
24,2022-05-16,2022,21,2,41.913017,-82.7367,Surface,1,1,TP,ugL,6.70,
25,2022-05-16,2022,21,2,41.913017,-82.7367,Surface,1,2,TP,ugL,6.70,
11,2022-05-16,2022,21,2,41.913017,-82.7367,Bottom,11,1,TP,ugL,15.00,
12,2022-05-16,2022,21,2,41.913017,-82.7367,Bottom,11,2,TP,ugL,15.00,
26,2022-05-16,2022,21,2,41.913017,-82.7367,Surface,1,1,TSS,mgL,1514.17,
13,2022-05-16,2022,21,2,41.913017,-82.7367,Bottom,11,1,TSS,mgL,3294.55,
40,2022-05-16,2022,21,4,41.8927,-82.5258,Surface,1,1,NH4,ugL,13.55,
41,2022-05-16,2022,21,4,41.8927,-82.5258,Surface,1,2,NH4,ugL,13.75,
27,2022-05-16,2022,21,4,41.8927,-82.5258,Bottom,8,1,NH4,ugL,13.35,
28,2022-05-16,2022,21,4,41.8927,-82.5258,Bottom,8,2,NH4,ugL,13.16,
42,2022-05-16,2022,21,4,41.8927,-82.5258,Surface,1,1,NO3,ugL,192.06,
43,2022-05-16,2022,21,4,41.8927,-82.5258,Surface,1,2,NO3,ugL,192.26,
29,2022-05-16,2022,21,4,41.8927,-82.5258,Bottom,8,1,NO3,ugL,349.32,
30,2022-05-16,2022,21,4,41.8927,-82.5258,Bottom,8,2,NO3,ugL,345.57,
48,2022-05-16,2022,21,4,41.8927,-82.5258,Surface,1,1,SRP,ugL,3.54,
49,2022-05-16,2022,21,4,41.8927,-82.5258,Surface,1,2,SRP,ugL,3.35,
35,2022-05-16,2022,21,4,41.8927,-82.5258,Bottom,8,1,SRP,ugL,2.81,
36,2022-05-16,2022,21,4,41.8927,-82.5258,Bottom,8,2,SRP,ugL,2.56,
44,2022-05-16,2022,21,4,41.8927,-82.5258,Surface,1,1,TDN,ugL,353.93,
45,2022-05-16,2022,21,4,41.8927,-82.5258,Surface,1,2,TDN,ugL,498.02,
31,2022-05-16,2022,21,4,41.8927,-82.5258,Bottom,8,1,TDN,ugL,492.25,
32,2022-05-16,2022,21,4,41.8927,-82.5258,Bottom,8,2,TDN,ugL,463.43,
46,2022-05-16,2022,21,4,41.8927,-82.5258,Surface,1,1,TDP,ugL,11.68,
47,2022-05-16,2022,21,4,41.8927,-82.5258,Surface,1,2,TDP,ugL,11.33,
33,2022-05-16,2022,21,4,41.8927,-82.5258,Bottom,8,1,TDP,ugL,9.89,
34,2022-05-16,2022,21,4,41.8927,-82.5258,Bottom,8,2,TDP,ugL,9.60,
50,2022-05-16,2022,21,4,41.8927,-82.5258,Surface,1,1,TP,ugL,7.00,
51,2022-05-16,2022,21,4,41.8927,-82.5258,Surface,1,2,TP,ugL,6.15,
37,2022-05-16,2022,21,4,41.8927,-82.5258,Bottom,8,1,TP,ugL,6.65,
38,2022-05-16,2022,21,4,41.8927,-82.5258,Bottom,8,2,TP,ugL,7.15,
52,2022-05-16,2022,21,4,41.8927,-82.5258,Surface,1,1,TSS,mgL,3083.00,
39,2022-05-16,2022,21,4,41.8927,-82.5258,Bottom,8,1,TSS,mgL,3201.90,
66,2022-05-16,2022,21,5,42.002583,-82.5786,Surface,1,1,NH4,ugL,11.39,
67,2022-05-16,2022,21,5,42.002583,-82.5786,Surface,1,2,NH4,ugL,11.78,
53,2022-05-16,2022,21,5,42.002583,-82.5786,Bottom,8.5,1,NH4,ugL,14.14,
54,2022-05-16,2022,21,5,42.002583,-82.5786,Bottom,8.5,2,NH4,ugL,13.75,
68,2022-05-16,2022,21,5,42.002583,-82.5786,Surface,1,1,NO3,ugL,363.96,
69,2022-05-16,2022,21,5,42.002583,-82.5786,Surface,1,2,NO3,ugL,360.76,
55,2022-05-16,2022,21,5,42.002583,-82.5786,Bottom,8.5,1,NO3,ugL,362.32,
56,2022-05-16,2022,21,5,42.002583,-82.5786,Bottom,8.5,2,NO3,ugL,359.06,
74,2022-05-16,2022,21,5,42.002583,-82.5786,Surface,1,1,SRP,ugL,1.77,
75,2022-05-16,2022,21,5,42.002583,-82.5786,Surface,1,2,SRP,ugL,1.96,
61,2022-05-16,2022,21,5,42.002583,-82.5786,Bottom,8.5,1,SRP,ugL,5.31,
62,2022-05-16,2022,21,5,42.002583,-82.5786,Bottom,8.5,2,SRP,ugL,5.53,
70,2022-05-16,2022,21,5,42.002583,-82.5786,Surface,1,1,TDN,ugL,451.91,
71,2022-05-16,2022,21,5,42.002583,-82.5786,Surface,1,2,TDN,ugL,515.31,
57,2022-05-16,2022,21,5,42.002583,-82.5786,Bottom,8.5,1,TDN,ugL,549.89,
58,2022-05-16,2022,21,5,42.002583,-82.5786,Bottom,8.5,2,TDN,ugL,596.00,
72,2022-05-16,2022,21,5,42.002583,-82.5786,Surface,1,1,TDP,ugL,3.03,
73,2022-05-16,2022,21,5,42.002583,-82.5786,Surface,1,2,TDP,ugL,3.55,
59,2022-05-16,2022,21,5,42.002583,-82.5786,Bottom,8.5,1,TDP,ugL,14.56,
60,2022-05-16,2022,21,5,42.002583,-82.5786,Bottom,8.5,2,TDP,ugL,14.56,
76,2022-05-16,2022,21,5,42.002583,-82.5786,Surface,1,1,TP,ugL,6.80,
77,2022-05-16,2022,21,5,42.002583,-82.5786,Surface,1,2,TP,ugL,6.65,
63,2022-05-16,2022,21,5,42.002583,-82.5786,Bottom,8.5,1,TP,ugL,15.84,
64,2022-05-16,2022,21,5,42.002583,-82.5786,Bottom,8.5,2,TP,ugL,17.78,
78,2022-05-16,2022,21,5,42.002583,-82.5786,Surface,1,1,TSS,mgL,619.00,
65,2022-05-16,2022,21,5,42.002583,-82.5786,Bottom,8.5,1,TSS,mgL,9095.00,
92,2022-05-16,2022,21,6,42.0222,-82.6697,Surface,1,1,NH4,ugL,13.94,
93,2022-05-16,2022,21,6,42.0222,-82.6697,Surface,1,2,NH4,ugL,13.75,
79,2022-05-16,2022,21,6,42.0222,-82.6697,Bottom,8,1,NH4,ugL,15.12,
80,2022-05-16,2022,21,6,42.0222,-82.6697,Bottom,8,2,NH4,ugL,14.14,
94,2022-05-16,2022,21,6,42.0222,-82.6697,Surface,1,1,NO3,ugL,381.90,
95,2022-05-16,2022,21,6,42.0222,-82.6697,Surface,1,2,NO3,ugL,381.66,
81,2022-05-16,2022,21,6,42.0222,-82.6697,Bottom,8,1,NO3,ugL,357.15,
82,2022-05-16,2022,21,6,42.0222,-82.6697,Bottom,8,2,NO3,ugL,353.16,
100,2022-05-16,2022,21,6,42.0222,-82.6697,Surface,1,1,SRP,ugL,6.98,
101,2022-05-16,2022,21,6,42.0222,-82.6697,Surface,1,2,SRP,ugL,7.05,
87,2022-05-16,2022,21,6,42.0222,-82.6697,Bottom,8,1,SRP,ugL,4.52,
88,2022-05-16,2022,21,6,42.0222,-82.6697,Bottom,8,2,SRP,ugL,4.42,
96,2022-05-16,2022,21,6,42.0222,-82.6697,Surface,1,1,TDN,ugL,480.72,
97,2022-05-16,2022,21,6,42.0222,-82.6697,Surface,1,2,TDN,ugL,500.90,
83,2022-05-16,2022,21,6,42.0222,-82.6697,Bottom,8,1,TDN,ugL,457.67,
84,2022-05-16,2022,21,6,42.0222,-82.6697,Bottom,8,2,TDN,ugL,451.91,
98,2022-05-16,2022,21,6,42.0222,-82.6697,Surface,1,1,TDP,ugL,13.00,
99,2022-05-16,2022,21,6,42.0222,-82.6697,Surface,1,2,TDP,ugL,13.18,
85,2022-05-16,2022,21,6,42.0222,-82.6697,Bottom,8,1,TDP,ugL,13.35,
86,2022-05-16,2022,21,6,42.0222,-82.6697,Bottom,8,2,TDP,ugL,8.68,
102,2022-05-16,2022,21,6,42.0222,-82.6697,Surface,1,1,TP,ugL,5.81,
103,2022-05-16,2022,21,6,42.0222,-82.6697,Surface,1,2,TP,ugL,5.61,
89,2022-05-16,2022,21,6,42.0222,-82.6697,Bottom,8,1,TP,ugL,8.64,
90,2022-05-16,2022,21,6,42.0222,-82.6697,Bottom,8,2,TP,ugL,8.34,
104,2022-05-16,2022,21,6,42.0222,-82.6697,Surface,1,1,TSS,mgL,330.00,
91,2022-05-16,2022,21,6,42.0222,-82.6697,Bottom,8,1,TSS,mgL,828.00,
118,2022-05-16,2022,21,7,41.99605,-82.7179,Surface,1,1,NH4,ugL,13.55,
119,2022-05-16,2022,21,7,41.99605,-82.7179,Surface,1,2,NH4,ugL,13.55,
105,2022-05-16,2022,21,7,41.99605,-82.7179,Bottom,9.5,1,NH4,ugL,14.92,
106,2022-05-16,2022,21,7,41.99605,-82.7179,Bottom,9.5,2,NH4,ugL,15.51,
120,2022-05-16,2022,21,7,41.99605,-82.7179,Surface,1,1,NO3,ugL,559.89,
121,2022-05-16,2022,21,7,41.99605,-82.7179,Surface,1,2,NO3,ugL,554.17,
107,2022-05-16,2022,21,7,41.99605,-82.7179,Bottom,9.5,1,NO3,ugL,490.18,
108,2022-05-16,2022,21,7,41.99605,-82.7179,Bottom,9.5,2,NO3,ugL,494.20,
126,2022-05-16,2022,21,7,41.99605,-82.7179,Surface,1,1,SRP,ugL,2.65,
127,2022-05-16,2022,21,7,41.99605,-82.7179,Surface,1,2,SRP,ugL,3.13,
113,2022-05-16,2022,21,7,41.99605,-82.7179,Bottom,9.5,1,SRP,ugL,2.97,
114,2022-05-16,2022,21,7,41.99605,-82.7179,Bottom,9.5,2,SRP,ugL,3.73,
122,2022-05-16,2022,21,7,41.99605,-82.7179,Surface,1,1,TDN,ugL,627.70,
123,2022-05-16,2022,21,7,41.99605,-82.7179,Surface,1,2,TDN,ugL,636.34,
109,2022-05-16,2022,21,7,41.99605,-82.7179,Bottom,9.5,1,TDN,ugL,319.34,
110,2022-05-16,2022,21,7,41.99605,-82.7179,Bottom,9.5,2,TDN,ugL,587.35,
124,2022-05-16,2022,21,7,41.99605,-82.7179,Surface,1,1,TDP,ugL,4.01,
125,2022-05-16,2022,21,7,41.99605,-82.7179,Surface,1,2,TDP,ugL,3.72,
111,2022-05-16,2022,21,7,41.99605,-82.7179,Bottom,9.5,1,TDP,ugL,6.14,
112,2022-05-16,2022,21,7,41.99605,-82.7179,Bottom,9.5,2,TDP,ugL,7.64,
128,2022-05-16,2022,21,7,41.99605,-82.7179,Surface,1,1,TP,ugL,7.45,
129,2022-05-16,2022,21,7,41.99605,-82.7179,Surface,1,2,TP,ugL,7.74,
115,2022-05-16,2022,21,7,41.99605,-82.7179,Bottom,9.5,1,TP,ugL,22.99,
116,2022-05-16,2022,21,7,41.99605,-82.7179,Bottom,9.5,2,TP,ugL,20.71,
130,2022-05-16,2022,21,7,41.99605,-82.7179,Surface,1,1,TSS,mgL,1079.00,
117,2022-05-16,2022,21,7,41.99605,-82.7179,Bottom,9.5,1,TSS,mgL,13192.00,
133,2022-05-27,2022,22,2,41.913017,-82.7367,Surface,1,1,TP,ugL,7.30,
134,2022-05-27,2022,22,2,41.913017,-82.7367,Surface,1,2,TP,ugL,6.60,
131,2022-05-27,2022,22,2,41.913017,-82.7367,Bottom,11,1,TP,ugL,15.79,
132,2022-05-27,2022,22,2,41.913017,-82.7367,Bottom,11,2,TP,ugL,14.20,
137,2022-05-27,2022,22,4,41.8927,-82.5258,Surface,1,1,TP,ugL,8.59,
138,2022-05-27,2022,22,4,41.8927,-82.5258,Surface,1,2,TP,ugL,8.44,
135,2022-05-27,2022,22,4,41.8927,-82.5258,Bottom,8,1,TP,ugL,11.02,
136,2022-05-27,2022,22,4,41.8927,-82.5258,Bottom,8,2,TP,ugL,11.57,
141,2022-05-27,2022,22,5,42.002583,-82.5786,Surface,1,1,TP,ugL,7.05,
142,2022-05-27,2022,22,5,42.002583,-82.5786,Surface,1,2,TP,ugL,6.90,
139,2022-05-27,2022,22,5,42.002583,-82.5786,Bottom,8.5,1,TP,ugL,17.58,
140,2022-05-27,2022,22,5,42.002583,-82.5786,Bottom,8.5,2,TP,ugL,18.23,
145,2022-05-27,2022,22,6,42.0222,-82.6697,Surface,1,1,TP,ugL,11.32,
146,2022-05-27,2022,22,6,42.0222,-82.6697,Surface,1,2,TP,ugL,12.96,
143,2022-05-27,2022,22,6,42.0222,-82.6697,Bottom,8,1,TP,ugL,4.27,
144,2022-05-27,2022,22,6,42.0222,-82.6697,Bottom,8,2,TP,ugL,4.51,
149,2022-05-27,2022,22,7,41.99605,-82.7179,Surface,1,1,TP,ugL,6.50,
150,2022-05-27,2022,22,7,41.99605,-82.7179,Surface,1,2,TP,ugL,7.05,
147,2022-05-27,2022,22,7,41.99605,-82.7179,Bottom,9.5,1,TP,ugL,60.85,
148,2022-05-27,2022,22,7,41.99605,-82.7179,Bottom,9.5,2,TP,ugL,49.23,
162,2022-05-28,2022,22,2,41.913017,-82.7367,Surface,1,1,NH4,ugL,17.67,
163,2022-05-28,2022,22,2,41.913017,-82.7367,Surface,1,2,NH4,ugL,17.27,
151,2022-05-28,2022,22,2,41.913017,-82.7367,Bottom,11,1,NH4,ugL,16.49,
152,2022-05-28,2022,22,2,41.913017,-82.7367,Bottom,11,2,NH4,ugL,16.88,
164,2022-05-28,2022,22,2,41.913017,-82.7367,Surface,1,1,NO3,ugL,557.26,
165,2022-05-28,2022,22,2,41.913017,-82.7367,Surface,1,2,NO3,ugL,554.45,
153,2022-05-28,2022,22,2,41.913017,-82.7367,Bottom,11,1,NO3,ugL,540.90,
154,2022-05-28,2022,22,2,41.913017,-82.7367,Bottom,11,2,NO3,ugL,541.89,
170,2022-05-28,2022,22,2,41.913017,-82.7367,Surface,1,1,SRP,ugL,1.93,
171,2022-05-28,2022,22,2,41.913017,-82.7367,Surface,1,2,SRP,ugL,1.96,
159,2022-05-28,2022,22,2,41.913017,-82.7367,Bottom,11,1,SRP,ugL,1.99,
160,2022-05-28,2022,22,2,41.913017,-82.7367,Bottom,11,2,SRP,ugL,1.61,
166,2022-05-28,2022,22,2,41.913017,-82.7367,Surface,1,1,TDN,ugL,659.40,
167,2022-05-28,2022,22,2,41.913017,-82.7367,Surface,1,2,TDN,ugL,659.40,
155,2022-05-28,2022,22,2,41.913017,-82.7367,Bottom,11,1,TDN,ugL,653.63,
156,2022-05-28,2022,22,2,41.913017,-82.7367,Bottom,11,2,TDN,ugL,650.75,
168,2022-05-28,2022,22,2,41.913017,-82.7367,Surface,1,1,TDP,ugL,5.86,
169,2022-05-28,2022,22,2,41.913017,-82.7367,Surface,1,2,TDP,ugL,5.40,
157,2022-05-28,2022,22,2,41.913017,-82.7367,Bottom,11,1,TDP,ugL,4.13,
158,2022-05-28,2022,22,2,41.913017,-82.7367,Bottom,11,2,TDP,ugL,4.70,
172,2022-05-28,2022,22,2,41.913017,-82.7367,Surface,1,1,TSS,mgL,585.00,
161,2022-05-28,2022,22,2,41.913017,-82.7367,Bottom,11,1,TSS,mgL,3730.00,
184,2022-05-28,2022,22,4,41.8927,-82.5258,Surface,1,1,NH4,ugL,19.43,
185,2022-05-28,2022,22,4,41.8927,-82.5258,Surface,1,2,NH4,ugL,15.51,
173,2022-05-28,2022,22,4,41.8927,-82.5258,Bottom,8,1,NH4,ugL,16.49,
174,2022-05-28,2022,22,4,41.8927,-82.5258,Bottom,8,2,NH4,ugL,15.51,
186,2022-05-28,2022,22,4,41.8927,-82.5258,Surface,1,1,NO3,ugL,460.00,
187,2022-05-28,2022,22,4,41.8927,-82.5258,Surface,1,2,NO3,ugL,462.28,
175,2022-05-28,2022,22,4,41.8927,-82.5258,Bottom,8,1,NO3,ugL,452.86,
176,2022-05-28,2022,22,4,41.8927,-82.5258,Bottom,8,2,NO3,ugL,447.53,
192,2022-05-28,2022,22,4,41.8927,-82.5258,Surface,1,1,SRP,ugL,1.45,
193,2022-05-28,2022,22,4,41.8927,-82.5258,Surface,1,2,SRP,ugL,2.18,
181,2022-05-28,2022,22,4,41.8927,-82.5258,Bottom,8,1,SRP,ugL,1.58,
182,2022-05-28,2022,22,4,41.8927,-82.5258,Bottom,8,2,SRP,ugL,2.02,
188,2022-05-28,2022,22,4,41.8927,-82.5258,Surface,1,1,TDN,ugL,555.65,
189,2022-05-28,2022,22,4,41.8927,-82.5258,Surface,1,2,TDN,ugL,552.77,
177,2022-05-28,2022,22,4,41.8927,-82.5258,Bottom,8,1,TDN,ugL,529.72,
178,2022-05-28,2022,22,4,41.8927,-82.5258,Bottom,8,2,TDN,ugL,538.36,
190,2022-05-28,2022,22,4,41.8927,-82.5258,Surface,1,1,TDP,ugL,3.09,
191,2022-05-28,2022,22,4,41.8927,-82.5258,Surface,1,2,TDP,ugL,3.03,
179,2022-05-28,2022,22,4,41.8927,-82.5258,Bottom,8,1,TDP,ugL,2.97,
180,2022-05-28,2022,22,4,41.8927,-82.5258,Bottom,8,2,TDP,ugL,3.78,
194,2022-05-28,2022,22,4,41.8927,-82.5258,Surface,1,1,TSS,mgL,351.00,
183,2022-05-28,2022,22,4,41.8927,-82.5258,Bottom,8,1,TSS,mgL,354.78,
206,2022-05-28,2022,22,5,42.002583,-82.5786,Surface,1,1,NH4,ugL,40.02,
207,2022-05-28,2022,22,5,42.002583,-82.5786,Surface,1,2,NH4,ugL,38.65,
195,2022-05-28,2022,22,5,42.002583,-82.5786,Bottom,8.5,1,NH4,ugL,16.29,
196,2022-05-28,2022,22,5,42.002583,-82.5786,Bottom,8.5,2,NH4,ugL,15.71,
208,2022-05-28,2022,22,5,42.002583,-82.5786,Surface,1,1,NO3,ugL,377.88,
209,2022-05-28,2022,22,5,42.002583,-82.5786,Surface,1,2,NO3,ugL,377.45,
197,2022-05-28,2022,22,5,42.002583,-82.5786,Bottom,8.5,1,NO3,ugL,378.33,
198,2022-05-28,2022,22,5,42.002583,-82.5786,Bottom,8.5,2,NO3,ugL,380.83,
214,2022-05-28,2022,22,5,42.002583,-82.5786,Surface,1,1,SRP,ugL,3.67,
215,2022-05-28,2022,22,5,42.002583,-82.5786,Surface,1,2,SRP,ugL,3.54,
203,2022-05-28,2022,22,5,42.002583,-82.5786,Bottom,8.5,1,SRP,ugL,4.74,
204,2022-05-28,2022,22,5,42.002583,-82.5786,Bottom,8.5,2,SRP,ugL,4.74,
210,2022-05-28,2022,22,5,42.002583,-82.5786,Surface,1,1,TDN,ugL,596.00,
211,2022-05-28,2022,22,5,42.002583,-82.5786,Surface,1,2,TDN,ugL,596.00,
199,2022-05-28,2022,22,5,42.002583,-82.5786,Bottom,8.5,1,TDN,ugL,498.02,
200,2022-05-28,2022,22,5,42.002583,-82.5786,Bottom,8.5,2,TDN,ugL,454.79,
212,2022-05-28,2022,22,5,42.002583,-82.5786,Surface,1,1,TDP,ugL,8.28,
213,2022-05-28,2022,22,5,42.002583,-82.5786,Surface,1,2,TDP,ugL,6.89,
201,2022-05-28,2022,22,5,42.002583,-82.5786,Bottom,8.5,1,TDP,ugL,8.28,
202,2022-05-28,2022,22,5,42.002583,-82.5786,Bottom,8.5,2,TDP,ugL,7.35,
216,2022-05-28,2022,22,5,42.002583,-82.5786,Surface,1,1,TSS,mgL,820.00,
205,2022-05-28,2022,22,5,42.002583,-82.5786,Bottom,8.5,1,TSS,mgL,2124.00,
228,2022-05-28,2022,22,6,42.0222,-82.6697,Surface,1,1,NH4,ugL,26.69,
229,2022-05-28,2022,22,6,42.0222,-82.6697,Surface,1,2,NH4,ugL,17.67,
217,2022-05-28,2022,22,6,42.0222,-82.6697,Bottom,8,1,NH4,ugL,16.69,
218,2022-05-28,2022,22,6,42.0222,-82.6697,Bottom,8,2,NH4,ugL,16.88,
230,2022-05-28,2022,22,6,42.0222,-82.6697,Surface,1,1,NO3,ugL,397.32,
231,2022-05-28,2022,22,6,42.0222,-82.6697,Surface,1,2,NO3,ugL,400.54,
219,2022-05-28,2022,22,6,42.0222,-82.6697,Bottom,8,1,NO3,ugL,421.32,
220,2022-05-28,2022,22,6,42.0222,-82.6697,Bottom,8,2,NO3,ugL,435.47,
236,2022-05-28,2022,22,6,42.0222,-82.6697,Surface,1,1,SRP,ugL,6.98,
237,2022-05-28,2022,22,6,42.0222,-82.6697,Surface,1,2,SRP,ugL,7.05,
225,2022-05-28,2022,22,6,42.0222,-82.6697,Bottom,8,1,SRP,ugL,4.52,
226,2022-05-28,2022,22,6,42.0222,-82.6697,Bottom,8,2,SRP,ugL,4.42,
232,2022-05-28,2022,22,6,42.0222,-82.6697,Surface,1,1,TDN,ugL,561.41,
233,2022-05-28,2022,22,6,42.0222,-82.6697,Surface,1,2,TDN,ugL,518.19,
221,2022-05-28,2022,22,6,42.0222,-82.6697,Bottom,8,1,TDN,ugL,414.44,
222,2022-05-28,2022,22,6,42.0222,-82.6697,Bottom,8,2,TDN,ugL,227.13,
234,2022-05-28,2022,22,6,42.0222,-82.6697,Surface,1,1,TDP,ugL,7.24,
235,2022-05-28,2022,22,6,42.0222,-82.6697,Surface,1,2,TDP,ugL,6.26,
223,2022-05-28,2022,22,6,42.0222,-82.6697,Bottom,8,1,TDP,ugL,7.12,
224,2022-05-28,2022,22,6,42.0222,-82.6697,Bottom,8,2,TDP,ugL,9.95,
238,2022-05-28,2022,22,6,42.0222,-82.6697,Surface,1,1,TSS,mgL,,ND
227,2022-05-28,2022,22,6,42.0222,-82.6697,Bottom,8,1,TSS,mgL,-14.00,BDL
250,2022-05-28,2022,22,7,41.99605,-82.7179,Surface,1,1,NH4,ugL,23.55,
251,2022-05-28,2022,22,7,41.99605,-82.7179,Surface,1,2,NH4,ugL,24.14,
239,2022-05-28,2022,22,7,41.99605,-82.7179,Bottom,9.5,1,NH4,ugL,18.06,
240,2022-05-28,2022,22,7,41.99605,-82.7179,Bottom,9.5,2,NH4,ugL,17.27,
252,2022-05-28,2022,22,7,41.99605,-82.7179,Surface,1,1,NO3,ugL,420.68,
253,2022-05-28,2022,22,7,41.99605,-82.7179,Surface,1,2,NO3,ugL,414.05,
241,2022-05-28,2022,22,7,41.99605,-82.7179,Bottom,9.5,1,NO3,ugL,516.45,
242,2022-05-28,2022,22,7,41.99605,-82.7179,Bottom,9.5,2,NO3,ugL,484.67,
258,2022-05-28,2022,22,7,41.99605,-82.7179,Surface,1,1,SRP,ugL,6.10,
259,2022-05-28,2022,22,7,41.99605,-82.7179,Surface,1,2,SRP,ugL,4.83,
247,2022-05-28,2022,22,7,41.99605,-82.7179,Bottom,9.5,1,SRP,ugL,5.91,
248,2022-05-28,2022,22,7,41.99605,-82.7179,Bottom,9.5,2,SRP,ugL,6.16,
254,2022-05-28,2022,22,7,41.99605,-82.7179,Surface,1,1,TDN,ugL,558.53,
255,2022-05-28,2022,22,7,41.99605,-82.7179,Surface,1,2,TDN,ugL,434.62,
243,2022-05-28,2022,22,7,41.99605,-82.7179,Bottom,9.5,1,TDN,ugL,472.08,
244,2022-05-28,2022,22,7,41.99605,-82.7179,Bottom,9.5,2,TDN,ugL,250.18,
256,2022-05-28,2022,22,7,41.99605,-82.7179,Surface,1,1,TDP,ugL,9.20,
257,2022-05-28,2022,22,7,41.99605,-82.7179,Surface,1,2,TDP,ugL,7.76,
245,2022-05-28,2022,22,7,41.99605,-82.7179,Bottom,9.5,1,TDP,ugL,8.80,
246,2022-05-28,2022,22,7,41.99605,-82.7179,Bottom,9.5,2,TDP,ugL,9.72,
260,2022-05-28,2022,22,7,41.99605,-82.7179,Surface,1,1,TSS,mgL,374.50,
249,2022-05-28,2022,22,7,41.99605,-82.7179,Bottom,9.5,1,TSS,mgL,34368.00,
274,2022-06-09,2022,24,2,41.913017,-82.7367,Surface,1,1,NH4,ugL,17.08,
275,2022-06-09,2022,24,2,41.913017,-82.7367,Surface,1,2,NH4,ugL,15.12,
261,2022-06-09,2022,24,2,41.913017,-82.7367,Bottom,11,1,NH4,ugL,18.84,
262,2022-06-09,2022,24,2,41.913017,-82.7367,Bottom,11,2,NH4,ugL,19.04,
276,2022-06-09,2022,24,2,41.913017,-82.7367,Surface,1,1,NO3,ugL,492.96,
277,2022-06-09,2022,24,2,41.913017,-82.7367,Surface,1,2,NO3,ugL,489.79,
263,2022-06-09,2022,24,2,41.913017,-82.7367,Bottom,11,1,NO3,ugL,497.41,
264,2022-06-09,2022,24,2,41.913017,-82.7367,Bottom,11,2,NO3,ugL,498.27,
282,2022-06-09,2022,24,2,41.913017,-82.7367,Surface,1,1,SRP,ugL,5.56,
283,2022-06-09,2022,24,2,41.913017,-82.7367,Surface,1,2,SRP,ugL,5.72,
269,2022-06-09,2022,24,2,41.913017,-82.7367,Bottom,11,1,SRP,ugL,5.88,
270,2022-06-09,2022,24,2,41.913017,-82.7367,Bottom,11,2,SRP,ugL,5.12,
278,2022-06-09,2022,24,2,41.913017,-82.7367,Surface,1,1,TDN,ugL,581.59,
279,2022-06-09,2022,24,2,41.913017,-82.7367,Surface,1,2,TDN,ugL,570.06,
265,2022-06-09,2022,24,2,41.913017,-82.7367,Bottom,11,1,TDN,ugL,728.56,
266,2022-06-09,2022,24,2,41.913017,-82.7367,Bottom,11,2,TDN,ugL,587.35,
280,2022-06-09,2022,24,2,41.913017,-82.7367,Surface,1,1,TDP,ugL,9.66,
281,2022-06-09,2022,24,2,41.913017,-82.7367,Surface,1,2,TDP,ugL,9.31,
267,2022-06-09,2022,24,2,41.913017,-82.7367,Bottom,11,1,TDP,ugL,11.27,
268,2022-06-09,2022,24,2,41.913017,-82.7367,Bottom,11,2,TDP,ugL,10.01,
284,2022-06-09,2022,24,2,41.913017,-82.7367,Surface,1,1,TP,ugL,9.43,
285,2022-06-09,2022,24,2,41.913017,-82.7367,Surface,1,2,TP,ugL,10.72,
271,2022-06-09,2022,24,2,41.913017,-82.7367,Bottom,11,1,TP,ugL,14.20,
272,2022-06-09,2022,24,2,41.913017,-82.7367,Bottom,11,2,TP,ugL,15.25,
286,2022-06-09,2022,24,2,41.913017,-82.7367,Surface,1,1,TSS,mgL,5847.00,
273,2022-06-09,2022,24,2,41.913017,-82.7367,Bottom,11,1,TSS,mgL,5183.00,
300,2022-06-09,2022,24,4,41.8927,-82.5258,Surface,1,1,NH4,ugL,28.84,
301,2022-06-09,2022,24,4,41.8927,-82.5258,Surface,1,2,NH4,ugL,15.51,
287,2022-06-09,2022,24,4,41.8927,-82.5258,Bottom,8,1,NH4,ugL,16.10,
288,2022-06-09,2022,24,4,41.8927,-82.5258,Bottom,8,2,NH4,ugL,15.71,
302,2022-06-09,2022,24,4,41.8927,-82.5258,Surface,1,1,NO3,ugL,482.02,
303,2022-06-09,2022,24,4,41.8927,-82.5258,Surface,1,2,NO3,ugL,480.60,
289,2022-06-09,2022,24,4,41.8927,-82.5258,Bottom,8,1,NO3,ugL,476.34,
290,2022-06-09,2022,24,4,41.8927,-82.5258,Bottom,8,2,NO3,ugL,478.99,
308,2022-06-09,2022,24,4,41.8927,-82.5258,Surface,1,1,SRP,ugL,3.89,
309,2022-06-09,2022,24,4,41.8927,-82.5258,Surface,1,2,SRP,ugL,3.29,
295,2022-06-09,2022,24,4,41.8927,-82.5258,Bottom,8,1,SRP,ugL,3.32,
296,2022-06-09,2022,24,4,41.8927,-82.5258,Bottom,8,2,SRP,ugL,3.67,
304,2022-06-09,2022,24,4,41.8927,-82.5258,Surface,1,1,TDN,ugL,616.17,
305,2022-06-09,2022,24,4,41.8927,-82.5258,Surface,1,2,TDN,ugL,567.18,
291,2022-06-09,2022,24,4,41.8927,-82.5258,Bottom,8,1,TDN,ugL,604.64,
292,2022-06-09,2022,24,4,41.8927,-82.5258,Bottom,8,2,TDN,ugL,570.06,
306,2022-06-09,2022,24,4,41.8927,-82.5258,Surface,1,1,TDP,ugL,4.70,
307,2022-06-09,2022,24,4,41.8927,-82.5258,Surface,1,2,TDP,ugL,5.16,
293,2022-06-09,2022,24,4,41.8927,-82.5258,Bottom,8,1,TDP,ugL,6.72,
294,2022-06-09,2022,24,4,41.8927,-82.5258,Bottom,8,2,TDP,ugL,8.10,
310,2022-06-09,2022,24,4,41.8927,-82.5258,Surface,1,1,TP,ugL,11.37,
311,2022-06-09,2022,24,4,41.8927,-82.5258,Surface,1,2,TP,ugL,11.32,
297,2022-06-09,2022,24,4,41.8927,-82.5258,Bottom,8,1,TP,ugL,12.66,
298,2022-06-09,2022,24,4,41.8927,-82.5258,Bottom,8,2,TP,ugL,12.26,
312,2022-06-09,2022,24,4,41.8927,-82.5258,Surface,1,1,TSS,mgL,920.00,
299,2022-06-09,2022,24,4,41.8927,-82.5258,Bottom,8,1,TSS,mgL,3979.00,
326,2022-06-09,2022,24,5,42.002583,-82.5786,Surface,1,1,NH4,ugL,15.12,
327,2022-06-09,2022,24,5,42.002583,-82.5786,Surface,1,2,NH4,ugL,15.51,
313,2022-06-09,2022,24,5,42.002583,-82.5786,Bottom,8.5,1,NH4,ugL,14.14,
314,2022-06-09,2022,24,5,42.002583,-82.5786,Bottom,8.5,2,NH4,ugL,12.96,
328,2022-06-09,2022,24,5,42.002583,-82.5786,Surface,1,1,NO3,ugL,438.39,
329,2022-06-09,2022,24,5,42.002583,-82.5786,Surface,1,2,NO3,ugL,440.19,
315,2022-06-09,2022,24,5,42.002583,-82.5786,Bottom,8.5,1,NO3,ugL,409.56,
316,2022-06-09,2022,24,5,42.002583,-82.5786,Bottom,8.5,2,NO3,ugL,409.22,
334,2022-06-09,2022,24,5,42.002583,-82.5786,Surface,1,1,SRP,ugL,2.84,
335,2022-06-09,2022,24,5,42.002583,-82.5786,Surface,1,2,SRP,ugL,2.75,
321,2022-06-09,2022,24,5,42.002583,-82.5786,Bottom,8.5,1,SRP,ugL,2.43,
322,2022-06-09,2022,24,5,42.002583,-82.5786,Bottom,8.5,2,SRP,ugL,1.96,
330,2022-06-09,2022,24,5,42.002583,-82.5786,Surface,1,1,TDN,ugL,570.06,
331,2022-06-09,2022,24,5,42.002583,-82.5786,Surface,1,2,TDN,ugL,567.18,
317,2022-06-09,2022,24,5,42.002583,-82.5786,Bottom,8.5,1,TDN,ugL,532.60,
318,2022-06-09,2022,24,5,42.002583,-82.5786,Bottom,8.5,2,TDN,ugL,515.31,
332,2022-06-09,2022,24,5,42.002583,-82.5786,Surface,1,1,TDP,ugL,7.70,
333,2022-06-09,2022,24,5,42.002583,-82.5786,Surface,1,2,TDP,ugL,7.82,
319,2022-06-09,2022,24,5,42.002583,-82.5786,Bottom,8.5,1,TDP,ugL,3.90,
320,2022-06-09,2022,24,5,42.002583,-82.5786,Bottom,8.5,2,TDP,ugL,9.08,
336,2022-06-09,2022,24,5,42.002583,-82.5786,Surface,1,1,TP,ugL,10.82,
337,2022-06-09,2022,24,5,42.002583,-82.5786,Surface,1,2,TP,ugL,10.18,
323,2022-06-09,2022,24,5,42.002583,-82.5786,Bottom,8.5,1,TP,ugL,14.10,
324,2022-06-09,2022,24,5,42.002583,-82.5786,Bottom,8.5,2,TP,ugL,14.25,
338,2022-06-09,2022,24,5,42.002583,-82.5786,Surface,1,1,TSS,mgL,1265.00,
325,2022-06-09,2022,24,5,42.002583,-82.5786,Bottom,8.5,1,TSS,mgL,8771.00,
352,2022-06-09,2022,24,6,42.0222,-82.6697,Surface,1,1,NH4,ugL,17.67,
353,2022-06-09,2022,24,6,42.0222,-82.6697,Surface,1,2,NH4,ugL,18.65,
339,2022-06-09,2022,24,6,42.0222,-82.6697,Bottom,8,1,NH4,ugL,24.33,
340,2022-06-09,2022,24,6,42.0222,-82.6697,Bottom,8,2,NH4,ugL,23.55,
354,2022-06-09,2022,24,6,42.0222,-82.6697,Surface,1,1,NO3,ugL,395.55,
355,2022-06-09,2022,24,6,42.0222,-82.6697,Surface,1,2,NO3,ugL,421.03,
341,2022-06-09,2022,24,6,42.0222,-82.6697,Bottom,8,1,NO3,ugL,406.28,
342,2022-06-09,2022,24,6,42.0222,-82.6697,Bottom,8,2,NO3,ugL,418.75,
360,2022-06-09,2022,24,6,42.0222,-82.6697,Surface,1,1,SRP,ugL,3.25,
361,2022-06-09,2022,24,6,42.0222,-82.6697,Surface,1,2,SRP,ugL,3.60,
347,2022-06-09,2022,24,6,42.0222,-82.6697,Bottom,8,1,SRP,ugL,5.47,
348,2022-06-09,2022,24,6,42.0222,-82.6697,Bottom,8,2,SRP,ugL,5.91,
356,2022-06-09,2022,24,6,42.0222,-82.6697,Surface,1,1,TDN,ugL,564.30,
357,2022-06-09,2022,24,6,42.0222,-82.6697,Surface,1,2,TDN,ugL,564.30,
343,2022-06-09,2022,24,6,42.0222,-82.6697,Bottom,8,1,TDN,ugL,702.62,
344,2022-06-09,2022,24,6,42.0222,-82.6697,Bottom,8,2,TDN,ugL,786.19,
358,2022-06-09,2022,24,6,42.0222,-82.6697,Surface,1,1,TDP,ugL,6.38,
359,2022-06-09,2022,24,6,42.0222,-82.6697,Surface,1,2,TDP,ugL,5.86,
345,2022-06-09,2022,24,6,42.0222,-82.6697,Bottom,8,1,TDP,ugL,9.31,
346,2022-06-09,2022,24,6,42.0222,-82.6697,Bottom,8,2,TDP,ugL,9.78,
362,2022-06-09,2022,24,6,42.0222,-82.6697,Surface,1,1,TP,ugL,15.79,
363,2022-06-09,2022,24,6,42.0222,-82.6697,Surface,1,2,TP,ugL,15.79,
349,2022-06-09,2022,24,6,42.0222,-82.6697,Bottom,8,1,TP,ugL,22.45,
350,2022-06-09,2022,24,6,42.0222,-82.6697,Bottom,8,2,TP,ugL,23.99,
364,2022-06-09,2022,24,6,42.0222,-82.6697,Surface,1,1,TSS,mgL,1079.00,
351,2022-06-09,2022,24,6,42.0222,-82.6697,Bottom,8,1,TSS,mgL,2288.00,
379,2022-06-09,2022,24,7,41.99605,-82.7179,Surface,1,1,DOC,mgL,2.13,
365,2022-06-09,2022,24,7,41.99605,-82.7179,Bottom,9.5,1,DOC,mgL,1.63,
380,2022-06-09,2022,24,7,41.99605,-82.7179,Surface,1,1,NH4,ugL,18.06,
381,2022-06-09,2022,24,7,41.99605,-82.7179,Surface,1,2,NH4,ugL,17.27,
366,2022-06-09,2022,24,7,41.99605,-82.7179,Bottom,9.5,1,NH4,ugL,16.88,
367,2022-06-09,2022,24,7,41.99605,-82.7179,Bottom,9.5,2,NH4,ugL,15.12,
382,2022-06-09,2022,24,7,41.99605,-82.7179,Surface,1,1,NO3,ugL,385.29,
383,2022-06-09,2022,24,7,41.99605,-82.7179,Surface,1,2,NO3,ugL,392.02,
368,2022-06-09,2022,24,7,41.99605,-82.7179,Bottom,9.5,1,NO3,ugL,408.70,
369,2022-06-09,2022,24,7,41.99605,-82.7179,Bottom,9.5,2,NO3,ugL,390.05,
388,2022-06-09,2022,24,7,41.99605,-82.7179,Surface,1,1,SRP,ugL,2.50,
389,2022-06-09,2022,24,7,41.99605,-82.7179,Surface,1,2,SRP,ugL,3.38,
374,2022-06-09,2022,24,7,41.99605,-82.7179,Bottom,9.5,1,SRP,ugL,3.13,
375,2022-06-09,2022,24,7,41.99605,-82.7179,Bottom,9.5,2,SRP,ugL,3.41,
384,2022-06-09,2022,24,7,41.99605,-82.7179,Surface,1,1,TDN,ugL,474.96,
385,2022-06-09,2022,24,7,41.99605,-82.7179,Surface,1,2,TDN,ugL,483.61,
370,2022-06-09,2022,24,7,41.99605,-82.7179,Bottom,9.5,1,TDN,ugL,449.03,
371,2022-06-09,2022,24,7,41.99605,-82.7179,Bottom,9.5,2,TDN,ugL,437.50,
386,2022-06-09,2022,24,7,41.99605,-82.7179,Surface,1,1,TDP,ugL,1.76,
387,2022-06-09,2022,24,7,41.99605,-82.7179,Surface,1,2,TDP,ugL,2.51,
372,2022-06-09,2022,24,7,41.99605,-82.7179,Bottom,9.5,1,TDP,ugL,6.20,
373,2022-06-09,2022,24,7,41.99605,-82.7179,Bottom,9.5,2,TDP,ugL,5.86,
390,2022-06-09,2022,24,7,41.99605,-82.7179,Surface,1,1,TP,ugL,8.74,
391,2022-06-09,2022,24,7,41.99605,-82.7179,Surface,1,2,TP,ugL,9.83,
376,2022-06-09,2022,24,7,41.99605,-82.7179,Bottom,9.5,1,TP,ugL,56.03,
377,2022-06-09,2022,24,7,41.99605,-82.7179,Bottom,9.5,2,TP,ugL,71.33,
392,2022-06-09,2022,24,7,41.99605,-82.7179,Surface,1,1,TSS,mgL,1011.00,
378,2022-06-09,2022,24,7,41.99605,-82.7179,Bottom,9.5,1,TSS,mgL,53143.08,
406,2022-06-24,2022,26,2,41.913017,-82.7367,Surface,1,1,NH4,ugL,19.04,
407,2022-06-24,2022,26,2,41.913017,-82.7367,Surface,1,2,NH4,ugL,13.16,
393,2022-06-24,2022,26,2,41.913017,-82.7367,Bottom,11,1,NH4,ugL,11.98,
394,2022-06-24,2022,26,2,41.913017,-82.7367,Bottom,11,2,NH4,ugL,12.57,
408,2022-06-24,2022,26,2,41.913017,-82.7367,Surface,1,1,NO3,ugL,175.82,
409,2022-06-24,2022,26,2,41.913017,-82.7367,Surface,1,2,NO3,ugL,161.53,
395,2022-06-24,2022,26,2,41.913017,-82.7367,Bottom,11,1,NO3,ugL,257.38,
396,2022-06-24,2022,26,2,41.913017,-82.7367,Bottom,11,2,NO3,ugL,270.60,
414,2022-06-24,2022,26,2,41.913017,-82.7367,Surface,1,1,SRP,ugL,3.03,
415,2022-06-24,2022,26,2,41.913017,-82.7367,Surface,1,2,SRP,ugL,3.03,
401,2022-06-24,2022,26,2,41.913017,-82.7367,Bottom,11,1,SRP,ugL,3.79,
402,2022-06-24,2022,26,2,41.913017,-82.7367,Bottom,11,2,SRP,ugL,3.82,
410,2022-06-24,2022,26,2,41.913017,-82.7367,Surface,1,1,TDN,ugL,247.12,
411,2022-06-24,2022,26,2,41.913017,-82.7367,Surface,1,2,TDN,ugL,263.97,
397,2022-06-24,2022,26,2,41.913017,-82.7367,Bottom,11,1,TDN,ugL,380.36,
398,2022-06-24,2022,26,2,41.913017,-82.7367,Bottom,11,2,TDN,ugL,375.68,
412,2022-06-24,2022,26,2,41.913017,-82.7367,Surface,1,1,TDP,ugL,2.74,
413,2022-06-24,2022,26,2,41.913017,-82.7367,Surface,1,2,TDP,ugL,2.51,
399,2022-06-24,2022,26,2,41.913017,-82.7367,Bottom,11,1,TDP,ugL,4.93,
400,2022-06-24,2022,26,2,41.913017,-82.7367,Bottom,11,2,TDP,ugL,5.80,
416,2022-06-24,2022,26,2,41.913017,-82.7367,Surface,1,1,TP,ugL,16.19,
417,2022-06-24,2022,26,2,41.913017,-82.7367,Surface,1,2,TP,ugL,20.66,
403,2022-06-24,2022,26,2,41.913017,-82.7367,Bottom,11,1,TP,ugL,17.03,
404,2022-06-24,2022,26,2,41.913017,-82.7367,Bottom,11,2,TP,ugL,16.54,
418,2022-06-24,2022,26,2,41.913017,-82.7367,Surface,1,1,TSS,mgL,1175.00,
405,2022-06-24,2022,26,2,41.913017,-82.7367,Bottom,11,1,TSS,mgL,2254.00,
432,2022-06-24,2022,26,4,41.8927,-82.5258,Surface,1,1,NH4,ugL,13.16,
433,2022-06-24,2022,26,4,41.8927,-82.5258,Surface,1,2,NH4,ugL,14.14,
419,2022-06-24,2022,26,4,41.8927,-82.5258,Bottom,8,1,NH4,ugL,22.18,
420,2022-06-24,2022,26,4,41.8927,-82.5258,Bottom,8,2,NH4,ugL,22.96,
434,2022-06-24,2022,26,4,41.8927,-82.5258,Surface,1,1,NO3,ugL,244.37,
435,2022-06-24,2022,26,4,41.8927,-82.5258,Surface,1,2,NO3,ugL,258.20,
421,2022-06-24,2022,26,4,41.8927,-82.5258,Bottom,8,1,NO3,ugL,257.67,
422,2022-06-24,2022,26,4,41.8927,-82.5258,Bottom,8,2,NO3,ugL,267.34,
440,2022-06-24,2022,26,4,41.8927,-82.5258,Surface,1,1,SRP,ugL,2.59,
441,2022-06-24,2022,26,4,41.8927,-82.5258,Surface,1,2,SRP,ugL,2.62,
427,2022-06-24,2022,26,4,41.8927,-82.5258,Bottom,8,1,SRP,ugL,5.06,
428,2022-06-24,2022,26,4,41.8927,-82.5258,Bottom,8,2,SRP,ugL,5.21,
436,2022-06-24,2022,26,4,41.8927,-82.5258,Surface,1,1,TDN,ugL,343.89,
437,2022-06-24,2022,26,4,41.8927,-82.5258,Surface,1,2,TDN,ugL,323.23,
423,2022-06-24,2022,26,4,41.8927,-82.5258,Bottom,8,1,TDN,ugL,423.36,
424,2022-06-24,2022,26,4,41.8927,-82.5258,Bottom,8,2,TDN,ugL,416.91,
438,2022-06-24,2022,26,4,41.8927,-82.5258,Surface,1,1,TDP,ugL,3.55,
439,2022-06-24,2022,26,4,41.8927,-82.5258,Surface,1,2,TDP,ugL,3.32,
425,2022-06-24,2022,26,4,41.8927,-82.5258,Bottom,8,1,TDP,ugL,7.70,
426,2022-06-24,2022,26,4,41.8927,-82.5258,Bottom,8,2,TDP,ugL,6.26,
442,2022-06-24,2022,26,4,41.8927,-82.5258,Surface,1,1,TP,ugL,15.49,
443,2022-06-24,2022,26,4,41.8927,-82.5258,Surface,1,2,TP,ugL,61.69,
429,2022-06-24,2022,26,4,41.8927,-82.5258,Bottom,8,1,TP,ugL,16.14,
430,2022-06-24,2022,26,4,41.8927,-82.5258,Bottom,8,2,TP,ugL,16.49,
444,2022-06-24,2022,26,4,41.8927,-82.5258,Surface,1,1,TSS,mgL,960.00,
431,2022-06-24,2022,26,4,41.8927,-82.5258,Bottom,8,1,TSS,mgL,532.67,
458,2022-06-24,2022,26,5,42.002583,-82.5786,Surface,1,1,NH4,ugL,17.86,
459,2022-06-24,2022,26,5,42.002583,-82.5786,Surface,1,2,NH4,ugL,17.67,
445,2022-06-24,2022,26,5,42.002583,-82.5786,Bottom,8.5,1,NH4,ugL,17.08,
446,2022-06-24,2022,26,5,42.002583,-82.5786,Bottom,8.5,2,NH4,ugL,17.47,
460,2022-06-24,2022,26,5,42.002583,-82.5786,Surface,1,1,NO3,ugL,244.95,
461,2022-06-24,2022,26,5,42.002583,-82.5786,Surface,1,2,NO3,ugL,246.65,
447,2022-06-24,2022,26,5,42.002583,-82.5786,Bottom,8.5,1,NO3,ugL,307.45,
448,2022-06-24,2022,26,5,42.002583,-82.5786,Bottom,8.5,2,NO3,ugL,196.88,
466,2022-06-24,2022,26,5,42.002583,-82.5786,Surface,1,1,SRP,ugL,3.48,
467,2022-06-24,2022,26,5,42.002583,-82.5786,Surface,1,2,SRP,ugL,3.89,
453,2022-06-24,2022,26,5,42.002583,-82.5786,Bottom,8.5,1,SRP,ugL,10.59,
454,2022-06-24,2022,26,5,42.002583,-82.5786,Bottom,8.5,2,SRP,ugL,11.94,
462,2022-06-24,2022,26,5,42.002583,-82.5786,Surface,1,1,TDN,ugL,464.82,
463,2022-06-24,2022,26,5,42.002583,-82.5786,Surface,1,2,TDN,ugL,474.70,
449,2022-06-24,2022,26,5,42.002583,-82.5786,Bottom,8.5,1,TDN,ugL,422.87,
450,2022-06-24,2022,26,5,42.002583,-82.5786,Bottom,8.5,2,TDN,ugL,434.24,
464,2022-06-24,2022,26,5,42.002583,-82.5786,Surface,1,1,TDP,ugL,4.70,
465,2022-06-24,2022,26,5,42.002583,-82.5786,Surface,1,2,TDP,ugL,8.28,
451,2022-06-24,2022,26,5,42.002583,-82.5786,Bottom,8.5,1,TDP,ugL,16.58,
452,2022-06-24,2022,26,5,42.002583,-82.5786,Bottom,8.5,2,TDP,ugL,14.16,
468,2022-06-24,2022,26,5,42.002583,-82.5786,Surface,1,1,TP,ugL,22.30,
469,2022-06-24,2022,26,5,42.002583,-82.5786,Surface,1,2,TP,ugL,23.79,
455,2022-06-24,2022,26,5,42.002583,-82.5786,Bottom,8.5,1,TP,ugL,27.47,
456,2022-06-24,2022,26,5,42.002583,-82.5786,Bottom,8.5,2,TP,ugL,27.66,
470,2022-06-24,2022,26,5,42.002583,-82.5786,Surface,1,1,TSS,mgL,1503.00,
457,2022-06-24,2022,26,5,42.002583,-82.5786,Bottom,8.5,1,TSS,mgL,2650.00,
484,2022-06-24,2022,26,6,42.0222,-82.6697,Surface,1,1,NH4,ugL,11.98,
485,2022-06-24,2022,26,6,42.0222,-82.6697,Surface,1,2,NH4,ugL,12.57,
471,2022-06-24,2022,26,6,42.0222,-82.6697,Bottom,8,1,NH4,ugL,21.20,
472,2022-06-24,2022,26,6,42.0222,-82.6697,Bottom,8,2,NH4,ugL,21.00,
486,2022-06-24,2022,26,6,42.0222,-82.6697,Surface,1,1,NO3,ugL,197.91,
487,2022-06-24,2022,26,6,42.0222,-82.6697,Surface,1,2,NO3,ugL,196.83,
473,2022-06-24,2022,26,6,42.0222,-82.6697,Bottom,8,1,NO3,ugL,240.31,
474,2022-06-24,2022,26,6,42.0222,-82.6697,Bottom,8,2,NO3,ugL,260.64,
492,2022-06-24,2022,26,6,42.0222,-82.6697,Surface,1,1,SRP,ugL,1.96,
493,2022-06-24,2022,26,6,42.0222,-82.6697,Surface,1,2,SRP,ugL,2.12,
479,2022-06-24,2022,26,6,42.0222,-82.6697,Bottom,8,1,SRP,ugL,6.60,
480,2022-06-24,2022,26,6,42.0222,-82.6697,Bottom,8,2,SRP,ugL,6.67,
488,2022-06-24,2022,26,6,42.0222,-82.6697,Surface,1,1,TDN,ugL,282.72,
489,2022-06-24,2022,26,6,42.0222,-82.6697,Surface,1,2,TDN,ugL,266.30,
475,2022-06-24,2022,26,6,42.0222,-82.6697,Bottom,8,1,TDN,ugL,389.47,
476,2022-06-24,2022,26,6,42.0222,-82.6697,Bottom,8,2,TDN,ugL,386.16,
490,2022-06-24,2022,26,6,42.0222,-82.6697,Surface,1,1,TDP,ugL,2.40,
491,2022-06-24,2022,26,6,42.0222,-82.6697,Surface,1,2,TDP,ugL,2.05,
477,2022-06-24,2022,26,6,42.0222,-82.6697,Bottom,8,1,TDP,ugL,7.64,
478,2022-06-24,2022,26,6,42.0222,-82.6697,Bottom,8,2,TDP,ugL,7.76,
494,2022-06-24,2022,26,6,42.0222,-82.6697,Surface,1,1,TP,ugL,18.82,
495,2022-06-24,2022,26,6,42.0222,-82.6697,Surface,1,2,TP,ugL,17.33,
481,2022-06-24,2022,26,6,42.0222,-82.6697,Bottom,8,1,TP,ugL,29.95,
482,2022-06-24,2022,26,6,42.0222,-82.6697,Bottom,8,2,TP,ugL,31.19,
496,2022-06-24,2022,26,6,42.0222,-82.6697,Surface,1,1,TSS,mgL,758.00,
483,2022-06-24,2022,26,6,42.0222,-82.6697,Bottom,8,1,TSS,mgL,2924.00,
510,2022-06-24,2022,26,7,41.99605,-82.7179,Surface,1,1,NH4,ugL,12.57,
511,2022-06-24,2022,26,7,41.99605,-82.7179,Surface,1,2,NH4,ugL,11.39,
497,2022-06-24,2022,26,7,41.99605,-82.7179,Bottom,9.5,1,NH4,ugL,16.49,
498,2022-06-24,2022,26,7,41.99605,-82.7179,Bottom,9.5,2,NH4,ugL,13.75,
512,2022-06-24,2022,26,7,41.99605,-82.7179,Surface,1,1,NO3,ugL,254.86,
513,2022-06-24,2022,26,7,41.99605,-82.7179,Surface,1,2,NO3,ugL,248.64,
499,2022-06-24,2022,26,7,41.99605,-82.7179,Bottom,9.5,1,NO3,ugL,133.01,
500,2022-06-24,2022,26,7,41.99605,-82.7179,Bottom,9.5,2,NO3,ugL,121.14,
518,2022-06-24,2022,26,7,41.99605,-82.7179,Surface,1,1,SRP,ugL,2.28,
519,2022-06-24,2022,26,7,41.99605,-82.7179,Surface,1,2,SRP,ugL,2.21,
505,2022-06-24,2022,26,7,41.99605,-82.7179,Bottom,9.5,1,SRP,ugL,5.06,
506,2022-06-24,2022,26,7,41.99605,-82.7179,Bottom,9.5,2,SRP,ugL,4.83,
514,2022-06-24,2022,26,7,41.99605,-82.7179,Surface,1,1,TDN,ugL,326.34,
515,2022-06-24,2022,26,7,41.99605,-82.7179,Surface,1,2,TDN,ugL,310.09,
501,2022-06-24,2022,26,7,41.99605,-82.7179,Bottom,9.5,1,TDN,ugL,176.91,
502,2022-06-24,2022,26,7,41.99605,-82.7179,Bottom,9.5,2,TDN,ugL,175.16,
516,2022-06-24,2022,26,7,41.99605,-82.7179,Surface,1,1,TDP,ugL,2.63,
517,2022-06-24,2022,26,7,41.99605,-82.7179,Surface,1,2,TDP,ugL,1.88,
503,2022-06-24,2022,26,7,41.99605,-82.7179,Bottom,9.5,1,TDP,ugL,6.09,
504,2022-06-24,2022,26,7,41.99605,-82.7179,Bottom,9.5,2,TDP,ugL,6.32,
520,2022-06-24,2022,26,7,41.99605,-82.7179,Surface,1,1,TP,ugL,18.72,
521,2022-06-24,2022,26,7,41.99605,-82.7179,Surface,1,2,TP,ugL,76.35,
507,2022-06-24,2022,26,7,41.99605,-82.7179,Bottom,9.5,1,TP,ugL,60.85,
508,2022-06-24,2022,26,7,41.99605,-82.7179,Bottom,9.5,2,TP,ugL,62.44,
522,2022-06-24,2022,26,7,41.99605,-82.7179,Surface,1,1,TSS,mgL,1019.33,
509,2022-06-24,2022,26,7,41.99605,-82.7179,Bottom,9.5,1,TSS,mgL,27763.75,
537,2022-07-07,2022,28,2,41.913017,-82.7367,Surface,1,1,DOC,mgL,1.65,
523,2022-07-07,2022,28,2,41.913017,-82.7367,Bottom,11,1,DOC,mgL,1.63,
538,2022-07-07,2022,28,2,41.913017,-82.7367,Surface,1,1,NH4,ugL,13.35,
539,2022-07-07,2022,28,2,41.913017,-82.7367,Surface,1,2,NH4,ugL,13.94,
524,2022-07-07,2022,28,2,41.913017,-82.7367,Bottom,11,1,NH4,ugL,17.08,
525,2022-07-07,2022,28,2,41.913017,-82.7367,Bottom,11,2,NH4,ugL,17.27,
540,2022-07-07,2022,28,2,41.913017,-82.7367,Surface,1,1,NO3,ugL,255.63,
541,2022-07-07,2022,28,2,41.913017,-82.7367,Surface,1,2,NO3,ugL,273.23,
526,2022-07-07,2022,28,2,41.913017,-82.7367,Bottom,11,1,NO3,ugL,235.48,
527,2022-07-07,2022,28,2,41.913017,-82.7367,Bottom,11,2,NO3,ugL,248.76,
546,2022-07-07,2022,28,2,41.913017,-82.7367,Surface,1,1,SRP,ugL,9.26,
547,2022-07-07,2022,28,2,41.913017,-82.7367,Surface,1,2,SRP,ugL,8.50,
532,2022-07-07,2022,28,2,41.913017,-82.7367,Bottom,11,1,SRP,ugL,15.04,
533,2022-07-07,2022,28,2,41.913017,-82.7367,Bottom,11,2,SRP,ugL,14.54,
542,2022-07-07,2022,28,2,41.913017,-82.7367,Surface,1,1,TDN,ugL,435.99,
543,2022-07-07,2022,28,2,41.913017,-82.7367,Surface,1,2,TDN,ugL,405.32,
528,2022-07-07,2022,28,2,41.913017,-82.7367,Bottom,11,1,TDN,ugL,380.88,
529,2022-07-07,2022,28,2,41.913017,-82.7367,Bottom,11,2,TDN,ugL,345.62,
544,2022-07-07,2022,28,2,41.913017,-82.7367,Surface,1,1,TDP,ugL,14.16,
545,2022-07-07,2022,28,2,41.913017,-82.7367,Surface,1,2,TDP,ugL,13.75,
530,2022-07-07,2022,28,2,41.913017,-82.7367,Bottom,11,1,TDP,ugL,23.49,
531,2022-07-07,2022,28,2,41.913017,-82.7367,Bottom,11,2,TDP,ugL,24.07,
548,2022-07-07,2022,28,2,41.913017,-82.7367,Surface,1,1,TP,ugL,18.87,
549,2022-07-07,2022,28,2,41.913017,-82.7367,Surface,1,2,TP,ugL,15.99,
534,2022-07-07,2022,28,2,41.913017,-82.7367,Bottom,11,1,TP,ugL,20.91,
535,2022-07-07,2022,28,2,41.913017,-82.7367,Bottom,11,2,TP,ugL,21.60,
550,2022-07-07,2022,28,2,41.913017,-82.7367,Surface,1,1,TSS,mgL,2242.00,
536,2022-07-07,2022,28,2,41.913017,-82.7367,Bottom,11,1,TSS,mgL,21572.00,
565,2022-07-07,2022,28,4,41.8927,-82.5258,Surface,1,1,DOC,mgL,1.80,
551,2022-07-07,2022,28,4,41.8927,-82.5258,Bottom,8,1,DOC,mgL,1.74,
566,2022-07-07,2022,28,4,41.8927,-82.5258,Surface,1,1,NH4,ugL,11.39,
567,2022-07-07,2022,28,4,41.8927,-82.5258,Surface,1,2,NH4,ugL,10.80,
552,2022-07-07,2022,28,4,41.8927,-82.5258,Bottom,8,1,NH4,ugL,13.35,
553,2022-07-07,2022,28,4,41.8927,-82.5258,Bottom,8,2,NH4,ugL,12.76,
568,2022-07-07,2022,28,4,41.8927,-82.5258,Surface,1,1,NO3,ugL,197.88,
569,2022-07-07,2022,28,4,41.8927,-82.5258,Surface,1,2,NO3,ugL,198.27,
554,2022-07-07,2022,28,4,41.8927,-82.5258,Bottom,8,1,NO3,ugL,197.59,
555,2022-07-07,2022,28,4,41.8927,-82.5258,Bottom,8,2,NO3,ugL,196.83,
574,2022-07-07,2022,28,4,41.8927,-82.5258,Surface,1,1,SRP,ugL,2.75,
575,2022-07-07,2022,28,4,41.8927,-82.5258,Surface,1,2,SRP,ugL,2.59,
560,2022-07-07,2022,28,4,41.8927,-82.5258,Bottom,8,1,SRP,ugL,6.48,
561,2022-07-07,2022,28,4,41.8927,-82.5258,Bottom,8,2,SRP,ugL,6.45,
570,2022-07-07,2022,28,4,41.8927,-82.5258,Surface,1,1,TDN,ugL,337.26,
571,2022-07-07,2022,28,4,41.8927,-82.5258,Surface,1,2,TDN,ugL,325.85,
556,2022-07-07,2022,28,4,41.8927,-82.5258,Bottom,8,1,TDN,ugL,355.82,
557,2022-07-07,2022,28,4,41.8927,-82.5258,Bottom,8,2,TDN,ugL,328.40,
572,2022-07-07,2022,28,4,41.8927,-82.5258,Surface,1,1,TDP,ugL,2.80,
573,2022-07-07,2022,28,4,41.8927,-82.5258,Surface,1,2,TDP,ugL,4.36,
558,2022-07-07,2022,28,4,41.8927,-82.5258,Bottom,8,1,TDP,ugL,7.41,
559,2022-07-07,2022,28,4,41.8927,-82.5258,Bottom,8,2,TDP,ugL,7.12,
576,2022-07-07,2022,28,4,41.8927,-82.5258,Surface,1,1,TP,ugL,51.86,
577,2022-07-07,2022,28,4,41.8927,-82.5258,Surface,1,2,TP,ugL,16.19,
562,2022-07-07,2022,28,4,41.8927,-82.5258,Bottom,8,1,TP,ugL,24.63,
563,2022-07-07,2022,28,4,41.8927,-82.5258,Bottom,8,2,TP,ugL,25.63,
578,2022-07-07,2022,28,4,41.8927,-82.5258,Surface,1,1,TSS,mgL,814.00,
564,2022-07-07,2022,28,4,41.8927,-82.5258,Bottom,8,1,TSS,mgL,1864.00,
593,2022-07-07,2022,28,5,42.002583,-82.5786,Surface,1,1,DOC,mgL,1.71,
579,2022-07-07,2022,28,5,42.002583,-82.5786,Bottom,8.5,1,DOC,mgL,1.68,
594,2022-07-07,2022,28,5,42.002583,-82.5786,Surface,1,1,NH4,ugL,12.76,
595,2022-07-07,2022,28,5,42.002583,-82.5786,Surface,1,2,NH4,ugL,13.35,
580,2022-07-07,2022,28,5,42.002583,-82.5786,Bottom,8.5,1,NH4,ugL,14.14,
581,2022-07-07,2022,28,5,42.002583,-82.5786,Bottom,8.5,2,NH4,ugL,13.35,
596,2022-07-07,2022,28,5,42.002583,-82.5786,Surface,1,1,NO3,ugL,198.04,
597,2022-07-07,2022,28,5,42.002583,-82.5786,Surface,1,2,NO3,ugL,197.81,
582,2022-07-07,2022,28,5,42.002583,-82.5786,Bottom,8.5,1,NO3,ugL,181.83,
583,2022-07-07,2022,28,5,42.002583,-82.5786,Bottom,8.5,2,NO3,ugL,192.18,
602,2022-07-07,2022,28,5,42.002583,-82.5786,Surface,1,1,SRP,ugL,4.33,
603,2022-07-07,2022,28,5,42.002583,-82.5786,Surface,1,2,SRP,ugL,4.11,
588,2022-07-07,2022,28,5,42.002583,-82.5786,Bottom,8.5,1,SRP,ugL,18.04,
589,2022-07-07,2022,28,5,42.002583,-82.5786,Bottom,8.5,2,SRP,ugL,17.13,
598,2022-07-07,2022,28,5,42.002583,-82.5786,Surface,1,1,TDN,ugL,316.08,
599,2022-07-07,2022,28,5,42.002583,-82.5786,Surface,1,2,TDN,ugL,326.83,
584,2022-07-07,2022,28,5,42.002583,-82.5786,Bottom,8.5,1,TDN,ugL,341.72,
585,2022-07-07,2022,28,5,42.002583,-82.5786,Bottom,8.5,2,TDN,ugL,326.83,
600,2022-07-07,2022,28,5,42.002583,-82.5786,Surface,1,1,TDP,ugL,5.86,
601,2022-07-07,2022,28,5,42.002583,-82.5786,Surface,1,2,TDP,ugL,6.78,
586,2022-07-07,2022,28,5,42.002583,-82.5786,Bottom,8.5,1,TDP,ugL,31.10,
587,2022-07-07,2022,28,5,42.002583,-82.5786,Bottom,8.5,2,TDP,ugL,12.89,
604,2022-07-07,2022,28,5,42.002583,-82.5786,Surface,1,1,TP,ugL,30.40,
605,2022-07-07,2022,28,5,42.002583,-82.5786,Surface,1,2,TP,ugL,32.98,
590,2022-07-07,2022,28,5,42.002583,-82.5786,Bottom,8.5,1,TP,ugL,60.60,
591,2022-07-07,2022,28,5,42.002583,-82.5786,Bottom,8.5,2,TP,ugL,60.25,
606,2022-07-07,2022,28,5,42.002583,-82.5786,Surface,1,1,TSS,mgL,872.50,
592,2022-07-07,2022,28,5,42.002583,-82.5786,Bottom,8.5,1,TSS,mgL,4250.83,
621,2022-07-07,2022,28,6,42.0222,-82.6697,Surface,1,1,DOC,mgL,1.64,
607,2022-07-07,2022,28,6,42.0222,-82.6697,Bottom,8,1,DOC,mgL,1.87,
622,2022-07-07,2022,28,6,42.0222,-82.6697,Surface,1,1,NH4,ugL,11.78,
623,2022-07-07,2022,28,6,42.0222,-82.6697,Surface,1,2,NH4,ugL,12.37,
608,2022-07-07,2022,28,6,42.0222,-82.6697,Bottom,8,1,NH4,ugL,11.98,
609,2022-07-07,2022,28,6,42.0222,-82.6697,Bottom,8,2,NH4,ugL,11.39,
624,2022-07-07,2022,28,6,42.0222,-82.6697,Surface,1,1,NO3,ugL,197.18,
625,2022-07-07,2022,28,6,42.0222,-82.6697,Surface,1,2,NO3,ugL,197.40,
610,2022-07-07,2022,28,6,42.0222,-82.6697,Bottom,8,1,NO3,ugL,198.27,
611,2022-07-07,2022,28,6,42.0222,-82.6697,Bottom,8,2,NO3,ugL,197.76,
630,2022-07-07,2022,28,6,42.0222,-82.6697,Surface,1,1,SRP,ugL,2.88,
631,2022-07-07,2022,28,6,42.0222,-82.6697,Surface,1,2,SRP,ugL,3.73,
616,2022-07-07,2022,28,6,42.0222,-82.6697,Bottom,8,1,SRP,ugL,3.44,
617,2022-07-07,2022,28,6,42.0222,-82.6697,Bottom,8,2,SRP,ugL,3.03,
626,2022-07-07,2022,28,6,42.0222,-82.6697,Surface,1,1,TDN,ugL,311.52,
627,2022-07-07,2022,28,6,42.0222,-82.6697,Surface,1,2,TDN,ugL,297.74,
612,2022-07-07,2022,28,6,42.0222,-82.6697,Bottom,8,1,TDN,ugL,306.31,
613,2022-07-07,2022,28,6,42.0222,-82.6697,Bottom,8,2,TDN,ugL,296.54,
628,2022-07-07,2022,28,6,42.0222,-82.6697,Surface,1,1,TDP,ugL,3.15,
629,2022-07-07,2022,28,6,42.0222,-82.6697,Surface,1,2,TDP,ugL,4.24,
614,2022-07-07,2022,28,6,42.0222,-82.6697,Bottom,8,1,TDP,ugL,3.09,
615,2022-07-07,2022,28,6,42.0222,-82.6697,Bottom,8,2,TDP,ugL,3.95,
632,2022-07-07,2022,28,6,42.0222,-82.6697,Surface,1,1,TP,ugL,87.58,
633,2022-07-07,2022,28,6,42.0222,-82.6697,Surface,1,2,TP,ugL,83.85,
618,2022-07-07,2022,28,6,42.0222,-82.6697,Bottom,8,1,TP,ugL,84.89,
619,2022-07-07,2022,28,6,42.0222,-82.6697,Bottom,8,2,TP,ugL,82.91,
634,2022-07-07,2022,28,6,42.0222,-82.6697,Surface,1,1,TSS,mgL,866.67,
620,2022-07-07,2022,28,6,42.0222,-82.6697,Bottom,8,1,TSS,mgL,2454.00,
649,2022-07-07,2022,28,7,41.99605,-82.7179,Surface,1,1,DOC,mgL,1.60,
635,2022-07-07,2022,28,7,41.99605,-82.7179,Bottom,9.5,1,DOC,mgL,1.63,
650,2022-07-07,2022,28,7,41.99605,-82.7179,Surface,1,1,NH4,ugL,11.59,
651,2022-07-07,2022,28,7,41.99605,-82.7179,Surface,1,2,NH4,ugL,11.78,
636,2022-07-07,2022,28,7,41.99605,-82.7179,Bottom,9.5,1,NH4,ugL,13.75,
637,2022-07-07,2022,28,7,41.99605,-82.7179,Bottom,9.5,2,NH4,ugL,13.94,
652,2022-07-07,2022,28,7,41.99605,-82.7179,Surface,1,1,NO3,ugL,197.65,
653,2022-07-07,2022,28,7,41.99605,-82.7179,Surface,1,2,NO3,ugL,196.98,
638,2022-07-07,2022,28,7,41.99605,-82.7179,Bottom,9.5,1,NO3,ugL,197.65,
639,2022-07-07,2022,28,7,41.99605,-82.7179,Bottom,9.5,2,NO3,ugL,197.82,
658,2022-07-07,2022,28,7,41.99605,-82.7179,Surface,1,1,SRP,ugL,3.13,
659,2022-07-07,2022,28,7,41.99605,-82.7179,Surface,1,2,SRP,ugL,3.03,
644,2022-07-07,2022,28,7,41.99605,-82.7179,Bottom,9.5,1,SRP,ugL,11.75,
645,2022-07-07,2022,28,7,41.99605,-82.7179,Bottom,9.5,2,SRP,ugL,11.44,
654,2022-07-07,2022,28,7,41.99605,-82.7179,Surface,1,1,TDN,ugL,255.72,
655,2022-07-07,2022,28,7,41.99605,-82.7179,Surface,1,2,TDN,ugL,271.72,
640,2022-07-07,2022,28,7,41.99605,-82.7179,Bottom,9.5,1,TDN,ugL,312.71,
641,2022-07-07,2022,28,7,41.99605,-82.7179,Bottom,9.5,2,TDN,ugL,303.37,
656,2022-07-07,2022,28,7,41.99605,-82.7179,Surface,1,1,TDP,ugL,3.90,
657,2022-07-07,2022,28,7,41.99605,-82.7179,Surface,1,2,TDP,ugL,3.90,
642,2022-07-07,2022,28,7,41.99605,-82.7179,Bottom,9.5,1,TDP,ugL,13.98,
643,2022-07-07,2022,28,7,41.99605,-82.7179,Bottom,9.5,2,TDP,ugL,14.33,
660,2022-07-07,2022,28,7,41.99605,-82.7179,Surface,1,1,TP,ugL,56.18,
661,2022-07-07,2022,28,7,41.99605,-82.7179,Surface,1,2,TP,ugL,64.38,
646,2022-07-07,2022,28,7,41.99605,-82.7179,Bottom,9.5,1,TP,ugL,63.68,
647,2022-07-07,2022,28,7,41.99605,-82.7179,Bottom,9.5,2,TP,ugL,61.15,
662,2022-07-07,2022,28,7,41.99605,-82.7179,Surface,1,1,TSS,mgL,-15212.00,
648,2022-07-07,2022,28,7,41.99605,-82.7179,Bottom,9.5,1,TSS,mgL,,ND
677,2022-07-26,2022,31,2,41.913017,-82.7367,Surface,1,1,DOC,mgL,2.22,
663,2022-07-26,2022,31,2,41.913017,-82.7367,Bottom,11,1,DOC,mgL,1.95,
678,2022-07-26,2022,31,2,41.913017,-82.7367,Surface,1,1,NH4,ugL,15.31,
679,2022-07-26,2022,31,2,41.913017,-82.7367,Surface,1,2,NH4,ugL,13.94,
664,2022-07-26,2022,31,2,41.913017,-82.7367,Bottom,11,1,NH4,ugL,13.94,
665,2022-07-26,2022,31,2,41.913017,-82.7367,Bottom,11,2,NH4,ugL,12.96,
680,2022-07-26,2022,31,2,41.913017,-82.7367,Surface,1,1,NO3,ugL,320.05,
681,2022-07-26,2022,31,2,41.913017,-82.7367,Surface,1,2,NO3,ugL,313.99,
666,2022-07-26,2022,31,2,41.913017,-82.7367,Bottom,11,1,NO3,ugL,312.86,
667,2022-07-26,2022,31,2,41.913017,-82.7367,Bottom,11,2,NO3,ugL,306.06,
686,2022-07-26,2022,31,2,41.913017,-82.7367,Surface,1,1,SRP,ugL,7.87,
687,2022-07-26,2022,31,2,41.913017,-82.7367,Surface,1,2,SRP,ugL,7.87,
672,2022-07-26,2022,31,2,41.913017,-82.7367,Bottom,11,1,SRP,ugL,7.17,
673,2022-07-26,2022,31,2,41.913017,-82.7367,Bottom,11,2,SRP,ugL,6.29,
682,2022-07-26,2022,31,2,41.913017,-82.7367,Surface,1,1,TDN,ugL,489.53,
683,2022-07-26,2022,31,2,41.913017,-82.7367,Surface,1,2,TDN,ugL,465.02,
668,2022-07-26,2022,31,2,41.913017,-82.7367,Bottom,11,1,TDN,ugL,436.05,
669,2022-07-26,2022,31,2,41.913017,-82.7367,Bottom,11,2,TDN,ugL,452.55,
684,2022-07-26,2022,31,2,41.913017,-82.7367,Surface,1,1,TDP,ugL,9.03,
685,2022-07-26,2022,31,2,41.913017,-82.7367,Surface,1,2,TDP,ugL,9.89,
670,2022-07-26,2022,31,2,41.913017,-82.7367,Bottom,11,1,TDP,ugL,10.06,
671,2022-07-26,2022,31,2,41.913017,-82.7367,Bottom,11,2,TDP,ugL,8.45,
688,2022-07-26,2022,31,2,41.913017,-82.7367,Surface,1,1,TP,ugL,22.25,
689,2022-07-26,2022,31,2,41.913017,-82.7367,Surface,1,2,TP,ugL,29.70,
674,2022-07-26,2022,31,2,41.913017,-82.7367,Bottom,11,1,TP,ugL,25.58,
675,2022-07-26,2022,31,2,41.913017,-82.7367,Bottom,11,2,TP,ugL,46.00,
690,2022-07-26,2022,31,2,41.913017,-82.7367,Surface,1,1,TSS,mgL,1538.00,
676,2022-07-26,2022,31,2,41.913017,-82.7367,Bottom,11,1,TSS,mgL,3261.00,
705,2022-07-26,2022,31,4,41.8927,-82.5258,Surface,1,1,DOC,mgL,1.90,
691,2022-07-26,2022,31,4,41.8927,-82.5258,Bottom,8,1,DOC,mgL,2.12,
706,2022-07-26,2022,31,4,41.8927,-82.5258,Surface,1,1,NH4,ugL,11.59,
707,2022-07-26,2022,31,4,41.8927,-82.5258,Surface,1,2,NH4,ugL,11.20,
692,2022-07-26,2022,31,4,41.8927,-82.5258,Bottom,8,1,NH4,ugL,11.98,
693,2022-07-26,2022,31,4,41.8927,-82.5258,Bottom,8,2,NH4,ugL,11.59,
708,2022-07-26,2022,31,4,41.8927,-82.5258,Surface,1,1,NO3,ugL,90.58,
709,2022-07-26,2022,31,4,41.8927,-82.5258,Surface,1,2,NO3,ugL,99.45,
694,2022-07-26,2022,31,4,41.8927,-82.5258,Bottom,8,1,NO3,ugL,99.75,
695,2022-07-26,2022,31,4,41.8927,-82.5258,Bottom,8,2,NO3,ugL,100.82,
714,2022-07-26,2022,31,4,41.8927,-82.5258,Surface,1,1,SRP,ugL,4.87,
715,2022-07-26,2022,31,4,41.8927,-82.5258,Surface,1,2,SRP,ugL,4.61,
700,2022-07-26,2022,31,4,41.8927,-82.5258,Bottom,8,1,SRP,ugL,3.92,
701,2022-07-26,2022,31,4,41.8927,-82.5258,Bottom,8,2,SRP,ugL,1.61,
710,2022-07-26,2022,31,4,41.8927,-82.5258,Surface,1,1,TDN,ugL,177.80,
711,2022-07-26,2022,31,4,41.8927,-82.5258,Surface,1,2,TDN,ugL,177.96,
696,2022-07-26,2022,31,4,41.8927,-82.5258,Bottom,8,1,TDN,ugL,163.90,
697,2022-07-26,2022,31,4,41.8927,-82.5258,Bottom,8,2,TDN,ugL,174.42,
712,2022-07-26,2022,31,4,41.8927,-82.5258,Surface,1,1,TDP,ugL,7.53,
713,2022-07-26,2022,31,4,41.8927,-82.5258,Surface,1,2,TDP,ugL,7.24,
698,2022-07-26,2022,31,4,41.8927,-82.5258,Bottom,8,1,TDP,ugL,1.30,
699,2022-07-26,2022,31,4,41.8927,-82.5258,Bottom,8,2,TDP,ugL,1.53,
716,2022-07-26,2022,31,4,41.8927,-82.5258,Surface,1,1,TP,ugL,20.91,
717,2022-07-26,2022,31,4,41.8927,-82.5258,Surface,1,2,TP,ugL,24.24,
702,2022-07-26,2022,31,4,41.8927,-82.5258,Bottom,8,1,TP,ugL,34.17,
703,2022-07-26,2022,31,4,41.8927,-82.5258,Bottom,8,2,TP,ugL,34.47,
718,2022-07-26,2022,31,4,41.8927,-82.5258,Surface,1,1,TSS,mgL,2094.00,
704,2022-07-26,2022,31,4,41.8927,-82.5258,Bottom,8,1,TSS,mgL,2318.00,
733,2022-07-26,2022,31,5,42.002583,-82.5786,Surface,1,1,DOC,mgL,1.94,
719,2022-07-26,2022,31,5,42.002583,-82.5786,Bottom,8.5,1,DOC,mgL,1.83,
734,2022-07-26,2022,31,5,42.002583,-82.5786,Surface,1,1,NH4,ugL,10.80,
735,2022-07-26,2022,31,5,42.002583,-82.5786,Surface,1,2,NH4,ugL,11.00,
720,2022-07-26,2022,31,5,42.002583,-82.5786,Bottom,8.5,1,NH4,ugL,25.12,
721,2022-07-26,2022,31,5,42.002583,-82.5786,Bottom,8.5,2,NH4,ugL,27.47,
736,2022-07-26,2022,31,5,42.002583,-82.5786,Surface,1,1,NO3,ugL,152.15,
737,2022-07-26,2022,31,5,42.002583,-82.5786,Surface,1,2,NO3,ugL,150.35,
722,2022-07-26,2022,31,5,42.002583,-82.5786,Bottom,8.5,1,NO3,ugL,128.40,
723,2022-07-26,2022,31,5,42.002583,-82.5786,Bottom,8.5,2,NO3,ugL,130.90,
742,2022-07-26,2022,31,5,42.002583,-82.5786,Surface,1,1,SRP,ugL,8.22,
743,2022-07-26,2022,31,5,42.002583,-82.5786,Surface,1,2,SRP,ugL,8.69,
728,2022-07-26,2022,31,5,42.002583,-82.5786,Bottom,8.5,1,SRP,ugL,1.80,
729,2022-07-26,2022,31,5,42.002583,-82.5786,Bottom,8.5,2,SRP,ugL,1.90,
738,2022-07-26,2022,31,5,42.002583,-82.5786,Surface,1,1,TDN,ugL,262.55,
739,2022-07-26,2022,31,5,42.002583,-82.5786,Surface,1,2,TDN,ugL,271.81,
724,2022-07-26,2022,31,5,42.002583,-82.5786,Bottom,8.5,1,TDN,ugL,318.64,
725,2022-07-26,2022,31,5,42.002583,-82.5786,Bottom,8.5,2,TDN,ugL,292.52,
740,2022-07-26,2022,31,5,42.002583,-82.5786,Surface,1,1,TDP,ugL,14.50,
741,2022-07-26,2022,31,5,42.002583,-82.5786,Surface,1,2,TDP,ugL,16.98,
726,2022-07-26,2022,31,5,42.002583,-82.5786,Bottom,8.5,1,TDP,ugL,2.23,
727,2022-07-26,2022,31,5,42.002583,-82.5786,Bottom,8.5,2,TDP,ugL,1.65,
744,2022-07-26,2022,31,5,42.002583,-82.5786,Surface,1,1,TP,ugL,40.73,
745,2022-07-26,2022,31,5,42.002583,-82.5786,Surface,1,2,TP,ugL,40.13,
730,2022-07-26,2022,31,5,42.002583,-82.5786,Bottom,8.5,1,TP,ugL,47.73,
731,2022-07-26,2022,31,5,42.002583,-82.5786,Bottom,8.5,2,TP,ugL,49.82,
746,2022-07-26,2022,31,5,42.002583,-82.5786,Surface,1,1,TSS,mgL,3235.00,
732,2022-07-26,2022,31,5,42.002583,-82.5786,Bottom,8.5,1,TSS,mgL,6171.00,
761,2022-07-26,2022,31,6,42.0222,-82.6697,Surface,1,1,DOC,mgL,2.26,
747,2022-07-26,2022,31,6,42.0222,-82.6697,Bottom,8,1,DOC,mgL,1.88,
762,2022-07-26,2022,31,6,42.0222,-82.6697,Surface,1,1,NH4,ugL,12.96,
763,2022-07-26,2022,31,6,42.0222,-82.6697,Surface,1,2,NH4,ugL,11.78,
748,2022-07-26,2022,31,6,42.0222,-82.6697,Bottom,8,1,NH4,ugL,15.71,
749,2022-07-26,2022,31,6,42.0222,-82.6697,Bottom,8,2,NH4,ugL,15.90,
764,2022-07-26,2022,31,6,42.0222,-82.6697,Surface,1,1,NO3,ugL,146.32,
765,2022-07-26,2022,31,6,42.0222,-82.6697,Surface,1,2,NO3,ugL,145.52,
750,2022-07-26,2022,31,6,42.0222,-82.6697,Bottom,8,1,NO3,ugL,148.72,
751,2022-07-26,2022,31,6,42.0222,-82.6697,Bottom,8,2,NO3,ugL,145.21,
770,2022-07-26,2022,31,6,42.0222,-82.6697,Surface,1,1,SRP,ugL,6.26,
771,2022-07-26,2022,31,6,42.0222,-82.6697,Surface,1,2,SRP,ugL,6.04,
756,2022-07-26,2022,31,6,42.0222,-82.6697,Bottom,8,1,SRP,ugL,2.02,
757,2022-07-26,2022,31,6,42.0222,-82.6697,Bottom,8,2,SRP,ugL,2.37,
766,2022-07-26,2022,31,6,42.0222,-82.6697,Surface,1,1,TDN,ugL,281.56,
767,2022-07-26,2022,31,6,42.0222,-82.6697,Surface,1,2,TDN,ugL,256.24,
752,2022-07-26,2022,31,6,42.0222,-82.6697,Bottom,8,1,TDN,ugL,271.27,
753,2022-07-26,2022,31,6,42.0222,-82.6697,Bottom,8,2,TDN,ugL,288.88,
768,2022-07-26,2022,31,6,42.0222,-82.6697,Surface,1,1,TDP,ugL,7.24,
769,2022-07-26,2022,31,6,42.0222,-82.6697,Surface,1,2,TDP,ugL,7.12,
754,2022-07-26,2022,31,6,42.0222,-82.6697,Bottom,8,1,TDP,ugL,2.63,
755,2022-07-26,2022,31,6,42.0222,-82.6697,Bottom,8,2,TDP,ugL,2.46,
772,2022-07-26,2022,31,6,42.0222,-82.6697,Surface,1,1,TP,ugL,35.32,
773,2022-07-26,2022,31,6,42.0222,-82.6697,Surface,1,2,TP,ugL,30.84,
758,2022-07-26,2022,31,6,42.0222,-82.6697,Bottom,8,1,TP,ugL,39.14,
759,2022-07-26,2022,31,6,42.0222,-82.6697,Bottom,8,2,TP,ugL,49.77,
774,2022-07-26,2022,31,6,42.0222,-82.6697,Surface,1,1,TSS,mgL,1787.50,
760,2022-07-26,2022,31,6,42.0222,-82.6697,Bottom,8,1,TSS,mgL,3834.00,
789,2022-07-26,2022,31,7,41.99605,-82.7179,Surface,1,1,DOC,mgL,2.38,
775,2022-07-26,2022,31,7,41.99605,-82.7179,Bottom,9.5,1,DOC,mgL,1.87,
790,2022-07-26,2022,31,7,41.99605,-82.7179,Surface,1,1,NH4,ugL,13.16,
791,2022-07-26,2022,31,7,41.99605,-82.7179,Surface,1,2,NH4,ugL,12.37,
776,2022-07-26,2022,31,7,41.99605,-82.7179,Bottom,9.5,1,NH4,ugL,42.76,
777,2022-07-26,2022,31,7,41.99605,-82.7179,Bottom,9.5,2,NH4,ugL,46.49,
792,2022-07-26,2022,31,7,41.99605,-82.7179,Surface,1,1,NO3,ugL,152.39,
793,2022-07-26,2022,31,7,41.99605,-82.7179,Surface,1,2,NO3,ugL,129.99,
778,2022-07-26,2022,31,7,41.99605,-82.7179,Bottom,9.5,1,NO3,ugL,148.12,
779,2022-07-26,2022,31,7,41.99605,-82.7179,Bottom,9.5,2,NO3,ugL,150.59,
798,2022-07-26,2022,31,7,41.99605,-82.7179,Surface,1,1,SRP,ugL,5.50,
799,2022-07-26,2022,31,7,41.99605,-82.7179,Surface,1,2,SRP,ugL,5.02,
784,2022-07-26,2022,31,7,41.99605,-82.7179,Bottom,9.5,1,SRP,ugL,5.85,
785,2022-07-26,2022,31,7,41.99605,-82.7179,Bottom,9.5,2,SRP,ugL,5.91,
794,2022-07-26,2022,31,7,41.99605,-82.7179,Surface,1,1,TDN,ugL,177.19,
795,2022-07-26,2022,31,7,41.99605,-82.7179,Surface,1,2,TDN,ugL,236.36,
780,2022-07-26,2022,31,7,41.99605,-82.7179,Bottom,9.5,1,TDN,ugL,359.96,
781,2022-07-26,2022,31,7,41.99605,-82.7179,Bottom,9.5,2,TDN,ugL,377.93,
796,2022-07-26,2022,31,7,41.99605,-82.7179,Surface,1,1,TDP,ugL,8.10,
797,2022-07-26,2022,31,7,41.99605,-82.7179,Surface,1,2,TDP,ugL,8.57,
782,2022-07-26,2022,31,7,41.99605,-82.7179,Bottom,9.5,1,TDP,ugL,7.93,
783,2022-07-26,2022,31,7,41.99605,-82.7179,Bottom,9.5,2,TDP,ugL,8.16,
800,2022-07-26,2022,31,7,41.99605,-82.7179,Surface,1,1,TP,ugL,30.00,
801,2022-07-26,2022,31,7,41.99605,-82.7179,Surface,1,2,TP,ugL,23.99,
786,2022-07-26,2022,31,7,41.99605,-82.7179,Bottom,9.5,1,TP,ugL,29.11,
787,2022-07-26,2022,31,7,41.99605,-82.7179,Bottom,9.5,2,TP,ugL,30.10,
802,2022-07-26,2022,31,7,41.99605,-82.7179,Surface,1,1,TSS,mgL,1667.00,
788,2022-07-26,2022,31,7,41.99605,-82.7179,Bottom,9.5,1,TSS,mgL,2172.00,
829,2022-08-05,2022,32,5,42.002583,-82.5786,Surface,1,1,DMC,ugL,0.09,
830,2022-08-05,2022,32,5,42.002583,-82.5786,Surface,1,2,DMC,ugL,0.17,
816,2022-08-05,2022,32,5,42.002583,-82.5786,Surface,1,1,NH4,ugL,19.01,
817,2022-08-05,2022,32,5,42.002583,-82.5786,Surface,1,2,NH4,ugL,17.62,
803,2022-08-05,2022,32,5,42.002583,-82.5786,Bottom,8.5,1,NH4,ugL,36.09,
804,2022-08-05,2022,32,5,42.002583,-82.5786,Bottom,8.5,2,NH4,ugL,37.47,
818,2022-08-05,2022,32,5,42.002583,-82.5786,Surface,1,1,NO3,ugL,92.84,
819,2022-08-05,2022,32,5,42.002583,-82.5786,Surface,1,2,NO3,ugL,97.04,
805,2022-08-05,2022,32,5,42.002583,-82.5786,Bottom,8.5,1,NO3,ugL,107.66,
806,2022-08-05,2022,32,5,42.002583,-82.5786,Bottom,8.5,2,NO3,ugL,106.68,
824,2022-08-05,2022,32,5,42.002583,-82.5786,Surface,1,1,SRP,ugL,2.37,
825,2022-08-05,2022,32,5,42.002583,-82.5786,Surface,1,2,SRP,ugL,2.15,
811,2022-08-05,2022,32,5,42.002583,-82.5786,Bottom,8.5,1,SRP,ugL,2.05,
812,2022-08-05,2022,32,5,42.002583,-82.5786,Bottom,8.5,2,SRP,ugL,1.71,
820,2022-08-05,2022,32,5,42.002583,-82.5786,Surface,1,1,TDN,ugL,177.60,
821,2022-08-05,2022,32,5,42.002583,-82.5786,Surface,1,2,TDN,ugL,176.24,
807,2022-08-05,2022,32,5,42.002583,-82.5786,Bottom,8.5,1,TDN,ugL,173.05,
808,2022-08-05,2022,32,5,42.002583,-82.5786,Bottom,8.5,2,TDN,ugL,172.23,
822,2022-08-05,2022,32,5,42.002583,-82.5786,Surface,1,1,TDP,ugL,2.34,
823,2022-08-05,2022,32,5,42.002583,-82.5786,Surface,1,2,TDP,ugL,2.97,
809,2022-08-05,2022,32,5,42.002583,-82.5786,Bottom,8.5,1,TDP,ugL,1.19,
810,2022-08-05,2022,32,5,42.002583,-82.5786,Bottom,8.5,2,TDP,ugL,1.71,
831,2022-08-05,2022,32,5,42.002583,-82.5786,Surface,1,1,TMC,ugL,0.32,
832,2022-08-05,2022,32,5,42.002583,-82.5786,Surface,1,2,TMC,ugL,0.30,
826,2022-08-05,2022,32,5,42.002583,-82.5786,Surface,1,1,TP,ugL,15.44,
827,2022-08-05,2022,32,5,42.002583,-82.5786,Surface,1,2,TP,ugL,15.20,
813,2022-08-05,2022,32,5,42.002583,-82.5786,Bottom,8.5,1,TP,ugL,13.21,
814,2022-08-05,2022,32,5,42.002583,-82.5786,Bottom,8.5,2,TP,ugL,12.61,
828,2022-08-05,2022,32,5,42.002583,-82.5786,Surface,1,1,TSS,mgL,4555.00,
815,2022-08-05,2022,32,5,42.002583,-82.5786,Bottom,8.5,1,TSS,mgL,,ND
857,2022-08-05,2022,32,6,42.0222,-82.6697,Surface,1,1,DMC,ugL,0.12,
858,2022-08-05,2022,32,6,42.0222,-82.6697,Surface,1,2,DMC,ugL,0.12,
844,2022-08-05,2022,32,6,42.0222,-82.6697,Surface,1,1,NH4,ugL,15.08,
845,2022-08-05,2022,32,6,42.0222,-82.6697,Surface,1,2,NH4,ugL,15.31,
833,2022-08-05,2022,32,6,42.0222,-82.6697,Bottom,8,1,NH4,ugL,11.16,
834,2022-08-05,2022,32,6,42.0222,-82.6697,Bottom,8,2,NH4,ugL,10.23,
846,2022-08-05,2022,32,6,42.0222,-82.6697,Surface,1,1,NO3,ugL,116.81,
847,2022-08-05,2022,32,6,42.0222,-82.6697,Surface,1,2,NO3,ugL,114.83,
835,2022-08-05,2022,32,6,42.0222,-82.6697,Bottom,8,1,NO3,ugL,123.23,
836,2022-08-05,2022,32,6,42.0222,-82.6697,Bottom,8,2,NO3,ugL,126.69,
852,2022-08-05,2022,32,6,42.0222,-82.6697,Surface,1,1,SRP,ugL,1.71,
853,2022-08-05,2022,32,6,42.0222,-82.6697,Surface,1,2,SRP,ugL,1.61,
841,2022-08-05,2022,32,6,42.0222,-82.6697,Bottom,8,1,SRP,ugL,1.64,
842,2022-08-05,2022,32,6,42.0222,-82.6697,Bottom,8,2,SRP,ugL,1.61,
848,2022-08-05,2022,32,6,42.0222,-82.6697,Surface,1,1,TDN,ugL,175.22,
849,2022-08-05,2022,32,6,42.0222,-82.6697,Surface,1,2,TDN,ugL,174.04,
837,2022-08-05,2022,32,6,42.0222,-82.6697,Bottom,8,1,TDN,ugL,177.15,
838,2022-08-05,2022,32,6,42.0222,-82.6697,Bottom,8,2,TDN,ugL,13135.21,
850,2022-08-05,2022,32,6,42.0222,-82.6697,Surface,1,1,TDP,ugL,0.96,
851,2022-08-05,2022,32,6,42.0222,-82.6697,Surface,1,2,TDP,ugL,0.50,
839,2022-08-05,2022,32,6,42.0222,-82.6697,Bottom,8,1,TDP,ugL,0.32,
840,2022-08-05,2022,32,6,42.0222,-82.6697,Bottom,8,2,TDP,ugL,0.73,
859,2022-08-05,2022,32,6,42.0222,-82.6697,Surface,1,1,TMC,ugL,0.23,
860,2022-08-05,2022,32,6,42.0222,-82.6697,Surface,1,2,TMC,ugL,0.37,
854,2022-08-05,2022,32,6,42.0222,-82.6697,Surface,1,1,TP,ugL,9.78,
855,2022-08-05,2022,32,6,42.0222,-82.6697,Surface,1,2,TP,ugL,13.80,
856,2022-08-05,2022,32,6,42.0222,-82.6697,Surface,1,1,TSS,mgL,2316.00,
843,2022-08-05,2022,32,6,42.0222,-82.6697,Bottom,8,1,TSS,mgL,,ND
887,2022-08-05,2022,32,7,41.99605,-82.7179,Surface,1,1,DMC,ugL,0.09,
888,2022-08-05,2022,32,7,41.99605,-82.7179,Surface,1,2,DMC,ugL,0.11,
874,2022-08-05,2022,32,7,41.99605,-82.7179,Surface,1,1,NH4,ugL,28.01,
875,2022-08-05,2022,32,7,41.99605,-82.7179,Surface,1,2,NH4,ugL,30.78,
861,2022-08-05,2022,32,7,41.99605,-82.7179,Bottom,9.5,1,NH4,ugL,30.55,
862,2022-08-05,2022,32,7,41.99605,-82.7179,Bottom,9.5,2,NH4,ugL,37.24,
876,2022-08-05,2022,32,7,41.99605,-82.7179,Surface,1,1,NO3,ugL,119.28,
877,2022-08-05,2022,32,7,41.99605,-82.7179,Surface,1,2,NO3,ugL,197.62,
863,2022-08-05,2022,32,7,41.99605,-82.7179,Bottom,9.5,1,NO3,ugL,88.39,
864,2022-08-05,2022,32,7,41.99605,-82.7179,Bottom,9.5,2,NO3,ugL,91.11,
882,2022-08-05,2022,32,7,41.99605,-82.7179,Surface,1,1,SRP,ugL,2.05,
883,2022-08-05,2022,32,7,41.99605,-82.7179,Surface,1,2,SRP,ugL,1.80,
869,2022-08-05,2022,32,7,41.99605,-82.7179,Bottom,9.5,1,SRP,ugL,2.18,
870,2022-08-05,2022,32,7,41.99605,-82.7179,Bottom,9.5,2,SRP,ugL,2.18,
878,2022-08-05,2022,32,7,41.99605,-82.7179,Surface,1,1,TDN,ugL,282.97,
879,2022-08-05,2022,32,7,41.99605,-82.7179,Surface,1,2,TDN,ugL,274.70,
865,2022-08-05,2022,32,7,41.99605,-82.7179,Bottom,9.5,1,TDN,ugL,176.22,
866,2022-08-05,2022,32,7,41.99605,-82.7179,Bottom,9.5,2,TDN,ugL,177.10,
880,2022-08-05,2022,32,7,41.99605,-82.7179,Surface,1,1,TDP,ugL,1.13,
881,2022-08-05,2022,32,7,41.99605,-82.7179,Surface,1,2,TDP,ugL,1.13,
867,2022-08-05,2022,32,7,41.99605,-82.7179,Bottom,9.5,1,TDP,ugL,1.07,
868,2022-08-05,2022,32,7,41.99605,-82.7179,Bottom,9.5,2,TDP,ugL,1.71,
889,2022-08-05,2022,32,7,41.99605,-82.7179,Surface,1,1,TMC,ugL,0.31,
890,2022-08-05,2022,32,7,41.99605,-82.7179,Surface,1,2,TMC,ugL,0.38,
884,2022-08-05,2022,32,7,41.99605,-82.7179,Surface,1,1,TP,ugL,5.26,
885,2022-08-05,2022,32,7,41.99605,-82.7179,Surface,1,2,TP,ugL,5.31,
871,2022-08-05,2022,32,7,41.99605,-82.7179,Bottom,9.5,1,TP,ugL,6.30,
872,2022-08-05,2022,32,7,41.99605,-82.7179,Bottom,9.5,2,TP,ugL,7.59,
886,2022-08-05,2022,32,7,41.99605,-82.7179,Surface,1,1,TSS,mgL,,ND
873,2022-08-05,2022,32,7,41.99605,-82.7179,Bottom,9.5,1,TSS,mgL,,ND
909,2022-08-09,2022,33,2,41.913017,-82.7367,Surface,1,1,CHLA,ugL,0.59,
910,2022-08-09,2022,33,2,41.913017,-82.7367,Surface,1,2,CHLA,ugL,5.44,
891,2022-08-09,2022,33,2,41.913017,-82.7367,Bottom,11,1,CHLA,ugL,,ND
892,2022-08-09,2022,33,2,41.913017,-82.7367,Bottom,11,2,CHLA,ugL,,ND
911,2022-08-09,2022,33,2,41.913017,-82.7367,Surface,1,1,DOC,mgL,2.01,
893,2022-08-09,2022,33,2,41.913017,-82.7367,Bottom,11,1,DOC,mgL,2.00,
912,2022-08-09,2022,33,2,41.913017,-82.7367,Surface,1,1,NH4,ugL,14.16,
913,2022-08-09,2022,33,2,41.913017,-82.7367,Surface,1,2,NH4,ugL,12.77,
894,2022-08-09,2022,33,2,41.913017,-82.7367,Bottom,11,1,NH4,ugL,19.70,
895,2022-08-09,2022,33,2,41.913017,-82.7367,Bottom,11,2,NH4,ugL,18.78,
914,2022-08-09,2022,33,2,41.913017,-82.7367,Surface,1,1,NO3,ugL,95.56,
915,2022-08-09,2022,33,2,41.913017,-82.7367,Surface,1,2,NO3,ugL,91.35,
896,2022-08-09,2022,33,2,41.913017,-82.7367,Bottom,11,1,NO3,ugL,101.24,
897,2022-08-09,2022,33,2,41.913017,-82.7367,Bottom,11,2,NO3,ugL,102.47,
920,2022-08-09,2022,33,2,41.913017,-82.7367,Surface,1,1,PP,ugL,24.90,
921,2022-08-09,2022,33,2,41.913017,-82.7367,Surface,1,2,PP,ugL,25.06,
902,2022-08-09,2022,33,2,41.913017,-82.7367,Bottom,11,1,PP,ugL,27.79,
903,2022-08-09,2022,33,2,41.913017,-82.7367,Bottom,11,2,PP,ugL,33.58,
922,2022-08-09,2022,33,2,41.913017,-82.7367,Surface,1,1,SRP,ugL,1.58,
923,2022-08-09,2022,33,2,41.913017,-82.7367,Surface,1,2,SRP,ugL,1.45,
904,2022-08-09,2022,33,2,41.913017,-82.7367,Bottom,11,1,SRP,ugL,1.36,
905,2022-08-09,2022,33,2,41.913017,-82.7367,Bottom,11,2,SRP,ugL,1.36,
916,2022-08-09,2022,33,2,41.913017,-82.7367,Surface,1,1,TDN,ugL,177.95,
917,2022-08-09,2022,33,2,41.913017,-82.7367,Surface,1,2,TDN,ugL,178.09,
898,2022-08-09,2022,33,2,41.913017,-82.7367,Bottom,11,1,TDN,ugL,221.95,
899,2022-08-09,2022,33,2,41.913017,-82.7367,Bottom,11,2,TDN,ugL,177.89,
918,2022-08-09,2022,33,2,41.913017,-82.7367,Surface,1,1,TDP,ugL,1.88,
919,2022-08-09,2022,33,2,41.913017,-82.7367,Surface,1,2,TDP,ugL,1.82,
900,2022-08-09,2022,33,2,41.913017,-82.7367,Bottom,11,1,TDP,ugL,1.36,
901,2022-08-09,2022,33,2,41.913017,-82.7367,Bottom,11,2,TDP,ugL,1.59,
924,2022-08-09,2022,33,2,41.913017,-82.7367,Surface,1,1,TP,ugL,10.43,
925,2022-08-09,2022,33,2,41.913017,-82.7367,Surface,1,2,TP,ugL,10.53,
906,2022-08-09,2022,33,2,41.913017,-82.7367,Bottom,11,1,TP,ugL,13.26,
907,2022-08-09,2022,33,2,41.913017,-82.7367,Bottom,11,2,TP,ugL,13.26,
926,2022-08-09,2022,33,2,41.913017,-82.7367,Surface,1,1,TSS,mgL,909.60,
908,2022-08-09,2022,33,2,41.913017,-82.7367,Bottom,11,1,TSS,mgL,2066.40,
945,2022-08-09,2022,33,4,41.8927,-82.5258,Surface,1,1,CHLA,ugL,5.71,
946,2022-08-09,2022,33,4,41.8927,-82.5258,Surface,1,2,CHLA,ugL,6.03,
927,2022-08-09,2022,33,4,41.8927,-82.5258,Bottom,8,1,CHLA,ugL,3.20,
928,2022-08-09,2022,33,4,41.8927,-82.5258,Bottom,8,2,CHLA,ugL,3.44,
947,2022-08-09,2022,33,4,41.8927,-82.5258,Surface,1,1,DOC,mgL,1.95,
929,2022-08-09,2022,33,4,41.8927,-82.5258,Bottom,8,1,DOC,mgL,1.99,
948,2022-08-09,2022,33,4,41.8927,-82.5258,Surface,1,1,NH4,ugL,11.59,
949,2022-08-09,2022,33,4,41.8927,-82.5258,Surface,1,2,NH4,ugL,10.22,
930,2022-08-09,2022,33,4,41.8927,-82.5258,Bottom,8,1,NH4,ugL,26.49,
931,2022-08-09,2022,33,4,41.8927,-82.5258,Bottom,8,2,NH4,ugL,23.75,
950,2022-08-09,2022,33,4,41.8927,-82.5258,Surface,1,1,NO3,ugL,105.69,
951,2022-08-09,2022,33,4,41.8927,-82.5258,Surface,1,2,NO3,ugL,104.20,
932,2022-08-09,2022,33,4,41.8927,-82.5258,Bottom,8,1,NO3,ugL,84.93,
933,2022-08-09,2022,33,4,41.8927,-82.5258,Bottom,8,2,NO3,ugL,85.67,
956,2022-08-09,2022,33,4,41.8927,-82.5258,Surface,1,1,PP,ugL,17.78,
957,2022-08-09,2022,33,4,41.8927,-82.5258,Surface,1,2,PP,ugL,17.54,
938,2022-08-09,2022,33,4,41.8927,-82.5258,Bottom,8,1,PP,ugL,25.42,
939,2022-08-09,2022,33,4,41.8927,-82.5258,Bottom,8,2,PP,ugL,28.61,
958,2022-08-09,2022,33,4,41.8927,-82.5258,Surface,1,1,SRP,ugL,2.53,
959,2022-08-09,2022,33,4,41.8927,-82.5258,Surface,1,2,SRP,ugL,2.53,
940,2022-08-09,2022,33,4,41.8927,-82.5258,Bottom,8,1,SRP,ugL,1.86,
941,2022-08-09,2022,33,4,41.8927,-82.5258,Bottom,8,2,SRP,ugL,2.09,
952,2022-08-09,2022,33,4,41.8927,-82.5258,Surface,1,1,TDN,ugL,176.21,
953,2022-08-09,2022,33,4,41.8927,-82.5258,Surface,1,2,TDN,ugL,172.38,
934,2022-08-09,2022,33,4,41.8927,-82.5258,Bottom,8,1,TDN,ugL,171.18,
935,2022-08-09,2022,33,4,41.8927,-82.5258,Bottom,8,2,TDN,ugL,296.93,
954,2022-08-09,2022,33,4,41.8927,-82.5258,Surface,1,1,TDP,ugL,1.76,
955,2022-08-09,2022,33,4,41.8927,-82.5258,Surface,1,2,TDP,ugL,2.11,
936,2022-08-09,2022,33,4,41.8927,-82.5258,Bottom,8,1,TDP,ugL,1.71,
937,2022-08-09,2022,33,4,41.8927,-82.5258,Bottom,8,2,TDP,ugL,1.48,
960,2022-08-09,2022,33,4,41.8927,-82.5258,Surface,1,1,TP,ugL,7.10,
961,2022-08-09,2022,33,4,41.8927,-82.5258,Surface,1,2,TP,ugL,6.90,
942,2022-08-09,2022,33,4,41.8927,-82.5258,Bottom,8,1,TP,ugL,17.38,
943,2022-08-09,2022,33,4,41.8927,-82.5258,Bottom,8,2,TP,ugL,15.69,
962,2022-08-09,2022,33,4,41.8927,-82.5258,Surface,1,1,TSS,mgL,1611.00,
944,2022-08-09,2022,33,4,41.8927,-82.5258,Bottom,8,1,TSS,mgL,1812.00,
980,2022-08-09,2022,33,5,42.002583,-82.5786,Surface,1,1,CHLA,ugL,11.87,
981,2022-08-09,2022,33,5,42.002583,-82.5786,Surface,1,2,CHLA,ugL,12.02,
963,2022-08-09,2022,33,5,42.002583,-82.5786,Bottom,8.5,1,CHLA,ugL,6.28,
964,2022-08-09,2022,33,5,42.002583,-82.5786,Bottom,8.5,2,CHLA,ugL,6.06,
997,2022-08-09,2022,33,5,42.002583,-82.5786,Surface,1,1,DMC,ugL,0.10,
998,2022-08-09,2022,33,5,42.002583,-82.5786,Surface,1,2,DMC,ugL,0.10,
982,2022-08-09,2022,33,5,42.002583,-82.5786,Surface,1,1,DOC,mgL,1.76,
965,2022-08-09,2022,33,5,42.002583,-82.5786,Bottom,8.5,1,DOC,mgL,1.70,
983,2022-08-09,2022,33,5,42.002583,-82.5786,Surface,1,1,NH4,ugL,11.78,
984,2022-08-09,2022,33,5,42.002583,-82.5786,Surface,1,2,NH4,ugL,11.20,
966,2022-08-09,2022,33,5,42.002583,-82.5786,Bottom,8.5,1,NH4,ugL,41.98,
967,2022-08-09,2022,33,5,42.002583,-82.5786,Bottom,8.5,2,NH4,ugL,14.33,
985,2022-08-09,2022,33,5,42.002583,-82.5786,Surface,1,1,NO3,ugL,80.48,
986,2022-08-09,2022,33,5,42.002583,-82.5786,Surface,1,2,NO3,ugL,76.53,
968,2022-08-09,2022,33,5,42.002583,-82.5786,Bottom,8.5,1,NO3,ugL,112.85,
969,2022-08-09,2022,33,5,42.002583,-82.5786,Bottom,8.5,2,NO3,ugL,113.59,
991,2022-08-09,2022,33,5,42.002583,-82.5786,Surface,1,1,PP,ugL,51.78,
992,2022-08-09,2022,33,5,42.002583,-82.5786,Surface,1,2,PP,ugL,54.93,
974,2022-08-09,2022,33,5,42.002583,-82.5786,Bottom,8.5,1,PP,ugL,37.72,
975,2022-08-09,2022,33,5,42.002583,-82.5786,Bottom,8.5,2,PP,ugL,40.71,
993,2022-08-09,2022,33,5,42.002583,-82.5786,Surface,1,1,SRP,ugL,9.80,
994,2022-08-09,2022,33,5,42.002583,-82.5786,Surface,1,2,SRP,ugL,9.38,
976,2022-08-09,2022,33,5,42.002583,-82.5786,Bottom,8.5,1,SRP,ugL,7.02,
977,2022-08-09,2022,33,5,42.002583,-82.5786,Bottom,8.5,2,SRP,ugL,6.79,
987,2022-08-09,2022,33,5,42.002583,-82.5786,Surface,1,1,TDN,ugL,155.86,
988,2022-08-09,2022,33,5,42.002583,-82.5786,Surface,1,2,TDN,ugL,160.24,
970,2022-08-09,2022,33,5,42.002583,-82.5786,Bottom,8.5,1,TDN,ugL,176.84,
971,2022-08-09,2022,33,5,42.002583,-82.5786,Bottom,8.5,2,TDN,ugL,177.22,
989,2022-08-09,2022,33,5,42.002583,-82.5786,Surface,1,1,TDP,ugL,10.35,
990,2022-08-09,2022,33,5,42.002583,-82.5786,Surface,1,2,TDP,ugL,11.50,
972,2022-08-09,2022,33,5,42.002583,-82.5786,Bottom,8.5,1,TDP,ugL,7.53,
973,2022-08-09,2022,33,5,42.002583,-82.5786,Bottom,8.5,2,TDP,ugL,7.35,
999,2022-08-09,2022,33,5,42.002583,-82.5786,Surface,1,1,TMC,ugL,0.32,
1000,2022-08-09,2022,33,5,42.002583,-82.5786,Surface,1,2,TMC,ugL,0.17,
995,2022-08-09,2022,33,5,42.002583,-82.5786,Surface,1,1,TP,ugL,17.78,
996,2022-08-09,2022,33,5,42.002583,-82.5786,Surface,1,2,TP,ugL,17.88,
978,2022-08-09,2022,33,5,42.002583,-82.5786,Bottom,8.5,1,TP,ugL,10.38,
979,2022-08-09,2022,33,5,42.002583,-82.5786,Bottom,8.5,2,TP,ugL,10.53,
1016,2022-08-09,2022,33,6,42.0222,-82.6697,Surface,1,1,CHLA,ugL,7.09,
1017,2022-08-09,2022,33,6,42.0222,-82.6697,Surface,1,2,CHLA,ugL,7.60,
1001,2022-08-09,2022,33,6,42.0222,-82.6697,Bottom,8,1,CHLA,ugL,9.03,
1002,2022-08-09,2022,33,6,42.0222,-82.6697,Bottom,8,2,CHLA,ugL,8.54,
1033,2022-08-09,2022,33,6,42.0222,-82.6697,Surface,1,1,DMC,ugL,0.11,
1034,2022-08-09,2022,33,6,42.0222,-82.6697,Surface,1,2,DMC,ugL,0.14,
1018,2022-08-09,2022,33,6,42.0222,-82.6697,Surface,1,1,DOC,mgL,1.80,
1003,2022-08-09,2022,33,6,42.0222,-82.6697,Bottom,8,1,DOC,mgL,1.71,
1019,2022-08-09,2022,33,6,42.0222,-82.6697,Surface,1,1,NH4,ugL,12.37,
1020,2022-08-09,2022,33,6,42.0222,-82.6697,Surface,1,2,NH4,ugL,11.20,
1004,2022-08-09,2022,33,6,42.0222,-82.6697,Bottom,8,1,NH4,ugL,24.53,
1005,2022-08-09,2022,33,6,42.0222,-82.6697,Bottom,8,2,NH4,ugL,20.80,
1021,2022-08-09,2022,33,6,42.0222,-82.6697,Surface,1,1,NO3,ugL,127.68,
1022,2022-08-09,2022,33,6,42.0222,-82.6697,Surface,1,2,NO3,ugL,115.82,
1006,2022-08-09,2022,33,6,42.0222,-82.6697,Bottom,8,1,NO3,ugL,115.32,
1007,2022-08-09,2022,33,6,42.0222,-82.6697,Bottom,8,2,NO3,ugL,109.64,
1027,2022-08-09,2022,33,6,42.0222,-82.6697,Surface,1,1,PP,ugL,38.30,
1028,2022-08-09,2022,33,6,42.0222,-82.6697,Surface,1,2,PP,ugL,41.13,
1012,2022-08-09,2022,33,6,42.0222,-82.6697,Bottom,8,1,PP,ugL,44.07,
1013,2022-08-09,2022,33,6,42.0222,-82.6697,Bottom,8,2,PP,ugL,40.51,
1029,2022-08-09,2022,33,6,42.0222,-82.6697,Surface,1,1,SRP,ugL,8.91,
1030,2022-08-09,2022,33,6,42.0222,-82.6697,Surface,1,2,SRP,ugL,9.10,
1014,2022-08-09,2022,33,6,42.0222,-82.6697,Bottom,8,1,SRP,ugL,11.72,
1015,2022-08-09,2022,33,6,42.0222,-82.6697,Bottom,8,2,SRP,ugL,11.72,
1023,2022-08-09,2022,33,6,42.0222,-82.6697,Surface,1,1,TDN,ugL,223.28,
1024,2022-08-09,2022,33,6,42.0222,-82.6697,Surface,1,2,TDN,ugL,175.46,
1008,2022-08-09,2022,33,6,42.0222,-82.6697,Bottom,8,1,TDN,ugL,177.20,
1009,2022-08-09,2022,33,6,42.0222,-82.6697,Bottom,8,2,TDN,ugL,171.16,
1025,2022-08-09,2022,33,6,42.0222,-82.6697,Surface,1,1,TDP,ugL,10.99,
1026,2022-08-09,2022,33,6,42.0222,-82.6697,Surface,1,2,TDP,ugL,11.45,
1010,2022-08-09,2022,33,6,42.0222,-82.6697,Bottom,8,1,TDP,ugL,14.16,
1011,2022-08-09,2022,33,6,42.0222,-82.6697,Bottom,8,2,TDP,ugL,14.04,
1035,2022-08-09,2022,33,6,42.0222,-82.6697,Surface,1,1,TMC,ugL,0.26,
1036,2022-08-09,2022,33,6,42.0222,-82.6697,Surface,1,2,TMC,ugL,0.27,
1031,2022-08-09,2022,33,6,42.0222,-82.6697,Surface,1,1,TP,ugL,15.54,
1032,2022-08-09,2022,33,6,42.0222,-82.6697,Surface,1,2,TP,ugL,15.94,
1055,2022-08-09,2022,33,7,41.99605,-82.7179,Surface,1,1,CHLA,ugL,7.80,
1056,2022-08-09,2022,33,7,41.99605,-82.7179,Surface,1,2,CHLA,ugL,7.68,
1037,2022-08-09,2022,33,7,41.99605,-82.7179,Bottom,9.5,1,CHLA,ugL,7.59,
1038,2022-08-09,2022,33,7,41.99605,-82.7179,Bottom,9.5,2,CHLA,ugL,7.09,
1073,2022-08-09,2022,33,7,41.99605,-82.7179,Surface,1,1,DMC,ugL,0.15,
1074,2022-08-09,2022,33,7,41.99605,-82.7179,Surface,1,2,DMC,ugL,0.12,
1057,2022-08-09,2022,33,7,41.99605,-82.7179,Surface,1,1,DOC,mgL,1.81,
1039,2022-08-09,2022,33,7,41.99605,-82.7179,Bottom,9.5,1,DOC,mgL,1.78,
1058,2022-08-09,2022,33,7,41.99605,-82.7179,Surface,1,1,NH4,ugL,14.16,
1059,2022-08-09,2022,33,7,41.99605,-82.7179,Surface,1,2,NH4,ugL,15.54,
1040,2022-08-09,2022,33,7,41.99605,-82.7179,Bottom,9.5,1,NH4,ugL,56.87,
1041,2022-08-09,2022,33,7,41.99605,-82.7179,Bottom,9.5,2,NH4,ugL,55.94,
1060,2022-08-09,2022,33,7,41.99605,-82.7179,Surface,1,1,NO3,ugL,110.14,
1061,2022-08-09,2022,33,7,41.99605,-82.7179,Surface,1,2,NO3,ugL,110.14,
1042,2022-08-09,2022,33,7,41.99605,-82.7179,Bottom,9.5,1,NO3,ugL,86.91,
1043,2022-08-09,2022,33,7,41.99605,-82.7179,Bottom,9.5,2,NO3,ugL,85.67,
1066,2022-08-09,2022,33,7,41.99605,-82.7179,Surface,1,1,PP,ugL,26.83,
1067,2022-08-09,2022,33,7,41.99605,-82.7179,Surface,1,2,PP,ugL,27.42,
1048,2022-08-09,2022,33,7,41.99605,-82.7179,Bottom,9.5,1,PP,ugL,63.39,
1049,2022-08-09,2022,33,7,41.99605,-82.7179,Bottom,9.5,2,PP,ugL,52.54,
1068,2022-08-09,2022,33,7,41.99605,-82.7179,Surface,1,1,SRP,ugL,4.74,
1069,2022-08-09,2022,33,7,41.99605,-82.7179,Surface,1,2,SRP,ugL,5.31,
1050,2022-08-09,2022,33,7,41.99605,-82.7179,Bottom,9.5,1,SRP,ugL,10.17,
1051,2022-08-09,2022,33,7,41.99605,-82.7179,Bottom,9.5,2,SRP,ugL,9.32,
1062,2022-08-09,2022,33,7,41.99605,-82.7179,Surface,1,1,TDN,ugL,174.05,
1063,2022-08-09,2022,33,7,41.99605,-82.7179,Surface,1,2,TDN,ugL,175.68,
1044,2022-08-09,2022,33,7,41.99605,-82.7179,Bottom,9.5,1,TDN,ugL,173.98,
1045,2022-08-09,2022,33,7,41.99605,-82.7179,Bottom,9.5,2,TDN,ugL,273.03,
1064,2022-08-09,2022,33,7,41.99605,-82.7179,Surface,1,1,TDP,ugL,4.53,
1065,2022-08-09,2022,33,7,41.99605,-82.7179,Surface,1,2,TDP,ugL,4.65,
1046,2022-08-09,2022,33,7,41.99605,-82.7179,Bottom,9.5,1,TDP,ugL,11.39,
1047,2022-08-09,2022,33,7,41.99605,-82.7179,Bottom,9.5,2,TDP,ugL,11.33,
1075,2022-08-09,2022,33,7,41.99605,-82.7179,Surface,1,1,TMC,ugL,0.21,
1076,2022-08-09,2022,33,7,41.99605,-82.7179,Surface,1,2,TMC,ugL,0.17,
1070,2022-08-09,2022,33,7,41.99605,-82.7179,Surface,1,1,TP,ugL,12.07,
1071,2022-08-09,2022,33,7,41.99605,-82.7179,Surface,1,2,TP,ugL,11.97,
1052,2022-08-09,2022,33,7,41.99605,-82.7179,Bottom,9.5,1,TP,ugL,26.03,
1053,2022-08-09,2022,33,7,41.99605,-82.7179,Bottom,9.5,2,TP,ugL,24.93,
1072,2022-08-09,2022,33,7,41.99605,-82.7179,Surface,1,1,TSS,mgL,2222.00,
1054,2022-08-09,2022,33,7,41.99605,-82.7179,Bottom,9.5,1,TSS,mgL,9123.00,
1101,2022-08-17,2022,34,2,41.913017,-82.7367,Surface,1,1,CHLA,ugL,13.84,
1102,2022-08-17,2022,34,2,41.913017,-82.7367,Surface,1,2,CHLA,ugL,12.07,
1077,2022-08-17,2022,34,2,41.913017,-82.7367,Bottom,11,1,CHLA,ugL,12.13,
1078,2022-08-17,2022,34,2,41.913017,-82.7367,Bottom,11,2,CHLA,ugL,12.80,
1107,2022-08-17,2022,34,2,41.913017,-82.7367,Surface,1,1,CN,rat,4.69,
1108,2022-08-17,2022,34,2,41.913017,-82.7367,Surface,1,2,CN,rat,6.59,
1083,2022-08-17,2022,34,2,41.913017,-82.7367,Bottom,11,1,CN,rat,5.66,
1084,2022-08-17,2022,34,2,41.913017,-82.7367,Bottom,11,2,CN,rat,5.38,
1109,2022-08-17,2022,34,2,41.913017,-82.7367,Surface,1,1,DOC,mgL,1.85,
1085,2022-08-17,2022,34,2,41.913017,-82.7367,Bottom,11,1,DOC,mgL,1.98,
1110,2022-08-17,2022,34,2,41.913017,-82.7367,Surface,1,1,NH4,ugL,18.84,
1111,2022-08-17,2022,34,2,41.913017,-82.7367,Surface,1,2,NH4,ugL,14.53,
1086,2022-08-17,2022,34,2,41.913017,-82.7367,Bottom,11,1,NH4,ugL,13.75,
1087,2022-08-17,2022,34,2,41.913017,-82.7367,Bottom,11,2,NH4,ugL,13.35,
1112,2022-08-17,2022,34,2,41.913017,-82.7367,Surface,1,1,NO3,ugL,91.99,
1113,2022-08-17,2022,34,2,41.913017,-82.7367,Surface,1,2,NO3,ugL,78.22,
1088,2022-08-17,2022,34,2,41.913017,-82.7367,Bottom,11,1,NO3,ugL,91.52,
1089,2022-08-17,2022,34,2,41.913017,-82.7367,Bottom,11,2,NO3,ugL,-48.76,BDL
1117,2022-08-17,2022,34,2,41.913017,-82.7367,Surface,1,1,PP,ugL,38.40,
1118,2022-08-17,2022,34,2,41.913017,-82.7367,Surface,1,2,PP,ugL,37.75,
1094,2022-08-17,2022,34,2,41.913017,-82.7367,Bottom,11,1,PP,ugL,45.42,
1095,2022-08-17,2022,34,2,41.913017,-82.7367,Bottom,11,2,PP,ugL,44.84,
1105,2022-08-17,2022,34,2,41.913017,-82.7367,Surface,1,1,SES_C,mgL,404.26,
1106,2022-08-17,2022,34,2,41.913017,-82.7367,Surface,1,2,SES_C,mgL,550.78,
1081,2022-08-17,2022,34,2,41.913017,-82.7367,Bottom,11,1,SES_C,mgL,649.37,
1082,2022-08-17,2022,34,2,41.913017,-82.7367,Bottom,11,2,SES_C,mgL,667.53,
1103,2022-08-17,2022,34,2,41.913017,-82.7367,Surface,1,1,SES_N,mgL,100.57,
1104,2022-08-17,2022,34,2,41.913017,-82.7367,Surface,1,2,SES_N,mgL,97.47,
1079,2022-08-17,2022,34,2,41.913017,-82.7367,Bottom,11,1,SES_N,mgL,133.76,
1080,2022-08-17,2022,34,2,41.913017,-82.7367,Bottom,11,2,SES_N,mgL,144.66,
1119,2022-08-17,2022,34,2,41.913017,-82.7367,Surface,1,1,SRP,ugL,1.07,
1120,2022-08-17,2022,34,2,41.913017,-82.7367,Surface,1,2,SRP,ugL,0.44,
1096,2022-08-17,2022,34,2,41.913017,-82.7367,Bottom,11,1,SRP,ugL,0.47,
1097,2022-08-17,2022,34,2,41.913017,-82.7367,Bottom,11,2,SRP,ugL,1.71,
1114,2022-08-17,2022,34,2,41.913017,-82.7367,Surface,1,2,TDN,ugL,367.74,
1090,2022-08-17,2022,34,2,41.913017,-82.7367,Bottom,11,1,TDN,ugL,176.19,
1091,2022-08-17,2022,34,2,41.913017,-82.7367,Bottom,11,2,TDN,ugL,362.92,
1115,2022-08-17,2022,34,2,41.913017,-82.7367,Surface,1,1,TDP,ugL,6.43,
1116,2022-08-17,2022,34,2,41.913017,-82.7367,Surface,1,2,TDP,ugL,4.93,
1092,2022-08-17,2022,34,2,41.913017,-82.7367,Bottom,11,1,TDP,ugL,2.97,
1093,2022-08-17,2022,34,2,41.913017,-82.7367,Bottom,11,2,TDP,ugL,2.86,
1121,2022-08-17,2022,34,2,41.913017,-82.7367,Surface,1,1,TP,ugL,10.03,
1122,2022-08-17,2022,34,2,41.913017,-82.7367,Surface,1,2,TP,ugL,9.08,
1098,2022-08-17,2022,34,2,41.913017,-82.7367,Bottom,11,1,TP,ugL,15.89,
1099,2022-08-17,2022,34,2,41.913017,-82.7367,Bottom,11,2,TP,ugL,13.31,
1123,2022-08-17,2022,34,2,41.913017,-82.7367,Surface,1,1,TSS,mgL,2864.00,
1100,2022-08-17,2022,34,2,41.913017,-82.7367,Bottom,11,1,TSS,mgL,3867.00,
1148,2022-08-17,2022,34,4,41.8927,-82.5258,Surface,1,1,CHLA,ugL,7.21,
1149,2022-08-17,2022,34,4,41.8927,-82.5258,Surface,1,2,CHLA,ugL,8.35,
1124,2022-08-17,2022,34,4,41.8927,-82.5258,Bottom,8,1,CHLA,ugL,8.01,
1125,2022-08-17,2022,34,4,41.8927,-82.5258,Bottom,8,2,CHLA,ugL,8.13,
1154,2022-08-17,2022,34,4,41.8927,-82.5258,Surface,1,1,CN,rat,6.75,
1155,2022-08-17,2022,34,4,41.8927,-82.5258,Surface,1,2,CN,rat,4.60,
1130,2022-08-17,2022,34,4,41.8927,-82.5258,Bottom,8,1,CN,rat,7.18,
1131,2022-08-17,2022,34,4,41.8927,-82.5258,Bottom,8,2,CN,rat,4.75,
1156,2022-08-17,2022,34,4,41.8927,-82.5258,Surface,1,1,DOC,mgL,1.87,
1132,2022-08-17,2022,34,4,41.8927,-82.5258,Bottom,8,1,DOC,mgL,2.32,
1157,2022-08-17,2022,34,4,41.8927,-82.5258,Surface,1,1,NH4,ugL,14.14,
1158,2022-08-17,2022,34,4,41.8927,-82.5258,Surface,1,2,NH4,ugL,11.59,
1133,2022-08-17,2022,34,4,41.8927,-82.5258,Bottom,8,1,NH4,ugL,16.29,
1134,2022-08-17,2022,34,4,41.8927,-82.5258,Bottom,8,2,NH4,ugL,15.12,
1159,2022-08-17,2022,34,4,41.8927,-82.5258,Surface,1,1,NO3,ugL,73.38,
1160,2022-08-17,2022,34,4,41.8927,-82.5258,Surface,1,2,NO3,ugL,88.79,
1135,2022-08-17,2022,34,4,41.8927,-82.5258,Bottom,8,1,NO3,ugL,95.54,
1136,2022-08-17,2022,34,4,41.8927,-82.5258,Bottom,8,2,NO3,ugL,97.73,
1165,2022-08-17,2022,34,4,41.8927,-82.5258,Surface,1,1,PP,ugL,29.80,
1166,2022-08-17,2022,34,4,41.8927,-82.5258,Surface,1,2,PP,ugL,31.55,
1141,2022-08-17,2022,34,4,41.8927,-82.5258,Bottom,8,1,PP,ugL,33.27,
1142,2022-08-17,2022,34,4,41.8927,-82.5258,Bottom,8,2,PP,ugL,28.63,
1152,2022-08-17,2022,34,4,41.8927,-82.5258,Surface,1,1,SES_C,mgL,358.42,
1153,2022-08-17,2022,34,4,41.8927,-82.5258,Surface,1,2,SES_C,mgL,373.38,
1128,2022-08-17,2022,34,4,41.8927,-82.5258,Bottom,8,1,SES_C,mgL,417.48,
1129,2022-08-17,2022,34,4,41.8927,-82.5258,Bottom,8,2,SES_C,mgL,358.22,
1150,2022-08-17,2022,34,4,41.8927,-82.5258,Surface,1,1,SES_N,mgL,61.92,
1151,2022-08-17,2022,34,4,41.8927,-82.5258,Surface,1,2,SES_N,mgL,94.63,
1126,2022-08-17,2022,34,4,41.8927,-82.5258,Bottom,8,1,SES_N,mgL,67.79,
1127,2022-08-17,2022,34,4,41.8927,-82.5258,Bottom,8,2,SES_N,mgL,88.06,
1167,2022-08-17,2022,34,4,41.8927,-82.5258,Surface,1,1,SRP,ugL,1.49,
1168,2022-08-17,2022,34,4,41.8927,-82.5258,Surface,1,2,SRP,ugL,5.91,
1143,2022-08-17,2022,34,4,41.8927,-82.5258,Bottom,8,1,SRP,ugL,6.67,
1144,2022-08-17,2022,34,4,41.8927,-82.5258,Bottom,8,2,SRP,ugL,0.22,
1161,2022-08-17,2022,34,4,41.8927,-82.5258,Surface,1,1,TDN,ugL,316.76,
1162,2022-08-17,2022,34,4,41.8927,-82.5258,Surface,1,2,TDN,ugL,315.38,
1137,2022-08-17,2022,34,4,41.8927,-82.5258,Bottom,8,1,TDN,ugL,338.63,
1138,2022-08-17,2022,34,4,41.8927,-82.5258,Bottom,8,2,TDN,ugL,337.44,
1163,2022-08-17,2022,34,4,41.8927,-82.5258,Surface,1,1,TDP,ugL,1.76,
1164,2022-08-17,2022,34,4,41.8927,-82.5258,Surface,1,2,TDP,ugL,2.05,
1139,2022-08-17,2022,34,4,41.8927,-82.5258,Bottom,8,1,TDP,ugL,1.65,
1140,2022-08-17,2022,34,4,41.8927,-82.5258,Bottom,8,2,TDP,ugL,1.59,
1169,2022-08-17,2022,34,4,41.8927,-82.5258,Surface,1,1,TP,ugL,4.12,
1170,2022-08-17,2022,34,4,41.8927,-82.5258,Surface,1,2,TP,ugL,6.35,
1145,2022-08-17,2022,34,4,41.8927,-82.5258,Bottom,8,1,TP,ugL,5.66,
1146,2022-08-17,2022,34,4,41.8927,-82.5258,Bottom,8,2,TP,ugL,4.66,
1171,2022-08-17,2022,34,4,41.8927,-82.5258,Surface,1,1,TSS,mgL,1568.00,
1147,2022-08-17,2022,34,4,41.8927,-82.5258,Bottom,8,1,TSS,mgL,1540.00,
1196,2022-08-17,2022,34,5,42.002583,-82.5786,Surface,1,1,CHLA,ugL,6.30,
1197,2022-08-17,2022,34,5,42.002583,-82.5786,Surface,1,2,CHLA,ugL,5.75,
1172,2022-08-17,2022,34,5,42.002583,-82.5786,Bottom,8.5,1,CHLA,ugL,4.79,
1173,2022-08-17,2022,34,5,42.002583,-82.5786,Bottom,8.5,2,CHLA,ugL,5.09,
1202,2022-08-17,2022,34,5,42.002583,-82.5786,Surface,1,1,CN,rat,5.07,
1203,2022-08-17,2022,34,5,42.002583,-82.5786,Surface,1,2,CN,rat,6.96,
1178,2022-08-17,2022,34,5,42.002583,-82.5786,Bottom,8.5,1,CN,rat,2.93,
1179,2022-08-17,2022,34,5,42.002583,-82.5786,Bottom,8.5,2,CN,rat,3.87,
1221,2022-08-17,2022,34,5,42.002583,-82.5786,Surface,1,1,DMC,ugL,0.13,
1222,2022-08-17,2022,34,5,42.002583,-82.5786,Surface,1,2,DMC,ugL,0.10,
1204,2022-08-17,2022,34,5,42.002583,-82.5786,Surface,1,1,DOC,mgL,1.85,
1180,2022-08-17,2022,34,5,42.002583,-82.5786,Bottom,8.5,1,DOC,mgL,1.94,
1205,2022-08-17,2022,34,5,42.002583,-82.5786,Surface,1,1,NH4,ugL,16.88,
1206,2022-08-17,2022,34,5,42.002583,-82.5786,Surface,1,2,NH4,ugL,17.67,
1181,2022-08-17,2022,34,5,42.002583,-82.5786,Bottom,8.5,1,NH4,ugL,44.33,
1182,2022-08-17,2022,34,5,42.002583,-82.5786,Bottom,8.5,2,NH4,ugL,37.27,
1207,2022-08-17,2022,34,5,42.002583,-82.5786,Surface,1,1,NO3,ugL,103.18,
1208,2022-08-17,2022,34,5,42.002583,-82.5786,Surface,1,2,NO3,ugL,105.39,
1183,2022-08-17,2022,34,5,42.002583,-82.5786,Bottom,8.5,1,NO3,ugL,84.23,
1184,2022-08-17,2022,34,5,42.002583,-82.5786,Bottom,8.5,2,NO3,ugL,80.97,
1213,2022-08-17,2022,34,5,42.002583,-82.5786,Surface,1,1,PP,ugL,32.29,
1214,2022-08-17,2022,34,5,42.002583,-82.5786,Surface,1,2,PP,ugL,34.01,
1189,2022-08-17,2022,34,5,42.002583,-82.5786,Bottom,8.5,1,PP,ugL,36.33,
1190,2022-08-17,2022,34,5,42.002583,-82.5786,Bottom,8.5,2,PP,ugL,33.40,
1200,2022-08-17,2022,34,5,42.002583,-82.5786,Surface,1,1,SES_C,mgL,260.63,
1201,2022-08-17,2022,34,5,42.002583,-82.5786,Surface,1,2,SES_C,mgL,350.83,
1176,2022-08-17,2022,34,5,42.002583,-82.5786,Bottom,8.5,1,SES_C,mgL,349.24,
1177,2022-08-17,2022,34,5,42.002583,-82.5786,Bottom,8.5,2,SES_C,mgL,309.52,
1198,2022-08-17,2022,34,5,42.002583,-82.5786,Surface,1,1,SES_N,mgL,59.96,
1199,2022-08-17,2022,34,5,42.002583,-82.5786,Surface,1,2,SES_N,mgL,58.85,
1174,2022-08-17,2022,34,5,42.002583,-82.5786,Bottom,8.5,1,SES_N,mgL,139.21,
1175,2022-08-17,2022,34,5,42.002583,-82.5786,Bottom,8.5,2,SES_N,mgL,93.23,
1215,2022-08-17,2022,34,5,42.002583,-82.5786,Surface,1,1,SRP,ugL,0.70,
1216,2022-08-17,2022,34,5,42.002583,-82.5786,Surface,1,2,SRP,ugL,0.73,
1191,2022-08-17,2022,34,5,42.002583,-82.5786,Bottom,8.5,1,SRP,ugL,0.32,
1192,2022-08-17,2022,34,5,42.002583,-82.5786,Bottom,8.5,2,SRP,ugL,0.28,
1209,2022-08-17,2022,34,5,42.002583,-82.5786,Surface,1,1,TDN,ugL,390.05,
1210,2022-08-17,2022,34,5,42.002583,-82.5786,Surface,1,2,TDN,ugL,408.00,
1185,2022-08-17,2022,34,5,42.002583,-82.5786,Bottom,8.5,1,TDN,ugL,436.20,
1186,2022-08-17,2022,34,5,42.002583,-82.5786,Bottom,8.5,2,TDN,ugL,441.19,
1211,2022-08-17,2022,34,5,42.002583,-82.5786,Surface,1,1,TDP,ugL,1.48,
1212,2022-08-17,2022,34,5,42.002583,-82.5786,Surface,1,2,TDP,ugL,11.27,
1187,2022-08-17,2022,34,5,42.002583,-82.5786,Bottom,8.5,1,TDP,ugL,2.28,
1188,2022-08-17,2022,34,5,42.002583,-82.5786,Bottom,8.5,2,TDP,ugL,3.26,
1223,2022-08-17,2022,34,5,42.002583,-82.5786,Surface,1,1,TMC,ugL,0.24,
1224,2022-08-17,2022,34,5,42.002583,-82.5786,Surface,1,2,TMC,ugL,0.23,
1217,2022-08-17,2022,34,5,42.002583,-82.5786,Surface,1,1,TP,ugL,6.40,
1218,2022-08-17,2022,34,5,42.002583,-82.5786,Surface,1,2,TP,ugL,6.10,
1193,2022-08-17,2022,34,5,42.002583,-82.5786,Bottom,8.5,1,TP,ugL,8.04,
1194,2022-08-17,2022,34,5,42.002583,-82.5786,Bottom,8.5,2,TP,ugL,6.60,
1219,2022-08-17,2022,34,5,42.002583,-82.5786,Surface,1,1,TSS,mgL,5986.00,
1220,2022-08-17,2022,34,5,42.002583,-82.5786,Surface,1,1,TSS,mgL,1396.00,
1195,2022-08-17,2022,34,5,42.002583,-82.5786,Bottom,8.5,1,TSS,mgL,1982.00,
1248,2022-08-17,2022,34,6,42.0222,-82.6697,Surface,1,1,CHLA,ugL,5.06,
1249,2022-08-17,2022,34,6,42.0222,-82.6697,Surface,1,2,CHLA,ugL,5.32,
1225,2022-08-17,2022,34,6,42.0222,-82.6697,Bottom,8,1,CHLA,ugL,6.68,
1226,2022-08-17,2022,34,6,42.0222,-82.6697,Bottom,8,2,CHLA,ugL,6.26,
1254,2022-08-17,2022,34,6,42.0222,-82.6697,Surface,1,1,CN,rat,3.41,
1255,2022-08-17,2022,34,6,42.0222,-82.6697,Surface,1,2,CN,rat,5.01,
1231,2022-08-17,2022,34,6,42.0222,-82.6697,Bottom,8,1,CN,rat,5.22,
1232,2022-08-17,2022,34,6,42.0222,-82.6697,Bottom,8,2,CN,rat,4.28,
1272,2022-08-17,2022,34,6,42.0222,-82.6697,Surface,1,1,DMC,ugL,0.82,
1273,2022-08-17,2022,34,6,42.0222,-82.6697,Surface,1,2,DMC,ugL,0.07,
1256,2022-08-17,2022,34,6,42.0222,-82.6697,Surface,1,1,DOC,mgL,1.83,
1257,2022-08-17,2022,34,6,42.0222,-82.6697,Surface,1,1,NH4,ugL,64.33,
1258,2022-08-17,2022,34,6,42.0222,-82.6697,Surface,1,2,NH4,ugL,69.04,
1233,2022-08-17,2022,34,6,42.0222,-82.6697,Bottom,8,1,NH4,ugL,19.04,
1234,2022-08-17,2022,34,6,42.0222,-82.6697,Bottom,8,2,NH4,ugL,38.45,
1259,2022-08-17,2022,34,6,42.0222,-82.6697,Surface,1,1,NO3,ugL,129.06,
1260,2022-08-17,2022,34,6,42.0222,-82.6697,Surface,1,2,NO3,ugL,149.37,
1235,2022-08-17,2022,34,6,42.0222,-82.6697,Bottom,8,1,NO3,ugL,113.03,
1236,2022-08-17,2022,34,6,42.0222,-82.6697,Bottom,8,2,NO3,ugL,116.62,
1265,2022-08-17,2022,34,6,42.0222,-82.6697,Surface,1,1,PP,ugL,33.64,
1266,2022-08-17,2022,34,6,42.0222,-82.6697,Surface,1,2,PP,ugL,32.56,
1241,2022-08-17,2022,34,6,42.0222,-82.6697,Bottom,8,1,PP,ugL,31.31,
1242,2022-08-17,2022,34,6,42.0222,-82.6697,Bottom,8,2,PP,ugL,35.57,
1252,2022-08-17,2022,34,6,42.0222,-82.6697,Surface,1,1,SES_C,mgL,306.13,
1253,2022-08-17,2022,34,6,42.0222,-82.6697,Surface,1,2,SES_C,mgL,272.61,
1229,2022-08-17,2022,34,6,42.0222,-82.6697,Bottom,8,1,SES_C,mgL,278.85,
1230,2022-08-17,2022,34,6,42.0222,-82.6697,Bottom,8,2,SES_C,mgL,341.91,
1250,2022-08-17,2022,34,6,42.0222,-82.6697,Surface,1,1,SES_N,mgL,104.69,
1251,2022-08-17,2022,34,6,42.0222,-82.6697,Surface,1,2,SES_N,mgL,63.46,
1227,2022-08-17,2022,34,6,42.0222,-82.6697,Bottom,8,1,SES_N,mgL,62.34,
1228,2022-08-17,2022,34,6,42.0222,-82.6697,Bottom,8,2,SES_N,mgL,93.28,
1267,2022-08-17,2022,34,6,42.0222,-82.6697,Surface,1,1,SRP,ugL,0.76,
1268,2022-08-17,2022,34,6,42.0222,-82.6697,Surface,1,2,SRP,ugL,0.51,
1243,2022-08-17,2022,34,6,42.0222,-82.6697,Bottom,8,1,SRP,ugL,1.04,
1244,2022-08-17,2022,34,6,42.0222,-82.6697,Bottom,8,2,SRP,ugL,1.61,
1261,2022-08-17,2022,34,6,42.0222,-82.6697,Surface,1,1,TDN,ugL,586.21,
1262,2022-08-17,2022,34,6,42.0222,-82.6697,Surface,1,2,TDN,ugL,758.69,
1237,2022-08-17,2022,34,6,42.0222,-82.6697,Bottom,8,1,TDN,ugL,423.09,
1238,2022-08-17,2022,34,6,42.0222,-82.6697,Bottom,8,2,TDN,ugL,415.75,
1263,2022-08-17,2022,34,6,42.0222,-82.6697,Surface,1,1,TDP,ugL,1.42,
1264,2022-08-17,2022,34,6,42.0222,-82.6697,Surface,1,2,TDP,ugL,1.19,
1239,2022-08-17,2022,34,6,42.0222,-82.6697,Bottom,8,1,TDP,ugL,2.40,
1240,2022-08-17,2022,34,6,42.0222,-82.6697,Bottom,8,2,TDP,ugL,3.09,
1274,2022-08-17,2022,34,6,42.0222,-82.6697,Surface,1,1,TMC,ugL,0.26,
1275,2022-08-17,2022,34,6,42.0222,-82.6697,Surface,1,2,TMC,ugL,0.41,
1269,2022-08-17,2022,34,6,42.0222,-82.6697,Surface,1,1,TP,ugL,67.66,
1270,2022-08-17,2022,34,6,42.0222,-82.6697,Surface,1,2,TP,ugL,6.75,
1245,2022-08-17,2022,34,6,42.0222,-82.6697,Bottom,8,1,TP,ugL,6.80,
1246,2022-08-17,2022,34,6,42.0222,-82.6697,Bottom,8,2,TP,ugL,3.57,
1271,2022-08-17,2022,34,6,42.0222,-82.6697,Surface,1,1,TSS,mgL,870.00,
1247,2022-08-17,2022,34,6,42.0222,-82.6697,Bottom,8,1,TSS,mgL,1918.00,
1300,2022-08-17,2022,34,7,41.99605,-82.7179,Surface,1,1,CHLA,ugL,5.61,
1301,2022-08-17,2022,34,7,41.99605,-82.7179,Surface,1,2,CHLA,ugL,5.90,
1276,2022-08-17,2022,34,7,41.99605,-82.7179,Bottom,9.5,1,CHLA,ugL,6.59,
1277,2022-08-17,2022,34,7,41.99605,-82.7179,Bottom,9.5,2,CHLA,ugL,5.65,
1306,2022-08-17,2022,34,7,41.99605,-82.7179,Surface,1,1,CN,rat,6.18,
1307,2022-08-17,2022,34,7,41.99605,-82.7179,Surface,1,2,CN,rat,5.94,
1282,2022-08-17,2022,34,7,41.99605,-82.7179,Bottom,9.5,1,CN,rat,2.90,
1283,2022-08-17,2022,34,7,41.99605,-82.7179,Bottom,9.5,2,CN,rat,5.95,
1324,2022-08-17,2022,34,7,41.99605,-82.7179,Surface,1,1,DMC,ugL,1.58,
1325,2022-08-17,2022,34,7,41.99605,-82.7179,Surface,1,2,DMC,ugL,0.09,
1308,2022-08-17,2022,34,7,41.99605,-82.7179,Surface,1,1,DOC,mgL,1.72,
1284,2022-08-17,2022,34,7,41.99605,-82.7179,Bottom,9.5,1,DOC,mgL,1.94,
1309,2022-08-17,2022,34,7,41.99605,-82.7179,Surface,1,1,NH4,ugL,34.14,
1310,2022-08-17,2022,34,7,41.99605,-82.7179,Surface,1,2,NH4,ugL,19.82,
1285,2022-08-17,2022,34,7,41.99605,-82.7179,Bottom,9.5,1,NH4,ugL,22.57,
1286,2022-08-17,2022,34,7,41.99605,-82.7179,Bottom,9.5,2,NH4,ugL,23.16,
1311,2022-08-17,2022,34,7,41.99605,-82.7179,Surface,1,1,NO3,ugL,136.80,
1312,2022-08-17,2022,34,7,41.99605,-82.7179,Surface,1,2,NO3,ugL,134.93,
1287,2022-08-17,2022,34,7,41.99605,-82.7179,Bottom,9.5,1,NO3,ugL,131.82,
1288,2022-08-17,2022,34,7,41.99605,-82.7179,Bottom,9.5,2,NO3,ugL,134.72,
1317,2022-08-17,2022,34,7,41.99605,-82.7179,Surface,1,1,PP,ugL,27.99,
1318,2022-08-17,2022,34,7,41.99605,-82.7179,Surface,1,2,PP,ugL,22.99,
1293,2022-08-17,2022,34,7,41.99605,-82.7179,Bottom,9.5,1,PP,ugL,29.24,
1294,2022-08-17,2022,34,7,41.99605,-82.7179,Bottom,9.5,2,PP,ugL,34.20,
1304,2022-08-17,2022,34,7,41.99605,-82.7179,Surface,1,1,SES_C,mgL,233.99,
1305,2022-08-17,2022,34,7,41.99605,-82.7179,Surface,1,2,SES_C,mgL,244.36,
1280,2022-08-17,2022,34,7,41.99605,-82.7179,Bottom,9.5,1,SES_C,mgL,256.34,
1281,2022-08-17,2022,34,7,41.99605,-82.7179,Bottom,9.5,2,SES_C,mgL,344.44,
1302,2022-08-17,2022,34,7,41.99605,-82.7179,Surface,1,1,SES_N,mgL,44.17,
1303,2022-08-17,2022,34,7,41.99605,-82.7179,Surface,1,2,SES_N,mgL,48.01,
1278,2022-08-17,2022,34,7,41.99605,-82.7179,Bottom,9.5,1,SES_N,mgL,103.01,
1279,2022-08-17,2022,34,7,41.99605,-82.7179,Bottom,9.5,2,SES_N,mgL,67.58,
1319,2022-08-17,2022,34,7,41.99605,-82.7179,Surface,1,1,SRP,ugL,1.45,
1320,2022-08-17,2022,34,7,41.99605,-82.7179,Surface,1,2,SRP,ugL,1.26,
1295,2022-08-17,2022,34,7,41.99605,-82.7179,Bottom,9.5,1,SRP,ugL,0.76,
1296,2022-08-17,2022,34,7,41.99605,-82.7179,Bottom,9.5,2,SRP,ugL,0.98,
1313,2022-08-17,2022,34,7,41.99605,-82.7179,Surface,1,1,TDN,ugL,373.96,
1314,2022-08-17,2022,34,7,41.99605,-82.7179,Surface,1,2,TDN,ugL,374.52,
1289,2022-08-17,2022,34,7,41.99605,-82.7179,Bottom,9.5,1,TDN,ugL,365.43,
1290,2022-08-17,2022,34,7,41.99605,-82.7179,Bottom,9.5,2,TDN,ugL,374.72,
1315,2022-08-17,2022,34,7,41.99605,-82.7179,Surface,1,1,TDP,ugL,2.63,
1316,2022-08-17,2022,34,7,41.99605,-82.7179,Surface,1,2,TDP,ugL,1.53,
1291,2022-08-17,2022,34,7,41.99605,-82.7179,Bottom,9.5,1,TDP,ugL,1.30,
1292,2022-08-17,2022,34,7,41.99605,-82.7179,Bottom,9.5,2,TDP,ugL,2.11,
1326,2022-08-17,2022,34,7,41.99605,-82.7179,Surface,1,1,TMC,ugL,0.42,
1327,2022-08-17,2022,34,7,41.99605,-82.7179,Surface,1,2,TMC,ugL,0.45,
1321,2022-08-17,2022,34,7,41.99605,-82.7179,Surface,1,1,TP,ugL,3.27,
1322,2022-08-17,2022,34,7,41.99605,-82.7179,Surface,1,2,TP,ugL,5.76,
1297,2022-08-17,2022,34,7,41.99605,-82.7179,Bottom,9.5,1,TP,ugL,6.60,
1298,2022-08-17,2022,34,7,41.99605,-82.7179,Bottom,9.5,2,TP,ugL,5.86,
1323,2022-08-17,2022,34,7,41.99605,-82.7179,Surface,1,1,TSS,mgL,2004.00,
1299,2022-08-17,2022,34,7,41.99605,-82.7179,Bottom,9.5,1,TSS,mgL,3223.00,
1350,2022-08-23,2022,35,2,41.913017,-82.7367,Surface,1,1,CHLA,ugL,10.55,
1351,2022-08-23,2022,35,2,41.913017,-82.7367,Surface,1,2,CHLA,ugL,10.24,
1328,2022-08-23,2022,35,2,41.913017,-82.7367,Bottom,11,1,CHLA,ugL,10.73,
1329,2022-08-23,2022,35,2,41.913017,-82.7367,Bottom,11,2,CHLA,ugL,10.84,
1356,2022-08-23,2022,35,2,41.913017,-82.7367,Surface,1,1,CN,rat,8.06,
1357,2022-08-23,2022,35,2,41.913017,-82.7367,Surface,1,2,CN,rat,5.91,
1334,2022-08-23,2022,35,2,41.913017,-82.7367,Bottom,11,1,CN,rat,7.36,
1335,2022-08-23,2022,35,2,41.913017,-82.7367,Bottom,11,2,CN,rat,8.12,
1358,2022-08-23,2022,35,2,41.913017,-82.7367,Surface,1,1,DOC,mgL,1.89,
1336,2022-08-23,2022,35,2,41.913017,-82.7367,Bottom,11,1,DOC,mgL,2.11,
1359,2022-08-23,2022,35,2,41.913017,-82.7367,Surface,1,1,NH4,ugL,12.96,
1360,2022-08-23,2022,35,2,41.913017,-82.7367,Surface,1,2,NH4,ugL,12.57,
1337,2022-08-23,2022,35,2,41.913017,-82.7367,Bottom,11,1,NH4,ugL,15.90,
1338,2022-08-23,2022,35,2,41.913017,-82.7367,Bottom,11,2,NH4,ugL,14.92,
1361,2022-08-23,2022,35,2,41.913017,-82.7367,Surface,1,1,NO3,ugL,30.02,
1362,2022-08-23,2022,35,2,41.913017,-82.7367,Surface,1,2,NO3,ugL,49.22,
1339,2022-08-23,2022,35,2,41.913017,-82.7367,Bottom,11,1,NO3,ugL,68.02,
1340,2022-08-23,2022,35,2,41.913017,-82.7367,Bottom,11,2,NO3,ugL,58.47,
1367,2022-08-23,2022,35,2,41.913017,-82.7367,Surface,1,1,PP,ugL,26.59,
1368,2022-08-23,2022,35,2,41.913017,-82.7367,Surface,1,2,PP,ugL,25.85,
1345,2022-08-23,2022,35,2,41.913017,-82.7367,Bottom,11,1,PP,ugL,32.82,
1346,2022-08-23,2022,35,2,41.913017,-82.7367,Bottom,11,2,PP,ugL,33.22,
1354,2022-08-23,2022,35,2,41.913017,-82.7367,Surface,1,1,SES_C,mgL,520.05,
1355,2022-08-23,2022,35,2,41.913017,-82.7367,Surface,1,2,SES_C,mgL,464.57,
1332,2022-08-23,2022,35,2,41.913017,-82.7367,Bottom,11,1,SES_C,mgL,483.53,
1333,2022-08-23,2022,35,2,41.913017,-82.7367,Bottom,11,2,SES_C,mgL,526.63,
1352,2022-08-23,2022,35,2,41.913017,-82.7367,Surface,1,1,SES_N,mgL,75.27,
1353,2022-08-23,2022,35,2,41.913017,-82.7367,Surface,1,2,SES_N,mgL,91.76,
1330,2022-08-23,2022,35,2,41.913017,-82.7367,Bottom,11,1,SES_N,mgL,76.67,
1331,2022-08-23,2022,35,2,41.913017,-82.7367,Bottom,11,2,SES_N,mgL,75.69,
1369,2022-08-23,2022,35,2,41.913017,-82.7367,Surface,1,1,SRP,ugL,1.58,
1370,2022-08-23,2022,35,2,41.913017,-82.7367,Surface,1,2,SRP,ugL,2.88,
1347,2022-08-23,2022,35,2,41.913017,-82.7367,Bottom,11,1,SRP,ugL,4.65,
1348,2022-08-23,2022,35,2,41.913017,-82.7367,Bottom,11,2,SRP,ugL,1.20,
1363,2022-08-23,2022,35,2,41.913017,-82.7367,Surface,1,1,TDN,ugL,318.28,
1364,2022-08-23,2022,35,2,41.913017,-82.7367,Surface,1,2,TDN,ugL,177.03,
1341,2022-08-23,2022,35,2,41.913017,-82.7367,Bottom,11,1,TDN,ugL,178.00,
1342,2022-08-23,2022,35,2,41.913017,-82.7367,Bottom,11,2,TDN,ugL,282.96,
1365,2022-08-23,2022,35,2,41.913017,-82.7367,Surface,1,1,TDP,ugL,2.11,
1366,2022-08-23,2022,35,2,41.913017,-82.7367,Surface,1,2,TDP,ugL,2.00,
1343,2022-08-23,2022,35,2,41.913017,-82.7367,Bottom,11,1,TDP,ugL,1.07,
1344,2022-08-23,2022,35,2,41.913017,-82.7367,Bottom,11,2,TDP,ugL,2.11,
1371,2022-08-23,2022,35,2,41.913017,-82.7367,Surface,1,1,TP,ugL,11.27,
1372,2022-08-23,2022,35,2,41.913017,-82.7367,Surface,1,2,TP,ugL,12.46,
1373,2022-08-23,2022,35,2,41.913017,-82.7367,Surface,1,1,TSS,mgL,549.00,
1349,2022-08-23,2022,35,2,41.913017,-82.7367,Bottom,11,1,TSS,mgL,2315.00,
1398,2022-08-23,2022,35,4,41.8927,-82.5258,Surface,1,1,CHLA,ugL,10.74,
1399,2022-08-23,2022,35,4,41.8927,-82.5258,Surface,1,2,CHLA,ugL,10.59,
1374,2022-08-23,2022,35,4,41.8927,-82.5258,Bottom,8,1,CHLA,ugL,8.50,
1375,2022-08-23,2022,35,4,41.8927,-82.5258,Bottom,8,2,CHLA,ugL,9.09,
1404,2022-08-23,2022,35,4,41.8927,-82.5258,Surface,1,1,CN,rat,4.96,
1405,2022-08-23,2022,35,4,41.8927,-82.5258,Surface,1,2,CN,rat,7.64,
1380,2022-08-23,2022,35,4,41.8927,-82.5258,Bottom,8,1,CN,rat,8.05,
1381,2022-08-23,2022,35,4,41.8927,-82.5258,Bottom,8,2,CN,rat,7.75,
1406,2022-08-23,2022,35,4,41.8927,-82.5258,Surface,1,1,DOC,mgL,1.88,
1382,2022-08-23,2022,35,4,41.8927,-82.5258,Bottom,8,1,DOC,mgL,2.01,
1407,2022-08-23,2022,35,4,41.8927,-82.5258,Surface,1,1,NH4,ugL,13.35,
1408,2022-08-23,2022,35,4,41.8927,-82.5258,Surface,1,2,NH4,ugL,14.73,
1383,2022-08-23,2022,35,4,41.8927,-82.5258,Bottom,8,1,NH4,ugL,17.47,
1384,2022-08-23,2022,35,4,41.8927,-82.5258,Bottom,8,2,NH4,ugL,17.47,
1409,2022-08-23,2022,35,4,41.8927,-82.5258,Surface,1,1,NO3,ugL,39.61,
1410,2022-08-23,2022,35,4,41.8927,-82.5258,Surface,1,2,NO3,ugL,36.74,
1385,2022-08-23,2022,35,4,41.8927,-82.5258,Bottom,8,1,NO3,ugL,47.92,
1386,2022-08-23,2022,35,4,41.8927,-82.5258,Bottom,8,2,NO3,ugL,34.82,
1415,2022-08-23,2022,35,4,41.8927,-82.5258,Surface,1,1,PP,ugL,24.64,
1416,2022-08-23,2022,35,4,41.8927,-82.5258,Surface,1,2,PP,ugL,28.50,
1391,2022-08-23,2022,35,4,41.8927,-82.5258,Bottom,8,1,PP,ugL,31.47,
1392,2022-08-23,2022,35,4,41.8927,-82.5258,Bottom,8,2,PP,ugL,32.77,
1402,2022-08-23,2022,35,4,41.8927,-82.5258,Surface,1,1,SES_C,mgL,473.45,
1403,2022-08-23,2022,35,4,41.8927,-82.5258,Surface,1,2,SES_C,mgL,462.49,
1378,2022-08-23,2022,35,4,41.8927,-82.5258,Bottom,8,1,SES_C,mgL,444.82,
1379,2022-08-23,2022,35,4,41.8927,-82.5258,Bottom,8,2,SES_C,mgL,435.64,
1400,2022-08-23,2022,35,4,41.8927,-82.5258,Surface,1,1,SES_N,mgL,111.34,
1401,2022-08-23,2022,35,4,41.8927,-82.5258,Surface,1,2,SES_N,mgL,70.59,
1376,2022-08-23,2022,35,4,41.8927,-82.5258,Bottom,8,1,SES_N,mgL,64.46,
1377,2022-08-23,2022,35,4,41.8927,-82.5258,Bottom,8,2,SES_N,mgL,65.60,
1417,2022-08-23,2022,35,4,41.8927,-82.5258,Surface,1,1,SRP,ugL,0.38,
1418,2022-08-23,2022,35,4,41.8927,-82.5258,Surface,1,2,SRP,ugL,0.60,
1393,2022-08-23,2022,35,4,41.8927,-82.5258,Bottom,8,1,SRP,ugL,0.79,
1394,2022-08-23,2022,35,4,41.8927,-82.5258,Bottom,8,2,SRP,ugL,1.26,
1411,2022-08-23,2022,35,4,41.8927,-82.5258,Surface,1,1,TDN,ugL,275.32,
1412,2022-08-23,2022,35,4,41.8927,-82.5258,Surface,1,2,TDN,ugL,176.58,
1387,2022-08-23,2022,35,4,41.8927,-82.5258,Bottom,8,1,TDN,ugL,308.77,
1388,2022-08-23,2022,35,4,41.8927,-82.5258,Bottom,8,2,TDN,ugL,296.20,
1413,2022-08-23,2022,35,4,41.8927,-82.5258,Surface,1,1,TDP,ugL,2.63,
1414,2022-08-23,2022,35,4,41.8927,-82.5258,Surface,1,2,TDP,ugL,1.36,
1389,2022-08-23,2022,35,4,41.8927,-82.5258,Bottom,8,1,TDP,ugL,1.65,
1390,2022-08-23,2022,35,4,41.8927,-82.5258,Bottom,8,2,TDP,ugL,2.51,
1419,2022-08-23,2022,35,4,41.8927,-82.5258,Surface,1,1,TP,ugL,8.69,
1420,2022-08-23,2022,35,4,41.8927,-82.5258,Surface,1,2,TP,ugL,8.49,
1395,2022-08-23,2022,35,4,41.8927,-82.5258,Bottom,8,1,TP,ugL,8.94,
1396,2022-08-23,2022,35,4,41.8927,-82.5258,Bottom,8,2,TP,ugL,6.15,
1421,2022-08-23,2022,35,4,41.8927,-82.5258,Surface,1,1,TSS,mgL,1850.00,
1397,2022-08-23,2022,35,4,41.8927,-82.5258,Bottom,8,1,TSS,mgL,1523.00,
1448,2022-08-23,2022,35,5,42.002583,-82.5786,Surface,1,1,CHLA,ugL,8.37,
1449,2022-08-23,2022,35,5,42.002583,-82.5786,Surface,1,2,CHLA,ugL,8.00,
1422,2022-08-23,2022,35,5,42.002583,-82.5786,Bottom,8.5,1,CHLA,ugL,7.30,
1423,2022-08-23,2022,35,5,42.002583,-82.5786,Bottom,8.5,2,CHLA,ugL,7.30,
1454,2022-08-23,2022,35,5,42.002583,-82.5786,Surface,1,1,CN,rat,6.89,
1455,2022-08-23,2022,35,5,42.002583,-82.5786,Surface,1,2,CN,rat,7.14,
1428,2022-08-23,2022,35,5,42.002583,-82.5786,Bottom,8.5,1,CN,rat,9.14,
1429,2022-08-23,2022,35,5,42.002583,-82.5786,Bottom,8.5,2,CN,rat,9.49,
1473,2022-08-23,2022,35,5,42.002583,-82.5786,Surface,1,1,DMC,ugL,1.34,
1474,2022-08-23,2022,35,5,42.002583,-82.5786,Surface,1,2,DMC,ugL,0.15,
1456,2022-08-23,2022,35,5,42.002583,-82.5786,Surface,1,1,DOC,mgL,1.83,
1430,2022-08-23,2022,35,5,42.002583,-82.5786,Bottom,8.5,1,DOC,mgL,1.97,
1457,2022-08-23,2022,35,5,42.002583,-82.5786,Surface,1,1,NH4,ugL,16.69,
1458,2022-08-23,2022,35,5,42.002583,-82.5786,Surface,1,2,NH4,ugL,15.12,
1431,2022-08-23,2022,35,5,42.002583,-82.5786,Bottom,8.5,1,NH4,ugL,58.25,
1432,2022-08-23,2022,35,5,42.002583,-82.5786,Bottom,8.5,2,NH4,ugL,74.14,
1459,2022-08-23,2022,35,5,42.002583,-82.5786,Surface,1,1,NO3,ugL,94.84,
1460,2022-08-23,2022,35,5,42.002583,-82.5786,Surface,1,2,NO3,ugL,101.87,
1433,2022-08-23,2022,35,5,42.002583,-82.5786,Bottom,8.5,1,NO3,ugL,50.08,
1434,2022-08-23,2022,35,5,42.002583,-82.5786,Bottom,8.5,2,NO3,ugL,50.18,
1465,2022-08-23,2022,35,5,42.002583,-82.5786,Surface,1,1,PP,ugL,34.16,
1466,2022-08-23,2022,35,5,42.002583,-82.5786,Surface,1,2,PP,ugL,31.96,
1439,2022-08-23,2022,35,5,42.002583,-82.5786,Bottom,8.5,1,PP,ugL,63.33,
1440,2022-08-23,2022,35,5,42.002583,-82.5786,Bottom,8.5,2,PP,ugL,96.22,
1452,2022-08-23,2022,35,5,42.002583,-82.5786,Surface,1,1,SES_C,mgL,360.70,
1453,2022-08-23,2022,35,5,42.002583,-82.5786,Surface,1,2,SES_C,mgL,362.48,
1426,2022-08-23,2022,35,5,42.002583,-82.5786,Bottom,8.5,1,SES_C,mgL,1301.58,
1427,2022-08-23,2022,35,5,42.002583,-82.5786,Bottom,8.5,2,SES_C,mgL,1238.87,
1450,2022-08-23,2022,35,5,42.002583,-82.5786,Surface,1,1,SES_N,mgL,61.04,
1451,2022-08-23,2022,35,5,42.002583,-82.5786,Surface,1,2,SES_N,mgL,59.26,
1424,2022-08-23,2022,35,5,42.002583,-82.5786,Bottom,8.5,1,SES_N,mgL,166.17,
1425,2022-08-23,2022,35,5,42.002583,-82.5786,Bottom,8.5,2,SES_N,mgL,152.27,
1467,2022-08-23,2022,35,5,42.002583,-82.5786,Surface,1,1,SRP,ugL,0.47,
1468,2022-08-23,2022,35,5,42.002583,-82.5786,Surface,1,2,SRP,ugL,0.51,
1441,2022-08-23,2022,35,5,42.002583,-82.5786,Bottom,8.5,1,SRP,ugL,2.12,
1442,2022-08-23,2022,35,5,42.002583,-82.5786,Bottom,8.5,2,SRP,ugL,1.42,
1461,2022-08-23,2022,35,5,42.002583,-82.5786,Surface,1,1,TDN,ugL,322.82,
1462,2022-08-23,2022,35,5,42.002583,-82.5786,Surface,1,2,TDN,ugL,311.56,
1435,2022-08-23,2022,35,5,42.002583,-82.5786,Bottom,8.5,1,TDN,ugL,409.63,
1436,2022-08-23,2022,35,5,42.002583,-82.5786,Bottom,8.5,2,TDN,ugL,418.74,
1463,2022-08-23,2022,35,5,42.002583,-82.5786,Surface,1,1,TDP,ugL,2.51,
1464,2022-08-23,2022,35,5,42.002583,-82.5786,Surface,1,2,TDP,ugL,2.63,
1437,2022-08-23,2022,35,5,42.002583,-82.5786,Bottom,8.5,1,TDP,ugL,4.70,
1438,2022-08-23,2022,35,5,42.002583,-82.5786,Bottom,8.5,2,TDP,ugL,2.92,
1475,2022-08-23,2022,35,5,42.002583,-82.5786,Surface,1,1,TMC,ugL,0.37,
1476,2022-08-23,2022,35,5,42.002583,-82.5786,Surface,1,2,TMC,ugL,0.39,
1469,2022-08-23,2022,35,5,42.002583,-82.5786,Surface,1,1,TP,ugL,19.07,
1470,2022-08-23,2022,35,5,42.002583,-82.5786,Surface,1,2,TP,ugL,568.12,
1471,2022-08-23,2022,35,5,42.002583,-82.5786,Surface,1,1,TP,ugL,12.36,
1443,2022-08-23,2022,35,5,42.002583,-82.5786,Bottom,8.5,1,TP,ugL,8.19,
1444,2022-08-23,2022,35,5,42.002583,-82.5786,Bottom,8.5,2,TP,ugL,8.04,
1445,2022-08-23,2022,35,5,42.002583,-82.5786,Bottom,8.5,2,TP,ugL,27.32,
1472,2022-08-23,2022,35,5,42.002583,-82.5786,Surface,1,1,TSS,mgL,1531.00,
1446,2022-08-23,2022,35,5,42.002583,-82.5786,Bottom,8.5,1,TSS,mgL,4257.60,
1447,2022-08-23,2022,35,5,42.002583,-82.5786,Bottom,8.5,1,TSS,mgL,16683.00,
1502,2022-08-23,2022,35,6,42.0222,-82.6697,Surface,1,1,CHLA,ugL,9.23,
1503,2022-08-23,2022,35,6,42.0222,-82.6697,Surface,1,2,CHLA,ugL,12.86,
1477,2022-08-23,2022,35,6,42.0222,-82.6697,Bottom,8,1,CHLA,ugL,9.65,
1478,2022-08-23,2022,35,6,42.0222,-82.6697,Bottom,8,2,CHLA,ugL,10.39,
1508,2022-08-23,2022,35,6,42.0222,-82.6697,Surface,1,1,CN,rat,4.68,
1509,2022-08-23,2022,35,6,42.0222,-82.6697,Surface,1,2,CN,rat,7.98,
1483,2022-08-23,2022,35,6,42.0222,-82.6697,Bottom,8,1,CN,rat,6.62,
1484,2022-08-23,2022,35,6,42.0222,-82.6697,Bottom,8,2,CN,rat,6.44,
1527,2022-08-23,2022,35,6,42.0222,-82.6697,Surface,1,1,DMC,ugL,0.18,
1528,2022-08-23,2022,35,6,42.0222,-82.6697,Surface,1,2,DMC,ugL,0.17,
1510,2022-08-23,2022,35,6,42.0222,-82.6697,Surface,1,1,DOC,mgL,1.79,
1485,2022-08-23,2022,35,6,42.0222,-82.6697,Bottom,8,1,DOC,mgL,1.89,
1511,2022-08-23,2022,35,6,42.0222,-82.6697,Surface,1,1,NH4,ugL,23.55,
1512,2022-08-23,2022,35,6,42.0222,-82.6697,Surface,1,2,NH4,ugL,19.24,
1486,2022-08-23,2022,35,6,42.0222,-82.6697,Bottom,8,1,NH4,ugL,18.45,
1487,2022-08-23,2022,35,6,42.0222,-82.6697,Bottom,8,2,NH4,ugL,18.84,
1513,2022-08-23,2022,35,6,42.0222,-82.6697,Surface,1,1,NO3,ugL,82.09,
1514,2022-08-23,2022,35,6,42.0222,-82.6697,Surface,1,2,NO3,ugL,83.65,
1488,2022-08-23,2022,35,6,42.0222,-82.6697,Bottom,8,1,NO3,ugL,75.29,
1489,2022-08-23,2022,35,6,42.0222,-82.6697,Bottom,8,2,NO3,ugL,75.71,
1519,2022-08-23,2022,35,6,42.0222,-82.6697,Surface,1,1,PP,ugL,29.37,
1520,2022-08-23,2022,35,6,42.0222,-82.6697,Surface,1,2,PP,ugL,28.06,
1494,2022-08-23,2022,35,6,42.0222,-82.6697,Bottom,8,1,PP,ugL,31.92,
1495,2022-08-23,2022,35,6,42.0222,-82.6697,Bottom,8,2,PP,ugL,31.89,
1506,2022-08-23,2022,35,6,42.0222,-82.6697,Surface,1,1,SES_C,mgL,496.56,
1507,2022-08-23,2022,35,6,42.0222,-82.6697,Surface,1,2,SES_C,mgL,367.81,
1481,2022-08-23,2022,35,6,42.0222,-82.6697,Bottom,8,1,SES_C,mgL,419.98,
1482,2022-08-23,2022,35,6,42.0222,-82.6697,Bottom,8,2,SES_C,mgL,435.91,
1504,2022-08-23,2022,35,6,42.0222,-82.6697,Surface,1,1,SES_N,mgL,123.73,
1505,2022-08-23,2022,35,6,42.0222,-82.6697,Surface,1,2,SES_N,mgL,53.78,
1479,2022-08-23,2022,35,6,42.0222,-82.6697,Bottom,8,1,SES_N,mgL,73.98,
1480,2022-08-23,2022,35,6,42.0222,-82.6697,Bottom,8,2,SES_N,mgL,79.02,
1521,2022-08-23,2022,35,6,42.0222,-82.6697,Surface,1,1,SRP,ugL,1.36,
1522,2022-08-23,2022,35,6,42.0222,-82.6697,Surface,1,2,SRP,ugL,1.20,
1496,2022-08-23,2022,35,6,42.0222,-82.6697,Bottom,8,1,SRP,ugL,1.71,
1497,2022-08-23,2022,35,6,42.0222,-82.6697,Bottom,8,2,SRP,ugL,2.02,
1515,2022-08-23,2022,35,6,42.0222,-82.6697,Surface,1,1,TDN,ugL,341.15,
1516,2022-08-23,2022,35,6,42.0222,-82.6697,Surface,1,2,TDN,ugL,330.97,
1490,2022-08-23,2022,35,6,42.0222,-82.6697,Bottom,8,1,TDN,ugL,302.01,
1491,2022-08-23,2022,35,6,42.0222,-82.6697,Bottom,8,2,TDN,ugL,290.18,
1517,2022-08-23,2022,35,6,42.0222,-82.6697,Surface,1,1,TDP,ugL,1.07,
1518,2022-08-23,2022,35,6,42.0222,-82.6697,Surface,1,2,TDP,ugL,1.36,
1492,2022-08-23,2022,35,6,42.0222,-82.6697,Bottom,8,1,TDP,ugL,3.44,
1493,2022-08-23,2022,35,6,42.0222,-82.6697,Bottom,8,2,TDP,ugL,3.95,
1529,2022-08-23,2022,35,6,42.0222,-82.6697,Surface,1,1,TMC,ugL,0.47,
1530,2022-08-23,2022,35,6,42.0222,-82.6697,Surface,1,2,TMC,ugL,0.41,
1523,2022-08-23,2022,35,6,42.0222,-82.6697,Surface,1,1,TP,ugL,62.64,
1524,2022-08-23,2022,35,6,42.0222,-82.6697,Surface,1,2,TP,ugL,28.61,
1525,2022-08-23,2022,35,6,42.0222,-82.6697,Surface,1,1,TP,ugL,9.48,
1498,2022-08-23,2022,35,6,42.0222,-82.6697,Bottom,8,1,TP,ugL,224.09,
1499,2022-08-23,2022,35,6,42.0222,-82.6697,Bottom,8,2,TP,ugL,140.09,
1500,2022-08-23,2022,35,6,42.0222,-82.6697,Bottom,8,2,TP,ugL,7.69,
1526,2022-08-23,2022,35,6,42.0222,-82.6697,Surface,1,1,TSS,mgL,1738.00,
1501,2022-08-23,2022,35,6,42.0222,-82.6697,Bottom,8,1,TSS,mgL,2368.00,
1556,2022-08-23,2022,35,7,41.99605,-82.7179,Surface,1,1,CHLA,ugL,6.67,
1557,2022-08-23,2022,35,7,41.99605,-82.7179,Surface,1,2,CHLA,ugL,0.28,
1531,2022-08-23,2022,35,7,41.99605,-82.7179,Bottom,9.5,1,CHLA,ugL,1.08,
1532,2022-08-23,2022,35,7,41.99605,-82.7179,Bottom,9.5,2,CHLA,ugL,2.08,
1562,2022-08-23,2022,35,7,41.99605,-82.7179,Surface,1,1,CN,rat,7.28,
1563,2022-08-23,2022,35,7,41.99605,-82.7179,Surface,1,2,CN,rat,7.77,
1537,2022-08-23,2022,35,7,41.99605,-82.7179,Bottom,9.5,1,CN,rat,6.88,
1538,2022-08-23,2022,35,7,41.99605,-82.7179,Bottom,9.5,2,CN,rat,6.30,
1581,2022-08-23,2022,35,7,41.99605,-82.7179,Surface,1,1,DMC,ugL,0.13,
1582,2022-08-23,2022,35,7,41.99605,-82.7179,Surface,1,2,DMC,ugL,0.16,
1564,2022-08-23,2022,35,7,41.99605,-82.7179,Surface,1,1,DOC,mgL,1.85,
1539,2022-08-23,2022,35,7,41.99605,-82.7179,Bottom,9.5,1,DOC,mgL,1.78,
1565,2022-08-23,2022,35,7,41.99605,-82.7179,Surface,1,1,NH4,ugL,28.84,
1566,2022-08-23,2022,35,7,41.99605,-82.7179,Surface,1,2,NH4,ugL,27.47,
1540,2022-08-23,2022,35,7,41.99605,-82.7179,Bottom,9.5,1,NH4,ugL,16.69,
1541,2022-08-23,2022,35,7,41.99605,-82.7179,Bottom,9.5,2,NH4,ugL,17.86,
1567,2022-08-23,2022,35,7,41.99605,-82.7179,Surface,1,1,NO3,ugL,83.43,
1568,2022-08-23,2022,35,7,41.99605,-82.7179,Surface,1,2,NO3,ugL,95.03,
1542,2022-08-23,2022,35,7,41.99605,-82.7179,Bottom,9.5,1,NO3,ugL,68.79,
1543,2022-08-23,2022,35,7,41.99605,-82.7179,Bottom,9.5,2,NO3,ugL,71.02,
1573,2022-08-23,2022,35,7,41.99605,-82.7179,Surface,1,1,PP,ugL,31.14,
1574,2022-08-23,2022,35,7,41.99605,-82.7179,Surface,1,2,PP,ugL,30.88,
1548,2022-08-23,2022,35,7,41.99605,-82.7179,Bottom,9.5,1,PP,ugL,35.59,
1549,2022-08-23,2022,35,7,41.99605,-82.7179,Bottom,9.5,2,PP,ugL,39.90,
1560,2022-08-23,2022,35,7,41.99605,-82.7179,Surface,1,1,SES_C,mgL,415.79,
1561,2022-08-23,2022,35,7,41.99605,-82.7179,Surface,1,2,SES_C,mgL,421.52,
1535,2022-08-23,2022,35,7,41.99605,-82.7179,Bottom,9.5,1,SES_C,mgL,491.20,
1536,2022-08-23,2022,35,7,41.99605,-82.7179,Bottom,9.5,2,SES_C,mgL,464.35,
1558,2022-08-23,2022,35,7,41.99605,-82.7179,Surface,1,1,SES_N,mgL,66.60,
1559,2022-08-23,2022,35,7,41.99605,-82.7179,Surface,1,2,SES_N,mgL,63.32,
1533,2022-08-23,2022,35,7,41.99605,-82.7179,Bottom,9.5,1,SES_N,mgL,83.29,
1534,2022-08-23,2022,35,7,41.99605,-82.7179,Bottom,9.5,2,SES_N,mgL,85.95,
1575,2022-08-23,2022,35,7,41.99605,-82.7179,Surface,1,1,SRP,ugL,2.12,
1576,2022-08-23,2022,35,7,41.99605,-82.7179,Surface,1,2,SRP,ugL,2.50,
1550,2022-08-23,2022,35,7,41.99605,-82.7179,Bottom,9.5,1,SRP,ugL,1.26,
1551,2022-08-23,2022,35,7,41.99605,-82.7179,Bottom,9.5,2,SRP,ugL,1.71,
1569,2022-08-23,2022,35,7,41.99605,-82.7179,Surface,1,1,TDN,ugL,345.58,
1570,2022-08-23,2022,35,7,41.99605,-82.7179,Surface,1,2,TDN,ugL,484.58,
1544,2022-08-23,2022,35,7,41.99605,-82.7179,Bottom,9.5,1,TDN,ugL,278.33,
1545,2022-08-23,2022,35,7,41.99605,-82.7179,Bottom,9.5,2,TDN,ugL,267.03,
1571,2022-08-23,2022,35,7,41.99605,-82.7179,Surface,1,1,TDP,ugL,2.57,
1572,2022-08-23,2022,35,7,41.99605,-82.7179,Surface,1,2,TDP,ugL,2.05,
1546,2022-08-23,2022,35,7,41.99605,-82.7179,Bottom,9.5,1,TDP,ugL,2.69,
1547,2022-08-23,2022,35,7,41.99605,-82.7179,Bottom,9.5,2,TDP,ugL,2.11,
1583,2022-08-23,2022,35,7,41.99605,-82.7179,Surface,1,1,TMC,ugL,0.27,
1584,2022-08-23,2022,35,7,41.99605,-82.7179,Surface,1,2,TMC,ugL,0.42,
1577,2022-08-23,2022,35,7,41.99605,-82.7179,Surface,1,1,TP,ugL,97.07,
1578,2022-08-23,2022,35,7,41.99605,-82.7179,Surface,1,2,TP,ugL,31.59,
1579,2022-08-23,2022,35,7,41.99605,-82.7179,Surface,1,1,TP,ugL,13.26,
1552,2022-08-23,2022,35,7,41.99605,-82.7179,Bottom,9.5,1,TP,ugL,145.05,
1553,2022-08-23,2022,35,7,41.99605,-82.7179,Bottom,9.5,2,TP,ugL,32.28,
1554,2022-08-23,2022,35,7,41.99605,-82.7179,Bottom,9.5,2,TP,ugL,11.27,
1580,2022-08-23,2022,35,7,41.99605,-82.7179,Surface,1,1,TSS,mgL,3111.00,
1555,2022-08-23,2022,35,7,41.99605,-82.7179,Bottom,9.5,1,TSS,mgL,3794.00,
1603,2022-09-01,2022,36,2,41.913017,-82.7367,Surface,1,1,CHLA,ugL,9.57,
1604,2022-09-01,2022,36,2,41.913017,-82.7367,Surface,1,2,CHLA,ugL,10.76,
1585,2022-09-01,2022,36,2,41.913017,-82.7367,Bottom,11,1,CHLA,ugL,12.86,
1586,2022-09-01,2022,36,2,41.913017,-82.7367,Bottom,11,2,CHLA,ugL,10.53,
1605,2022-09-01,2022,36,2,41.913017,-82.7367,Surface,1,1,DOC,mgL,1.99,
1587,2022-09-01,2022,36,2,41.913017,-82.7367,Bottom,11,1,DOC,mgL,3.41,
1606,2022-09-01,2022,36,2,41.913017,-82.7367,Surface,1,1,NH4,ugL,18.25,
1607,2022-09-01,2022,36,2,41.913017,-82.7367,Surface,1,2,NH4,ugL,16.29,
1588,2022-09-01,2022,36,2,41.913017,-82.7367,Bottom,11,1,NH4,ugL,13.94,
1589,2022-09-01,2022,36,2,41.913017,-82.7367,Bottom,11,2,NH4,ugL,12.76,
1608,2022-09-01,2022,36,2,41.913017,-82.7367,Surface,1,1,NO3,ugL,-24.90,BDL
1609,2022-09-01,2022,36,2,41.913017,-82.7367,Surface,1,2,NO3,ugL,-24.19,BDL
1590,2022-09-01,2022,36,2,41.913017,-82.7367,Bottom,11,1,NO3,ugL,-25.10,BDL
1591,2022-09-01,2022,36,2,41.913017,-82.7367,Bottom,11,2,NO3,ugL,25.86,
1614,2022-09-01,2022,36,2,41.913017,-82.7367,Surface,1,1,PP,ugL,41.98,
1615,2022-09-01,2022,36,2,41.913017,-82.7367,Surface,1,2,PP,ugL,43.67,
1596,2022-09-01,2022,36,2,41.913017,-82.7367,Bottom,11,1,PP,ugL,60.96,
1597,2022-09-01,2022,36,2,41.913017,-82.7367,Bottom,11,2,PP,ugL,66.95,
1616,2022-09-01,2022,36,2,41.913017,-82.7367,Surface,1,1,SRP,ugL,3.03,
1617,2022-09-01,2022,36,2,41.913017,-82.7367,Surface,1,2,SRP,ugL,3.19,
1598,2022-09-01,2022,36,2,41.913017,-82.7367,Bottom,11,1,SRP,ugL,6.26,
1599,2022-09-01,2022,36,2,41.913017,-82.7367,Bottom,11,2,SRP,ugL,2.40,
1610,2022-09-01,2022,36,2,41.913017,-82.7367,Surface,1,1,TDN,ugL,176.25,
1611,2022-09-01,2022,36,2,41.913017,-82.7367,Surface,1,2,TDN,ugL,177.20,
1592,2022-09-01,2022,36,2,41.913017,-82.7367,Bottom,11,1,TDN,ugL,175.07,
1593,2022-09-01,2022,36,2,41.913017,-82.7367,Bottom,11,2,TDN,ugL,176.55,
1612,2022-09-01,2022,36,2,41.913017,-82.7367,Surface,1,1,TDP,ugL,3.72,
1613,2022-09-01,2022,36,2,41.913017,-82.7367,Surface,1,2,TDP,ugL,2.00,
1594,2022-09-01,2022,36,2,41.913017,-82.7367,Bottom,11,1,TDP,ugL,2.97,
1595,2022-09-01,2022,36,2,41.913017,-82.7367,Bottom,11,2,TDP,ugL,1.36,
1618,2022-09-01,2022,36,2,41.913017,-82.7367,Surface,1,1,TP,ugL,15.15,
1619,2022-09-01,2022,36,2,41.913017,-82.7367,Surface,1,2,TP,ugL,14.40,
1600,2022-09-01,2022,36,2,41.913017,-82.7367,Bottom,11,1,TP,ugL,27.42,
1601,2022-09-01,2022,36,2,41.913017,-82.7367,Bottom,11,2,TP,ugL,28.41,
1620,2022-09-01,2022,36,2,41.913017,-82.7367,Surface,1,1,TSS,mgL,4298.00,
1602,2022-09-01,2022,36,2,41.913017,-82.7367,Bottom,11,1,TSS,mgL,12677.00,
1639,2022-09-01,2022,36,4,41.8927,-82.5258,Surface,1,1,CHLA,ugL,8.35,
1640,2022-09-01,2022,36,4,41.8927,-82.5258,Surface,1,2,CHLA,ugL,8.06,
1621,2022-09-01,2022,36,4,41.8927,-82.5258,Bottom,8,1,CHLA,ugL,9.79,
1622,2022-09-01,2022,36,4,41.8927,-82.5258,Bottom,8,2,CHLA,ugL,9.97,
1641,2022-09-01,2022,36,4,41.8927,-82.5258,Surface,1,1,DOC,mgL,2.07,
1623,2022-09-01,2022,36,4,41.8927,-82.5258,Bottom,8,1,DOC,mgL,1.98,
1642,2022-09-01,2022,36,4,41.8927,-82.5258,Surface,1,1,NH4,ugL,16.88,
1643,2022-09-01,2022,36,4,41.8927,-82.5258,Surface,1,2,NH4,ugL,18.06,
1624,2022-09-01,2022,36,4,41.8927,-82.5258,Bottom,8,1,NH4,ugL,20.41,
1625,2022-09-01,2022,36,4,41.8927,-82.5258,Bottom,8,2,NH4,ugL,25.12,
1644,2022-09-01,2022,36,4,41.8927,-82.5258,Surface,1,1,NO3,ugL,34.60,
1645,2022-09-01,2022,36,4,41.8927,-82.5258,Surface,1,2,NO3,ugL,40.30,
1626,2022-09-01,2022,36,4,41.8927,-82.5258,Bottom,8,1,NO3,ugL,51.11,
1627,2022-09-01,2022,36,4,41.8927,-82.5258,Bottom,8,2,NO3,ugL,58.90,
1650,2022-09-01,2022,36,4,41.8927,-82.5258,Surface,1,1,PP,ugL,40.71,
1651,2022-09-01,2022,36,4,41.8927,-82.5258,Surface,1,2,PP,ugL,36.00,
1632,2022-09-01,2022,36,4,41.8927,-82.5258,Bottom,8,1,PP,ugL,40.47,
1633,2022-09-01,2022,36,4,41.8927,-82.5258,Bottom,8,2,PP,ugL,49.66,
1652,2022-09-01,2022,36,4,41.8927,-82.5258,Surface,1,1,SRP,ugL,2.62,
1653,2022-09-01,2022,36,4,41.8927,-82.5258,Surface,1,2,SRP,ugL,2.50,
1634,2022-09-01,2022,36,4,41.8927,-82.5258,Bottom,8,1,SRP,ugL,4.04,
1635,2022-09-01,2022,36,4,41.8927,-82.5258,Bottom,8,2,SRP,ugL,1.80,
1646,2022-09-01,2022,36,4,41.8927,-82.5258,Surface,1,1,TDN,ugL,290.91,
1647,2022-09-01,2022,36,4,41.8927,-82.5258,Surface,1,2,TDN,ugL,296.83,
1628,2022-09-01,2022,36,4,41.8927,-82.5258,Bottom,8,1,TDN,ugL,176.06,
1629,2022-09-01,2022,36,4,41.8927,-82.5258,Bottom,8,2,TDN,ugL,174.27,
1648,2022-09-01,2022,36,4,41.8927,-82.5258,Surface,1,1,TDP,ugL,2.17,
1649,2022-09-01,2022,36,4,41.8927,-82.5258,Surface,1,2,TDP,ugL,2.34,
1630,2022-09-01,2022,36,4,41.8927,-82.5258,Bottom,8,1,TDP,ugL,2.69,
1631,2022-09-01,2022,36,4,41.8927,-82.5258,Bottom,8,2,TDP,ugL,3.03,
1654,2022-09-01,2022,36,4,41.8927,-82.5258,Surface,1,1,TP,ugL,15.94,
1655,2022-09-01,2022,36,4,41.8927,-82.5258,Surface,1,2,TP,ugL,16.74,
1636,2022-09-01,2022,36,4,41.8927,-82.5258,Bottom,8,1,TP,ugL,17.48,
1637,2022-09-01,2022,36,4,41.8927,-82.5258,Bottom,8,2,TP,ugL,19.47,
1656,2022-09-01,2022,36,4,41.8927,-82.5258,Surface,1,1,TSS,mgL,-6421.00,BDL
1638,2022-09-01,2022,36,4,41.8927,-82.5258,Bottom,8,1,TSS,mgL,4071.00,
1675,2022-09-01,2022,36,5,42.002583,-82.5786,Surface,1,1,CHLA,ugL,0.79,
1676,2022-09-01,2022,36,5,42.002583,-82.5786,Surface,1,2,CHLA,ugL,6.06,
1657,2022-09-01,2022,36,5,42.002583,-82.5786,Bottom,8.5,1,CHLA,ugL,13.72,
1658,2022-09-01,2022,36,5,42.002583,-82.5786,Bottom,8.5,2,CHLA,ugL,14.07,
1693,2022-09-01,2022,36,5,42.002583,-82.5786,Surface,1,1,DMC,ugL,0.16,
1694,2022-09-01,2022,36,5,42.002583,-82.5786,Surface,1,2,DMC,ugL,0.19,
1677,2022-09-01,2022,36,5,42.002583,-82.5786,Surface,1,1,DOC,mgL,1.87,
1659,2022-09-01,2022,36,5,42.002583,-82.5786,Bottom,8.5,1,DOC,mgL,2.02,
1678,2022-09-01,2022,36,5,42.002583,-82.5786,Surface,1,1,NH4,ugL,13.35,
1679,2022-09-01,2022,36,5,42.002583,-82.5786,Surface,1,2,NH4,ugL,14.14,
1660,2022-09-01,2022,36,5,42.002583,-82.5786,Bottom,8.5,1,NH4,ugL,14.92,
1661,2022-09-01,2022,36,5,42.002583,-82.5786,Bottom,8.5,2,NH4,ugL,16.88,
1680,2022-09-01,2022,36,5,42.002583,-82.5786,Surface,1,1,NO3,ugL,30.36,
1681,2022-09-01,2022,36,5,42.002583,-82.5786,Surface,1,2,NO3,ugL,23.84,
1662,2022-09-01,2022,36,5,42.002583,-82.5786,Bottom,8.5,1,NO3,ugL,69.52,
1663,2022-09-01,2022,36,5,42.002583,-82.5786,Bottom,8.5,2,NO3,ugL,61.26,
1686,2022-09-01,2022,36,5,42.002583,-82.5786,Surface,1,1,PP,ugL,56.15,
1687,2022-09-01,2022,36,5,42.002583,-82.5786,Surface,1,2,PP,ugL,60.99,
1668,2022-09-01,2022,36,5,42.002583,-82.5786,Bottom,8.5,1,PP,ugL,66.48,
1669,2022-09-01,2022,36,5,42.002583,-82.5786,Bottom,8.5,2,PP,ugL,69.07,
1688,2022-09-01,2022,36,5,42.002583,-82.5786,Surface,1,1,SRP,ugL,3.44,
1689,2022-09-01,2022,36,5,42.002583,-82.5786,Surface,1,2,SRP,ugL,3.79,
1670,2022-09-01,2022,36,5,42.002583,-82.5786,Bottom,8.5,1,SRP,ugL,4.17,
1671,2022-09-01,2022,36,5,42.002583,-82.5786,Bottom,8.5,2,SRP,ugL,4.33,
1682,2022-09-01,2022,36,5,42.002583,-82.5786,Surface,1,1,TDN,ugL,176.48,
1683,2022-09-01,2022,36,5,42.002583,-82.5786,Surface,1,2,TDN,ugL,175.52,
1664,2022-09-01,2022,36,5,42.002583,-82.5786,Bottom,8.5,1,TDN,ugL,306.09,
1665,2022-09-01,2022,36,5,42.002583,-82.5786,Bottom,8.5,2,TDN,ugL,323.75,
1684,2022-09-01,2022,36,5,42.002583,-82.5786,Surface,1,1,TDP,ugL,2.11,
1685,2022-09-01,2022,36,5,42.002583,-82.5786,Surface,1,2,TDP,ugL,5.57,
1666,2022-09-01,2022,36,5,42.002583,-82.5786,Bottom,8.5,1,TDP,ugL,4.88,
1667,2022-09-01,2022,36,5,42.002583,-82.5786,Bottom,8.5,2,TDP,ugL,4.30,
1695,2022-09-01,2022,36,5,42.002583,-82.5786,Surface,1,1,TMC,ugL,0.69,
1696,2022-09-01,2022,36,5,42.002583,-82.5786,Surface,1,2,TMC,ugL,0.07,
1690,2022-09-01,2022,36,5,42.002583,-82.5786,Surface,1,1,TP,ugL,26.12,
1691,2022-09-01,2022,36,5,42.002583,-82.5786,Surface,1,2,TP,ugL,21.75,
1672,2022-09-01,2022,36,5,42.002583,-82.5786,Bottom,8.5,1,TP,ugL,34.07,
1673,2022-09-01,2022,36,5,42.002583,-82.5786,Bottom,8.5,2,TP,ugL,32.83,
1692,2022-09-01,2022,36,5,42.002583,-82.5786,Surface,1,1,TSS,mgL,5250.40,
1674,2022-09-01,2022,36,5,42.002583,-82.5786,Bottom,8.5,1,TSS,mgL,9958.00,
1715,2022-09-01,2022,36,6,42.0222,-82.6697,Surface,1,1,CHLA,ugL,14.06,
1716,2022-09-01,2022,36,6,42.0222,-82.6697,Surface,1,2,CHLA,ugL,15.14,
1697,2022-09-01,2022,36,6,42.0222,-82.6697,Bottom,8,1,CHLA,ugL,10.26,
1698,2022-09-01,2022,36,6,42.0222,-82.6697,Bottom,8,2,CHLA,ugL,12.96,
1734,2022-09-01,2022,36,6,42.0222,-82.6697,Surface,1,1,DMC,ugL,0.22,
1735,2022-09-01,2022,36,6,42.0222,-82.6697,Surface,1,2,DMC,ugL,0.20,
1717,2022-09-01,2022,36,6,42.0222,-82.6697,Surface,1,1,DOC,mgL,2.00,
1699,2022-09-01,2022,36,6,42.0222,-82.6697,Bottom,8,1,DOC,mgL,1.85,
1718,2022-09-01,2022,36,6,42.0222,-82.6697,Surface,1,1,NH4,ugL,14.92,
1719,2022-09-01,2022,36,6,42.0222,-82.6697,Surface,1,2,NH4,ugL,14.73,
1700,2022-09-01,2022,36,6,42.0222,-82.6697,Bottom,8,1,NH4,ugL,15.51,
1701,2022-09-01,2022,36,6,42.0222,-82.6697,Bottom,8,2,NH4,ugL,14.92,
1720,2022-09-01,2022,36,6,42.0222,-82.6697,Surface,1,1,NO3,ugL,32.64,
1721,2022-09-01,2022,36,6,42.0222,-82.6697,Surface,1,2,NO3,ugL,67.30,
1702,2022-09-01,2022,36,6,42.0222,-82.6697,Bottom,8,1,NO3,ugL,36.90,
1703,2022-09-01,2022,36,6,42.0222,-82.6697,Bottom,8,2,NO3,ugL,39.28,
1726,2022-09-01,2022,36,6,42.0222,-82.6697,Surface,1,1,PP,ugL,39.90,
1727,2022-09-01,2022,36,6,42.0222,-82.6697,Surface,1,2,PP,ugL,42.46,
1708,2022-09-01,2022,36,6,42.0222,-82.6697,Bottom,8,1,PP,ugL,45.08,
1709,2022-09-01,2022,36,6,42.0222,-82.6697,Bottom,8,2,PP,ugL,46.22,
1728,2022-09-01,2022,36,6,42.0222,-82.6697,Surface,1,1,SRP,ugL,2.18,
1729,2022-09-01,2022,36,6,42.0222,-82.6697,Surface,1,2,SRP,ugL,2.18,
1710,2022-09-01,2022,36,6,42.0222,-82.6697,Bottom,8,1,SRP,ugL,2.15,
1711,2022-09-01,2022,36,6,42.0222,-82.6697,Bottom,8,2,SRP,ugL,1.49,
1722,2022-09-01,2022,36,6,42.0222,-82.6697,Surface,1,1,TDN,ugL,177.03,
1723,2022-09-01,2022,36,6,42.0222,-82.6697,Surface,1,2,TDN,ugL,306.73,
1704,2022-09-01,2022,36,6,42.0222,-82.6697,Bottom,8,1,TDN,ugL,176.70,
1705,2022-09-01,2022,36,6,42.0222,-82.6697,Bottom,8,2,TDN,ugL,177.27,
1724,2022-09-01,2022,36,6,42.0222,-82.6697,Surface,1,1,TDP,ugL,2.00,
1725,2022-09-01,2022,36,6,42.0222,-82.6697,Surface,1,2,TDP,ugL,0.96,
1706,2022-09-01,2022,36,6,42.0222,-82.6697,Bottom,8,1,TDP,ugL,4.36,
1707,2022-09-01,2022,36,6,42.0222,-82.6697,Bottom,8,2,TDP,ugL,1.59,
1736,2022-09-01,2022,36,6,42.0222,-82.6697,Surface,1,1,TMC,ugL,0.92,
1737,2022-09-01,2022,36,6,42.0222,-82.6697,Surface,1,2,TMC,ugL,0.96,
1730,2022-09-01,2022,36,6,42.0222,-82.6697,Surface,1,1,TP,ugL,18.03,
1731,2022-09-01,2022,36,6,42.0222,-82.6697,Surface,1,2,TP,ugL,18.37,
1712,2022-09-01,2022,36,6,42.0222,-82.6697,Bottom,8,1,TP,ugL,18.52,
1713,2022-09-01,2022,36,6,42.0222,-82.6697,Bottom,8,2,TP,ugL,16.44,
1732,2022-09-01,2022,36,6,42.0222,-82.6697,Surface,1,1,TSS,mgL,4065.00,
1733,2022-09-01,2022,36,6,42.0222,-82.6697,Surface,1,1,TSS,mgL,4724.00,
1714,2022-09-01,2022,36,6,42.0222,-82.6697,Bottom,8,1,TSS,mgL,4832.00,
1756,2022-09-01,2022,36,7,41.99605,-82.7179,Surface,1,1,CHLA,ugL,15.42,
1757,2022-09-01,2022,36,7,41.99605,-82.7179,Surface,1,2,CHLA,ugL,16.64,
1738,2022-09-01,2022,36,7,41.99605,-82.7179,Bottom,9.5,1,CHLA,ugL,16.90,
1739,2022-09-01,2022,36,7,41.99605,-82.7179,Bottom,9.5,2,CHLA,ugL,16.85,
1774,2022-09-01,2022,36,7,41.99605,-82.7179,Surface,1,1,DMC,ugL,,ND
1775,2022-09-01,2022,36,7,41.99605,-82.7179,Surface,1,2,DMC,ugL,,ND
1758,2022-09-01,2022,36,7,41.99605,-82.7179,Surface,1,1,DOC,mgL,1.98,
1740,2022-09-01,2022,36,7,41.99605,-82.7179,Bottom,9.5,1,DOC,mgL,1.93,
1759,2022-09-01,2022,36,7,41.99605,-82.7179,Surface,1,1,NH4,ugL,13.75,
1760,2022-09-01,2022,36,7,41.99605,-82.7179,Surface,1,2,NH4,ugL,15.31,
1741,2022-09-01,2022,36,7,41.99605,-82.7179,Bottom,9.5,1,NH4,ugL,,ND
1742,2022-09-01,2022,36,7,41.99605,-82.7179,Bottom,9.5,2,NH4,ugL,,ND
1761,2022-09-01,2022,36,7,41.99605,-82.7179,Surface,1,1,NO3,ugL,20.87,
1762,2022-09-01,2022,36,7,41.99605,-82.7179,Surface,1,2,NO3,ugL,30.04,
1743,2022-09-01,2022,36,7,41.99605,-82.7179,Bottom,9.5,1,NO3,ugL,-160.97,
1744,2022-09-01,2022,36,7,41.99605,-82.7179,Bottom,9.5,2,NO3,ugL,-165.55,
1767,2022-09-01,2022,36,7,41.99605,-82.7179,Surface,1,1,PP,ugL,48.01,
1768,2022-09-01,2022,36,7,41.99605,-82.7179,Surface,1,2,PP,ugL,45.92,
1749,2022-09-01,2022,36,7,41.99605,-82.7179,Bottom,9.5,1,PP,ugL,44.34,
1750,2022-09-01,2022,36,7,41.99605,-82.7179,Bottom,9.5,2,PP,ugL,50.73,
1769,2022-09-01,2022,36,7,41.99605,-82.7179,Surface,1,1,SRP,ugL,3.89,
1770,2022-09-01,2022,36,7,41.99605,-82.7179,Surface,1,2,SRP,ugL,1.86,
1751,2022-09-01,2022,36,7,41.99605,-82.7179,Bottom,9.5,1,SRP,ugL,2.43,
1752,2022-09-01,2022,36,7,41.99605,-82.7179,Bottom,9.5,2,SRP,ugL,2.15,
1763,2022-09-01,2022,36,7,41.99605,-82.7179,Surface,1,1,TDN,ugL,175.97,
1764,2022-09-01,2022,36,7,41.99605,-82.7179,Surface,1,2,TDN,ugL,177.83,
1745,2022-09-01,2022,36,7,41.99605,-82.7179,Bottom,9.5,1,TDN,ugL,177.68,
1746,2022-09-01,2022,36,7,41.99605,-82.7179,Bottom,9.5,2,TDN,ugL,177.39,
1765,2022-09-01,2022,36,7,41.99605,-82.7179,Surface,1,1,TDP,ugL,2.34,
1766,2022-09-01,2022,36,7,41.99605,-82.7179,Surface,1,2,TDP,ugL,2.69,
1747,2022-09-01,2022,36,7,41.99605,-82.7179,Bottom,9.5,1,TDP,ugL,2.80,
1748,2022-09-01,2022,36,7,41.99605,-82.7179,Bottom,9.5,2,TDP,ugL,1.48,
1776,2022-09-01,2022,36,7,41.99605,-82.7179,Surface,1,1,TMC,ugL,1.31,
1777,2022-09-01,2022,36,7,41.99605,-82.7179,Surface,1,2,TMC,ugL,2.06,
1771,2022-09-01,2022,36,7,41.99605,-82.7179,Surface,1,1,TP,ugL,19.72,
1772,2022-09-01,2022,36,7,41.99605,-82.7179,Surface,1,2,TP,ugL,21.36,
1753,2022-09-01,2022,36,7,41.99605,-82.7179,Bottom,9.5,1,TP,ugL,24.49,
1754,2022-09-01,2022,36,7,41.99605,-82.7179,Bottom,9.5,2,TP,ugL,23.54,
1773,2022-09-01,2022,36,7,41.99605,-82.7179,Surface,1,1,TSS,mgL,6026.51,
1755,2022-09-01,2022,36,7,41.99605,-82.7179,Bottom,9.5,1,TSS,mgL,4213.00,
1788,2022-09-06,2022,37,2,41.913017,-82.7367,Surface,1,1,CHLA,ugL,1.94,
1789,2022-09-06,2022,37,2,41.913017,-82.7367,Surface,1,2,CHLA,ugL,2.32,
1778,2022-09-06,2022,37,2,41.913017,-82.7367,Bottom,11,1,CHLA,ugL,0.65,
1779,2022-09-06,2022,37,2,41.913017,-82.7367,Bottom,11,2,CHLA,ugL,2.15,
1790,2022-09-06,2022,37,2,41.913017,-82.7367,Surface,1,1,NH4,ugL,19.82,
1791,2022-09-06,2022,37,2,41.913017,-82.7367,Surface,1,2,NH4,ugL,19.04,
1780,2022-09-06,2022,37,2,41.913017,-82.7367,Bottom,11,1,NH4,ugL,25.12,
1781,2022-09-06,2022,37,2,41.913017,-82.7367,Bottom,11,2,NH4,ugL,30.02,
1792,2022-09-06,2022,37,2,41.913017,-82.7367,Surface,1,1,NO3,ugL,,ND
1793,2022-09-06,2022,37,2,41.913017,-82.7367,Surface,1,2,NO3,ugL,,ND
1782,2022-09-06,2022,37,2,41.913017,-82.7367,Bottom,11,1,NO3,ugL,,ND
1783,2022-09-06,2022,37,2,41.913017,-82.7367,Bottom,11,2,NO3,ugL,,ND
1796,2022-09-06,2022,37,2,41.913017,-82.7367,Surface,1,1,PP,ugL,33.03,
1797,2022-09-06,2022,37,2,41.913017,-82.7367,Surface,1,2,PP,ugL,32.83,
1786,2022-09-06,2022,37,2,41.913017,-82.7367,Bottom,11,1,PP,ugL,15.98,
1787,2022-09-06,2022,37,2,41.913017,-82.7367,Bottom,11,2,PP,ugL,26.47,
1794,2022-09-06,2022,37,2,41.913017,-82.7367,Surface,1,1,TDN,ugL,,ND
1795,2022-09-06,2022,37,2,41.913017,-82.7367,Surface,1,2,TDN,ugL,,ND
1784,2022-09-06,2022,37,2,41.913017,-82.7367,Bottom,11,1,TDN,ugL,,ND
1785,2022-09-06,2022,37,2,41.913017,-82.7367,Bottom,11,2,TDN,ugL,,ND
1816,2022-09-06,2022,37,4,41.8927,-82.5258,Surface,1,1,CHLA,ugL,9.02,
1817,2022-09-06,2022,37,4,41.8927,-82.5258,Surface,1,2,CHLA,ugL,9.87,
1798,2022-09-06,2022,37,4,41.8927,-82.5258,Bottom,8,1,CHLA,ugL,10.76,
1799,2022-09-06,2022,37,4,41.8927,-82.5258,Bottom,8,2,CHLA,ugL,9.62,
1818,2022-09-06,2022,37,4,41.8927,-82.5258,Surface,1,1,DOC,mgL,4.57,
1800,2022-09-06,2022,37,4,41.8927,-82.5258,Bottom,8,1,DOC,mgL,2.79,
1819,2022-09-06,2022,37,4,41.8927,-82.5258,Surface,1,1,NH4,ugL,14.73,
1820,2022-09-06,2022,37,4,41.8927,-82.5258,Surface,1,2,NH4,ugL,12.96,
1801,2022-09-06,2022,37,4,41.8927,-82.5258,Bottom,8,1,NH4,ugL,11.78,
1802,2022-09-06,2022,37,4,41.8927,-82.5258,Bottom,8,2,NH4,ugL,12.96,
1821,2022-09-06,2022,37,4,41.8927,-82.5258,Surface,1,1,NO3,ugL,-32.15,BDL
1822,2022-09-06,2022,37,4,41.8927,-82.5258,Surface,1,2,NO3,ugL,-48.53,BDL
1803,2022-09-06,2022,37,4,41.8927,-82.5258,Bottom,8,1,NO3,ugL,-24.15,BDL
1804,2022-09-06,2022,37,4,41.8927,-82.5258,Bottom,8,2,NO3,ugL,-46.86,BDL
1827,2022-09-06,2022,37,4,41.8927,-82.5258,Surface,1,1,PP,ugL,27.28,
1828,2022-09-06,2022,37,4,41.8927,-82.5258,Surface,1,2,PP,ugL,33.61,
1809,2022-09-06,2022,37,4,41.8927,-82.5258,Bottom,8,1,PP,ugL,39.26,
1810,2022-09-06,2022,37,4,41.8927,-82.5258,Bottom,8,2,PP,ugL,45.82,
1829,2022-09-06,2022,37,4,41.8927,-82.5258,Surface,1,1,SRP,ugL,7.20,
1830,2022-09-06,2022,37,4,41.8927,-82.5258,Surface,1,2,SRP,ugL,11.75,
1811,2022-09-06,2022,37,4,41.8927,-82.5258,Bottom,8,1,SRP,ugL,18.26,
1812,2022-09-06,2022,37,4,41.8927,-82.5258,Bottom,8,2,SRP,ugL,40.45,
1823,2022-09-06,2022,37,4,41.8927,-82.5258,Surface,1,1,TDN,ugL,177.42,
1824,2022-09-06,2022,37,4,41.8927,-82.5258,Surface,1,2,TDN,ugL,177.86,
1805,2022-09-06,2022,37,4,41.8927,-82.5258,Bottom,8,1,TDN,ugL,177.31,
1806,2022-09-06,2022,37,4,41.8927,-82.5258,Bottom,8,2,TDN,ugL,,ND
1825,2022-09-06,2022,37,4,41.8927,-82.5258,Surface,1,1,TDP,ugL,3.95,
1826,2022-09-06,2022,37,4,41.8927,-82.5258,Surface,1,2,TDP,ugL,4.82,
1807,2022-09-06,2022,37,4,41.8927,-82.5258,Bottom,8,1,TDP,ugL,3.78,
1808,2022-09-06,2022,37,4,41.8927,-82.5258,Bottom,8,2,TDP,ugL,3.72,
1831,2022-09-06,2022,37,4,41.8927,-82.5258,Surface,1,1,TP,ugL,17.43,
1832,2022-09-06,2022,37,4,41.8927,-82.5258,Surface,1,2,TP,ugL,16.93,
1813,2022-09-06,2022,37,4,41.8927,-82.5258,Bottom,8,1,TP,ugL,17.83,
1814,2022-09-06,2022,37,4,41.8927,-82.5258,Bottom,8,2,TP,ugL,18.33,
1833,2022-09-06,2022,37,4,41.8927,-82.5258,Surface,1,1,TSS,mgL,2826.00,
1815,2022-09-06,2022,37,4,41.8927,-82.5258,Bottom,8,1,TSS,mgL,756.00,
1852,2022-09-06,2022,37,5,42.002583,-82.5786,Surface,1,1,CHLA,ugL,9.61,
1853,2022-09-06,2022,37,5,42.002583,-82.5786,Surface,1,2,CHLA,ugL,6.91,
1834,2022-09-06,2022,37,5,42.002583,-82.5786,Bottom,8.5,1,CHLA,ugL,5.40,
1835,2022-09-06,2022,37,5,42.002583,-82.5786,Bottom,8.5,2,CHLA,ugL,5.09,
1854,2022-09-06,2022,37,5,42.002583,-82.5786,Surface,1,1,DOC,mgL,2.36,
1836,2022-09-06,2022,37,5,42.002583,-82.5786,Bottom,8.5,1,DOC,mgL,4.43,
1855,2022-09-06,2022,37,5,42.002583,-82.5786,Surface,1,1,NH4,ugL,19.04,
1856,2022-09-06,2022,37,5,42.002583,-82.5786,Surface,1,2,NH4,ugL,16.88,
1837,2022-09-06,2022,37,5,42.002583,-82.5786,Bottom,8.5,1,NH4,ugL,23.55,
1838,2022-09-06,2022,37,5,42.002583,-82.5786,Bottom,8.5,2,NH4,ugL,23.16,
1857,2022-09-06,2022,37,5,42.002583,-82.5786,Surface,1,1,NO3,ugL,-24.44,BDL
1858,2022-09-06,2022,37,5,42.002583,-82.5786,Surface,1,2,NO3,ugL,11.24,
1839,2022-09-06,2022,37,5,42.002583,-82.5786,Bottom,8.5,1,NO3,ugL,-24.11,BDL
1840,2022-09-06,2022,37,5,42.002583,-82.5786,Bottom,8.5,2,NO3,ugL,27.97,
1863,2022-09-06,2022,37,5,42.002583,-82.5786,Surface,1,1,PP,ugL,33.81,
1864,2022-09-06,2022,37,5,42.002583,-82.5786,Surface,1,2,PP,ugL,36.30,
1845,2022-09-06,2022,37,5,42.002583,-82.5786,Bottom,8.5,1,PP,ugL,58.74,
1846,2022-09-06,2022,37,5,42.002583,-82.5786,Bottom,8.5,2,PP,ugL,58.77,
1865,2022-09-06,2022,37,5,42.002583,-82.5786,Surface,1,1,SRP,ugL,18.01,
1866,2022-09-06,2022,37,5,42.002583,-82.5786,Surface,1,2,SRP,ugL,11.22,
1847,2022-09-06,2022,37,5,42.002583,-82.5786,Bottom,8.5,1,SRP,ugL,2.37,
1848,2022-09-06,2022,37,5,42.002583,-82.5786,Bottom,8.5,2,SRP,ugL,2.40,
1859,2022-09-06,2022,37,5,42.002583,-82.5786,Surface,1,1,TDN,ugL,177.32,
1860,2022-09-06,2022,37,5,42.002583,-82.5786,Surface,1,2,TDN,ugL,177.41,
1841,2022-09-06,2022,37,5,42.002583,-82.5786,Bottom,8.5,1,TDN,ugL,299.10,
1842,2022-09-06,2022,37,5,42.002583,-82.5786,Bottom,8.5,2,TDN,ugL,296.23,
1861,2022-09-06,2022,37,5,42.002583,-82.5786,Surface,1,1,TDP,ugL,2.80,
1862,2022-09-06,2022,37,5,42.002583,-82.5786,Surface,1,2,TDP,ugL,2.80,
1843,2022-09-06,2022,37,5,42.002583,-82.5786,Bottom,8.5,1,TDP,ugL,3.84,
1844,2022-09-06,2022,37,5,42.002583,-82.5786,Bottom,8.5,2,TDP,ugL,3.38,
1867,2022-09-06,2022,37,5,42.002583,-82.5786,Surface,1,1,TP,ugL,20.21,
1868,2022-09-06,2022,37,5,42.002583,-82.5786,Surface,1,2,TP,ugL,20.11,
1849,2022-09-06,2022,37,5,42.002583,-82.5786,Bottom,8.5,1,TP,ugL,21.70,
1850,2022-09-06,2022,37,5,42.002583,-82.5786,Bottom,8.5,2,TP,ugL,21.95,
1869,2022-09-06,2022,37,5,42.002583,-82.5786,Surface,1,1,TSS,mgL,4330.00,
1851,2022-09-06,2022,37,5,42.002583,-82.5786,Bottom,8.5,1,TSS,mgL,6970.00,
1889,2022-09-06,2022,37,6,42.0222,-82.6697,Surface,1,1,CHLA,ugL,9.55,
1890,2022-09-06,2022,37,6,42.0222,-82.6697,Surface,1,2,CHLA,ugL,10.17,
1870,2022-09-06,2022,37,6,42.0222,-82.6697,Bottom,8,1,CHLA,ugL,7.16,
1871,2022-09-06,2022,37,6,42.0222,-82.6697,Bottom,8,2,CHLA,ugL,7.70,
1891,2022-09-06,2022,37,6,42.0222,-82.6697,Surface,1,1,DOC,mgL,2.22,
1872,2022-09-06,2022,37,6,42.0222,-82.6697,Bottom,8,1,DOC,mgL,2.67,
1892,2022-09-06,2022,37,6,42.0222,-82.6697,Surface,1,1,NH4,ugL,13.75,
1893,2022-09-06,2022,37,6,42.0222,-82.6697,Surface,1,2,NH4,ugL,13.55,
1873,2022-09-06,2022,37,6,42.0222,-82.6697,Bottom,8,1,NH4,ugL,,ND
1874,2022-09-06,2022,37,6,42.0222,-82.6697,Bottom,8,2,NH4,ugL,,ND
1894,2022-09-06,2022,37,6,42.0222,-82.6697,Surface,1,1,NO3,ugL,10.34,
1895,2022-09-06,2022,37,6,42.0222,-82.6697,Surface,1,2,NO3,ugL,2.26,
1875,2022-09-06,2022,37,6,42.0222,-82.6697,Bottom,8,1,NO3,ugL,-24.34,BDL
1876,2022-09-06,2022,37,6,42.0222,-82.6697,Bottom,8,2,NO3,ugL,5.91,
1900,2022-09-06,2022,37,6,42.0222,-82.6697,Surface,1,1,PP,ugL,74.08,
1901,2022-09-06,2022,37,6,42.0222,-82.6697,Surface,1,2,PP,ugL,35.05,
1881,2022-09-06,2022,37,6,42.0222,-82.6697,Bottom,8,1,PP,ugL,41.48,
1882,2022-09-06,2022,37,6,42.0222,-82.6697,Bottom,8,2,PP,ugL,33.03,
1902,2022-09-06,2022,37,6,42.0222,-82.6697,Surface,1,1,SRP,ugL,3.13,
1903,2022-09-06,2022,37,6,42.0222,-82.6697,Surface,1,2,SRP,ugL,5.62,
1883,2022-09-06,2022,37,6,42.0222,-82.6697,Bottom,8,1,SRP,ugL,6.67,
1884,2022-09-06,2022,37,6,42.0222,-82.6697,Bottom,8,2,SRP,ugL,2.02,
1896,2022-09-06,2022,37,6,42.0222,-82.6697,Surface,1,1,TDN,ugL,171.12,
1897,2022-09-06,2022,37,6,42.0222,-82.6697,Surface,1,2,TDN,ugL,175.17,
1877,2022-09-06,2022,37,6,42.0222,-82.6697,Bottom,8,1,TDN,ugL,177.02,
1878,2022-09-06,2022,37,6,42.0222,-82.6697,Bottom,8,2,TDN,ugL,171.08,
1898,2022-09-06,2022,37,6,42.0222,-82.6697,Surface,1,1,TDP,ugL,2.86,
1899,2022-09-06,2022,37,6,42.0222,-82.6697,Surface,1,2,TDP,ugL,2.63,
1879,2022-09-06,2022,37,6,42.0222,-82.6697,Bottom,8,1,TDP,ugL,2.63,
1880,2022-09-06,2022,37,6,42.0222,-82.6697,Bottom,8,2,TDP,ugL,2.40,
1904,2022-09-06,2022,37,6,42.0222,-82.6697,Surface,1,1,TP,ugL,15.59,
1905,2022-09-06,2022,37,6,42.0222,-82.6697,Surface,1,2,TP,ugL,16.09,
1885,2022-09-06,2022,37,6,42.0222,-82.6697,Bottom,8,1,TP,ugL,17.43,
1886,2022-09-06,2022,37,6,42.0222,-82.6697,Bottom,8,2,TP,ugL,20.26,
1906,2022-09-06,2022,37,6,42.0222,-82.6697,Surface,1,1,TSS,mgL,4411.00,
1887,2022-09-06,2022,37,6,42.0222,-82.6697,Bottom,8,1,TSS,mgL,4897.00,
1888,2022-09-06,2022,37,6,42.0222,-82.6697,Bottom,8,1,TSS,mgL,5618.00,
1917,2022-09-06,2022,37,7,41.99605,-82.7179,Surface,1,1,CHLA,ugL,3.29,
1918,2022-09-06,2022,37,7,41.99605,-82.7179,Surface,1,2,CHLA,ugL,2.90,
1907,2022-09-06,2022,37,7,41.99605,-82.7179,Bottom,9.5,1,CHLA,ugL,6.03,
1908,2022-09-06,2022,37,7,41.99605,-82.7179,Bottom,9.5,2,CHLA,ugL,4.74,
1919,2022-09-06,2022,37,7,41.99605,-82.7179,Surface,1,1,NH4,ugL,59.04,
1920,2022-09-06,2022,37,7,41.99605,-82.7179,Surface,1,2,NH4,ugL,23.94,
1909,2022-09-06,2022,37,7,41.99605,-82.7179,Bottom,9.5,1,NH4,ugL,27.08,
1910,2022-09-06,2022,37,7,41.99605,-82.7179,Bottom,9.5,2,NH4,ugL,24.73,
1921,2022-09-06,2022,37,7,41.99605,-82.7179,Surface,1,1,NO3,ugL,,ND
1922,2022-09-06,2022,37,7,41.99605,-82.7179,Surface,1,2,NO3,ugL,,ND
1911,2022-09-06,2022,37,7,41.99605,-82.7179,Bottom,9.5,1,NO3,ugL,,ND
1912,2022-09-06,2022,37,7,41.99605,-82.7179,Bottom,9.5,2,NO3,ugL,,ND
1925,2022-09-06,2022,37,7,41.99605,-82.7179,Surface,1,1,PP,ugL,27.85,
1926,2022-09-06,2022,37,7,41.99605,-82.7179,Surface,1,2,PP,ugL,26.84,
1915,2022-09-06,2022,37,7,41.99605,-82.7179,Bottom,9.5,1,PP,ugL,23.28,
1916,2022-09-06,2022,37,7,41.99605,-82.7179,Bottom,9.5,2,PP,ugL,42.62,
1923,2022-09-06,2022,37,7,41.99605,-82.7179,Surface,1,1,TDN,ugL,,ND
1924,2022-09-06,2022,37,7,41.99605,-82.7179,Surface,1,2,TDN,ugL,,ND
1913,2022-09-06,2022,37,7,41.99605,-82.7179,Bottom,9.5,1,TDN,ugL,,ND
1914,2022-09-06,2022,37,7,41.99605,-82.7179,Bottom,9.5,2,TDN,ugL,,ND
1939,2022-09-08,2022,37,2,41.913017,-82.7367,Surface,1,1,DOC,mgL,2.16,
1927,2022-09-08,2022,37,2,41.913017,-82.7367,Bottom,11,1,DOC,mgL,2.17,
1940,2022-09-08,2022,37,2,41.913017,-82.7367,Surface,1,1,NO3,ugL,-46.36,
1941,2022-09-08,2022,37,2,41.913017,-82.7367,Surface,1,2,NO3,ugL,-56.58,
1928,2022-09-08,2022,37,2,41.913017,-82.7367,Bottom,11,1,NO3,ugL,-46.65,
1929,2022-09-08,2022,37,2,41.913017,-82.7367,Bottom,11,2,NO3,ugL,-25.43,
1946,2022-09-08,2022,37,2,41.913017,-82.7367,Surface,1,1,SRP,ugL,2.62,
1947,2022-09-08,2022,37,2,41.913017,-82.7367,Surface,1,2,SRP,ugL,3.35,
1934,2022-09-08,2022,37,2,41.913017,-82.7367,Bottom,11,1,SRP,ugL,12.96,
1935,2022-09-08,2022,37,2,41.913017,-82.7367,Bottom,11,2,SRP,ugL,29.67,
1942,2022-09-08,2022,37,2,41.913017,-82.7367,Surface,1,1,TDN,ugL,287.13,
1943,2022-09-08,2022,37,2,41.913017,-82.7367,Surface,1,2,TDN,ugL,285.36,
1930,2022-09-08,2022,37,2,41.913017,-82.7367,Bottom,11,1,TDN,ugL,375.01,
1931,2022-09-08,2022,37,2,41.913017,-82.7367,Bottom,11,2,TDN,ugL,310.47,
1944,2022-09-08,2022,37,2,41.913017,-82.7367,Surface,1,1,TDP,ugL,6.89,
1945,2022-09-08,2022,37,2,41.913017,-82.7367,Surface,1,2,TDP,ugL,6.78,
1932,2022-09-08,2022,37,2,41.913017,-82.7367,Bottom,11,1,TDP,ugL,13.64,
1933,2022-09-08,2022,37,2,41.913017,-82.7367,Bottom,11,2,TDP,ugL,11.85,
1948,2022-09-08,2022,37,2,41.913017,-82.7367,Surface,1,1,TP,ugL,16.09,
1949,2022-09-08,2022,37,2,41.913017,-82.7367,Surface,1,2,TP,ugL,16.29,
1936,2022-09-08,2022,37,2,41.913017,-82.7367,Bottom,11,1,TP,ugL,16.83,
1937,2022-09-08,2022,37,2,41.913017,-82.7367,Bottom,11,2,TP,ugL,16.93,
1950,2022-09-08,2022,37,2,41.913017,-82.7367,Surface,1,1,TSS,mgL,2259.00,
1938,2022-09-08,2022,37,2,41.913017,-82.7367,Bottom,11,1,TSS,mgL,3138.00,
1955,2022-09-08,2022,37,4,41.8927,-82.5258,Surface,1,1,NO3,ugL,,ND
1956,2022-09-08,2022,37,4,41.8927,-82.5258,Surface,1,2,NO3,ugL,,ND
1951,2022-09-08,2022,37,4,41.8927,-82.5258,Bottom,8,1,NO3,ugL,,ND
1952,2022-09-08,2022,37,4,41.8927,-82.5258,Bottom,8,2,NO3,ugL,,ND
1957,2022-09-08,2022,37,4,41.8927,-82.5258,Surface,1,1,TDN,ugL,,ND
1958,2022-09-08,2022,37,4,41.8927,-82.5258,Surface,1,2,TDN,ugL,,ND
1953,2022-09-08,2022,37,4,41.8927,-82.5258,Bottom,8,1,TDN,ugL,,ND
1954,2022-09-08,2022,37,4,41.8927,-82.5258,Bottom,8,2,TDN,ugL,,ND
1967,2022-09-08,2022,37,5,42.002583,-82.5786,Surface,1,1,DMC,ugL,0.15,
1968,2022-09-08,2022,37,5,42.002583,-82.5786,Surface,1,2,DMC,ugL,0.23,
1963,2022-09-08,2022,37,5,42.002583,-82.5786,Surface,1,1,NO3,ugL,,ND
1964,2022-09-08,2022,37,5,42.002583,-82.5786,Surface,1,2,NO3,ugL,,ND
1959,2022-09-08,2022,37,5,42.002583,-82.5786,Bottom,8.5,1,NO3,ugL,,ND
1960,2022-09-08,2022,37,5,42.002583,-82.5786,Bottom,8.5,2,NO3,ugL,,ND
1965,2022-09-08,2022,37,5,42.002583,-82.5786,Surface,1,1,TDN,ugL,,ND
1966,2022-09-08,2022,37,5,42.002583,-82.5786,Surface,1,2,TDN,ugL,,ND
1961,2022-09-08,2022,37,5,42.002583,-82.5786,Bottom,8.5,1,TDN,ugL,,ND
1962,2022-09-08,2022,37,5,42.002583,-82.5786,Bottom,8.5,2,TDN,ugL,,ND
1969,2022-09-08,2022,37,5,42.002583,-82.5786,Surface,1,1,TMC,ugL,0.60,
1970,2022-09-08,2022,37,5,42.002583,-82.5786,Surface,1,2,TMC,ugL,0.92,
1979,2022-09-08,2022,37,6,42.0222,-82.6697,Surface,1,1,DMC,ugL,0.21,
1980,2022-09-08,2022,37,6,42.0222,-82.6697,Surface,1,2,DMC,ugL,0.25,
1975,2022-09-08,2022,37,6,42.0222,-82.6697,Surface,1,1,NO3,ugL,,ND
1976,2022-09-08,2022,37,6,42.0222,-82.6697,Surface,1,2,NO3,ugL,,ND
1971,2022-09-08,2022,37,6,42.0222,-82.6697,Bottom,8,1,NO3,ugL,,ND
1972,2022-09-08,2022,37,6,42.0222,-82.6697,Bottom,8,2,NO3,ugL,,ND
1977,2022-09-08,2022,37,6,42.0222,-82.6697,Surface,1,1,TDN,ugL,,ND
1978,2022-09-08,2022,37,6,42.0222,-82.6697,Surface,1,2,TDN,ugL,,ND
1973,2022-09-08,2022,37,6,42.0222,-82.6697,Bottom,8,1,TDN,ugL,,ND
1974,2022-09-08,2022,37,6,42.0222,-82.6697,Bottom,8,2,TDN,ugL,,ND
1981,2022-09-08,2022,37,6,42.0222,-82.6697,Surface,1,1,TMC,ugL,0.97,
1982,2022-09-08,2022,37,6,42.0222,-82.6697,Surface,1,2,TMC,ugL,0.99,
2007,2022-09-08,2022,37,7,41.99605,-82.7179,Surface,1,1,DMC,ugL,0.21,
2008,2022-09-08,2022,37,7,41.99605,-82.7179,Surface,1,2,DMC,ugL,0.25,
1995,2022-09-08,2022,37,7,41.99605,-82.7179,Surface,1,1,DOC,mgL,2.43,
1983,2022-09-08,2022,37,7,41.99605,-82.7179,Bottom,9.5,1,DOC,mgL,2.00,
1996,2022-09-08,2022,37,7,41.99605,-82.7179,Surface,1,1,NO3,ugL,2.11,
1997,2022-09-08,2022,37,7,41.99605,-82.7179,Surface,1,2,NO3,ugL,0.52,
1984,2022-09-08,2022,37,7,41.99605,-82.7179,Bottom,9.5,1,NO3,ugL,-46.95,BDL
1985,2022-09-08,2022,37,7,41.99605,-82.7179,Bottom,9.5,2,NO3,ugL,-24.23,BDL
2002,2022-09-08,2022,37,7,41.99605,-82.7179,Surface,1,1,SRP,ugL,1.36,
2003,2022-09-08,2022,37,7,41.99605,-82.7179,Surface,1,2,SRP,ugL,2.18,
1990,2022-09-08,2022,37,7,41.99605,-82.7179,Bottom,9.5,1,SRP,ugL,2.50,
1991,2022-09-08,2022,37,7,41.99605,-82.7179,Bottom,9.5,2,SRP,ugL,2.62,
1998,2022-09-08,2022,37,7,41.99605,-82.7179,Surface,1,1,TDN,ugL,174.88,
1999,2022-09-08,2022,37,7,41.99605,-82.7179,Surface,1,2,TDN,ugL,177.59,
1986,2022-09-08,2022,37,7,41.99605,-82.7179,Bottom,9.5,1,TDN,ugL,310.96,
1987,2022-09-08,2022,37,7,41.99605,-82.7179,Bottom,9.5,2,TDN,ugL,310.83,
2000,2022-09-08,2022,37,7,41.99605,-82.7179,Surface,1,1,TDP,ugL,5.22,
2001,2022-09-08,2022,37,7,41.99605,-82.7179,Surface,1,2,TDP,ugL,2.97,
1988,2022-09-08,2022,37,7,41.99605,-82.7179,Bottom,9.5,1,TDP,ugL,10.99,
1989,2022-09-08,2022,37,7,41.99605,-82.7179,Bottom,9.5,2,TDP,ugL,7.64,
2009,2022-09-08,2022,37,7,41.99605,-82.7179,Surface,1,1,TMC,ugL,0.33,
2010,2022-09-08,2022,37,7,41.99605,-82.7179,Surface,1,2,TMC,ugL,0.52,
2004,2022-09-08,2022,37,7,41.99605,-82.7179,Surface,1,1,TP,ugL,14.10,
2005,2022-09-08,2022,37,7,41.99605,-82.7179,Surface,1,2,TP,ugL,13.80,
1992,2022-09-08,2022,37,7,41.99605,-82.7179,Bottom,9.5,1,TP,ugL,15.39,
1993,2022-09-08,2022,37,7,41.99605,-82.7179,Bottom,9.5,2,TP,ugL,13.80,
2006,2022-09-08,2022,37,7,41.99605,-82.7179,Surface,1,1,TSS,mgL,2241.00,
1994,2022-09-08,2022,37,7,41.99605,-82.7179,Bottom,9.5,1,TSS,mgL,4489.00,
2028,2022-09-23,2022,39,2,41.913017,-82.7367,Surface,1,1,CHLA,ugL,1.55,
2029,2022-09-23,2022,39,2,41.913017,-82.7367,Surface,1,2,CHLA,ugL,1.48,
2011,2022-09-23,2022,39,2,41.913017,-82.7367,Bottom,11,1,CHLA,ugL,3.84,
2012,2022-09-23,2022,39,2,41.913017,-82.7367,Bottom,11,2,CHLA,ugL,1.90,
2013,2022-09-23,2022,39,2,41.913017,-82.7367,Bottom,11,1,DOC,mgL,1.77,
2030,2022-09-23,2022,39,2,41.913017,-82.7367,Surface,1,1,NH4,ugL,9.63,
2031,2022-09-23,2022,39,2,41.913017,-82.7367,Surface,1,2,NH4,ugL,9.63,
2014,2022-09-23,2022,39,2,41.913017,-82.7367,Bottom,11,1,NH4,ugL,15.31,
2015,2022-09-23,2022,39,2,41.913017,-82.7367,Bottom,11,2,NH4,ugL,15.31,
2016,2022-09-23,2022,39,2,41.913017,-82.7367,Bottom,11,1,NO3,ugL,52.03,
2017,2022-09-23,2022,39,2,41.913017,-82.7367,Bottom,11,2,NO3,ugL,47.77,
2032,2022-09-23,2022,39,2,41.913017,-82.7367,Surface,1,1,PP,ugL,,ND
2033,2022-09-23,2022,39,2,41.913017,-82.7367,Surface,1,2,PP,ugL,,ND
2022,2022-09-23,2022,39,2,41.913017,-82.7367,Bottom,11,1,PP,ugL,0.00,
2023,2022-09-23,2022,39,2,41.913017,-82.7367,Bottom,11,2,PP,ugL,0.00,
2024,2022-09-23,2022,39,2,41.913017,-82.7367,Bottom,11,1,SRP,ugL,3.10,
2025,2022-09-23,2022,39,2,41.913017,-82.7367,Bottom,11,2,SRP,ugL,3.10,
2018,2022-09-23,2022,39,2,41.913017,-82.7367,Bottom,11,1,TDN,ugL,177.19,
2019,2022-09-23,2022,39,2,41.913017,-82.7367,Bottom,11,2,TDN,ugL,178.11,
2020,2022-09-23,2022,39,2,41.913017,-82.7367,Bottom,11,1,TDP,ugL,2.63,
2021,2022-09-23,2022,39,2,41.913017,-82.7367,Bottom,11,2,TDP,ugL,1.59,
2026,2022-09-23,2022,39,2,41.913017,-82.7367,Bottom,11,1,TP,ugL,4.17,
2027,2022-09-23,2022,39,2,41.913017,-82.7367,Bottom,11,2,TP,ugL,4.76,
2051,2022-09-23,2022,39,4,41.8927,-82.5258,Surface,1,1,CHLA,ugL,0.56,
2052,2022-09-23,2022,39,4,41.8927,-82.5258,Surface,1,2,CHLA,ugL,6.48,
2034,2022-09-23,2022,39,4,41.8927,-82.5258,Bottom,8,1,CHLA,ugL,6.65,
2035,2022-09-23,2022,39,4,41.8927,-82.5258,Bottom,8,2,CHLA,ugL,5.12,
2053,2022-09-23,2022,39,4,41.8927,-82.5258,Surface,1,1,DOC,mgL,2.06,
2036,2022-09-23,2022,39,4,41.8927,-82.5258,Bottom,8,1,DOC,mgL,1.79,
2054,2022-09-23,2022,39,4,41.8927,-82.5258,Surface,1,1,NH4,ugL,18.25,
2055,2022-09-23,2022,39,4,41.8927,-82.5258,Surface,1,2,NH4,ugL,16.69,
2037,2022-09-23,2022,39,4,41.8927,-82.5258,Bottom,8,1,NH4,ugL,23.16,
2038,2022-09-23,2022,39,4,41.8927,-82.5258,Bottom,8,2,NH4,ugL,25.12,
2056,2022-09-23,2022,39,4,41.8927,-82.5258,Surface,1,1,NO3,ugL,-0.16,BDL
2057,2022-09-23,2022,39,4,41.8927,-82.5258,Surface,1,2,NO3,ugL,-10.10,BDL
2039,2022-09-23,2022,39,4,41.8927,-82.5258,Bottom,8,1,NO3,ugL,-7.16,BDL
2040,2022-09-23,2022,39,4,41.8927,-82.5258,Bottom,8,2,NO3,ugL,-10.44,BDL
2062,2022-09-23,2022,39,4,41.8927,-82.5258,Surface,1,1,PP,ugL,0.00,
2063,2022-09-23,2022,39,4,41.8927,-82.5258,Surface,1,2,PP,ugL,0.00,
2045,2022-09-23,2022,39,4,41.8927,-82.5258,Bottom,8,1,PP,ugL,0.00,
2046,2022-09-23,2022,39,4,41.8927,-82.5258,Bottom,8,2,PP,ugL,0.00,
2064,2022-09-23,2022,39,4,41.8927,-82.5258,Surface,1,1,SRP,ugL,2.12,
2065,2022-09-23,2022,39,4,41.8927,-82.5258,Surface,1,2,SRP,ugL,3.25,
2047,2022-09-23,2022,39,4,41.8927,-82.5258,Bottom,8,1,SRP,ugL,2.84,
2048,2022-09-23,2022,39,4,41.8927,-82.5258,Bottom,8,2,SRP,ugL,2.88,
2058,2022-09-23,2022,39,4,41.8927,-82.5258,Surface,1,1,TDN,ugL,178.08,
2059,2022-09-23,2022,39,4,41.8927,-82.5258,Surface,1,2,TDN,ugL,149.82,
2041,2022-09-23,2022,39,4,41.8927,-82.5258,Bottom,8,1,TDN,ugL,158.01,
2042,2022-09-23,2022,39,4,41.8927,-82.5258,Bottom,8,2,TDN,ugL,158.87,
2060,2022-09-23,2022,39,4,41.8927,-82.5258,Surface,1,1,TDP,ugL,1.71,
2061,2022-09-23,2022,39,4,41.8927,-82.5258,Surface,1,2,TDP,ugL,1.07,
2043,2022-09-23,2022,39,4,41.8927,-82.5258,Bottom,8,1,TDP,ugL,4.70,
2044,2022-09-23,2022,39,4,41.8927,-82.5258,Bottom,8,2,TDP,ugL,3.72,
2066,2022-09-23,2022,39,4,41.8927,-82.5258,Surface,1,1,TP,ugL,13.41,
2067,2022-09-23,2022,39,4,41.8927,-82.5258,Surface,1,2,TP,ugL,13.21,
2049,2022-09-23,2022,39,4,41.8927,-82.5258,Bottom,8,1,TP,ugL,17.38,
2050,2022-09-23,2022,39,4,41.8927,-82.5258,Bottom,8,2,TP,ugL,18.52,
2085,2022-09-23,2022,39,5,42.002583,-82.5786,Surface,1,1,CHLA,ugL,8.94,
2086,2022-09-23,2022,39,5,42.002583,-82.5786,Surface,1,2,CHLA,ugL,6.86,
2068,2022-09-23,2022,39,5,42.002583,-82.5786,Bottom,8.5,1,CHLA,ugL,7.42,
2069,2022-09-23,2022,39,5,42.002583,-82.5786,Bottom,8.5,2,CHLA,ugL,7.39,
2102,2022-09-23,2022,39,5,42.002583,-82.5786,Surface,1,1,DMC,ugL,,ND
2103,2022-09-23,2022,39,5,42.002583,-82.5786,Surface,1,2,DMC,ugL,,ND
2087,2022-09-23,2022,39,5,42.002583,-82.5786,Surface,1,1,DOC,mgL,1.87,
2070,2022-09-23,2022,39,5,42.002583,-82.5786,Bottom,8.5,1,DOC,mgL,6.14,
2088,2022-09-23,2022,39,5,42.002583,-82.5786,Surface,1,1,NH4,ugL,14.53,
2089,2022-09-23,2022,39,5,42.002583,-82.5786,Surface,1,2,NH4,ugL,14.53,
2071,2022-09-23,2022,39,5,42.002583,-82.5786,Bottom,8.5,1,NH4,ugL,14.92,
2072,2022-09-23,2022,39,5,42.002583,-82.5786,Bottom,8.5,2,NH4,ugL,14.92,
2090,2022-09-23,2022,39,5,42.002583,-82.5786,Surface,1,1,NO3,ugL,31.36,
2091,2022-09-23,2022,39,5,42.002583,-82.5786,Surface,1,2,NO3,ugL,4.19,
2073,2022-09-23,2022,39,5,42.002583,-82.5786,Bottom,8.5,1,NO3,ugL,-2.51,BDL
2074,2022-09-23,2022,39,5,42.002583,-82.5786,Bottom,8.5,2,NO3,ugL,33.04,
2096,2022-09-23,2022,39,5,42.002583,-82.5786,Surface,1,1,PP,ugL,0.00,
2097,2022-09-23,2022,39,5,42.002583,-82.5786,Surface,1,2,PP,ugL,0.00,
2079,2022-09-23,2022,39,5,42.002583,-82.5786,Bottom,8.5,1,PP,ugL,0.00,
2080,2022-09-23,2022,39,5,42.002583,-82.5786,Bottom,8.5,2,PP,ugL,0.00,
2098,2022-09-23,2022,39,5,42.002583,-82.5786,Surface,1,1,SRP,ugL,1.55,
2099,2022-09-23,2022,39,5,42.002583,-82.5786,Surface,1,2,SRP,ugL,1.77,
2081,2022-09-23,2022,39,5,42.002583,-82.5786,Bottom,8.5,1,SRP,ugL,1.83,
2082,2022-09-23,2022,39,5,42.002583,-82.5786,Bottom,8.5,2,SRP,ugL,2.12,
2092,2022-09-23,2022,39,5,42.002583,-82.5786,Surface,1,1,TDN,ugL,144.32,
2093,2022-09-23,2022,39,5,42.002583,-82.5786,Surface,1,2,TDN,ugL,148.71,
2075,2022-09-23,2022,39,5,42.002583,-82.5786,Bottom,8.5,1,TDN,ugL,126.27,
2076,2022-09-23,2022,39,5,42.002583,-82.5786,Bottom,8.5,2,TDN,ugL,159.25,
2094,2022-09-23,2022,39,5,42.002583,-82.5786,Surface,1,1,TDP,ugL,1.94,
2095,2022-09-23,2022,39,5,42.002583,-82.5786,Surface,1,2,TDP,ugL,2.40,
2077,2022-09-23,2022,39,5,42.002583,-82.5786,Bottom,8.5,1,TDP,ugL,1.94,
2078,2022-09-23,2022,39,5,42.002583,-82.5786,Bottom,8.5,2,TDP,ugL,1.30,
2104,2022-09-23,2022,39,5,42.002583,-82.5786,Surface,1,1,TMC,ugL,1.94,
2105,2022-09-23,2022,39,5,42.002583,-82.5786,Surface,1,2,TMC,ugL,1.87,
2100,2022-09-23,2022,39,5,42.002583,-82.5786,Surface,1,1,TP,ugL,15.29,
2101,2022-09-23,2022,39,5,42.002583,-82.5786,Surface,1,2,TP,ugL,14.90,
2083,2022-09-23,2022,39,5,42.002583,-82.5786,Bottom,8.5,1,TP,ugL,14.15,
2084,2022-09-23,2022,39,5,42.002583,-82.5786,Bottom,8.5,2,TP,ugL,18.87,
2123,2022-09-23,2022,39,6,42.0222,-82.6697,Surface,1,1,CHLA,ugL,4.27,
2124,2022-09-23,2022,39,6,42.0222,-82.6697,Surface,1,2,CHLA,ugL,2.47,
2106,2022-09-23,2022,39,6,42.0222,-82.6697,Bottom,8,1,CHLA,ugL,4.47,
2107,2022-09-23,2022,39,6,42.0222,-82.6697,Bottom,8,2,CHLA,ugL,5.09,
2140,2022-09-23,2022,39,6,42.0222,-82.6697,Surface,1,1,DMC,ugL,0.26,
2141,2022-09-23,2022,39,6,42.0222,-82.6697,Surface,1,2,DMC,ugL,0.16,
2125,2022-09-23,2022,39,6,42.0222,-82.6697,Surface,1,1,DOC,mgL,1.81,
2108,2022-09-23,2022,39,6,42.0222,-82.6697,Bottom,8,1,DOC,mgL,1.91,
2126,2022-09-23,2022,39,6,42.0222,-82.6697,Surface,1,1,NH4,ugL,17.86,
2127,2022-09-23,2022,39,6,42.0222,-82.6697,Surface,1,2,NH4,ugL,18.25,
2109,2022-09-23,2022,39,6,42.0222,-82.6697,Bottom,8,1,NH4,ugL,17.08,
2110,2022-09-23,2022,39,6,42.0222,-82.6697,Bottom,8,2,NH4,ugL,17.27,
2128,2022-09-23,2022,39,6,42.0222,-82.6697,Surface,1,1,NO3,ugL,37.29,
2129,2022-09-23,2022,39,6,42.0222,-82.6697,Surface,1,2,NO3,ugL,42.21,
2111,2022-09-23,2022,39,6,42.0222,-82.6697,Bottom,8,1,NO3,ugL,61.28,
2112,2022-09-23,2022,39,6,42.0222,-82.6697,Bottom,8,2,NO3,ugL,52.14,
2134,2022-09-23,2022,39,6,42.0222,-82.6697,Surface,1,1,PP,ugL,0.00,
2135,2022-09-23,2022,39,6,42.0222,-82.6697,Surface,1,2,PP,ugL,0.00,
2117,2022-09-23,2022,39,6,42.0222,-82.6697,Bottom,8,1,PP,ugL,0.00,
2118,2022-09-23,2022,39,6,42.0222,-82.6697,Bottom,8,2,PP,ugL,0.00,
2136,2022-09-23,2022,39,6,42.0222,-82.6697,Surface,1,1,SRP,ugL,2.24,
2137,2022-09-23,2022,39,6,42.0222,-82.6697,Surface,1,2,SRP,ugL,4.04,
2119,2022-09-23,2022,39,6,42.0222,-82.6697,Bottom,8,1,SRP,ugL,1.90,
2120,2022-09-23,2022,39,6,42.0222,-82.6697,Bottom,8,2,SRP,ugL,4.17,
2130,2022-09-23,2022,39,6,42.0222,-82.6697,Surface,1,1,TDN,ugL,246.41,
2131,2022-09-23,2022,39,6,42.0222,-82.6697,Surface,1,2,TDN,ugL,176.60,
2113,2022-09-23,2022,39,6,42.0222,-82.6697,Bottom,8,1,TDN,ugL,177.92,
2114,2022-09-23,2022,39,6,42.0222,-82.6697,Bottom,8,2,TDN,ugL,176.43,
2132,2022-09-23,2022,39,6,42.0222,-82.6697,Surface,1,1,TDP,ugL,0.44,
2133,2022-09-23,2022,39,6,42.0222,-82.6697,Surface,1,2,TDP,ugL,1.36,
2115,2022-09-23,2022,39,6,42.0222,-82.6697,Bottom,8,1,TDP,ugL,-0.08,BDL
2116,2022-09-23,2022,39,6,42.0222,-82.6697,Bottom,8,2,TDP,ugL,0.27,
2142,2022-09-23,2022,39,6,42.0222,-82.6697,Surface,1,1,TMC,ugL,1.56,
2143,2022-09-23,2022,39,6,42.0222,-82.6697,Surface,1,2,TMC,ugL,1.59,
2138,2022-09-23,2022,39,6,42.0222,-82.6697,Surface,1,1,TP,ugL,8.54,
2139,2022-09-23,2022,39,6,42.0222,-82.6697,Surface,1,2,TP,ugL,9.38,
2121,2022-09-23,2022,39,6,42.0222,-82.6697,Bottom,8,1,TP,ugL,7.74,
2122,2022-09-23,2022,39,6,42.0222,-82.6697,Bottom,8,2,TP,ugL,8.09,
2161,2022-09-23,2022,39,7,41.99605,-82.7179,Surface,1,1,CHLA,ugL,2.12,
2162,2022-09-23,2022,39,7,41.99605,-82.7179,Surface,1,2,CHLA,ugL,3.73,
2144,2022-09-23,2022,39,7,41.99605,-82.7179,Bottom,9.5,1,CHLA,ugL,4.74,
2145,2022-09-23,2022,39,7,41.99605,-82.7179,Bottom,9.5,2,CHLA,ugL,3.47,
2178,2022-09-23,2022,39,7,41.99605,-82.7179,Surface,1,1,DMC,ugL,0.27,
2179,2022-09-23,2022,39,7,41.99605,-82.7179,Surface,1,2,DMC,ugL,0.28,
2163,2022-09-23,2022,39,7,41.99605,-82.7179,Surface,1,1,DOC,mgL,1.92,
2146,2022-09-23,2022,39,7,41.99605,-82.7179,Bottom,9.5,1,DOC,mgL,1.74,
2164,2022-09-23,2022,39,7,41.99605,-82.7179,Surface,1,1,NH4,ugL,13.16,
2165,2022-09-23,2022,39,7,41.99605,-82.7179,Surface,1,2,NH4,ugL,13.75,
2147,2022-09-23,2022,39,7,41.99605,-82.7179,Bottom,9.5,1,NH4,ugL,14.33,
2148,2022-09-23,2022,39,7,41.99605,-82.7179,Bottom,9.5,2,NH4,ugL,14.14,
2166,2022-09-23,2022,39,7,41.99605,-82.7179,Surface,1,1,NO3,ugL,64.19,
2167,2022-09-23,2022,39,7,41.99605,-82.7179,Surface,1,2,NO3,ugL,58.03,
2149,2022-09-23,2022,39,7,41.99605,-82.7179,Bottom,9.5,1,NO3,ugL,58.47,
2150,2022-09-23,2022,39,7,41.99605,-82.7179,Bottom,9.5,2,NO3,ugL,61.25,
2172,2022-09-23,2022,39,7,41.99605,-82.7179,Surface,1,1,PP,ugL,0.00,
2173,2022-09-23,2022,39,7,41.99605,-82.7179,Surface,1,2,PP,ugL,0.00,
2155,2022-09-23,2022,39,7,41.99605,-82.7179,Bottom,9.5,1,PP,ugL,0.00,
2156,2022-09-23,2022,39,7,41.99605,-82.7179,Bottom,9.5,2,PP,ugL,0.00,
2174,2022-09-23,2022,39,7,41.99605,-82.7179,Surface,1,1,SRP,ugL,1.52,
2175,2022-09-23,2022,39,7,41.99605,-82.7179,Surface,1,2,SRP,ugL,2.15,
2157,2022-09-23,2022,39,7,41.99605,-82.7179,Bottom,9.5,1,SRP,ugL,1.86,
2158,2022-09-23,2022,39,7,41.99605,-82.7179,Bottom,9.5,2,SRP,ugL,2.12,
2168,2022-09-23,2022,39,7,41.99605,-82.7179,Surface,1,1,TDN,ugL,233.70,
2169,2022-09-23,2022,39,7,41.99605,-82.7179,Surface,1,2,TDN,ugL,177.21,
2151,2022-09-23,2022,39,7,41.99605,-82.7179,Bottom,9.5,1,TDN,ugL,177.72,
2152,2022-09-23,2022,39,7,41.99605,-82.7179,Bottom,9.5,2,TDN,ugL,146.93,
2170,2022-09-23,2022,39,7,41.99605,-82.7179,Surface,1,1,TDP,ugL,2.23,
2171,2022-09-23,2022,39,7,41.99605,-82.7179,Surface,1,2,TDP,ugL,2.11,
2153,2022-09-23,2022,39,7,41.99605,-82.7179,Bottom,9.5,1,TDP,ugL,2.46,
2154,2022-09-23,2022,39,7,41.99605,-82.7179,Bottom,9.5,2,TDP,ugL,2.97,
2180,2022-09-23,2022,39,7,41.99605,-82.7179,Surface,1,1,TMC,ugL,0.53,
2181,2022-09-23,2022,39,7,41.99605,-82.7179,Surface,1,2,TMC,ugL,0.83,
2176,2022-09-23,2022,39,7,41.99605,-82.7179,Surface,1,1,TP,ugL,8.54,
2177,2022-09-23,2022,39,7,41.99605,-82.7179,Surface,1,2,TP,ugL,8.74,
2159,2022-09-23,2022,39,7,41.99605,-82.7179,Bottom,9.5,1,TP,ugL,5.06,
2160,2022-09-23,2022,39,7,41.99605,-82.7179,Bottom,9.5,2,TP,ugL,5.76,
2201,2023-05-18,2023,20,4,41.8927,-82.525767,Surface,1,1,CHLA,ugL,0.80,
2202,2023-05-18,2023,20,4,41.8927,-82.525767,Surface,1,2,CHLA,ugL,0.79,
2182,2023-05-18,2023,20,4,41.8927,-82.525767,Bottom,9.8,1,CHLA,ugL,1.11,
2183,2023-05-18,2023,20,4,41.8927,-82.525767,Bottom,9.8,2,CHLA,ugL,0.97,
2217,2023-05-18,2023,20,4,41.8927,-82.525767,Surface,1,1,CN,rat,15.72,
2218,2023-05-18,2023,20,4,41.8927,-82.525767,Surface,1,2,CN,rat,12.68,
2199,2023-05-18,2023,20,4,41.8927,-82.525767,Bottom,9.8,1,CN,rat,16.66,
2200,2023-05-18,2023,20,4,41.8927,-82.525767,Bottom,9.8,2,CN,rat,12.01,
2203,2023-05-18,2023,20,4,41.8927,-82.525767,Surface,1,1,NH4,ugL,7.85,
2204,2023-05-18,2023,20,4,41.8927,-82.525767,Surface,1,2,NH4,ugL,9.39,
2184,2023-05-18,2023,20,4,41.8927,-82.525767,Bottom,9.8,1,NH4,ugL,23.81,
2185,2023-05-18,2023,20,4,41.8927,-82.525767,Bottom,9.8,2,NH4,ugL,22.46,
2205,2023-05-18,2023,20,4,41.8927,-82.525767,Surface,1,1,NO3,ugL,373.74,
2206,2023-05-18,2023,20,4,41.8927,-82.525767,Surface,1,2,NO3,ugL,362.69,
2186,2023-05-18,2023,20,4,41.8927,-82.525767,Bottom,9.8,1,NO3,ugL,372.88,
2187,2023-05-18,2023,20,4,41.8927,-82.525767,Bottom,9.8,2,NO3,ugL,380.74,
2219,2023-05-18,2023,20,4,41.8927,-82.525767,Surface,1,1,PP,ugL,5.84,
2215,2023-05-18,2023,20,4,41.8927,-82.525767,Surface,1,1,SES_C,mgL,0.54,
2216,2023-05-18,2023,20,4,41.8927,-82.525767,Surface,1,2,SES_C,mgL,0.55,
2197,2023-05-18,2023,20,4,41.8927,-82.525767,Bottom,9.8,1,SES_C,mgL,0.70,
2198,2023-05-18,2023,20,4,41.8927,-82.525767,Bottom,9.8,2,SES_C,mgL,0.68,
2213,2023-05-18,2023,20,4,41.8927,-82.525767,Surface,1,1,SES_N,mgL,0.04,
2214,2023-05-18,2023,20,4,41.8927,-82.525767,Surface,1,2,SES_N,mgL,0.05,
2195,2023-05-18,2023,20,4,41.8927,-82.525767,Bottom,9.8,1,SES_N,mgL,0.05,
2196,2023-05-18,2023,20,4,41.8927,-82.525767,Bottom,9.8,2,SES_N,mgL,0.07,
2207,2023-05-18,2023,20,4,41.8927,-82.525767,Surface,1,1,TDN,ugL,536.12,
2208,2023-05-18,2023,20,4,41.8927,-82.525767,Surface,1,2,TDN,ugL,489.13,
2188,2023-05-18,2023,20,4,41.8927,-82.525767,Bottom,9.8,1,TDN,ugL,511.59,
2189,2023-05-18,2023,20,4,41.8927,-82.525767,Bottom,9.8,2,TDN,ugL,514.51,
2209,2023-05-18,2023,20,4,41.8927,-82.525767,Surface,1,1,TDP,ugL,18.43,
2190,2023-05-18,2023,20,4,41.8927,-82.525767,Bottom,9.8,1,TDP,ugL,4.19,
2191,2023-05-18,2023,20,4,41.8927,-82.525767,Bottom,9.8,2,TDP,ugL,3.49,
2210,2023-05-18,2023,20,4,41.8927,-82.525767,Surface,1,1,TP,ugL,4.32,
2211,2023-05-18,2023,20,4,41.8927,-82.525767,Surface,1,2,TP,ugL,7.54,
2192,2023-05-18,2023,20,4,41.8927,-82.525767,Bottom,9.8,1,TP,ugL,9.72,
2193,2023-05-18,2023,20,4,41.8927,-82.525767,Bottom,9.8,2,TP,ugL,24.05,
2212,2023-05-18,2023,20,4,41.8927,-82.525767,Surface,1,1,TSS,mgL,2280.00,
2194,2023-05-18,2023,20,4,41.8927,-82.525767,Bottom,9.8,1,TSS,mgL,2275.00,
2238,2023-05-18,2023,20,5,42.002583,-82.578633,Surface,1,1,CHLA,ugL,2.30,
2239,2023-05-18,2023,20,5,42.002583,-82.578633,Surface,1,2,CHLA,ugL,1.81,
2220,2023-05-18,2023,20,5,42.002583,-82.578633,Bottom,8.1,1,CHLA,ugL,2.54,
2221,2023-05-18,2023,20,5,42.002583,-82.578633,Bottom,8.1,2,CHLA,ugL,2.63,
2255,2023-05-18,2023,20,5,42.002583,-82.578633,Surface,1,1,CN,rat,12.66,
2256,2023-05-18,2023,20,5,42.002583,-82.578633,Surface,1,2,CN,rat,8.31,
2236,2023-05-18,2023,20,5,42.002583,-82.578633,Bottom,8.1,1,CN,rat,12.88,
2237,2023-05-18,2023,20,5,42.002583,-82.578633,Bottom,8.1,2,CN,rat,10.51,
2240,2023-05-18,2023,20,5,42.002583,-82.578633,Surface,1,1,NH4,ugL,45.53,
2241,2023-05-18,2023,20,5,42.002583,-82.578633,Surface,1,2,NH4,ugL,41.49,
2222,2023-05-18,2023,20,5,42.002583,-82.578633,Bottom,8.1,1,NH4,ugL,16.31,
2223,2023-05-18,2023,20,5,42.002583,-82.578633,Bottom,8.1,2,NH4,ugL,15.93,
2242,2023-05-18,2023,20,5,42.002583,-82.578633,Surface,1,1,NO3,ugL,579.66,
2243,2023-05-18,2023,20,5,42.002583,-82.578633,Surface,1,2,NO3,ugL,579.88,
2224,2023-05-18,2023,20,5,42.002583,-82.578633,Bottom,8.1,1,NO3,ugL,580.83,
2225,2023-05-18,2023,20,5,42.002583,-82.578633,Bottom,8.1,2,NO3,ugL,583.25,
2247,2023-05-18,2023,20,5,42.002583,-82.578633,Surface,1,1,PP,ugL,7.41,
2253,2023-05-18,2023,20,5,42.002583,-82.578633,Surface,1,1,SES_C,mgL,0.65,
2254,2023-05-18,2023,20,5,42.002583,-82.578633,Surface,1,2,SES_C,mgL,0.64,
2234,2023-05-18,2023,20,5,42.002583,-82.578633,Bottom,8.1,1,SES_C,mgL,0.64,
2235,2023-05-18,2023,20,5,42.002583,-82.578633,Bottom,8.1,2,SES_C,mgL,0.72,
2251,2023-05-18,2023,20,5,42.002583,-82.578633,Surface,1,1,SES_N,mgL,0.06,
2252,2023-05-18,2023,20,5,42.002583,-82.578633,Surface,1,2,SES_N,mgL,0.09,
2232,2023-05-18,2023,20,5,42.002583,-82.578633,Bottom,8.1,1,SES_N,mgL,0.06,
2233,2023-05-18,2023,20,5,42.002583,-82.578633,Bottom,8.1,2,SES_N,mgL,0.08,
2244,2023-05-18,2023,20,5,42.002583,-82.578633,Surface,1,1,TDN,ugL,725.19,
2245,2023-05-18,2023,20,5,42.002583,-82.578633,Surface,1,2,TDN,ugL,706.90,
2226,2023-05-18,2023,20,5,42.002583,-82.578633,Bottom,8.1,1,TDN,ugL,699.23,
2227,2023-05-18,2023,20,5,42.002583,-82.578633,Bottom,8.1,2,TDN,ugL,723.76,
2246,2023-05-18,2023,20,5,42.002583,-82.578633,Surface,1,1,TDP,ugL,5.59,
2228,2023-05-18,2023,20,5,42.002583,-82.578633,Bottom,8.1,1,TDP,ugL,17.03,
2248,2023-05-18,2023,20,5,42.002583,-82.578633,Surface,1,1,TP,ugL,10.17,
2249,2023-05-18,2023,20,5,42.002583,-82.578633,Surface,1,2,TP,ugL,14.97,
2229,2023-05-18,2023,20,5,42.002583,-82.578633,Bottom,8.1,1,TP,ugL,9.28,
2230,2023-05-18,2023,20,5,42.002583,-82.578633,Bottom,8.1,2,TP,ugL,8.08,
2250,2023-05-18,2023,20,5,42.002583,-82.578633,Surface,1,1,TSS,mgL,2578.00,
2231,2023-05-18,2023,20,5,42.002583,-82.578633,Bottom,8.1,1,TSS,mgL,2831.00,
2278,2023-05-30,2023,22,2,41.913017,-82.73665,Surface,1,1,CHLA,ugL,0.04,
2279,2023-05-30,2023,22,2,41.913017,-82.73665,Surface,1,2,CHLA,ugL,0.07,
2257,2023-05-30,2023,22,2,41.913017,-82.73665,Bottom,10.9,1,CHLA,ugL,0.78,
2258,2023-05-30,2023,22,2,41.913017,-82.73665,Bottom,10.9,2,CHLA,ugL,1.36,
2297,2023-05-30,2023,22,2,41.913017,-82.73665,Surface,1,1,COND,uS,248.8,
2277,2023-05-30,2023,22,2,41.913017,-82.73665,Bottom,10.9,1,COND,uS,259.1,
2294,2023-05-30,2023,22,2,41.913017,-82.73665,Surface,1,1,DO,%sat,102.9,
2274,2023-05-30,2023,22,2,41.913017,-82.73665,Bottom,10.9,1,DO,%sat,94.2,
2291,2023-05-30,2023,22,2,41.913017,-82.73665,Surface,1,1,DOC,mgL,3.02,
2271,2023-05-30,2023,22,2,41.913017,-82.73665,Bottom,10.9,1,DOC,mgL,2.78,
2280,2023-05-30,2023,22,2,41.913017,-82.73665,Surface,1,1,NH4,ugL,5.74,
2281,2023-05-30,2023,22,2,41.913017,-82.73665,Surface,1,2,NH4,ugL,5.16,
2259,2023-05-30,2023,22,2,41.913017,-82.73665,Bottom,10.9,1,NH4,ugL,21.31,
2260,2023-05-30,2023,22,2,41.913017,-82.73665,Bottom,10.9,2,NH4,ugL,28.04,
2282,2023-05-30,2023,22,2,41.913017,-82.73665,Surface,1,1,NO3,ugL,698.85,
2283,2023-05-30,2023,22,2,41.913017,-82.73665,Surface,1,2,NO3,ugL,702.60,
2261,2023-05-30,2023,22,2,41.913017,-82.73665,Bottom,10.9,1,NO3,ugL,848.33,
2262,2023-05-30,2023,22,2,41.913017,-82.73665,Bottom,10.9,2,NO3,ugL,852.45,
2295,2023-05-30,2023,22,2,41.913017,-82.73665,Surface,1,1,pH,pH,8.52,
2275,2023-05-30,2023,22,2,41.913017,-82.73665,Bottom,10.9,1,pH,pH,8.4,
2287,2023-05-30,2023,22,2,41.913017,-82.73665,Surface,1,1,PP,ugL,6.92,
2288,2023-05-30,2023,22,2,41.913017,-82.73665,Surface,1,2,PP,ugL,7.09,
2268,2023-05-30,2023,22,2,41.913017,-82.73665,Bottom,10.9,2,PP,ugL,11.54,
2269,2023-05-30,2023,22,2,41.913017,-82.73665,Bottom,10.9,1,PP,ugL,12.79,
2296,2023-05-30,2023,22,2,41.913017,-82.73665,Surface,1,1,PRESSURE,mmHg,747.9,
2276,2023-05-30,2023,22,2,41.913017,-82.73665,Bottom,10.9,1,PRESSURE,mmHg,747.9,
2298,2023-05-30,2023,22,2,41.913017,-82.73665,Surface,1,1,SECCHI,m,2.5,
2266,2023-05-30,2023,22,2,41.913017,-82.73665,Bottom,10.9,1,SRP,ugL,1.39,
2267,2023-05-30,2023,22,2,41.913017,-82.73665,Bottom,10.9,2,SRP,ugL,1.15,
2284,2023-05-30,2023,22,2,41.913017,-82.73665,Surface,1,1,TDN,ugL,837.76,
2285,2023-05-30,2023,22,2,41.913017,-82.73665,Surface,1,2,TDN,ugL,839.54,
2263,2023-05-30,2023,22,2,41.913017,-82.73665,Bottom,10.9,1,TDN,ugL,1063.31,
2264,2023-05-30,2023,22,2,41.913017,-82.73665,Bottom,10.9,2,TDN,ugL,1054.37,
2286,2023-05-30,2023,22,2,41.913017,-82.73665,Surface,1,1,TDP,ugL,8.86,
2265,2023-05-30,2023,22,2,41.913017,-82.73665,Bottom,10.9,1,TDP,ugL,3.25,
2293,2023-05-30,2023,22,2,41.913017,-82.73665,Surface,1,1,TEMP,C,16.8,
2273,2023-05-30,2023,22,2,41.913017,-82.73665,Bottom,10.9,1,TEMP,C,14.9,
2289,2023-05-30,2023,22,2,41.913017,-82.73665,Surface,1,1,TP,ugL,7.63,
2290,2023-05-30,2023,22,2,41.913017,-82.73665,Surface,1,2,TP,ugL,8.08,
2270,2023-05-30,2023,22,2,41.913017,-82.73665,Bottom,10.9,1,TP,ugL,,ND
2292,2023-05-30,2023,22,2,41.913017,-82.73665,Surface,1,1,TSS,mgL,2551.00,
2272,2023-05-30,2023,22,2,41.913017,-82.73665,Bottom,10.9,1,TSS,mgL,7976.00,
2322,2023-05-30,2023,22,4,41.8927,-82.525767,Surface,1,1,CHLA,ugL,1.92,
2323,2023-05-30,2023,22,4,41.8927,-82.525767,Surface,1,2,CHLA,ugL,1.93,
2299,2023-05-30,2023,22,4,41.8927,-82.525767,Bottom,9.8,1,CHLA,ugL,0.80,
2300,2023-05-30,2023,22,4,41.8927,-82.525767,Bottom,9.8,2,CHLA,ugL,1.01,
2341,2023-05-30,2023,22,4,41.8927,-82.525767,Surface,1,1,COND,uS,253.3,
2321,2023-05-30,2023,22,4,41.8927,-82.525767,Bottom,9.8,1,COND,uS,247.2,
2338,2023-05-30,2023,22,4,41.8927,-82.525767,Surface,1,1,DO,%sat,106.7,
2318,2023-05-30,2023,22,4,41.8927,-82.525767,Bottom,9.8,1,DO,%sat,102.8,
2333,2023-05-30,2023,22,4,41.8927,-82.525767,Surface,1,1,DOC,mgL,13.36,
2313,2023-05-30,2023,22,4,41.8927,-82.525767,Bottom,9.8,1,DOC,mgL,1.64,
2301,2023-05-30,2023,22,4,41.8927,-82.525767,Bottom,9.8,1,NH4,ugL,20.92,
2302,2023-05-30,2023,22,4,41.8927,-82.525767,Bottom,9.8,2,NH4,ugL,19.96,
2324,2023-05-30,2023,22,4,41.8927,-82.525767,Surface,1,1,NO3,ugL,613.22,
2325,2023-05-30,2023,22,4,41.8927,-82.525767,Surface,1,2,NO3,ugL,609.73,
2303,2023-05-30,2023,22,4,41.8927,-82.525767,Bottom,9.8,1,NO3,ugL,681.87,
2304,2023-05-30,2023,22,4,41.8927,-82.525767,Bottom,9.8,2,NO3,ugL,705.31,
2339,2023-05-30,2023,22,4,41.8927,-82.525767,Surface,1,1,pH,pH,8.81,
2319,2023-05-30,2023,22,4,41.8927,-82.525767,Bottom,9.8,1,pH,pH,8.65,
2335,2023-05-30,2023,22,4,41.8927,-82.525767,Surface,1,2,PP,ugL,5.71,
2336,2023-05-30,2023,22,4,41.8927,-82.525767,Surface,1,1,PP,ugL,5.02,
2315,2023-05-30,2023,22,4,41.8927,-82.525767,Bottom,9.8,1,PP,ugL,6.31,
2316,2023-05-30,2023,22,4,41.8927,-82.525767,Bottom,9.8,2,PP,ugL,6.30,
2340,2023-05-30,2023,22,4,41.8927,-82.525767,Surface,1,1,PRESSURE,mmHg,747.9,
2320,2023-05-30,2023,22,4,41.8927,-82.525767,Bottom,9.8,1,PRESSURE,mmHg,747.8,
2342,2023-05-30,2023,22,4,41.8927,-82.525767,Surface,1,1,SECCHI,m,3,
2329,2023-05-30,2023,22,4,41.8927,-82.525767,Surface,1,1,SRP,ugL,0.85,
2330,2023-05-30,2023,22,4,41.8927,-82.525767,Surface,1,2,SRP,ugL,0.73,
2309,2023-05-30,2023,22,4,41.8927,-82.525767,Bottom,9.8,1,SRP,ugL,0.82,
2310,2023-05-30,2023,22,4,41.8927,-82.525767,Bottom,9.8,2,SRP,ugL,0.91,
2326,2023-05-30,2023,22,4,41.8927,-82.525767,Surface,1,1,TDN,ugL,668.47,
2327,2023-05-30,2023,22,4,41.8927,-82.525767,Surface,1,2,TDN,ugL,738.40,
2305,2023-05-30,2023,22,4,41.8927,-82.525767,Bottom,9.8,1,TDN,ugL,896.59,
2306,2023-05-30,2023,22,4,41.8927,-82.525767,Bottom,9.8,2,TDN,ugL,868.83,
2328,2023-05-30,2023,22,4,41.8927,-82.525767,Surface,1,1,TDP,ugL,2.79,
2307,2023-05-30,2023,22,4,41.8927,-82.525767,Bottom,9.8,1,TDP,ugL,5.82,
2308,2023-05-30,2023,22,4,41.8927,-82.525767,Bottom,9.8,2,TDP,ugL,3.95,
2337,2023-05-30,2023,22,4,41.8927,-82.525767,Surface,1,1,TEMP,C,16.3,
2317,2023-05-30,2023,22,4,41.8927,-82.525767,Bottom,9.8,1,TEMP,C,15.1,
2331,2023-05-30,2023,22,4,41.8927,-82.525767,Surface,1,1,TP,ugL,4.56,
2332,2023-05-30,2023,22,4,41.8927,-82.525767,Surface,1,2,TP,ugL,4.56,
2311,2023-05-30,2023,22,4,41.8927,-82.525767,Bottom,9.8,1,TP,ugL,5.18,
2312,2023-05-30,2023,22,4,41.8927,-82.525767,Bottom,9.8,2,TP,ugL,6.56,
2334,2023-05-30,2023,22,4,41.8927,-82.525767,Surface,1,1,TSS,mgL,1484.00,
2314,2023-05-30,2023,22,4,41.8927,-82.525767,Bottom,9.8,1,TSS,mgL,1312.00,
2363,2023-05-30,2023,22,5,42.002583,-82.578633,Surface,1,1,CHLA,ugL,3.53,
2364,2023-05-30,2023,22,5,42.002583,-82.578633,Surface,1,2,CHLA,ugL,3.55,
2343,2023-05-30,2023,22,5,42.002583,-82.578633,Bottom,8.1,1,CHLA,ugL,2.05,
2344,2023-05-30,2023,22,5,42.002583,-82.578633,Bottom,8.1,2,CHLA,ugL,2.14,
2384,2023-05-30,2023,22,5,42.002583,-82.578633,Surface,1,1,COND,uS,255.5,
2362,2023-05-30,2023,22,5,42.002583,-82.578633,Bottom,8.1,1,COND,uS,247.3,
2381,2023-05-30,2023,22,5,42.002583,-82.578633,Surface,1,1,DO,%sat,109,
2359,2023-05-30,2023,22,5,42.002583,-82.578633,Bottom,8.1,1,DO,%sat,99.1,
2378,2023-05-30,2023,22,5,42.002583,-82.578633,Surface,1,1,DOC,mgL,8.17,
2356,2023-05-30,2023,22,5,42.002583,-82.578633,Bottom,8.1,1,DOC,mgL,1.92,
2365,2023-05-30,2023,22,5,42.002583,-82.578633,Surface,1,1,NH4,ugL,9.97,
2366,2023-05-30,2023,22,5,42.002583,-82.578633,Surface,1,2,NH4,ugL,13.43,
2367,2023-05-30,2023,22,5,42.002583,-82.578633,Surface,1,1,NO3,ugL,573.67,
2368,2023-05-30,2023,22,5,42.002583,-82.578633,Surface,1,2,NO3,ugL,572.48,
2345,2023-05-30,2023,22,5,42.002583,-82.578633,Bottom,8.1,1,NO3,ugL,612.83,
2346,2023-05-30,2023,22,5,42.002583,-82.578633,Bottom,8.1,2,NO3,ugL,614.06,
2382,2023-05-30,2023,22,5,42.002583,-82.578633,Surface,1,1,pH,pH,8.96,
2360,2023-05-30,2023,22,5,42.002583,-82.578633,Bottom,8.1,1,pH,pH,8.74,
2374,2023-05-30,2023,22,5,42.002583,-82.578633,Surface,1,2,PP,ugL,4.95,
2375,2023-05-30,2023,22,5,42.002583,-82.578633,Surface,1,1,PP,ugL,5.32,
2352,2023-05-30,2023,22,5,42.002583,-82.578633,Bottom,8.1,2,PP,ugL,9.21,
2353,2023-05-30,2023,22,5,42.002583,-82.578633,Bottom,8.1,1,PP,ugL,9.27,
2383,2023-05-30,2023,22,5,42.002583,-82.578633,Surface,1,1,PRESSURE,mmHg,747.7,
2361,2023-05-30,2023,22,5,42.002583,-82.578633,Bottom,8.1,1,PRESSURE,mmHg,747.6,
2385,2023-05-30,2023,22,5,42.002583,-82.578633,Surface,1,1,SECCHI,m,3,
2372,2023-05-30,2023,22,5,42.002583,-82.578633,Surface,1,1,SRP,ugL,1.12,
2373,2023-05-30,2023,22,5,42.002583,-82.578633,Surface,1,2,SRP,ugL,1.06,
2350,2023-05-30,2023,22,5,42.002583,-82.578633,Bottom,8.1,1,SRP,ugL,0.85,
2351,2023-05-30,2023,22,5,42.002583,-82.578633,Bottom,8.1,2,SRP,ugL,0.94,
2369,2023-05-30,2023,22,5,42.002583,-82.578633,Surface,1,1,TDN,ugL,663.71,
2370,2023-05-30,2023,22,5,42.002583,-82.578633,Surface,1,2,TDN,ugL,712.68,
2347,2023-05-30,2023,22,5,42.002583,-82.578633,Bottom,8.1,1,TDN,ugL,770.42,
2348,2023-05-30,2023,22,5,42.002583,-82.578633,Bottom,8.1,2,TDN,ugL,765.35,
2371,2023-05-30,2023,22,5,42.002583,-82.578633,Surface,1,1,TDP,ugL,4.19,
2349,2023-05-30,2023,22,5,42.002583,-82.578633,Bottom,8.1,1,TDP,ugL,2.08,
2380,2023-05-30,2023,22,5,42.002583,-82.578633,Surface,1,1,TEMP,C,16.6,
2358,2023-05-30,2023,22,5,42.002583,-82.578633,Bottom,8.1,1,TEMP,C,14.9,
2376,2023-05-30,2023,22,5,42.002583,-82.578633,Surface,1,1,TP,ugL,2.83,
2377,2023-05-30,2023,22,5,42.002583,-82.578633,Surface,1,2,TP,ugL,11.10,
2354,2023-05-30,2023,22,5,42.002583,-82.578633,Bottom,8.1,1,TP,ugL,8.39,
2355,2023-05-30,2023,22,5,42.002583,-82.578633,Bottom,8.1,2,TP,ugL,19.02,
2379,2023-05-30,2023,22,5,42.002583,-82.578633,Surface,1,1,TSS,mgL,1401.00,
2357,2023-05-30,2023,22,5,42.002583,-82.578633,Bottom,8.1,1,TSS,mgL,4038.00,
2408,2023-05-30,2023,22,6,42.0222,-82.669683,Surface,1,1,CHLA,ugL,2.18,
2409,2023-05-30,2023,22,6,42.0222,-82.669683,Surface,1,2,CHLA,ugL,2.15,
2386,2023-05-30,2023,22,6,42.0222,-82.669683,Bottom,7.9,1,CHLA,ugL,4.34,
2387,2023-05-30,2023,22,6,42.0222,-82.669683,Bottom,7.9,2,CHLA,ugL,4.48,
2428,2023-05-30,2023,22,6,42.0222,-82.669683,Surface,1,1,COND,uS,251.5,
2407,2023-05-30,2023,22,6,42.0222,-82.669683,Bottom,7.9,1,COND,uS,251.2,
2425,2023-05-30,2023,22,6,42.0222,-82.669683,Surface,1,1,DO,%sat,105.9,
2404,2023-05-30,2023,22,6,42.0222,-82.669683,Bottom,7.9,1,DO,%sat,108.6,
2422,2023-05-30,2023,22,6,42.0222,-82.669683,Surface,1,1,DOC,mgL,11.59,
2401,2023-05-30,2023,22,6,42.0222,-82.669683,Bottom,7.9,1,DOC,mgL,1.77,
2410,2023-05-30,2023,22,6,42.0222,-82.669683,Surface,1,1,NH4,ugL,17.46,
2411,2023-05-30,2023,22,6,42.0222,-82.669683,Surface,1,2,NH4,ugL,16.70,
2388,2023-05-30,2023,22,6,42.0222,-82.669683,Bottom,7.9,1,NH4,ugL,19.77,
2389,2023-05-30,2023,22,6,42.0222,-82.669683,Bottom,7.9,2,NH4,ugL,19.19,
2412,2023-05-30,2023,22,6,42.0222,-82.669683,Surface,1,1,NO3,ugL,712.55,
2413,2023-05-30,2023,22,6,42.0222,-82.669683,Surface,1,2,NO3,ugL,707.15,
2390,2023-05-30,2023,22,6,42.0222,-82.669683,Bottom,7.9,1,NO3,ugL,632.54,
2391,2023-05-30,2023,22,6,42.0222,-82.669683,Bottom,7.9,2,NO3,ugL,635.32,
2426,2023-05-30,2023,22,6,42.0222,-82.669683,Surface,1,1,pH,pH,8.63,
2405,2023-05-30,2023,22,6,42.0222,-82.669683,Bottom,7.9,1,pH,pH,8.7,
2419,2023-05-30,2023,22,6,42.0222,-82.669683,Surface,1,2,PP,ugL,6.43,
2420,2023-05-30,2023,22,6,42.0222,-82.669683,Surface,1,1,PP,ugL,6.86,
2397,2023-05-30,2023,22,6,42.0222,-82.669683,Bottom,7.9,2,PP,ugL,11.52,
2398,2023-05-30,2023,22,6,42.0222,-82.669683,Bottom,7.9,1,PP,ugL,11.64,
2427,2023-05-30,2023,22,6,42.0222,-82.669683,Surface,1,1,PRESSURE,mmHg,748.2,
2406,2023-05-30,2023,22,6,42.0222,-82.669683,Bottom,7.9,1,PRESSURE,mmHg,748.1,
2429,2023-05-30,2023,22,6,42.0222,-82.669683,Surface,1,1,SECCHI,m,3.5,
2417,2023-05-30,2023,22,6,42.0222,-82.669683,Surface,1,1,SRP,ugL,1.66,
2418,2023-05-30,2023,22,6,42.0222,-82.669683,Surface,1,2,SRP,ugL,1.39,
2395,2023-05-30,2023,22,6,42.0222,-82.669683,Bottom,7.9,1,SRP,ugL,1.12,
2396,2023-05-30,2023,22,6,42.0222,-82.669683,Bottom,7.9,2,SRP,ugL,0.91,
2414,2023-05-30,2023,22,6,42.0222,-82.669683,Surface,1,1,TDN,ugL,874.73,
2415,2023-05-30,2023,22,6,42.0222,-82.669683,Surface,1,2,TDN,ugL,882.90,
2392,2023-05-30,2023,22,6,42.0222,-82.669683,Bottom,7.9,1,TDN,ugL,781.00,
2393,2023-05-30,2023,22,6,42.0222,-82.669683,Bottom,7.9,2,TDN,ugL,784.10,
2416,2023-05-30,2023,22,6,42.0222,-82.669683,Surface,1,1,TDP,ugL,3.95,
2394,2023-05-30,2023,22,6,42.0222,-82.669683,Bottom,7.9,1,TDP,ugL,7.45,
2424,2023-05-30,2023,22,6,42.0222,-82.669683,Surface,1,1,TEMP,C,17,
2403,2023-05-30,2023,22,6,42.0222,-82.669683,Bottom,7.9,1,TEMP,C,16.7,
2421,2023-05-30,2023,22,6,42.0222,-82.669683,Surface,1,1,TP,ugL,,ND
2399,2023-05-30,2023,22,6,42.0222,-82.669683,Bottom,7.9,1,TP,ugL,9.37,
2400,2023-05-30,2023,22,6,42.0222,-82.669683,Bottom,7.9,2,TP,ugL,14.40,
2423,2023-05-30,2023,22,6,42.0222,-82.669683,Surface,1,1,TSS,mgL,1613.00,
2402,2023-05-30,2023,22,6,42.0222,-82.669683,Bottom,7.9,1,TSS,mgL,9117.00,
2452,2023-05-30,2023,22,7,41.99605,-82.7179,Surface,1,1,CHLA,ugL,0.90,
2453,2023-05-30,2023,22,7,41.99605,-82.7179,Surface,1,2,CHLA,ugL,0.91,
2430,2023-05-30,2023,22,7,41.99605,-82.7179,Bottom,9.5,1,CHLA,ugL,1.89,
2431,2023-05-30,2023,22,7,41.99605,-82.7179,Bottom,9.5,2,CHLA,ugL,2.01,
2473,2023-05-30,2023,22,7,41.99605,-82.7179,Surface,1,1,COND,uS,254.2,
2451,2023-05-30,2023,22,7,41.99605,-82.7179,Bottom,9.5,1,COND,uS,255.5,
2470,2023-05-30,2023,22,7,41.99605,-82.7179,Surface,1,1,DO,%sat,105.3,
2448,2023-05-30,2023,22,7,41.99605,-82.7179,Bottom,9.5,1,DO,%sat,96.8,
2467,2023-05-30,2023,22,7,41.99605,-82.7179,Surface,1,1,DOC,mgL,1.84,
2445,2023-05-30,2023,22,7,41.99605,-82.7179,Bottom,9.5,1,DOC,mgL,1.83,
2454,2023-05-30,2023,22,7,41.99605,-82.7179,Surface,1,1,NH4,ugL,53.41,
2455,2023-05-30,2023,22,7,41.99605,-82.7179,Surface,1,2,NH4,ugL,40.92,
2432,2023-05-30,2023,22,7,41.99605,-82.7179,Bottom,9.5,1,NH4,ugL,19.96,
2433,2023-05-30,2023,22,7,41.99605,-82.7179,Bottom,9.5,2,NH4,ugL,18.81,
2456,2023-05-30,2023,22,7,41.99605,-82.7179,Surface,1,1,NO3,ugL,843.13,
2457,2023-05-30,2023,22,7,41.99605,-82.7179,Surface,1,2,NO3,ugL,839.91,
2434,2023-05-30,2023,22,7,41.99605,-82.7179,Bottom,9.5,1,NO3,ugL,820.72,
2435,2023-05-30,2023,22,7,41.99605,-82.7179,Bottom,9.5,2,NO3,ugL,829.82,
2471,2023-05-30,2023,22,7,41.99605,-82.7179,Surface,1,1,pH,pH,8.6,
2449,2023-05-30,2023,22,7,41.99605,-82.7179,Bottom,9.5,1,pH,pH,8.42,
2463,2023-05-30,2023,22,7,41.99605,-82.7179,Surface,1,1,PP,ugL,6.88,
2464,2023-05-30,2023,22,7,41.99605,-82.7179,Surface,1,2,PP,ugL,7.16,
2441,2023-05-30,2023,22,7,41.99605,-82.7179,Bottom,9.5,2,PP,ugL,9.57,
2442,2023-05-30,2023,22,7,41.99605,-82.7179,Bottom,9.5,1,PP,ugL,9.67,
2472,2023-05-30,2023,22,7,41.99605,-82.7179,Surface,1,1,PRESSURE,mmHg,748.9,
2450,2023-05-30,2023,22,7,41.99605,-82.7179,Bottom,9.5,1,PRESSURE,mmHg,748.1,
2474,2023-05-30,2023,22,7,41.99605,-82.7179,Surface,1,1,SECCHI,m,3.5,
2461,2023-05-30,2023,22,7,41.99605,-82.7179,Surface,1,1,SRP,ugL,2.03,
2462,2023-05-30,2023,22,7,41.99605,-82.7179,Surface,1,2,SRP,ugL,2.36,
2439,2023-05-30,2023,22,7,41.99605,-82.7179,Bottom,9.5,1,SRP,ugL,1.15,
2440,2023-05-30,2023,22,7,41.99605,-82.7179,Bottom,9.5,2,SRP,ugL,1.51,
2458,2023-05-30,2023,22,7,41.99605,-82.7179,Surface,1,1,TDN,ugL,995.02,
2459,2023-05-30,2023,22,7,41.99605,-82.7179,Surface,1,2,TDN,ugL,968.33,
2436,2023-05-30,2023,22,7,41.99605,-82.7179,Bottom,9.5,1,TDN,ugL,968.06,
2437,2023-05-30,2023,22,7,41.99605,-82.7179,Bottom,9.5,2,TDN,ugL,954.73,
2460,2023-05-30,2023,22,7,41.99605,-82.7179,Surface,1,1,TDP,ugL,3.49,
2438,2023-05-30,2023,22,7,41.99605,-82.7179,Bottom,9.5,1,TDP,ugL,4.89,
2469,2023-05-30,2023,22,7,41.99605,-82.7179,Surface,1,1,TEMP,C,16.9,
2447,2023-05-30,2023,22,7,41.99605,-82.7179,Bottom,9.5,1,TEMP,C,15.1,
2465,2023-05-30,2023,22,7,41.99605,-82.7179,Surface,1,1,TP,ugL,4.92,
2466,2023-05-30,2023,22,7,41.99605,-82.7179,Surface,1,2,TP,ugL,5.50,
2443,2023-05-30,2023,22,7,41.99605,-82.7179,Bottom,9.5,1,TP,ugL,5.32,
2444,2023-05-30,2023,22,7,41.99605,-82.7179,Bottom,9.5,2,TP,ugL,10.30,
2468,2023-05-30,2023,22,7,41.99605,-82.7179,Surface,1,1,TSS,mgL,1712.00,
2446,2023-05-30,2023,22,7,41.99605,-82.7179,Bottom,9.5,1,TSS,mgL,3473.00,
2497,2023-06-11,2023,24,2,41.913017,-82.73665,Surface,1,1,CHLA,ugL,2.39,
2498,2023-06-11,2023,24,2,41.913017,-82.73665,Surface,1,2,CHLA,ugL,2.64,
2475,2023-06-11,2023,24,2,41.913017,-82.73665,Bottom,10.9,1,CHLA,ugL,2.26,
2476,2023-06-11,2023,24,2,41.913017,-82.73665,Bottom,10.9,2,CHLA,ugL,2.30,
2519,2023-06-11,2023,24,2,41.913017,-82.73665,Surface,1,1,COND,uS,243.1,
2496,2023-06-11,2023,24,2,41.913017,-82.73665,Bottom,11,1,COND,uS,244.6,
2516,2023-06-11,2023,24,2,41.913017,-82.73665,Surface,1,1,DO,%sat,103.2,
2493,2023-06-11,2023,24,2,41.913017,-82.73665,Bottom,11,1,DO,%sat,93,
2513,2023-06-11,2023,24,2,41.913017,-82.73665,Surface,1,1,DOC,mgL,1.65,
2490,2023-06-11,2023,24,2,41.913017,-82.73665,Bottom,10.9,1,DOC,mgL,2.25,
2499,2023-06-11,2023,24,2,41.913017,-82.73665,Surface,1,1,NH4,ugL,6.70,
2500,2023-06-11,2023,24,2,41.913017,-82.73665,Surface,1,2,NH4,ugL,7.85,
2477,2023-06-11,2023,24,2,41.913017,-82.73665,Bottom,10.9,1,NH4,ugL,98.97,
2478,2023-06-11,2023,24,2,41.913017,-82.73665,Bottom,10.9,2,NH4,ugL,51.10,
2501,2023-06-11,2023,24,2,41.913017,-82.73665,Surface,1,1,NO3,ugL,448.17,
2502,2023-06-11,2023,24,2,41.913017,-82.73665,Surface,1,2,NO3,ugL,450.54,
2479,2023-06-11,2023,24,2,41.913017,-82.73665,Bottom,10.9,1,NO3,ugL,485.24,
2480,2023-06-11,2023,24,2,41.913017,-82.73665,Bottom,10.9,2,NO3,ugL,488.38,
2517,2023-06-11,2023,24,2,41.913017,-82.73665,Surface,1,1,pH,pH,8.72,
2494,2023-06-11,2023,24,2,41.913017,-82.73665,Bottom,11,1,pH,pH,8.47,
2509,2023-06-11,2023,24,2,41.913017,-82.73665,Surface,1,1,PP,ugL,8.32,
2510,2023-06-11,2023,24,2,41.913017,-82.73665,Surface,1,2,PP,ugL,8.25,
2486,2023-06-11,2023,24,2,41.913017,-82.73665,Bottom,10.9,1,PP,ugL,9.63,
2487,2023-06-11,2023,24,2,41.913017,-82.73665,Bottom,10.9,2,PP,ugL,9.90,
2518,2023-06-11,2023,24,2,41.913017,-82.73665,Surface,1,1,PRESSURE,mmHg,740.3,
2495,2023-06-11,2023,24,2,41.913017,-82.73665,Bottom,11,1,PRESSURE,mmHg,740.2,
2520,2023-06-11,2023,24,2,41.913017,-82.73665,Surface,1,1,SECCHI,m,2.5,
2507,2023-06-11,2023,24,2,41.913017,-82.73665,Surface,1,1,SRP,ugL,0.76,
2508,2023-06-11,2023,24,2,41.913017,-82.73665,Surface,1,2,SRP,ugL,0.43,
2484,2023-06-11,2023,24,2,41.913017,-82.73665,Bottom,10.9,1,SRP,ugL,0.55,
2485,2023-06-11,2023,24,2,41.913017,-82.73665,Bottom,10.9,2,SRP,ugL,0.52,
2503,2023-06-11,2023,24,2,41.913017,-82.73665,Surface,1,1,TDN,ugL,642.50,
2504,2023-06-11,2023,24,2,41.913017,-82.73665,Surface,1,2,TDN,ugL,648.05,
2481,2023-06-11,2023,24,2,41.913017,-82.73665,Bottom,10.9,1,TDN,ugL,635.76,
2482,2023-06-11,2023,24,2,41.913017,-82.73665,Bottom,10.9,2,TDN,ugL,660.71,
2505,2023-06-11,2023,24,2,41.913017,-82.73665,Surface,1,1,TDP,ugL,5.59,
2506,2023-06-11,2023,24,2,41.913017,-82.73665,Surface,1,2,TDP,ugL,6.05,
2483,2023-06-11,2023,24,2,41.913017,-82.73665,Bottom,10.9,1,TDP,ugL,4.42,
2515,2023-06-11,2023,24,2,41.913017,-82.73665,Surface,1,1,TEMP,C,19.8,
2492,2023-06-11,2023,24,2,41.913017,-82.73665,Bottom,11,1,TEMP,C,18.3,
2511,2023-06-11,2023,24,2,41.913017,-82.73665,Surface,1,1,TP,ugL,8.48,
2512,2023-06-11,2023,24,2,41.913017,-82.73665,Surface,1,2,TP,ugL,21.25,
2488,2023-06-11,2023,24,2,41.913017,-82.73665,Bottom,10.9,1,TP,ugL,5.90,
2489,2023-06-11,2023,24,2,41.913017,-82.73665,Bottom,10.9,2,TP,ugL,7.59,
2514,2023-06-11,2023,24,2,41.913017,-82.73665,Surface,1,1,TSS,mgL,2586.00,
2491,2023-06-11,2023,24,2,41.913017,-82.73665,Bottom,10.9,1,TSS,mgL,5921.00,
2532,2023-06-11,2023,24,4,41.8927,-82.525767,Surface,1,1,COND,uS,,ND
2526,2023-06-11,2023,24,4,41.8927,-82.525767,Bottom,9,1,COND,uS,,ND
2529,2023-06-11,2023,24,4,41.8927,-82.525767,Surface,1,1,DO,%sat,,ND
2523,2023-06-11,2023,24,4,41.8927,-82.525767,Bottom,9,1,DO,%sat,,ND
2530,2023-06-11,2023,24,4,41.8927,-82.525767,Surface,1,1,pH,pH,,ND
2524,2023-06-11,2023,24,4,41.8927,-82.525767,Bottom,9,1,pH,pH,,ND
2531,2023-06-11,2023,24,4,41.8927,-82.525767,Surface,1,1,PRESSURE,mmHg,,ND
2525,2023-06-11,2023,24,4,41.8927,-82.525767,Bottom,9,1,PRESSURE,mmHg,,ND
2533,2023-06-11,2023,24,4,41.8927,-82.525767,Surface,1,1,SECCHI,m,,ND
2528,2023-06-11,2023,24,4,41.8927,-82.525767,Surface,1,1,TEMP,C,,ND
2522,2023-06-11,2023,24,4,41.8927,-82.525767,Bottom,9,1,TEMP,C,,ND
2527,2023-06-11,2023,24,4,41.8927,-82.525767,Surface,1,1,TSS,mgL,,ND
2521,2023-06-11,2023,24,4,41.8927,-82.525767,Bottom,9.8,1,TSS,mgL,,ND
2557,2023-06-11,2023,24,5,42.002583,-82.578633,Surface,1,1,CHLA,ugL,5.73,
2558,2023-06-11,2023,24,5,42.002583,-82.578633,Surface,1,2,CHLA,ugL,5.88,
2534,2023-06-11,2023,24,5,42.002583,-82.578633,Bottom,8.1,1,CHLA,ugL,3.90,
2535,2023-06-11,2023,24,5,42.002583,-82.578633,Bottom,8.1,2,CHLA,ugL,3.85,
2579,2023-06-11,2023,24,5,42.002583,-82.578633,Surface,1,1,COND,uS,247.5,
2556,2023-06-11,2023,24,5,42.002583,-82.578633,Bottom,8,1,COND,uS,246.1,
2576,2023-06-11,2023,24,5,42.002583,-82.578633,Surface,1,1,DO,%sat,105.3,
2553,2023-06-11,2023,24,5,42.002583,-82.578633,Bottom,8,1,DO,%sat,103,
2573,2023-06-11,2023,24,5,42.002583,-82.578633,Surface,1,1,DOC,mgL,1.83,
2550,2023-06-11,2023,24,5,42.002583,-82.578633,Bottom,8.1,1,DOC,mgL,1.89,
2559,2023-06-11,2023,24,5,42.002583,-82.578633,Surface,1,1,NH4,ugL,131.65,
2560,2023-06-11,2023,24,5,42.002583,-82.578633,Surface,1,2,NH4,ugL,33.61,
2536,2023-06-11,2023,24,5,42.002583,-82.578633,Bottom,8.1,1,NH4,ugL,18.23,
2537,2023-06-11,2023,24,5,42.002583,-82.578633,Bottom,8.1,2,NH4,ugL,14.00,
2561,2023-06-11,2023,24,5,42.002583,-82.578633,Surface,1,1,NO3,ugL,567.68,
2562,2023-06-11,2023,24,5,42.002583,-82.578633,Surface,1,2,NO3,ugL,567.28,
2538,2023-06-11,2023,24,5,42.002583,-82.578633,Bottom,8.1,1,NO3,ugL,569.37,
2539,2023-06-11,2023,24,5,42.002583,-82.578633,Bottom,8.1,2,NO3,ugL,570.95,
2577,2023-06-11,2023,24,5,42.002583,-82.578633,Surface,1,1,pH,pH,8.75,
2554,2023-06-11,2023,24,5,42.002583,-82.578633,Bottom,8,1,pH,pH,8.68,
2569,2023-06-11,2023,24,5,42.002583,-82.578633,Surface,1,1,PP,ugL,8.50,
2570,2023-06-11,2023,24,5,42.002583,-82.578633,Surface,1,2,PP,ugL,8.52,
2546,2023-06-11,2023,24,5,42.002583,-82.578633,Bottom,8.1,2,PP,ugL,9.32,
2547,2023-06-11,2023,24,5,42.002583,-82.578633,Bottom,8.1,1,PP,ugL,9.45,
2578,2023-06-11,2023,24,5,42.002583,-82.578633,Surface,1,1,PRESSURE,mmHg,740.3,
2555,2023-06-11,2023,24,5,42.002583,-82.578633,Bottom,8,1,PRESSURE,mmHg,740.4,
2580,2023-06-11,2023,24,5,42.002583,-82.578633,Surface,1,1,SECCHI,m,2.5,
2567,2023-06-11,2023,24,5,42.002583,-82.578633,Surface,1,1,SRP,ugL,0.49,
2568,2023-06-11,2023,24,5,42.002583,-82.578633,Surface,1,2,SRP,ugL,0.70,
2544,2023-06-11,2023,24,5,42.002583,-82.578633,Bottom,8.1,1,SRP,ugL,0.73,
2545,2023-06-11,2023,24,5,42.002583,-82.578633,Bottom,8.1,2,SRP,ugL,0.61,
2563,2023-06-11,2023,24,5,42.002583,-82.578633,Surface,1,1,TDN,ugL,707.57,
2564,2023-06-11,2023,24,5,42.002583,-82.578633,Surface,1,2,TDN,ugL,704.92,
2540,2023-06-11,2023,24,5,42.002583,-82.578633,Bottom,8.1,1,TDN,ugL,751.22,
2541,2023-06-11,2023,24,5,42.002583,-82.578633,Bottom,8.1,2,TDN,ugL,691.95,
2565,2023-06-11,2023,24,5,42.002583,-82.578633,Surface,1,1,TDP,ugL,4.19,
2566,2023-06-11,2023,24,5,42.002583,-82.578633,Surface,1,2,TDP,ugL,4.65,
2542,2023-06-11,2023,24,5,42.002583,-82.578633,Bottom,8.1,1,TDP,ugL,5.35,
2543,2023-06-11,2023,24,5,42.002583,-82.578633,Bottom,8.1,2,TDP,ugL,5.59,
2575,2023-06-11,2023,24,5,42.002583,-82.578633,Surface,1,1,TEMP,C,19.8,
2552,2023-06-11,2023,24,5,42.002583,-82.578633,Bottom,8,1,TEMP,C,19.5,
2571,2023-06-11,2023,24,5,42.002583,-82.578633,Surface,1,1,TP,ugL,6.52,
2572,2023-06-11,2023,24,5,42.002583,-82.578633,Surface,1,2,TP,ugL,6.56,
2548,2023-06-11,2023,24,5,42.002583,-82.578633,Bottom,8.1,1,TP,ugL,7.14,
2549,2023-06-11,2023,24,5,42.002583,-82.578633,Bottom,8.1,2,TP,ugL,6.88,
2574,2023-06-11,2023,24,5,42.002583,-82.578633,Surface,1,1,TSS,mgL,2219.00,
2551,2023-06-11,2023,24,5,42.002583,-82.578633,Bottom,8.1,1,TSS,mgL,2988.00,
2603,2023-06-11,2023,24,6,42.0222,-82.669683,Surface,1,1,CHLA,ugL,3.66,
2604,2023-06-11,2023,24,6,42.0222,-82.669683,Surface,1,2,CHLA,ugL,3.78,
2581,2023-06-11,2023,24,6,42.0222,-82.669683,Bottom,7.9,1,CHLA,ugL,3.57,
2582,2023-06-11,2023,24,6,42.0222,-82.669683,Bottom,7.9,2,CHLA,ugL,3.17,
2624,2023-06-11,2023,24,6,42.0222,-82.669683,Surface,1,1,COND,uS,238.4,
2602,2023-06-11,2023,24,6,42.0222,-82.669683,Bottom,8,1,COND,uS,244.7,
2621,2023-06-11,2023,24,6,42.0222,-82.669683,Surface,1,1,DO,%sat,102.8,
2599,2023-06-11,2023,24,6,42.0222,-82.669683,Bottom,8,1,DO,%sat,96.9,
2618,2023-06-11,2023,24,6,42.0222,-82.669683,Surface,1,1,DOC,mgL,1.97,
2596,2023-06-11,2023,24,6,42.0222,-82.669683,Bottom,7.9,1,DOC,mgL,1.76,
2605,2023-06-11,2023,24,6,42.0222,-82.669683,Surface,1,1,NH4,ugL,11.70,
2606,2023-06-11,2023,24,6,42.0222,-82.669683,Surface,1,2,NH4,ugL,11.50,
2583,2023-06-11,2023,24,6,42.0222,-82.669683,Bottom,7.9,1,NH4,ugL,16.89,
2584,2023-06-11,2023,24,6,42.0222,-82.669683,Bottom,7.9,2,NH4,ugL,14.20,
2607,2023-06-11,2023,24,6,42.0222,-82.669683,Surface,1,1,NO3,ugL,512.10,
2608,2023-06-11,2023,24,6,42.0222,-82.669683,Surface,1,2,NO3,ugL,511.86,
2585,2023-06-11,2023,24,6,42.0222,-82.669683,Bottom,7.9,1,NO3,ugL,492.27,
2586,2023-06-11,2023,24,6,42.0222,-82.669683,Bottom,7.9,2,NO3,ugL,495.10,
2622,2023-06-11,2023,24,6,42.0222,-82.669683,Surface,1,1,pH,pH,8.7,
2600,2023-06-11,2023,24,6,42.0222,-82.669683,Bottom,8,1,pH,pH,8.6,
2614,2023-06-11,2023,24,6,42.0222,-82.669683,Surface,1,2,PP,ugL,8.55,
2615,2023-06-11,2023,24,6,42.0222,-82.669683,Surface,1,1,PP,ugL,8.64,
2592,2023-06-11,2023,24,6,42.0222,-82.669683,Bottom,7.9,1,PP,ugL,8.52,
2593,2023-06-11,2023,24,6,42.0222,-82.669683,Bottom,7.9,2,PP,ugL,8.88,
2623,2023-06-11,2023,24,6,42.0222,-82.669683,Surface,1,1,PRESSURE,mmHg,740.7,
2601,2023-06-11,2023,24,6,42.0222,-82.669683,Bottom,8,1,PRESSURE,mmHg,740.7,
2625,2023-06-11,2023,24,6,42.0222,-82.669683,Surface,1,1,SECCHI,m,3.1,
2612,2023-06-11,2023,24,6,42.0222,-82.669683,Surface,1,1,SRP,ugL,0.73,
2613,2023-06-11,2023,24,6,42.0222,-82.669683,Surface,1,2,SRP,ugL,1.09,
2590,2023-06-11,2023,24,6,42.0222,-82.669683,Bottom,7.9,1,SRP,ugL,0.55,
2591,2023-06-11,2023,24,6,42.0222,-82.669683,Bottom,7.9,2,SRP,ugL,0.67,
2609,2023-06-11,2023,24,6,42.0222,-82.669683,Surface,1,1,TDN,ugL,651.82,
2610,2023-06-11,2023,24,6,42.0222,-82.669683,Surface,1,2,TDN,ugL,670.35,
2587,2023-06-11,2023,24,6,42.0222,-82.669683,Bottom,7.9,1,TDN,ugL,624.66,
2588,2023-06-11,2023,24,6,42.0222,-82.669683,Bottom,7.9,2,TDN,ugL,660.32,
2611,2023-06-11,2023,24,6,42.0222,-82.669683,Surface,1,1,TDP,ugL,4.65,
2589,2023-06-11,2023,24,6,42.0222,-82.669683,Bottom,7.9,1,TDP,ugL,7.45,
2620,2023-06-11,2023,24,6,42.0222,-82.669683,Surface,1,1,TEMP,C,19.8,
2598,2023-06-11,2023,24,6,42.0222,-82.669683,Bottom,8,1,TEMP,C,19.1,
2616,2023-06-11,2023,24,6,42.0222,-82.669683,Surface,1,1,TP,ugL,4.25,
2617,2023-06-11,2023,24,6,42.0222,-82.669683,Surface,1,2,TP,ugL,7.63,
2594,2023-06-11,2023,24,6,42.0222,-82.669683,Bottom,7.9,1,TP,ugL,6.88,
2595,2023-06-11,2023,24,6,42.0222,-82.669683,Bottom,7.9,2,TP,ugL,9.59,
2619,2023-06-11,2023,24,6,42.0222,-82.669683,Surface,1,1,TSS,mgL,2012.00,
2597,2023-06-11,2023,24,6,42.0222,-82.669683,Bottom,7.9,1,TSS,mgL,2973.00,
2648,2023-06-11,2023,24,7,41.99605,-82.7179,Surface,1,1,CHLA,ugL,1.85,
2649,2023-06-11,2023,24,7,41.99605,-82.7179,Surface,1,2,CHLA,ugL,1.91,
2626,2023-06-11,2023,24,7,41.99605,-82.7179,Bottom,9.5,1,CHLA,ugL,2.64,
2627,2023-06-11,2023,24,7,41.99605,-82.7179,Bottom,9.5,2,CHLA,ugL,2.65,
2669,2023-06-11,2023,24,7,41.99605,-82.7179,Surface,1,1,COND,uS,241.3,
2647,2023-06-11,2023,24,7,41.99605,-82.7179,Bottom,9.5,1,COND,uS,242,
2666,2023-06-11,2023,24,7,41.99605,-82.7179,Surface,1,1,DO,%sat,101,
2644,2023-06-11,2023,24,7,41.99605,-82.7179,Bottom,9.5,1,DO,%sat,83.8,
2663,2023-06-11,2023,24,7,41.99605,-82.7179,Surface,1,1,DOC,mgL,1.86,
2641,2023-06-11,2023,24,7,41.99605,-82.7179,Bottom,9.5,1,DOC,mgL,1.79,
2650,2023-06-11,2023,24,7,41.99605,-82.7179,Surface,1,1,NH4,ugL,31.88,
2651,2023-06-11,2023,24,7,41.99605,-82.7179,Surface,1,2,NH4,ugL,35.73,
2628,2023-06-11,2023,24,7,41.99605,-82.7179,Bottom,9.5,1,NH4,ugL,35.34,
2629,2023-06-11,2023,24,7,41.99605,-82.7179,Bottom,9.5,2,NH4,ugL,35.53,
2652,2023-06-11,2023,24,7,41.99605,-82.7179,Surface,1,1,NO3,ugL,496.57,
2653,2023-06-11,2023,24,7,41.99605,-82.7179,Surface,1,2,NO3,ugL,494.18,
2630,2023-06-11,2023,24,7,41.99605,-82.7179,Bottom,9.5,1,NO3,ugL,480.95,
2631,2023-06-11,2023,24,7,41.99605,-82.7179,Bottom,9.5,2,NO3,ugL,480.51,
2667,2023-06-11,2023,24,7,41.99605,-82.7179,Surface,1,1,pH,pH,8.62,
2645,2023-06-11,2023,24,7,41.99605,-82.7179,Bottom,9.5,1,pH,pH,8.4,
2659,2023-06-11,2023,24,7,41.99605,-82.7179,Surface,1,2,PP,ugL,6.89,
2660,2023-06-11,2023,24,7,41.99605,-82.7179,Surface,1,1,PP,ugL,7.03,
2637,2023-06-11,2023,24,7,41.99605,-82.7179,Bottom,9.5,1,PP,ugL,9.24,
2638,2023-06-11,2023,24,7,41.99605,-82.7179,Bottom,9.5,2,PP,ugL,9.89,
2668,2023-06-11,2023,24,7,41.99605,-82.7179,Surface,1,1,PRESSURE,mmHg,740.5,
2646,2023-06-11,2023,24,7,41.99605,-82.7179,Bottom,9.5,1,PRESSURE,mmHg,740.7,
2670,2023-06-11,2023,24,7,41.99605,-82.7179,Surface,1,1,SECCHI,m,3,
2657,2023-06-11,2023,24,7,41.99605,-82.7179,Surface,1,1,SRP,ugL,0.64,
2658,2023-06-11,2023,24,7,41.99605,-82.7179,Surface,1,2,SRP,ugL,0.55,
2635,2023-06-11,2023,24,7,41.99605,-82.7179,Bottom,9.5,1,SRP,ugL,1.54,
2636,2023-06-11,2023,24,7,41.99605,-82.7179,Bottom,9.5,2,SRP,ugL,1.30,
2654,2023-06-11,2023,24,7,41.99605,-82.7179,Surface,1,1,TDN,ugL,623.72,
2655,2023-06-11,2023,24,7,41.99605,-82.7179,Surface,1,2,TDN,ugL,622.65,
2632,2023-06-11,2023,24,7,41.99605,-82.7179,Bottom,9.5,1,TDN,ugL,690.63,
2633,2023-06-11,2023,24,7,41.99605,-82.7179,Bottom,9.5,2,TDN,ugL,647.55,
2656,2023-06-11,2023,24,7,41.99605,-82.7179,Surface,1,1,TDP,ugL,3.02,
2634,2023-06-11,2023,24,7,41.99605,-82.7179,Bottom,9.5,1,TDP,ugL,5.35,
2665,2023-06-11,2023,24,7,41.99605,-82.7179,Surface,1,1,TEMP,C,19.9,
2643,2023-06-11,2023,24,7,41.99605,-82.7179,Bottom,9.5,1,TEMP,C,18.7,
2661,2023-06-11,2023,24,7,41.99605,-82.7179,Surface,1,1,TP,ugL,7.10,
2662,2023-06-11,2023,24,7,41.99605,-82.7179,Surface,1,2,TP,ugL,7.90,
2639,2023-06-11,2023,24,7,41.99605,-82.7179,Bottom,9.5,1,TP,ugL,9.14,
2640,2023-06-11,2023,24,7,41.99605,-82.7179,Bottom,9.5,2,TP,ugL,11.59,
2664,2023-06-11,2023,24,7,41.99605,-82.7179,Surface,1,1,TSS,mgL,2227.00,
2642,2023-06-11,2023,24,7,41.99605,-82.7179,Bottom,9.5,1,TSS,mgL,4615.00,
2693,2023-06-23,2023,25,2,41.913017,-82.73665,Surface,1,1,CHLA,ugL,6.89,
2694,2023-06-23,2023,25,2,41.913017,-82.73665,Surface,1,2,CHLA,ugL,6.79,
2671,2023-06-23,2023,25,2,41.913017,-82.73665,Bottom,10.9,1,CHLA,ugL,5.60,
2672,2023-06-23,2023,25,2,41.913017,-82.73665,Bottom,10.9,2,CHLA,ugL,5.36,
2714,2023-06-23,2023,25,2,41.913017,-82.73665,Surface,1,1,COND,uS,246.3,
2692,2023-06-23,2023,25,2,41.913017,-82.73665,Bottom,10.5,1,COND,uS,246.4,
2711,2023-06-23,2023,25,2,41.913017,-82.73665,Surface,1,1,DO,%sat,101.4,
2689,2023-06-23,2023,25,2,41.913017,-82.73665,Bottom,10.5,1,DO,%sat,100.3,
2708,2023-06-23,2023,25,2,41.913017,-82.73665,Surface,1,1,DOC,mgL,2.00,
2686,2023-06-23,2023,25,2,41.913017,-82.73665,Bottom,10.9,1,DOC,mgL,3.12,
2695,2023-06-23,2023,25,2,41.913017,-82.73665,Surface,1,1,NH4,ugL,30.15,
2696,2023-06-23,2023,25,2,41.913017,-82.73665,Surface,1,2,NH4,ugL,48.03,
2673,2023-06-23,2023,25,2,41.913017,-82.73665,Bottom,10.9,1,NH4,ugL,18.04,
2674,2023-06-23,2023,25,2,41.913017,-82.73665,Bottom,10.9,2,NH4,ugL,16.12,
2697,2023-06-23,2023,25,2,41.913017,-82.73665,Surface,1,1,NO3,ugL,227.02,
2698,2023-06-23,2023,25,2,41.913017,-82.73665,Surface,1,2,NO3,ugL,225.21,
2675,2023-06-23,2023,25,2,41.913017,-82.73665,Bottom,10.9,1,NO3,ugL,470.24,
2676,2023-06-23,2023,25,2,41.913017,-82.73665,Bottom,10.9,2,NO3,ugL,467.34,
2712,2023-06-23,2023,25,2,41.913017,-82.73665,Surface,1,1,pH,pH,8.63,
2690,2023-06-23,2023,25,2,41.913017,-82.73665,Bottom,10.5,1,pH,pH,8.61,
2704,2023-06-23,2023,25,2,41.913017,-82.73665,Surface,1,1,PP,ugL,44.01,
2705,2023-06-23,2023,25,2,41.913017,-82.73665,Surface,1,2,PP,ugL,8.47,
2682,2023-06-23,2023,25,2,41.913017,-82.73665,Bottom,10.9,1,PP,ugL,40.08,
2683,2023-06-23,2023,25,2,41.913017,-82.73665,Bottom,10.9,2,PP,ugL,8.88,
2713,2023-06-23,2023,25,2,41.913017,-82.73665,Surface,1,1,PRESSURE,mmHg,744.6,
2691,2023-06-23,2023,25,2,41.913017,-82.73665,Bottom,10.5,1,PRESSURE,mmHg,744.6,
2715,2023-06-23,2023,25,2,41.913017,-82.73665,Surface,1,1,SECCHI,m,2.5,
2702,2023-06-23,2023,25,2,41.913017,-82.73665,Surface,1,1,SRP,ugL,0.94,
2703,2023-06-23,2023,25,2,41.913017,-82.73665,Surface,1,2,SRP,ugL,0.76,
2680,2023-06-23,2023,25,2,41.913017,-82.73665,Bottom,10.9,1,SRP,ugL,0.64,
2681,2023-06-23,2023,25,2,41.913017,-82.73665,Bottom,10.9,2,SRP,ugL,0.64,
2699,2023-06-23,2023,25,2,41.913017,-82.73665,Surface,1,1,TDN,ugL,349.32,
2700,2023-06-23,2023,25,2,41.913017,-82.73665,Surface,1,2,TDN,ugL,351.04,
2677,2023-06-23,2023,25,2,41.913017,-82.73665,Bottom,10.9,1,TDN,ugL,600.58,
2678,2023-06-23,2023,25,2,41.913017,-82.73665,Bottom,10.9,2,TDN,ugL,599.20,
2701,2023-06-23,2023,25,2,41.913017,-82.73665,Surface,1,1,TDP,ugL,-0.25,BDL
2679,2023-06-23,2023,25,2,41.913017,-82.73665,Bottom,10.9,1,TDP,ugL,4.89,
2710,2023-06-23,2023,25,2,41.913017,-82.73665,Surface,1,1,TEMP,C,20.4,
2688,2023-06-23,2023,25,2,41.913017,-82.73665,Bottom,10.5,1,TEMP,C,20.3,
2706,2023-06-23,2023,25,2,41.913017,-82.73665,Surface,1,1,TP,ugL,6.16,
2707,2023-06-23,2023,25,2,41.913017,-82.73665,Surface,1,2,TP,ugL,5.99,
2684,2023-06-23,2023,25,2,41.913017,-82.73665,Bottom,10.9,1,TP,ugL,6.65,
2685,2023-06-23,2023,25,2,41.913017,-82.73665,Bottom,10.9,2,TP,ugL,10.84,
2709,2023-06-23,2023,25,2,41.913017,-82.73665,Surface,1,1,TSS,mgL,3688.00,
2687,2023-06-23,2023,25,2,41.913017,-82.73665,Bottom,10.9,1,TSS,mgL,3796.00,
2736,2023-06-23,2023,25,4,41.8927,-82.525767,Surface,1,1,CHLA,ugL,4.82,
2737,2023-06-23,2023,25,4,41.8927,-82.525767,Surface,1,2,CHLA,ugL,5.09,
2716,2023-06-23,2023,25,4,41.8927,-82.525767,Bottom,9.8,1,CHLA,ugL,2.94,
2717,2023-06-23,2023,25,4,41.8927,-82.525767,Bottom,9.8,2,CHLA,ugL,3.22,
2757,2023-06-23,2023,25,4,41.8927,-82.525767,Surface,1,1,COND,uS,247.3,
2735,2023-06-23,2023,25,4,41.8927,-82.525767,Bottom,8.5,1,COND,uS,247.8,
2754,2023-06-23,2023,25,4,41.8927,-82.525767,Surface,1,1,DO,%sat,103.2,
2732,2023-06-23,2023,25,4,41.8927,-82.525767,Bottom,8.5,1,DO,%sat,101.8,
2749,2023-06-23,2023,25,4,41.8927,-82.525767,Surface,1,1,DOC,mgL,1.88,
2727,2023-06-23,2023,25,4,41.8927,-82.525767,Bottom,9.8,1,DOC,mgL,2.10,
2738,2023-06-23,2023,25,4,41.8927,-82.525767,Surface,1,1,NH4,ugL,63.60,
2739,2023-06-23,2023,25,4,41.8927,-82.525767,Surface,1,2,NH4,ugL,66.68,
2718,2023-06-23,2023,25,4,41.8927,-82.525767,Bottom,9.8,1,NH4,ugL,98.78,
2719,2023-06-23,2023,25,4,41.8927,-82.525767,Bottom,9.8,2,NH4,ugL,90.13,
2740,2023-06-23,2023,25,4,41.8927,-82.525767,Surface,1,1,NO3,ugL,393.61,
2741,2023-06-23,2023,25,4,41.8927,-82.525767,Surface,1,2,NO3,ugL,393.25,
2720,2023-06-23,2023,25,4,41.8927,-82.525767,Bottom,9.8,1,NO3,ugL,332.01,
2721,2023-06-23,2023,25,4,41.8927,-82.525767,Bottom,9.8,2,NO3,ugL,318.13,
2755,2023-06-23,2023,25,4,41.8927,-82.525767,Surface,1,1,pH,pH,8.21,
2733,2023-06-23,2023,25,4,41.8927,-82.525767,Bottom,8.5,1,pH,pH,8.67,
2751,2023-06-23,2023,25,4,41.8927,-82.525767,Surface,1,1,PP,ugL,39.29,
2752,2023-06-23,2023,25,4,41.8927,-82.525767,Surface,1,2,PP,ugL,8.02,
2729,2023-06-23,2023,25,4,41.8927,-82.525767,Bottom,9.8,1,PP,ugL,65.61,
2730,2023-06-23,2023,25,4,41.8927,-82.525767,Bottom,9.8,2,PP,ugL,10.84,
2756,2023-06-23,2023,25,4,41.8927,-82.525767,Surface,1,1,PRESSURE,mmHg,744.5,
2734,2023-06-23,2023,25,4,41.8927,-82.525767,Bottom,8.5,1,PRESSURE,mmHg,744.5,
2758,2023-06-23,2023,25,4,41.8927,-82.525767,Surface,1,1,SECCHI,m,3,
2745,2023-06-23,2023,25,4,41.8927,-82.525767,Surface,1,1,SRP,ugL,0.79,
2746,2023-06-23,2023,25,4,41.8927,-82.525767,Surface,1,2,SRP,ugL,0.94,
2724,2023-06-23,2023,25,4,41.8927,-82.525767,Bottom,9.8,1,SRP,ugL,1.15,
2725,2023-06-23,2023,25,4,41.8927,-82.525767,Bottom,9.8,2,SRP,ugL,1.42,
2742,2023-06-23,2023,25,4,41.8927,-82.525767,Surface,1,1,TDN,ugL,538.29,
2743,2023-06-23,2023,25,4,41.8927,-82.525767,Surface,1,2,TDN,ugL,519.79,
2722,2023-06-23,2023,25,4,41.8927,-82.525767,Bottom,9.8,1,TDN,ugL,695.32,
2723,2023-06-23,2023,25,4,41.8927,-82.525767,Bottom,9.8,2,TDN,ugL,690.34,
2744,2023-06-23,2023,25,4,41.8927,-82.525767,Surface,1,1,TDP,ugL,11.89,
2753,2023-06-23,2023,25,4,41.8927,-82.525767,Surface,1,1,TEMP,C,20.5,
2731,2023-06-23,2023,25,4,41.8927,-82.525767,Bottom,8.5,1,TEMP,C,20.4,
2747,2023-06-23,2023,25,4,41.8927,-82.525767,Surface,1,1,TP,ugL,6.47,
2748,2023-06-23,2023,25,4,41.8927,-82.525767,Surface,1,2,TP,ugL,12.26,
2726,2023-06-23,2023,25,4,41.8927,-82.525767,Bottom,9.8,1,TP,ugL,,ND
2750,2023-06-23,2023,25,4,41.8927,-82.525767,Surface,1,1,TSS,mgL,3713.00,
2728,2023-06-23,2023,25,4,41.8927,-82.525767,Bottom,9.8,1,TSS,mgL,5606.00,
2781,2023-06-23,2023,25,5,42.002583,-82.578633,Surface,1,1,CHLA,ugL,4.00,
2782,2023-06-23,2023,25,5,42.002583,-82.578633,Surface,1,2,CHLA,ugL,1.09,
2759,2023-06-23,2023,25,5,42.002583,-82.578633,Bottom,8.1,1,CHLA,ugL,7.34,
2760,2023-06-23,2023,25,5,42.002583,-82.578633,Bottom,8.1,2,CHLA,ugL,7.80,
2802,2023-06-23,2023,25,5,42.002583,-82.578633,Surface,1,1,COND,uS,243.2,
2780,2023-06-23,2023,25,5,42.002583,-82.578633,Bottom,7.5,1,COND,uS,243.2,
2799,2023-06-23,2023,25,5,42.002583,-82.578633,Surface,1,1,DO,%sat,101.9,
2777,2023-06-23,2023,25,5,42.002583,-82.578633,Bottom,7.5,1,DO,%sat,101,
2796,2023-06-23,2023,25,5,42.002583,-82.578633,Surface,1,1,DOC,mgL,2.21,
2774,2023-06-23,2023,25,5,42.002583,-82.578633,Bottom,8.1,1,DOC,mgL,2.06,
2783,2023-06-23,2023,25,5,42.002583,-82.578633,Surface,1,1,NH4,ugL,83.21,
2784,2023-06-23,2023,25,5,42.002583,-82.578633,Surface,1,2,NH4,ugL,56.68,
2761,2023-06-23,2023,25,5,42.002583,-82.578633,Bottom,8.1,1,NH4,ugL,31.88,
2762,2023-06-23,2023,25,5,42.002583,-82.578633,Bottom,8.1,2,NH4,ugL,30.92,
2785,2023-06-23,2023,25,5,42.002583,-82.578633,Surface,1,1,NO3,ugL,388.42,
2786,2023-06-23,2023,25,5,42.002583,-82.578633,Surface,1,2,NO3,ugL,399.59,
2763,2023-06-23,2023,25,5,42.002583,-82.578633,Bottom,8.1,1,NO3,ugL,453.79,
2764,2023-06-23,2023,25,5,42.002583,-82.578633,Bottom,8.1,2,NO3,ugL,453.51,
2800,2023-06-23,2023,25,5,42.002583,-82.578633,Surface,1,1,pH,pH,8.83,
2778,2023-06-23,2023,25,5,42.002583,-82.578633,Bottom,7.5,1,pH,pH,8.79,
2792,2023-06-23,2023,25,5,42.002583,-82.578633,Surface,1,1,PP,ugL,33.73,
2793,2023-06-23,2023,25,5,42.002583,-82.578633,Surface,1,2,PP,ugL,7.09,
2770,2023-06-23,2023,25,5,42.002583,-82.578633,Bottom,8.1,1,PP,ugL,52.98,
2771,2023-06-23,2023,25,5,42.002583,-82.578633,Bottom,8.1,2,PP,ugL,36.81,
2801,2023-06-23,2023,25,5,42.002583,-82.578633,Surface,1,1,PRESSURE,mmHg,744.6,
2779,2023-06-23,2023,25,5,42.002583,-82.578633,Bottom,7.5,1,PRESSURE,mmHg,244.6,
2803,2023-06-23,2023,25,5,42.002583,-82.578633,Surface,1,1,SECCHI,m,2.75,
2790,2023-06-23,2023,25,5,42.002583,-82.578633,Surface,1,1,SRP,ugL,0.61,
2791,2023-06-23,2023,25,5,42.002583,-82.578633,Surface,1,2,SRP,ugL,0.46,
2768,2023-06-23,2023,25,5,42.002583,-82.578633,Bottom,8.1,1,SRP,ugL,0.94,
2769,2023-06-23,2023,25,5,42.002583,-82.578633,Bottom,8.1,2,SRP,ugL,1.06,
2787,2023-06-23,2023,25,5,42.002583,-82.578633,Surface,1,1,TDN,ugL,614.27,
2788,2023-06-23,2023,25,5,42.002583,-82.578633,Surface,1,2,TDN,ugL,754.90,
2765,2023-06-23,2023,25,5,42.002583,-82.578633,Bottom,8.1,1,TDN,ugL,641.81,
2766,2023-06-23,2023,25,5,42.002583,-82.578633,Bottom,8.1,2,TDN,ugL,660.17,
2789,2023-06-23,2023,25,5,42.002583,-82.578633,Surface,1,1,TDP,ugL,7.69,
2767,2023-06-23,2023,25,5,42.002583,-82.578633,Bottom,8.1,1,TDP,ugL,6.52,
2798,2023-06-23,2023,25,5,42.002583,-82.578633,Surface,1,1,TEMP,C,20.7,
2776,2023-06-23,2023,25,5,42.002583,-82.578633,Bottom,7.5,1,TEMP,C,20.7,
2794,2023-06-23,2023,25,5,42.002583,-82.578633,Surface,1,1,TP,ugL,5.31,
2795,2023-06-23,2023,25,5,42.002583,-82.578633,Surface,1,2,TP,ugL,6.37,
2772,2023-06-23,2023,25,5,42.002583,-82.578633,Bottom,8.1,1,TP,ugL,20.62,
2773,2023-06-23,2023,25,5,42.002583,-82.578633,Bottom,8.1,2,TP,ugL,44.27,
2797,2023-06-23,2023,25,5,42.002583,-82.578633,Surface,1,1,TSS,mgL,2902.00,
2775,2023-06-23,2023,25,5,42.002583,-82.578633,Bottom,8.1,1,TSS,mgL,59470.00,
2822,2023-06-23,2023,25,6,42.0222,-82.669683,Surface,1,1,CHLA,ugL,3.36,
2823,2023-06-23,2023,25,6,42.0222,-82.669683,Surface,1,2,CHLA,ugL,4.09,
2843,2023-06-23,2023,25,6,42.0222,-82.669683,Surface,1,1,COND,uS,244.9,
2821,2023-06-23,2023,25,6,42.0222,-82.669683,Bottom,7,1,COND,uS,242.6,
2840,2023-06-23,2023,25,6,42.0222,-82.669683,Surface,1,1,DO,%sat,100.2,
2818,2023-06-23,2023,25,6,42.0222,-82.669683,Bottom,7,1,DO,%sat,98.7,
2837,2023-06-23,2023,25,6,42.0222,-82.669683,Surface,1,1,DOC,mgL,2.00,
2815,2023-06-23,2023,25,6,42.0222,-82.669683,Bottom,7.9,1,DOC,mgL,1.95,
2824,2023-06-23,2023,25,6,42.0222,-82.669683,Surface,1,1,NH4,ugL,43.61,
2825,2023-06-23,2023,25,6,42.0222,-82.669683,Surface,1,2,NH4,ugL,32.07,
2804,2023-06-23,2023,25,6,42.0222,-82.669683,Bottom,7.9,1,NH4,ugL,37.46,
2805,2023-06-23,2023,25,6,42.0222,-82.669683,Bottom,7.9,2,NH4,ugL,-6.76,
2826,2023-06-23,2023,25,6,42.0222,-82.669683,Surface,1,1,NO3,ugL,424.84,
2827,2023-06-23,2023,25,6,42.0222,-82.669683,Surface,1,2,NO3,ugL,419.22,
2806,2023-06-23,2023,25,6,42.0222,-82.669683,Bottom,7.9,1,NO3,ugL,227.25,
2807,2023-06-23,2023,25,6,42.0222,-82.669683,Bottom,7.9,2,NO3,ugL,225.36,
2841,2023-06-23,2023,25,6,42.0222,-82.669683,Surface,1,1,pH,pH,8.49,
2819,2023-06-23,2023,25,6,42.0222,-82.669683,Bottom,7,1,pH,pH,8.52,
2833,2023-06-23,2023,25,6,42.0222,-82.669683,Surface,1,1,PP,ugL,30.32,
2834,2023-06-23,2023,25,6,42.0222,-82.669683,Surface,1,2,PP,ugL,6.65,
2842,2023-06-23,2023,25,6,42.0222,-82.669683,Surface,1,1,PRESSURE,mmHg,744.6,
2820,2023-06-23,2023,25,6,42.0222,-82.669683,Bottom,7,1,PRESSURE,mmHg,744.6,
2844,2023-06-23,2023,25,6,42.0222,-82.669683,Surface,1,1,SECCHI,m,3,
2831,2023-06-23,2023,25,6,42.0222,-82.669683,Surface,1,1,SRP,ugL,0.34,
2832,2023-06-23,2023,25,6,42.0222,-82.669683,Surface,1,2,SRP,ugL,0.82,
2811,2023-06-23,2023,25,6,42.0222,-82.669683,Bottom,7.9,1,SRP,ugL,1.15,
2812,2023-06-23,2023,25,6,42.0222,-82.669683,Bottom,7.9,2,SRP,ugL,0.79,
2828,2023-06-23,2023,25,6,42.0222,-82.669683,Surface,1,1,TDN,ugL,575.05,
2829,2023-06-23,2023,25,6,42.0222,-82.669683,Surface,1,2,TDN,ugL,595.08,
2808,2023-06-23,2023,25,6,42.0222,-82.669683,Bottom,7.9,1,TDN,ugL,384.63,
2809,2023-06-23,2023,25,6,42.0222,-82.669683,Bottom,7.9,2,TDN,ugL,378.67,
2830,2023-06-23,2023,25,6,42.0222,-82.669683,Surface,1,1,TDP,ugL,4.89,
2810,2023-06-23,2023,25,6,42.0222,-82.669683,Bottom,7.9,1,TDP,ugL,4.65,
2839,2023-06-23,2023,25,6,42.0222,-82.669683,Surface,1,1,TEMP,C,20.9,
2817,2023-06-23,2023,25,6,42.0222,-82.669683,Bottom,7,1,TEMP,C,20.9,
2835,2023-06-23,2023,25,6,42.0222,-82.669683,Surface,1,1,TP,ugL,4.28,
2836,2023-06-23,2023,25,6,42.0222,-82.669683,Surface,1,2,TP,ugL,5.62,
2813,2023-06-23,2023,25,6,42.0222,-82.669683,Bottom,7.9,1,TP,ugL,3.25,
2814,2023-06-23,2023,25,6,42.0222,-82.669683,Bottom,7.9,2,TP,ugL,3.31,
2838,2023-06-23,2023,25,6,42.0222,-82.669683,Surface,1,1,TSS,mgL,2465.00,
2816,2023-06-23,2023,25,6,42.0222,-82.669683,Bottom,7.9,1,TSS,mgL,3300.00,
2867,2023-06-23,2023,25,7,41.99605,-82.7179,Surface,1,1,CHLA,ugL,3.45,
2868,2023-06-23,2023,25,7,41.99605,-82.7179,Surface,1,2,CHLA,ugL,4.45,
2845,2023-06-23,2023,25,7,41.99605,-82.7179,Bottom,9.5,1,CHLA,ugL,4.07,
2846,2023-06-23,2023,25,7,41.99605,-82.7179,Bottom,9.5,2,CHLA,ugL,4.36,
2888,2023-06-23,2023,25,7,41.99605,-82.7179,Surface,1,1,COND,uS,244.9,
2866,2023-06-23,2023,25,7,41.99605,-82.7179,Bottom,9,1,COND,uS,245.7,
2885,2023-06-23,2023,25,7,41.99605,-82.7179,Surface,1,1,DO,%sat,101.3,
2863,2023-06-23,2023,25,7,41.99605,-82.7179,Bottom,9,1,DO,%sat,100.1,
2882,2023-06-23,2023,25,7,41.99605,-82.7179,Surface,1,1,DOC,mgL,2.21,
2860,2023-06-23,2023,25,7,41.99605,-82.7179,Bottom,9.5,1,DOC,mgL,1.75,
2869,2023-06-23,2023,25,7,41.99605,-82.7179,Surface,1,1,NH4,ugL,166.64,
2870,2023-06-23,2023,25,7,41.99605,-82.7179,Surface,1,2,NH4,ugL,174.13,
2847,2023-06-23,2023,25,7,41.99605,-82.7179,Bottom,9.5,1,NH4,ugL,100.12,
2848,2023-06-23,2023,25,7,41.99605,-82.7179,Bottom,9.5,2,NH4,ugL,87.82,
2871,2023-06-23,2023,25,7,41.99605,-82.7179,Surface,1,1,NO3,ugL,445.58,
2872,2023-06-23,2023,25,7,41.99605,-82.7179,Surface,1,2,NO3,ugL,449.40,
2849,2023-06-23,2023,25,7,41.99605,-82.7179,Bottom,9.5,1,NO3,ugL,437.75,
2850,2023-06-23,2023,25,7,41.99605,-82.7179,Bottom,9.5,2,NO3,ugL,424.33,
2886,2023-06-23,2023,25,7,41.99605,-82.7179,Surface,1,1,pH,pH,8.6,
2864,2023-06-23,2023,25,7,41.99605,-82.7179,Bottom,9,1,pH,pH,8.62,
2879,2023-06-23,2023,25,7,41.99605,-82.7179,Surface,1,1,PP,ugL,34.46,
2880,2023-06-23,2023,25,7,41.99605,-82.7179,Surface,1,2,PP,ugL,7.20,
2856,2023-06-23,2023,25,7,41.99605,-82.7179,Bottom,9.5,1,PP,ugL,46.16,
2857,2023-06-23,2023,25,7,41.99605,-82.7179,Bottom,9.5,2,PP,ugL,12.02,
2887,2023-06-23,2023,25,7,41.99605,-82.7179,Surface,1,1,PRESSURE,mmHg,744.6,
2865,2023-06-23,2023,25,7,41.99605,-82.7179,Bottom,9,1,PRESSURE,mmHg,744.6,
2889,2023-06-23,2023,25,7,41.99605,-82.7179,Surface,1,1,SECCHI,m,2.75,
2877,2023-06-23,2023,25,7,41.99605,-82.7179,Surface,1,1,SRP,ugL,0.73,
2878,2023-06-23,2023,25,7,41.99605,-82.7179,Surface,1,2,SRP,ugL,0.67,
2854,2023-06-23,2023,25,7,41.99605,-82.7179,Bottom,9.5,1,SRP,ugL,0.94,
2855,2023-06-23,2023,25,7,41.99605,-82.7179,Bottom,9.5,2,SRP,ugL,2.24,
2873,2023-06-23,2023,25,7,41.99605,-82.7179,Surface,1,1,TDN,ugL,568.10,
2874,2023-06-23,2023,25,7,41.99605,-82.7179,Surface,1,2,TDN,ugL,587.62,
2851,2023-06-23,2023,25,7,41.99605,-82.7179,Bottom,9.5,1,TDN,ugL,670.03,
2852,2023-06-23,2023,25,7,41.99605,-82.7179,Bottom,9.5,2,TDN,ugL,631.45,
2875,2023-06-23,2023,25,7,41.99605,-82.7179,Surface,1,1,TDP,ugL,1.62,
2876,2023-06-23,2023,25,7,41.99605,-82.7179,Surface,1,2,TDP,ugL,0.22,
2853,2023-06-23,2023,25,7,41.99605,-82.7179,Bottom,9.5,1,TDP,ugL,2.32,
2884,2023-06-23,2023,25,7,41.99605,-82.7179,Surface,1,1,TEMP,C,20.7,
2862,2023-06-23,2023,25,7,41.99605,-82.7179,Bottom,9,1,TEMP,C,20.7,
2881,2023-06-23,2023,25,7,41.99605,-82.7179,Surface,1,1,TP,ugL,,ND
2858,2023-06-23,2023,25,7,41.99605,-82.7179,Bottom,9.5,1,TP,ugL,3.62,
2859,2023-06-23,2023,25,7,41.99605,-82.7179,Bottom,9.5,2,TP,ugL,4.78,
2883,2023-06-23,2023,25,7,41.99605,-82.7179,Surface,1,1,TSS,mgL,2928.00,
2861,2023-06-23,2023,25,7,41.99605,-82.7179,Bottom,9.5,1,TSS,mgL,6050.00,
2912,2023-07-10,2023,28,2,41.913017,-82.73665,Surface,1,1,CHLA,ugL,5.64,
2913,2023-07-10,2023,28,2,41.913017,-82.73665,Surface,1,2,CHLA,ugL,5.41,
2890,2023-07-10,2023,28,2,41.913017,-82.73665,Bottom,10.9,1,CHLA,ugL,6.29,
2891,2023-07-10,2023,28,2,41.913017,-82.73665,Bottom,10.9,2,CHLA,ugL,6.30,
2931,2023-07-10,2023,28,2,41.913017,-82.73665,Surface,1,1,COND,uS,235.5,
2911,2023-07-10,2023,28,2,41.913017,-82.73665,Bottom,10.5,1,COND,uS,239.4,
2928,2023-07-10,2023,28,2,41.913017,-82.73665,Surface,1,1,DO,%sat,107.1,
2908,2023-07-10,2023,28,2,41.913017,-82.73665,Bottom,10.5,1,DO,%sat,96.5,
2925,2023-07-10,2023,28,2,41.913017,-82.73665,Surface,1,1,DOC,mgL,2.13,
2905,2023-07-10,2023,28,2,41.913017,-82.73665,Bottom,10.9,1,DOC,mgL,4.46,
2892,2023-07-10,2023,28,2,41.913017,-82.73665,Bottom,10.9,1,NH4,ugL,40.53,
2893,2023-07-10,2023,28,2,41.913017,-82.73665,Bottom,10.9,2,NH4,ugL,44.18,
2914,2023-07-10,2023,28,2,41.913017,-82.73665,Surface,1,1,NO3,ugL,301.51,
2915,2023-07-10,2023,28,2,41.913017,-82.73665,Surface,1,2,NO3,ugL,301.53,
2894,2023-07-10,2023,28,2,41.913017,-82.73665,Bottom,10.9,1,NO3,ugL,326.69,
2895,2023-07-10,2023,28,2,41.913017,-82.73665,Bottom,10.9,2,NO3,ugL,317.21,
2929,2023-07-10,2023,28,2,41.913017,-82.73665,Surface,1,1,pH,pH,8.6,
2909,2023-07-10,2023,28,2,41.913017,-82.73665,Bottom,10.5,1,pH,pH,8.25,
2921,2023-07-10,2023,28,2,41.913017,-82.73665,Surface,1,1,PP,ugL,29.36,
2922,2023-07-10,2023,28,2,41.913017,-82.73665,Surface,1,2,PP,ugL,6.52,
2901,2023-07-10,2023,28,2,41.913017,-82.73665,Bottom,10.9,1,PP,ugL,48.28,
2902,2023-07-10,2023,28,2,41.913017,-82.73665,Bottom,10.9,2,PP,ugL,9.40,
2930,2023-07-10,2023,28,2,41.913017,-82.73665,Surface,1,1,PRESSURE,mmHg,744.5,
2910,2023-07-10,2023,28,2,41.913017,-82.73665,Bottom,10.5,1,PRESSURE,mmHg,744.5,
2932,2023-07-10,2023,28,2,41.913017,-82.73665,Surface,1,1,SECCHI,m,3.5,
2919,2023-07-10,2023,28,2,41.913017,-82.73665,Surface,1,1,SRP,ugL,0.73,
2920,2023-07-10,2023,28,2,41.913017,-82.73665,Surface,1,2,SRP,ugL,0.88,
2899,2023-07-10,2023,28,2,41.913017,-82.73665,Bottom,10.9,1,SRP,ugL,0.79,
2900,2023-07-10,2023,28,2,41.913017,-82.73665,Bottom,10.9,2,SRP,ugL,1.18,
2916,2023-07-10,2023,28,2,41.913017,-82.73665,Surface,1,1,TDN,ugL,564.92,
2917,2023-07-10,2023,28,2,41.913017,-82.73665,Surface,1,2,TDN,ugL,470.55,
2896,2023-07-10,2023,28,2,41.913017,-82.73665,Bottom,10.9,1,TDN,ugL,532.54,
2897,2023-07-10,2023,28,2,41.913017,-82.73665,Bottom,10.9,2,TDN,ugL,492.75,
2918,2023-07-10,2023,28,2,41.913017,-82.73665,Surface,1,1,TDP,ugL,4.89,
2898,2023-07-10,2023,28,2,41.913017,-82.73665,Bottom,10.9,1,TDP,ugL,4.19,
2927,2023-07-10,2023,28,2,41.913017,-82.73665,Surface,1,1,TEMP,C,23.8,
2907,2023-07-10,2023,28,2,41.913017,-82.73665,Bottom,10.5,1,TEMP,C,22.8,
2923,2023-07-10,2023,28,2,41.913017,-82.73665,Surface,1,1,TP,ugL,4.41,
2924,2023-07-10,2023,28,2,41.913017,-82.73665,Surface,1,2,TP,ugL,5.09,
2903,2023-07-10,2023,28,2,41.913017,-82.73665,Bottom,10.9,1,TP,ugL,5.59,
2904,2023-07-10,2023,28,2,41.913017,-82.73665,Bottom,10.9,2,TP,ugL,6.91,
2926,2023-07-10,2023,28,2,41.913017,-82.73665,Surface,1,1,TSS,mgL,1449.00,
2906,2023-07-10,2023,28,2,41.913017,-82.73665,Bottom,10.9,1,TSS,mgL,2234.00,
2962,2023-07-10,2023,28,4,41.8927,-82.525767,Surface,1,1,CHLA,ugL,6.73,
2963,2023-07-10,2023,28,4,41.8927,-82.525767,Surface,1,2,CHLA,ugL,0.13,
2964,2023-07-10,2023,28,4,41.8927,-82.525767,Surface,1,3,CHLA,ugL,-0.07,
2933,2023-07-10,2023,28,4,41.8927,-82.525767,Bottom,9.8,1,CHLA,ugL,4.75,
2934,2023-07-10,2023,28,4,41.8927,-82.525767,Bottom,9.8,2,CHLA,ugL,4.05,
2976,2023-07-10,2023,28,4,41.8927,-82.525767,Surface,1,1,COND,uS,239.4,
2961,2023-07-10,2023,28,4,41.8927,-82.525767,Bottom,8.5,1,COND,uS,240,
2973,2023-07-10,2023,28,4,41.8927,-82.525767,Surface,1,1,DO,%sat,106.6,
2958,2023-07-10,2023,28,4,41.8927,-82.525767,Bottom,8.5,1,DO,%sat,106.5,
2968,2023-07-10,2023,28,4,41.8927,-82.525767,Surface,1,1,DOC,mgL,3.60,
2953,2023-07-10,2023,28,4,41.8927,-82.525767,Bottom,9.8,1,DOC,mgL,2.43,
2935,2023-07-10,2023,28,4,41.8927,-82.525767,Bottom,9.8,1,NH4,ugL,13.04,
2936,2023-07-10,2023,28,4,41.8927,-82.525767,Bottom,9.8,1,NH4,ugL,77.25,
2937,2023-07-10,2023,28,4,41.8927,-82.525767,Bottom,9.8,2,NH4,ugL,7.85,
2938,2023-07-10,2023,28,4,41.8927,-82.525767,Bottom,9.8,2,NH4,ugL,87.05,
2939,2023-07-10,2023,28,4,41.8927,-82.525767,Bottom,9.8,1,NO3,ugL,367.35,
2940,2023-07-10,2023,28,4,41.8927,-82.525767,Bottom,9.8,2,NO3,ugL,330.77,
2941,2023-07-10,2023,28,4,41.8927,-82.525767,Bottom,9.8,1,NO3,ugL,367.35,
2942,2023-07-10,2023,28,4,41.8927,-82.525767,Bottom,9.8,2,NO3,ugL,330.77,
2974,2023-07-10,2023,28,4,41.8927,-82.525767,Surface,1,1,pH,pH,8.59,
2959,2023-07-10,2023,28,4,41.8927,-82.525767,Bottom,8.5,1,pH,pH,8.6,
2970,2023-07-10,2023,28,4,41.8927,-82.525767,Surface,1,1,PP,ugL,42.03,
2971,2023-07-10,2023,28,4,41.8927,-82.525767,Surface,1,2,PP,ugL,6.91,
2955,2023-07-10,2023,28,4,41.8927,-82.525767,Bottom,9.8,1,PP,ugL,43.26,
2956,2023-07-10,2023,28,4,41.8927,-82.525767,Bottom,9.8,2,PP,ugL,9.34,
2975,2023-07-10,2023,28,4,41.8927,-82.525767,Surface,1,1,PRESSURE,mmHg,744.5,
2960,2023-07-10,2023,28,4,41.8927,-82.525767,Bottom,8.5,1,PRESSURE,mmHg,744.6,
2977,2023-07-10,2023,28,4,41.8927,-82.525767,Surface,1,1,SECCHI,m,3,
2965,2023-07-10,2023,28,4,41.8927,-82.525767,Surface,1,1,SRP,ugL,1.18,
2966,2023-07-10,2023,28,4,41.8927,-82.525767,Surface,1,2,SRP,ugL,0.52,
2949,2023-07-10,2023,28,4,41.8927,-82.525767,Bottom,9.8,1,SRP,ugL,0.73,
2950,2023-07-10,2023,28,4,41.8927,-82.525767,Bottom,9.8,2,SRP,ugL,2.12,
2943,2023-07-10,2023,28,4,41.8927,-82.525767,Bottom,9.8,1,TDN,ugL,551.69,
2944,2023-07-10,2023,28,4,41.8927,-82.525767,Bottom,9.8,2,TDN,ugL,554.80,
2945,2023-07-10,2023,28,4,41.8927,-82.525767,Bottom,9.8,1,TDN,ugL,551.69,
2946,2023-07-10,2023,28,4,41.8927,-82.525767,Bottom,9.8,2,TDN,ugL,554.80,
2947,2023-07-10,2023,28,4,41.8927,-82.525767,Bottom,9.8,1,TDP,ugL,0.68,
2948,2023-07-10,2023,28,4,41.8927,-82.525767,Bottom,9.8,1,TDP,ugL,6.99,
2972,2023-07-10,2023,28,4,41.8927,-82.525767,Surface,1,1,TEMP,C,23.8,
2957,2023-07-10,2023,28,4,41.8927,-82.525767,Bottom,8.5,1,TEMP,C,23.6,
2967,2023-07-10,2023,28,4,41.8927,-82.525767,Surface,1,1,TP,ugL,,ND
2951,2023-07-10,2023,28,4,41.8927,-82.525767,Bottom,9.8,1,TP,ugL,3.28,
2952,2023-07-10,2023,28,4,41.8927,-82.525767,Bottom,9.8,2,TP,ugL,3.41,
2969,2023-07-10,2023,28,4,41.8927,-82.525767,Surface,1,1,TSS,mgL,2143.00,
2954,2023-07-10,2023,28,4,41.8927,-82.525767,Bottom,9.8,1,TSS,mgL,2004.00,
3000,2023-07-10,2023,28,5,42.002583,-82.578633,Surface,1,1,CHLA,ugL,7.79,
3001,2023-07-10,2023,28,5,42.002583,-82.578633,Surface,1,2,CHLA,ugL,8.34,
2978,2023-07-10,2023,28,5,42.002583,-82.578633,Bottom,8.1,1,CHLA,ugL,16.11,
2979,2023-07-10,2023,28,5,42.002583,-82.578633,Bottom,8.1,2,CHLA,ugL,19.19,
3022,2023-07-10,2023,28,5,42.002583,-82.578633,Surface,1,1,COND,uS,241.8,
2999,2023-07-10,2023,28,5,42.002583,-82.578633,Bottom,7.5,1,COND,uS,255.1,
3019,2023-07-10,2023,28,5,42.002583,-82.578633,Surface,1,1,DO,%sat,103.2,
2996,2023-07-10,2023,28,5,42.002583,-82.578633,Bottom,7.5,1,DO,%sat,69.3,
3016,2023-07-10,2023,28,5,42.002583,-82.578633,Surface,1,1,DOC,mgL,2.40,
2993,2023-07-10,2023,28,5,42.002583,-82.578633,Bottom,8.1,1,DOC,mgL,3.16,
3002,2023-07-10,2023,28,5,42.002583,-82.578633,Surface,1,1,NH4,ugL,59.56,
3003,2023-07-10,2023,28,5,42.002583,-82.578633,Surface,1,2,NH4,ugL,50.34,
2980,2023-07-10,2023,28,5,42.002583,-82.578633,Bottom,8.1,1,NH4,ugL,136.84,
2981,2023-07-10,2023,28,5,42.002583,-82.578633,Bottom,8.1,2,NH4,ugL,130.88,
3004,2023-07-10,2023,28,5,42.002583,-82.578633,Surface,1,1,NO3,ugL,329.63,
3005,2023-07-10,2023,28,5,42.002583,-82.578633,Surface,1,2,NO3,ugL,386.03,
2982,2023-07-10,2023,28,5,42.002583,-82.578633,Bottom,8.1,1,NO3,ugL,308.26,
2983,2023-07-10,2023,28,5,42.002583,-82.578633,Bottom,8.1,2,NO3,ugL,303.62,
3020,2023-07-10,2023,28,5,42.002583,-82.578633,Surface,1,1,pH,pH,8.61,
2997,2023-07-10,2023,28,5,42.002583,-82.578633,Bottom,7.5,1,pH,pH,7.94,
3012,2023-07-10,2023,28,5,42.002583,-82.578633,Surface,1,1,PP,ugL,44.74,
3013,2023-07-10,2023,28,5,42.002583,-82.578633,Surface,1,2,PP,ugL,8.85,
2989,2023-07-10,2023,28,5,42.002583,-82.578633,Bottom,8.1,1,PP,ugL,71.26,
2990,2023-07-10,2023,28,5,42.002583,-82.578633,Bottom,8.1,2,PP,ugL,14.30,
3021,2023-07-10,2023,28,5,42.002583,-82.578633,Surface,1,1,PRESSURE,mmHg,744.1,
2998,2023-07-10,2023,28,5,42.002583,-82.578633,Bottom,7.5,1,PRESSURE,mmHg,744.2,
3023,2023-07-10,2023,28,5,42.002583,-82.578633,Surface,1,1,SECCHI,m,3,
3010,2023-07-10,2023,28,5,42.002583,-82.578633,Surface,1,1,SRP,ugL,0.76,
3011,2023-07-10,2023,28,5,42.002583,-82.578633,Surface,1,2,SRP,ugL,1.09,
2987,2023-07-10,2023,28,5,42.002583,-82.578633,Bottom,8.1,1,SRP,ugL,0.67,
2988,2023-07-10,2023,28,5,42.002583,-82.578633,Bottom,8.1,2,SRP,ugL,0.85,
3006,2023-07-10,2023,28,5,42.002583,-82.578633,Surface,1,1,TDN,ugL,517.59,
3007,2023-07-10,2023,28,5,42.002583,-82.578633,Surface,1,2,TDN,ugL,538.97,
2984,2023-07-10,2023,28,5,42.002583,-82.578633,Bottom,8.1,1,TDN,ugL,521.19,
2985,2023-07-10,2023,28,5,42.002583,-82.578633,Bottom,8.1,2,TDN,ugL,394.65,
3008,2023-07-10,2023,28,5,42.002583,-82.578633,Surface,1,1,TDP,ugL,4.42,
3009,2023-07-10,2023,28,5,42.002583,-82.578633,Surface,1,2,TDP,ugL,6.99,
2986,2023-07-10,2023,28,5,42.002583,-82.578633,Bottom,8.1,1,TDP,ugL,10.26,
3018,2023-07-10,2023,28,5,42.002583,-82.578633,Surface,1,1,TEMP,C,24.1,
2995,2023-07-10,2023,28,5,42.002583,-82.578633,Bottom,7.5,1,TEMP,C,21.1,
3014,2023-07-10,2023,28,5,42.002583,-82.578633,Surface,1,1,TP,ugL,5.06,
3015,2023-07-10,2023,28,5,42.002583,-82.578633,Surface,1,2,TP,ugL,4.19,
2991,2023-07-10,2023,28,5,42.002583,-82.578633,Bottom,8.1,1,TP,ugL,6.59,
2992,2023-07-10,2023,28,5,42.002583,-82.578633,Bottom,8.1,2,TP,ugL,8.78,
3017,2023-07-10,2023,28,5,42.002583,-82.578633,Surface,1,1,TSS,mgL,,ND
2994,2023-07-10,2023,28,5,42.002583,-82.578633,Bottom,8.1,1,TSS,mgL,5380.00,
3046,2023-07-10,2023,28,6,42.0222,-82.669683,Surface,1,1,CHLA,ugL,5.32,
3047,2023-07-10,2023,28,6,42.0222,-82.669683,Surface,1,2,CHLA,ugL,5.85,
3024,2023-07-10,2023,28,6,42.0222,-82.669683,Bottom,7.9,1,CHLA,ugL,4.48,
3025,2023-07-10,2023,28,6,42.0222,-82.669683,Bottom,7.9,2,CHLA,ugL,4.41,
3068,2023-07-10,2023,28,6,42.0222,-82.669683,Surface,1,1,COND,uS,238.2,
3045,2023-07-10,2023,28,6,42.0222,-82.669683,Bottom,7,1,COND,uS,243.2,
3065,2023-07-10,2023,28,6,42.0222,-82.669683,Surface,1,1,DO,%sat,107.4,
3042,2023-07-10,2023,28,6,42.0222,-82.669683,Bottom,7,1,DO,%sat,83.2,
3062,2023-07-10,2023,28,6,42.0222,-82.669683,Surface,1,1,DOC,mgL,1.79,
3039,2023-07-10,2023,28,6,42.0222,-82.669683,Bottom,7.9,1,DOC,mgL,2.62,
3048,2023-07-10,2023,28,6,42.0222,-82.669683,Surface,1,1,NH4,ugL,137.42,
3049,2023-07-10,2023,28,6,42.0222,-82.669683,Surface,1,2,NH4,ugL,138.19,
3026,2023-07-10,2023,28,6,42.0222,-82.669683,Bottom,7.9,1,NH4,ugL,34.38,
3027,2023-07-10,2023,28,6,42.0222,-82.669683,Bottom,7.9,2,NH4,ugL,34.77,
3050,2023-07-10,2023,28,6,42.0222,-82.669683,Surface,1,1,NO3,ugL,-26.87,BDL
3051,2023-07-10,2023,28,6,42.0222,-82.669683,Surface,1,1,NO3,ugL,-26.87,BDL
3052,2023-07-10,2023,28,6,42.0222,-82.669683,Surface,1,2,NO3,ugL,324.27,
3028,2023-07-10,2023,28,6,42.0222,-82.669683,Bottom,7.9,1,NO3,ugL,288.91,
3029,2023-07-10,2023,28,6,42.0222,-82.669683,Bottom,7.9,2,NO3,ugL,299.91,
3066,2023-07-10,2023,28,6,42.0222,-82.669683,Surface,1,1,pH,pH,8.55,
3043,2023-07-10,2023,28,6,42.0222,-82.669683,Bottom,7,1,pH,pH,7.83,
3058,2023-07-10,2023,28,6,42.0222,-82.669683,Surface,1,1,PP,ugL,37.41,
3059,2023-07-10,2023,28,6,42.0222,-82.669683,Surface,1,2,PP,ugL,7.60,
3035,2023-07-10,2023,28,6,42.0222,-82.669683,Bottom,7.9,1,PP,ugL,40.18,
3036,2023-07-10,2023,28,6,42.0222,-82.669683,Bottom,7.9,2,PP,ugL,8.62,
3067,2023-07-10,2023,28,6,42.0222,-82.669683,Surface,1,1,PRESSURE,mmHg,744.4,
3044,2023-07-10,2023,28,6,42.0222,-82.669683,Bottom,7,1,PRESSURE,mmHg,744.5,
3069,2023-07-10,2023,28,6,42.0222,-82.669683,Surface,1,1,SECCHI,m,3.5,
3056,2023-07-10,2023,28,6,42.0222,-82.669683,Surface,1,1,SRP,ugL,0.46,
3057,2023-07-10,2023,28,6,42.0222,-82.669683,Surface,1,2,SRP,ugL,0.97,
3033,2023-07-10,2023,28,6,42.0222,-82.669683,Bottom,7.9,1,SRP,ugL,0.55,
3034,2023-07-10,2023,28,6,42.0222,-82.669683,Bottom,7.9,2,SRP,ugL,1.09,
3053,2023-07-10,2023,28,6,42.0222,-82.669683,Surface,1,1,TDN,ugL,488.70,
3054,2023-07-10,2023,28,6,42.0222,-82.669683,Surface,1,2,TDN,ugL,449.11,
3030,2023-07-10,2023,28,6,42.0222,-82.669683,Bottom,7.9,1,TDN,ugL,460.28,
3031,2023-07-10,2023,28,6,42.0222,-82.669683,Bottom,7.9,2,TDN,ugL,337.78,
3055,2023-07-10,2023,28,6,42.0222,-82.669683,Surface,1,1,TDP,ugL,4.89,
3032,2023-07-10,2023,28,6,42.0222,-82.669683,Bottom,7.9,1,TDP,ugL,2.79,
3064,2023-07-10,2023,28,6,42.0222,-82.669683,Surface,1,1,TEMP,C,24.3,
3041,2023-07-10,2023,28,6,42.0222,-82.669683,Bottom,7,1,TEMP,C,21.6,
3060,2023-07-10,2023,28,6,42.0222,-82.669683,Surface,1,1,TP,ugL,3.28,
3061,2023-07-10,2023,28,6,42.0222,-82.669683,Surface,1,2,TP,ugL,4.31,
3037,2023-07-10,2023,28,6,42.0222,-82.669683,Bottom,7.9,1,TP,ugL,3.09,
3038,2023-07-10,2023,28,6,42.0222,-82.669683,Bottom,7.9,2,TP,ugL,3.78,
3063,2023-07-10,2023,28,6,42.0222,-82.669683,Surface,1,1,TSS,mgL,1329.00,
3040,2023-07-10,2023,28,6,42.0222,-82.669683,Bottom,7.9,1,TSS,mgL,2162.00,
3092,2023-07-10,2023,28,7,41.99605,-82.7179,Surface,1,1,CHLA,ugL,4.10,
3093,2023-07-10,2023,28,7,41.99605,-82.7179,Surface,1,2,CHLA,ugL,3.98,
3070,2023-07-10,2023,28,7,41.99605,-82.7179,Bottom,9.5,1,CHLA,ugL,4.57,
3071,2023-07-10,2023,28,7,41.99605,-82.7179,Bottom,9.5,2,CHLA,ugL,4.90,
3111,2023-07-10,2023,28,7,41.99605,-82.7179,Surface,1,1,COND,uS,235.1,
3091,2023-07-10,2023,28,7,41.99605,-82.7179,Bottom,9,1,COND,uS,237.6,
3108,2023-07-10,2023,28,7,41.99605,-82.7179,Surface,1,1,DO,%sat,104.6,
3088,2023-07-10,2023,28,7,41.99605,-82.7179,Bottom,9,1,DO,%sat,97.4,
3105,2023-07-10,2023,28,7,41.99605,-82.7179,Surface,1,1,DOC,mgL,2.04,
3085,2023-07-10,2023,28,7,41.99605,-82.7179,Bottom,9.5,1,DOC,mgL,1.83,
3094,2023-07-10,2023,28,7,41.99605,-82.7179,Surface,1,1,NH4,ugL,13.62,
3095,2023-07-10,2023,28,7,41.99605,-82.7179,Surface,1,2,NH4,ugL,11.31,
3072,2023-07-10,2023,28,7,41.99605,-82.7179,Bottom,9.5,1,NH4,ugL,37.65,
3073,2023-07-10,2023,28,7,41.99605,-82.7179,Bottom,9.5,2,NH4,ugL,37.07,
3096,2023-07-10,2023,28,7,41.99605,-82.7179,Surface,1,1,NO3,ugL,277.15,
3097,2023-07-10,2023,28,7,41.99605,-82.7179,Surface,1,2,NO3,ugL,225.72,
3074,2023-07-10,2023,28,7,41.99605,-82.7179,Bottom,9.5,1,NO3,ugL,292.59,
3075,2023-07-10,2023,28,7,41.99605,-82.7179,Bottom,9.5,2,NO3,ugL,297.60,
3109,2023-07-10,2023,28,7,41.99605,-82.7179,Surface,1,1,pH,pH,8.54,
3089,2023-07-10,2023,28,7,41.99605,-82.7179,Bottom,9,1,pH,pH,8.28,
3103,2023-07-10,2023,28,7,41.99605,-82.7179,Surface,1,1,PP,ugL,37.99,
3104,2023-07-10,2023,28,7,41.99605,-82.7179,Surface,1,2,PP,ugL,7.05,
3081,2023-07-10,2023,28,7,41.99605,-82.7179,Bottom,9.5,1,PP,ugL,39.10,
3082,2023-07-10,2023,28,7,41.99605,-82.7179,Bottom,9.5,2,PP,ugL,8.07,
3110,2023-07-10,2023,28,7,41.99605,-82.7179,Surface,1,1,PRESSURE,mmHg,744.5,
3090,2023-07-10,2023,28,7,41.99605,-82.7179,Bottom,9,1,PRESSURE,mmHg,744.3,
3112,2023-07-10,2023,28,7,41.99605,-82.7179,Surface,1,1,SECCHI,m,3,
3101,2023-07-10,2023,28,7,41.99605,-82.7179,Surface,1,1,SRP,ugL,0.76,
3102,2023-07-10,2023,28,7,41.99605,-82.7179,Surface,1,2,SRP,ugL,1.36,
3079,2023-07-10,2023,28,7,41.99605,-82.7179,Bottom,9.5,1,SRP,ugL,1.79,
3080,2023-07-10,2023,28,7,41.99605,-82.7179,Bottom,9.5,2,SRP,ugL,1.18,
3098,2023-07-10,2023,28,7,41.99605,-82.7179,Surface,1,1,TDN,ugL,406.82,
3099,2023-07-10,2023,28,7,41.99605,-82.7179,Surface,1,2,TDN,ugL,415.31,
3076,2023-07-10,2023,28,7,41.99605,-82.7179,Bottom,9.5,1,TDN,ugL,531.28,
3077,2023-07-10,2023,28,7,41.99605,-82.7179,Bottom,9.5,2,TDN,ugL,427.09,
3100,2023-07-10,2023,28,7,41.99605,-82.7179,Surface,1,1,TDP,ugL,5.59,
3078,2023-07-10,2023,28,7,41.99605,-82.7179,Bottom,9.5,1,TDP,ugL,4.19,
3107,2023-07-10,2023,28,7,41.99605,-82.7179,Surface,1,1,TEMP,C,23.9,
3087,2023-07-10,2023,28,7,41.99605,-82.7179,Bottom,9,1,TEMP,C,22.8,
3083,2023-07-10,2023,28,7,41.99605,-82.7179,Bottom,9.5,1,TP,ugL,3.66,
3084,2023-07-10,2023,28,7,41.99605,-82.7179,Bottom,9.5,2,TP,ugL,5.03,
3106,2023-07-10,2023,28,7,41.99605,-82.7179,Surface,1,1,TSS,mgL,1532.00,
3086,2023-07-10,2023,28,7,41.99605,-82.7179,Bottom,9.5,1,TSS,mgL,1721.00,
3122,2023-07-17,2023,29,2,41.913017,-82.73665,Surface,1,1,COND,uS,241.7,
3117,2023-07-17,2023,29,2,41.913017,-82.73665,Bottom,10.5,1,COND,uS,241.8,
3119,2023-07-17,2023,29,2,41.913017,-82.73665,Surface,1,1,DO,%sat,104.8,
3114,2023-07-17,2023,29,2,41.913017,-82.73665,Bottom,10.5,1,DO,%sat,100.1,
3120,2023-07-17,2023,29,2,41.913017,-82.73665,Surface,1,1,pH,pH,8.48,
3115,2023-07-17,2023,29,2,41.913017,-82.73665,Bottom,10.5,1,pH,pH,8.37,
3121,2023-07-17,2023,29,2,41.913017,-82.73665,Surface,1,1,PRESSURE,mmHg,747.9,
3116,2023-07-17,2023,29,2,41.913017,-82.73665,Bottom,10.5,1,PRESSURE,mmHg,747.9,
3123,2023-07-17,2023,29,2,41.913017,-82.73665,Surface,1,1,SECCHI,m,3,
3118,2023-07-17,2023,29,2,41.913017,-82.73665,Surface,1,1,TEMP,C,24.1,
3113,2023-07-17,2023,29,2,41.913017,-82.73665,Bottom,10.5,1,TEMP,C,23.6,
3133,2023-07-17,2023,29,4,41.8927,-82.525767,Surface,1,1,COND,uS,243.4,
3128,2023-07-17,2023,29,4,41.8927,-82.525767,Bottom,8.5,1,COND,uS,243.9,
3130,2023-07-17,2023,29,4,41.8927,-82.525767,Surface,1,1,DO,%sat,103.7,
3125,2023-07-17,2023,29,4,41.8927,-82.525767,Bottom,8.5,1,DO,%sat,100.1,
3131,2023-07-17,2023,29,4,41.8927,-82.525767,Surface,1,1,pH,pH,8.44,
3126,2023-07-17,2023,29,4,41.8927,-82.525767,Bottom,8.5,1,pH,pH,8.36,
3132,2023-07-17,2023,29,4,41.8927,-82.525767,Surface,1,1,PRESSURE,mmHg,747.9,
3127,2023-07-17,2023,29,4,41.8927,-82.525767,Bottom,8.5,1,PRESSURE,mmHg,747.8,
3134,2023-07-17,2023,29,4,41.8927,-82.525767,Surface,1,1,SECCHI,m,3.5,
3129,2023-07-17,2023,29,4,41.8927,-82.525767,Surface,1,1,TEMP,C,24.2,
3124,2023-07-17,2023,29,4,41.8927,-82.525767,Bottom,8.5,1,TEMP,C,23.4,
3144,2023-07-17,2023,29,5,42.002583,-82.578633,Surface,1,1,COND,uS,237.2,
3139,2023-07-17,2023,29,5,42.002583,-82.578633,Bottom,7.5,1,COND,uS,237.8,
3141,2023-07-17,2023,29,5,42.002583,-82.578633,Surface,1,1,DO,%sat,109.8,
3136,2023-07-17,2023,29,5,42.002583,-82.578633,Bottom,7.5,1,DO,%sat,102.5,
3142,2023-07-17,2023,29,5,42.002583,-82.578633,Surface,1,1,pH,pH,8.51,
3137,2023-07-17,2023,29,5,42.002583,-82.578633,Bottom,7.5,1,pH,pH,8.34,
3143,2023-07-17,2023,29,5,42.002583,-82.578633,Surface,1,1,PRESSURE,mmHg,747.9,
3138,2023-07-17,2023,29,5,42.002583,-82.578633,Bottom,7.5,1,PRESSURE,mmHg,747.9,
3145,2023-07-17,2023,29,5,42.002583,-82.578633,Surface,1,1,SECCHI,m,3.00,
3140,2023-07-17,2023,29,5,42.002583,-82.578633,Surface,1,1,TEMP,C,24.4,
3135,2023-07-17,2023,29,5,42.002583,-82.578633,Bottom,7.5,1,TEMP,C,23.7,
3155,2023-07-17,2023,29,6,42.0222,-82.669683,Surface,1,1,COND,uS,235.3,
3150,2023-07-17,2023,29,6,42.0222,-82.669683,Bottom,7,1,COND,uS,236.5,
3152,2023-07-17,2023,29,6,42.0222,-82.669683,Surface,1,1,DO,%sat,106.2,
3147,2023-07-17,2023,29,6,42.0222,-82.669683,Bottom,7,1,DO,%sat,99.8,
3153,2023-07-17,2023,29,6,42.0222,-82.669683,Surface,1,1,pH,pH,8.54,
3148,2023-07-17,2023,29,6,42.0222,-82.669683,Bottom,7,1,pH,pH,8.29,
3154,2023-07-17,2023,29,6,42.0222,-82.669683,Surface,1,1,PRESSURE,mmHg,747.5,
3149,2023-07-17,2023,29,6,42.0222,-82.669683,Bottom,7,1,PRESSURE,mmHg,747.6,
3156,2023-07-17,2023,29,6,42.0222,-82.669683,Surface,1,1,SECCHI,m,3,
3151,2023-07-17,2023,29,6,42.0222,-82.669683,Surface,1,1,TEMP,C,23.6,
3146,2023-07-17,2023,29,6,42.0222,-82.669683,Bottom,7,1,TEMP,C,23.4,
3166,2023-07-17,2023,29,7,41.99605,-82.7179,Surface,1,1,COND,uS,235.9,
3161,2023-07-17,2023,29,7,41.99605,-82.7179,Bottom,9,1,COND,uS,236.2,
3163,2023-07-17,2023,29,7,41.99605,-82.7179,Surface,1,1,DO,%sat,109.4,
3158,2023-07-17,2023,29,7,41.99605,-82.7179,Bottom,9,1,DO,%sat,106.1,
3164,2023-07-17,2023,29,7,41.99605,-82.7179,Surface,1,1,pH,pH,8.59,
3159,2023-07-17,2023,29,7,41.99605,-82.7179,Bottom,9,1,pH,pH,8.47,
3165,2023-07-17,2023,29,7,41.99605,-82.7179,Surface,1,1,PRESSURE,mmHg,747.7,
3160,2023-07-17,2023,29,7,41.99605,-82.7179,Bottom,9,1,PRESSURE,mmHg,747.6,
3167,2023-07-17,2023,29,7,41.99605,-82.7179,Surface,1,1,SECCHI,m,3,
3162,2023-07-17,2023,29,7,41.99605,-82.7179,Surface,1,1,TEMP,C,23.9,
3157,2023-07-17,2023,29,7,41.99605,-82.7179,Bottom,9,1,TEMP,C,23.5,
3185,2023-07-19,2023,29,2,41.913017,-82.73665,Surface,1,1,CHLA,ugL,11.40,
3186,2023-07-19,2023,29,2,41.913017,-82.73665,Surface,1,2,CHLA,ugL,11.43,
3168,2023-07-19,2023,29,2,41.913017,-82.73665,Bottom,10.9,1,CHLA,ugL,10.46,
3169,2023-07-19,2023,29,2,41.913017,-82.73665,Bottom,10.9,2,CHLA,ugL,10.83,
3200,2023-07-19,2023,29,2,41.913017,-82.73665,Surface,1,1,DOC,mgL,3.84,
3183,2023-07-19,2023,29,2,41.913017,-82.73665,Bottom,10.9,1,DOC,mgL,2.30,
3187,2023-07-19,2023,29,2,41.913017,-82.73665,Surface,1,1,NH4,ugL,3.62,
3188,2023-07-19,2023,29,2,41.913017,-82.73665,Surface,1,2,NH4,ugL,7.66,
3170,2023-07-19,2023,29,2,41.913017,-82.73665,Bottom,10.9,1,NH4,ugL,32.07,
3171,2023-07-19,2023,29,2,41.913017,-82.73665,Bottom,10.9,2,NH4,ugL,34.19,
3189,2023-07-19,2023,29,2,41.913017,-82.73665,Surface,1,1,NO3,ugL,282.43,
3190,2023-07-19,2023,29,2,41.913017,-82.73665,Surface,1,2,NO3,ugL,301.14,
3172,2023-07-19,2023,29,2,41.913017,-82.73665,Bottom,10.9,1,NO3,ugL,261.00,
3173,2023-07-19,2023,29,2,41.913017,-82.73665,Bottom,10.9,2,NO3,ugL,267.97,
3196,2023-07-19,2023,29,2,41.913017,-82.73665,Surface,1,1,PP,ugL,10.32,
3197,2023-07-19,2023,29,2,41.913017,-82.73665,Surface,1,2,PP,ugL,53.83,
3179,2023-07-19,2023,29,2,41.913017,-82.73665,Bottom,10.9,1,PP,ugL,10.98,
3180,2023-07-19,2023,29,2,41.913017,-82.73665,Bottom,10.9,2,PP,ugL,51.43,
3194,2023-07-19,2023,29,2,41.913017,-82.73665,Surface,1,1,SRP,ugL,0.73,
3195,2023-07-19,2023,29,2,41.913017,-82.73665,Surface,1,2,SRP,ugL,0.73,
3177,2023-07-19,2023,29,2,41.913017,-82.73665,Bottom,10.9,1,SRP,ugL,1.18,
3178,2023-07-19,2023,29,2,41.913017,-82.73665,Bottom,10.9,2,SRP,ugL,2.75,
3191,2023-07-19,2023,29,2,41.913017,-82.73665,Surface,1,1,TDN,ugL,421.51,
3192,2023-07-19,2023,29,2,41.913017,-82.73665,Surface,1,2,TDN,ugL,410.33,
3174,2023-07-19,2023,29,2,41.913017,-82.73665,Bottom,10.9,1,TDN,ugL,535.06,
3175,2023-07-19,2023,29,2,41.913017,-82.73665,Bottom,10.9,2,TDN,ugL,534.64,
3193,2023-07-19,2023,29,2,41.913017,-82.73665,Surface,1,1,TDP,ugL,11.42,
3176,2023-07-19,2023,29,2,41.913017,-82.73665,Bottom,10.9,1,TDP,ugL,6.29,
3198,2023-07-19,2023,29,2,41.913017,-82.73665,Surface,1,1,TP,ugL,2.28,
3199,2023-07-19,2023,29,2,41.913017,-82.73665,Surface,1,2,TP,ugL,2.50,
3181,2023-07-19,2023,29,2,41.913017,-82.73665,Bottom,10.9,1,TP,ugL,5.12,
3182,2023-07-19,2023,29,2,41.913017,-82.73665,Bottom,10.9,2,TP,ugL,6.66,
3201,2023-07-19,2023,29,2,41.913017,-82.73665,Surface,1,1,TSS,mgL,,ND
3184,2023-07-19,2023,29,2,41.913017,-82.73665,Bottom,10.9,1,TSS,mgL,3472.00,
3219,2023-07-19,2023,29,4,41.8927,-82.525767,Surface,1,1,CHLA,ugL,5.55,
3220,2023-07-19,2023,29,4,41.8927,-82.525767,Surface,1,2,CHLA,ugL,4.83,
3202,2023-07-19,2023,29,4,41.8927,-82.525767,Bottom,9.8,1,CHLA,ugL,6.05,
3203,2023-07-19,2023,29,4,41.8927,-82.525767,Bottom,9.8,2,CHLA,ugL,5.42,
3232,2023-07-19,2023,29,4,41.8927,-82.525767,Surface,1,1,DOC,mgL,6.69,
3215,2023-07-19,2023,29,4,41.8927,-82.525767,Bottom,9.8,1,DOC,mgL,4.29,
3221,2023-07-19,2023,29,4,41.8927,-82.525767,Surface,1,1,NH4,ugL,12.08,
3222,2023-07-19,2023,29,4,41.8927,-82.525767,Surface,1,2,NH4,ugL,14.58,
3204,2023-07-19,2023,29,4,41.8927,-82.525767,Bottom,9.8,1,NH4,ugL,15.54,
3205,2023-07-19,2023,29,4,41.8927,-82.525767,Bottom,9.8,2,NH4,ugL,16.50,
3223,2023-07-19,2023,29,4,41.8927,-82.525767,Surface,1,1,NO3,ugL,315.24,
3224,2023-07-19,2023,29,4,41.8927,-82.525767,Surface,1,2,NO3,ugL,305.23,
3206,2023-07-19,2023,29,4,41.8927,-82.525767,Bottom,9.8,1,NO3,ugL,250.29,
3207,2023-07-19,2023,29,4,41.8927,-82.525767,Bottom,9.8,2,NO3,ugL,246.96,
3234,2023-07-19,2023,29,4,41.8927,-82.525767,Surface,1,1,PP,ugL,8.70,
3235,2023-07-19,2023,29,4,41.8927,-82.525767,Surface,1,2,PP,ugL,40.77,
3217,2023-07-19,2023,29,4,41.8927,-82.525767,Bottom,9.8,1,PP,ugL,10.47,
3218,2023-07-19,2023,29,4,41.8927,-82.525767,Bottom,9.8,2,PP,ugL,48.53,
3228,2023-07-19,2023,29,4,41.8927,-82.525767,Surface,1,1,SRP,ugL,0.64,
3229,2023-07-19,2023,29,4,41.8927,-82.525767,Surface,1,2,SRP,ugL,0.64,
3211,2023-07-19,2023,29,4,41.8927,-82.525767,Bottom,9.8,1,SRP,ugL,1.18,
3212,2023-07-19,2023,29,4,41.8927,-82.525767,Bottom,9.8,2,SRP,ugL,0.64,
3225,2023-07-19,2023,29,4,41.8927,-82.525767,Surface,1,1,TDN,ugL,426.66,
3226,2023-07-19,2023,29,4,41.8927,-82.525767,Surface,1,2,TDN,ugL,428.54,
3208,2023-07-19,2023,29,4,41.8927,-82.525767,Bottom,9.8,1,TDN,ugL,506.42,
3209,2023-07-19,2023,29,4,41.8927,-82.525767,Bottom,9.8,2,TDN,ugL,486.15,
3227,2023-07-19,2023,29,4,41.8927,-82.525767,Surface,1,1,TDP,ugL,7.45,
3210,2023-07-19,2023,29,4,41.8927,-82.525767,Bottom,9.8,1,TDP,ugL,0.92,
3230,2023-07-19,2023,29,4,41.8927,-82.525767,Surface,1,1,TP,ugL,4.84,
3231,2023-07-19,2023,29,4,41.8927,-82.525767,Surface,1,2,TP,ugL,5.31,
3213,2023-07-19,2023,29,4,41.8927,-82.525767,Bottom,9.8,1,TP,ugL,4.06,
3214,2023-07-19,2023,29,4,41.8927,-82.525767,Bottom,9.8,2,TP,ugL,3.66,
3233,2023-07-19,2023,29,4,41.8927,-82.525767,Surface,1,1,TSS,mgL,1078.00,
3216,2023-07-19,2023,29,4,41.8927,-82.525767,Bottom,9.8,1,TSS,mgL,2526.00,
3252,2023-07-19,2023,29,5,42.002583,-82.578633,Surface,1,1,CHLA,ugL,6.14,
3253,2023-07-19,2023,29,5,42.002583,-82.578633,Surface,1,2,CHLA,ugL,6.45,
3236,2023-07-19,2023,29,5,42.002583,-82.578633,Bottom,8.1,1,CHLA,ugL,8.19,
3237,2023-07-19,2023,29,5,42.002583,-82.578633,Bottom,8.1,2,CHLA,ugL,8.95,
3266,2023-07-19,2023,29,5,42.002583,-82.578633,Surface,1,1,DOC,mgL,11.56,
3250,2023-07-19,2023,29,5,42.002583,-82.578633,Bottom,8.1,1,DOC,mgL,1.75,
3254,2023-07-19,2023,29,5,42.002583,-82.578633,Surface,1,1,NH4,ugL,11.70,
3255,2023-07-19,2023,29,5,42.002583,-82.578633,Surface,1,2,NH4,ugL,15.35,
3238,2023-07-19,2023,29,5,42.002583,-82.578633,Bottom,8.1,1,NH4,ugL,82.82,
3239,2023-07-19,2023,29,5,42.002583,-82.578633,Bottom,8.1,2,NH4,ugL,89.55,
3256,2023-07-19,2023,29,5,42.002583,-82.578633,Surface,1,1,NO3,ugL,264.16,
3257,2023-07-19,2023,29,5,42.002583,-82.578633,Surface,1,2,NO3,ugL,254.99,
3240,2023-07-19,2023,29,5,42.002583,-82.578633,Bottom,8.1,1,NO3,ugL,273.57,
3241,2023-07-19,2023,29,5,42.002583,-82.578633,Bottom,8.1,2,NO3,ugL,275.39,
3263,2023-07-19,2023,29,5,42.002583,-82.578633,Surface,1,1,PP,ugL,9.55,
3264,2023-07-19,2023,29,5,42.002583,-82.578633,Surface,1,2,PP,ugL,52.17,
3247,2023-07-19,2023,29,5,42.002583,-82.578633,Bottom,8.1,1,PP,ugL,11.95,
3248,2023-07-19,2023,29,5,42.002583,-82.578633,Bottom,8.1,2,PP,ugL,60.74,
3261,2023-07-19,2023,29,5,42.002583,-82.578633,Surface,1,1,SRP,ugL,0.64,
3262,2023-07-19,2023,29,5,42.002583,-82.578633,Surface,1,2,SRP,ugL,0.49,
3245,2023-07-19,2023,29,5,42.002583,-82.578633,Bottom,8.1,1,SRP,ugL,0.88,
3246,2023-07-19,2023,29,5,42.002583,-82.578633,Bottom,8.1,2,SRP,ugL,0.97,
3258,2023-07-19,2023,29,5,42.002583,-82.578633,Surface,1,1,TDN,ugL,363.30,
3259,2023-07-19,2023,29,5,42.002583,-82.578633,Surface,1,2,TDN,ugL,383.57,
3242,2023-07-19,2023,29,5,42.002583,-82.578633,Bottom,8.1,1,TDN,ugL,494.47,
3243,2023-07-19,2023,29,5,42.002583,-82.578633,Bottom,8.1,2,TDN,ugL,490.21,
3260,2023-07-19,2023,29,5,42.002583,-82.578633,Surface,1,1,TDP,ugL,0.68,
3244,2023-07-19,2023,29,5,42.002583,-82.578633,Bottom,8.1,1,TDP,ugL,11.42,
3265,2023-07-19,2023,29,5,42.002583,-82.578633,Surface,1,1,TP,ugL,,ND
3249,2023-07-19,2023,29,5,42.002583,-82.578633,Bottom,8.1,1,TP,ugL,,ND
3267,2023-07-19,2023,29,5,42.002583,-82.578633,Surface,1,1,TSS,mgL,2292.00,
3251,2023-07-19,2023,29,5,42.002583,-82.578633,Bottom,8.1,1,TSS,mgL,3742.00,
3285,2023-07-19,2023,29,6,42.0222,-82.669683,Surface,1,1,CHLA,ugL,6.46,
3286,2023-07-19,2023,29,6,42.0222,-82.669683,Surface,1,2,CHLA,ugL,6.46,
3268,2023-07-19,2023,29,6,42.0222,-82.669683,Bottom,7.9,1,CHLA,ugL,6.67,
3269,2023-07-19,2023,29,6,42.0222,-82.669683,Bottom,7.9,2,CHLA,ugL,6.19,
3299,2023-07-19,2023,29,6,42.0222,-82.669683,Surface,1,1,DOC,mgL,1.72,
3283,2023-07-19,2023,29,6,42.0222,-82.669683,Bottom,7.9,1,DOC,mgL,1.67,
3287,2023-07-19,2023,29,6,42.0222,-82.669683,Surface,1,1,NH4,ugL,23.04,
3288,2023-07-19,2023,29,6,42.0222,-82.669683,Surface,1,2,NH4,ugL,25.54,
3270,2023-07-19,2023,29,6,42.0222,-82.669683,Bottom,7.9,1,NH4,ugL,54.95,
3271,2023-07-19,2023,29,6,42.0222,-82.669683,Bottom,7.9,2,NH4,ugL,54.76,
3289,2023-07-19,2023,29,6,42.0222,-82.669683,Surface,1,1,NO3,ugL,225.43,
3290,2023-07-19,2023,29,6,42.0222,-82.669683,Surface,1,2,NO3,ugL,225.78,
3272,2023-07-19,2023,29,6,42.0222,-82.669683,Bottom,7.9,1,NO3,ugL,186.80,
3273,2023-07-19,2023,29,6,42.0222,-82.669683,Bottom,7.9,2,NO3,ugL,188.17,
3296,2023-07-19,2023,29,6,42.0222,-82.669683,Surface,1,1,PP,ugL,8.37,
3297,2023-07-19,2023,29,6,42.0222,-82.669683,Surface,1,2,PP,ugL,44.16,
3279,2023-07-19,2023,29,6,42.0222,-82.669683,Bottom,7.9,1,PP,ugL,17.68,
3280,2023-07-19,2023,29,6,42.0222,-82.669683,Bottom,7.9,2,PP,ugL,95.91,
3294,2023-07-19,2023,29,6,42.0222,-82.669683,Surface,1,1,SRP,ugL,0.91,
3295,2023-07-19,2023,29,6,42.0222,-82.669683,Surface,1,2,SRP,ugL,1.36,
3277,2023-07-19,2023,29,6,42.0222,-82.669683,Bottom,7.9,1,SRP,ugL,1.82,
3278,2023-07-19,2023,29,6,42.0222,-82.669683,Bottom,7.9,2,SRP,ugL,1.69,
3291,2023-07-19,2023,29,6,42.0222,-82.669683,Surface,1,1,TDN,ugL,384.93,
3292,2023-07-19,2023,29,6,42.0222,-82.669683,Surface,1,2,TDN,ugL,407.76,
3274,2023-07-19,2023,29,6,42.0222,-82.669683,Bottom,7.9,1,TDN,ugL,640.02,
3275,2023-07-19,2023,29,6,42.0222,-82.669683,Bottom,7.9,2,TDN,ugL,630.25,
3293,2023-07-19,2023,29,6,42.0222,-82.669683,Surface,1,1,TDP,ugL,3.25,
3276,2023-07-19,2023,29,6,42.0222,-82.669683,Bottom,7.9,1,TDP,ugL,20.30,
3298,2023-07-19,2023,29,6,42.0222,-82.669683,Surface,1,1,TP,ugL,,ND
3281,2023-07-19,2023,29,6,42.0222,-82.669683,Bottom,7.9,1,TP,ugL,13.25,
3282,2023-07-19,2023,29,6,42.0222,-82.669683,Bottom,7.9,2,TP,ugL,16.28,
3300,2023-07-19,2023,29,6,42.0222,-82.669683,Surface,1,1,TSS,mgL,2318.00,
3284,2023-07-19,2023,29,6,42.0222,-82.669683,Bottom,7.9,1,TSS,mgL,4266.00,
3317,2023-07-19,2023,29,7,41.99605,-82.7179,Surface,1,1,CHLA,ugL,5.96,
3318,2023-07-19,2023,29,7,41.99605,-82.7179,Surface,1,2,CHLA,ugL,6.64,
3301,2023-07-19,2023,29,7,41.99605,-82.7179,Bottom,9.5,1,CHLA,ugL,7.57,
3302,2023-07-19,2023,29,7,41.99605,-82.7179,Bottom,9.5,2,CHLA,ugL,7.43,
3330,2023-07-19,2023,29,7,41.99605,-82.7179,Surface,1,1,DOC,mgL,7.84,
3315,2023-07-19,2023,29,7,41.99605,-82.7179,Bottom,9.5,1,DOC,mgL,6.43,
3319,2023-07-19,2023,29,7,41.99605,-82.7179,Surface,1,1,NH4,ugL,16.12,
3320,2023-07-19,2023,29,7,41.99605,-82.7179,Surface,1,2,NH4,ugL,19.39,
3303,2023-07-19,2023,29,7,41.99605,-82.7179,Bottom,9.5,1,NH4,ugL,11.89,
3304,2023-07-19,2023,29,7,41.99605,-82.7179,Bottom,9.5,2,NH4,ugL,11.50,
3321,2023-07-19,2023,29,7,41.99605,-82.7179,Surface,1,1,NO3,ugL,227.76,
3322,2023-07-19,2023,29,7,41.99605,-82.7179,Surface,1,2,NO3,ugL,227.47,
3305,2023-07-19,2023,29,7,41.99605,-82.7179,Bottom,9.5,1,NO3,ugL,226.24,
3306,2023-07-19,2023,29,7,41.99605,-82.7179,Bottom,9.5,2,NO3,ugL,279.08,
3328,2023-07-19,2023,29,7,41.99605,-82.7179,Surface,1,1,PP,ugL,8.29,
3329,2023-07-19,2023,29,7,41.99605,-82.7179,Surface,1,2,PP,ugL,55.27,
3313,2023-07-19,2023,29,7,41.99605,-82.7179,Bottom,9.5,1,PP,ugL,10.21,
3314,2023-07-19,2023,29,7,41.99605,-82.7179,Bottom,9.5,2,PP,ugL,48.45,
3326,2023-07-19,2023,29,7,41.99605,-82.7179,Surface,1,1,SRP,ugL,1.27,
3327,2023-07-19,2023,29,7,41.99605,-82.7179,Surface,1,2,SRP,ugL,1.57,
3311,2023-07-19,2023,29,7,41.99605,-82.7179,Bottom,9.5,1,SRP,ugL,0.76,
3312,2023-07-19,2023,29,7,41.99605,-82.7179,Bottom,9.5,2,SRP,ugL,0.73,
3323,2023-07-19,2023,29,7,41.99605,-82.7179,Surface,1,1,TDN,ugL,362.89,
3324,2023-07-19,2023,29,7,41.99605,-82.7179,Surface,1,2,TDN,ugL,427.07,
3307,2023-07-19,2023,29,7,41.99605,-82.7179,Bottom,9.5,1,TDN,ugL,425.46,
3308,2023-07-19,2023,29,7,41.99605,-82.7179,Bottom,9.5,2,TDN,ugL,399.41,
3325,2023-07-19,2023,29,7,41.99605,-82.7179,Surface,1,1,TDP,ugL,4.89,
3309,2023-07-19,2023,29,7,41.99605,-82.7179,Bottom,9.5,1,TDP,ugL,2.08,
3310,2023-07-19,2023,29,7,41.99605,-82.7179,Bottom,9.5,2,TDP,ugL,4.65,
3331,2023-07-19,2023,29,7,41.99605,-82.7179,Surface,1,1,TSS,mgL,,ND
3316,2023-07-19,2023,29,7,41.99605,-82.7179,Bottom,9.5,1,TSS,mgL,2462.00,
3349,2023-07-25,2023,30,2,41.913017,-82.73665,Surface,1,2,CHLA,ugL,5.46,
3332,2023-07-25,2023,30,2,41.913017,-82.73665,Bottom,10.9,2,CHLA,ugL,6.12,
3367,2023-07-25,2023,30,2,41.913017,-82.73665,Surface,1,1,COND,uS,239.1,
3348,2023-07-25,2023,30,2,41.913017,-82.73665,Bottom,10.5,1,COND,uS,242.5,
3364,2023-07-25,2023,30,2,41.913017,-82.73665,Surface,1,1,DO,%sat,107.7,
3345,2023-07-25,2023,30,2,41.913017,-82.73665,Bottom,10.5,1,DO,%sat,98.4,
3361,2023-07-25,2023,30,2,41.913017,-82.73665,Surface,1,1,DOC,mgL,1.74,
3342,2023-07-25,2023,30,2,41.913017,-82.73665,Bottom,10.9,1,DOC,mgL,2.05,
3350,2023-07-25,2023,30,2,41.913017,-82.73665,Surface,1,1,NH4,ugL,17.08,
3351,2023-07-25,2023,30,2,41.913017,-82.73665,Surface,1,2,NH4,ugL,14.00,
3333,2023-07-25,2023,30,2,41.913017,-82.73665,Bottom,10.9,1,NH4,ugL,91.67,
3334,2023-07-25,2023,30,2,41.913017,-82.73665,Bottom,10.9,2,NH4,ugL,90.90,
3352,2023-07-25,2023,30,2,41.913017,-82.73665,Surface,1,1,NO3,ugL,178.12,
3353,2023-07-25,2023,30,2,41.913017,-82.73665,Surface,1,2,NO3,ugL,175.38,
3335,2023-07-25,2023,30,2,41.913017,-82.73665,Bottom,10.9,1,NO3,ugL,235.08,
3336,2023-07-25,2023,30,2,41.913017,-82.73665,Bottom,10.9,2,NO3,ugL,245.49,
3365,2023-07-25,2023,30,2,41.913017,-82.73665,Surface,1,1,pH,pH,8.44,
3346,2023-07-25,2023,30,2,41.913017,-82.73665,Bottom,10.5,1,pH,pH,8.23,
3359,2023-07-25,2023,30,2,41.913017,-82.73665,Surface,1,1,PP,ugL,7.63,
3360,2023-07-25,2023,30,2,41.913017,-82.73665,Surface,1,2,PP,ugL,49.00,
3340,2023-07-25,2023,30,2,41.913017,-82.73665,Bottom,10.9,1,PP,ugL,8.72,
3341,2023-07-25,2023,30,2,41.913017,-82.73665,Bottom,10.9,2,PP,ugL,52.89,
3366,2023-07-25,2023,30,2,41.913017,-82.73665,Surface,1,1,PRESSURE,mmHg,747.9,
3347,2023-07-25,2023,30,2,41.913017,-82.73665,Bottom,10.5,1,PRESSURE,mmHg,748,
3368,2023-07-25,2023,30,2,41.913017,-82.73665,Surface,1,1,SECCHI,m,3.5,
3357,2023-07-25,2023,30,2,41.913017,-82.73665,Surface,1,1,SRP,ugL,2.00,
3358,2023-07-25,2023,30,2,41.913017,-82.73665,Surface,1,2,SRP,ugL,1.39,
3338,2023-07-25,2023,30,2,41.913017,-82.73665,Bottom,10.9,1,SRP,ugL,1.15,
3339,2023-07-25,2023,30,2,41.913017,-82.73665,Bottom,10.9,2,SRP,ugL,1.09,
3354,2023-07-25,2023,30,2,41.913017,-82.73665,Surface,1,1,TDN,ugL,354.28,
3355,2023-07-25,2023,30,2,41.913017,-82.73665,Surface,1,2,TDN,ugL,358.99,
3356,2023-07-25,2023,30,2,41.913017,-82.73665,Surface,1,1,TDP,ugL,-0.25,BDL
3337,2023-07-25,2023,30,2,41.913017,-82.73665,Bottom,10.9,1,TDP,ugL,2.08,
3363,2023-07-25,2023,30,2,41.913017,-82.73665,Surface,1,1,TEMP,C,24.6,
3344,2023-07-25,2023,30,2,41.913017,-82.73665,Bottom,10.5,1,TEMP,C,24,
3362,2023-07-25,2023,30,2,41.913017,-82.73665,Surface,1,1,TSS,mgL,1924.00,
3343,2023-07-25,2023,30,2,41.913017,-82.73665,Bottom,10.9,1,TSS,mgL,2477.00,
3400,2023-07-25,2023,30,4,41.8927,-82.525767,Surface,1,2,CHLA,ugL,6.66,
3380,2023-07-25,2023,30,4,41.8927,-82.525767,Bottom,9.8,2,CHLA,ugL,3.83,
3407,2023-07-25,2023,30,4,41.8927,-82.525767,Surface,1,1,COND,uS,240.3,
3387,2023-07-25,2023,30,4,41.8927,-82.525767,Bottom,8.5,1,COND,uS,250.2,
3404,2023-07-25,2023,30,4,41.8927,-82.525767,Surface,1,1,DO,%sat,110.8,
3384,2023-07-25,2023,30,4,41.8927,-82.525767,Bottom,8.5,1,DO,%sat,94.3,
3398,2023-07-25,2023,30,4,41.8927,-82.525767,Surface,1,1,DOC,mgL,2.13,
3378,2023-07-25,2023,30,4,41.8927,-82.525767,Bottom,9.8,1,DOC,mgL,1.96,
3388,2023-07-25,2023,30,4,41.8927,-82.525767,Surface,1,1,NH4,ugL,161.06,
3389,2023-07-25,2023,30,4,41.8927,-82.525767,Surface,1,2,NH4,ugL,136.26,
3369,2023-07-25,2023,30,4,41.8927,-82.525767,Bottom,9.8,1,NH4,ugL,46.11,
3370,2023-07-25,2023,30,4,41.8927,-82.525767,Bottom,9.8,2,NH4,ugL,57.64,
3390,2023-07-25,2023,30,4,41.8927,-82.525767,Surface,1,1,NO3,ugL,161.74,
3391,2023-07-25,2023,30,4,41.8927,-82.525767,Surface,1,2,NO3,ugL,178.33,
3371,2023-07-25,2023,30,4,41.8927,-82.525767,Bottom,9.8,1,NO3,ugL,82.98,
3372,2023-07-25,2023,30,4,41.8927,-82.525767,Bottom,9.8,2,NO3,ugL,88.16,
3405,2023-07-25,2023,30,4,41.8927,-82.525767,Surface,1,1,pH,pH,8.6,
3385,2023-07-25,2023,30,4,41.8927,-82.525767,Bottom,8.5,1,pH,pH,8.01,
3401,2023-07-25,2023,30,4,41.8927,-82.525767,Surface,1,1,PP,ugL,9.13,
3402,2023-07-25,2023,30,4,41.8927,-82.525767,Surface,1,2,PP,ugL,40.21,
3381,2023-07-25,2023,30,4,41.8927,-82.525767,Bottom,9.8,1,PP,ugL,7.12,
3382,2023-07-25,2023,30,4,41.8927,-82.525767,Bottom,9.8,2,PP,ugL,34.22,
3406,2023-07-25,2023,30,4,41.8927,-82.525767,Surface,1,1,PRESSURE,mmHg,748.1,
3386,2023-07-25,2023,30,4,41.8927,-82.525767,Bottom,8.5,1,PRESSURE,mmHg,748.3,
3408,2023-07-25,2023,30,4,41.8927,-82.525767,Surface,1,1,SECCHI,m,3.5,
3396,2023-07-25,2023,30,4,41.8927,-82.525767,Surface,1,1,SRP,ugL,0.85,
3397,2023-07-25,2023,30,4,41.8927,-82.525767,Surface,1,2,SRP,ugL,1.00,
3376,2023-07-25,2023,30,4,41.8927,-82.525767,Bottom,9.8,1,SRP,ugL,0.76,
3377,2023-07-25,2023,30,4,41.8927,-82.525767,Bottom,9.8,2,SRP,ugL,0.85,
3392,2023-07-25,2023,30,4,41.8927,-82.525767,Surface,1,1,TDN,ugL,397.41,
3393,2023-07-25,2023,30,4,41.8927,-82.525767,Surface,1,2,TDN,ugL,407.04,
3373,2023-07-25,2023,30,4,41.8927,-82.525767,Bottom,9.8,1,TDN,ugL,267.70,
3374,2023-07-25,2023,30,4,41.8927,-82.525767,Bottom,9.8,2,TDN,ugL,242.97,
3394,2023-07-25,2023,30,4,41.8927,-82.525767,Surface,1,1,TDP,ugL,15.39,
3395,2023-07-25,2023,30,4,41.8927,-82.525767,Surface,1,2,TDP,ugL,4.19,
3375,2023-07-25,2023,30,4,41.8927,-82.525767,Bottom,9.8,1,TDP,ugL,3.72,
3403,2023-07-25,2023,30,4,41.8927,-82.525767,Surface,1,1,TEMP,C,24.6,
3383,2023-07-25,2023,30,4,41.8927,-82.525767,Bottom,8.5,1,TEMP,C,22.6,
3399,2023-07-25,2023,30,4,41.8927,-82.525767,Surface,1,1,TSS,mgL,2000.00,
3379,2023-07-25,2023,30,4,41.8927,-82.525767,Bottom,9.8,1,TSS,mgL,1774.00,
3428,2023-07-25,2023,30,5,42.002583,-82.578633,Surface,1,2,CHLA,ugL,4.88,
3409,2023-07-25,2023,30,5,42.002583,-82.578633,Bottom,8.1,2,CHLA,ugL,6.30,
3446,2023-07-25,2023,30,5,42.002583,-82.578633,Surface,1,1,COND,uS,233.1,
3427,2023-07-25,2023,30,5,42.002583,-82.578633,Bottom,7.5,1,COND,uS,235.2,
3443,2023-07-25,2023,30,5,42.002583,-82.578633,Surface,1,1,DO,%sat,105.9,
3424,2023-07-25,2023,30,5,42.002583,-82.578633,Bottom,7.5,1,DO,%sat,105.4,
3440,2023-07-25,2023,30,5,42.002583,-82.578633,Surface,1,1,DOC,mgL,15.95,
3421,2023-07-25,2023,30,5,42.002583,-82.578633,Bottom,8.1,1,DOC,mgL,2.23,
3429,2023-07-25,2023,30,5,42.002583,-82.578633,Surface,1,1,NH4,ugL,128.00,
3430,2023-07-25,2023,30,5,42.002583,-82.578633,Surface,1,2,NH4,ugL,126.27,
3410,2023-07-25,2023,30,5,42.002583,-82.578633,Bottom,8.1,1,NH4,ugL,21.12,
3411,2023-07-25,2023,30,5,42.002583,-82.578633,Bottom,8.1,2,NH4,ugL,17.46,
3431,2023-07-25,2023,30,5,42.002583,-82.578633,Surface,1,1,NO3,ugL,165.39,
3432,2023-07-25,2023,30,5,42.002583,-82.578633,Surface,1,2,NO3,ugL,156.46,
3412,2023-07-25,2023,30,5,42.002583,-82.578633,Bottom,8.1,1,NO3,ugL,150.20,
3413,2023-07-25,2023,30,5,42.002583,-82.578633,Bottom,8.1,2,NO3,ugL,146.14,
3444,2023-07-25,2023,30,5,42.002583,-82.578633,Surface,1,1,pH,pH,8.46,
3425,2023-07-25,2023,30,5,42.002583,-82.578633,Bottom,7.5,1,pH,pH,8.46,
3438,2023-07-25,2023,30,5,42.002583,-82.578633,Surface,1,1,PP,ugL,8.65,
3439,2023-07-25,2023,30,5,42.002583,-82.578633,Surface,1,2,PP,ugL,41.42,
3419,2023-07-25,2023,30,5,42.002583,-82.578633,Bottom,8.1,1,PP,ugL,9.86,
3420,2023-07-25,2023,30,5,42.002583,-82.578633,Bottom,8.1,2,PP,ugL,51.31,
3445,2023-07-25,2023,30,5,42.002583,-82.578633,Surface,1,1,PRESSURE,mmHg,748.2,
3426,2023-07-25,2023,30,5,42.002583,-82.578633,Bottom,7.5,1,PRESSURE,mmHg,748.9,
3447,2023-07-25,2023,30,5,42.002583,-82.578633,Surface,1,1,SECCHI,m,3.5,
3436,2023-07-25,2023,30,5,42.002583,-82.578633,Surface,1,1,SRP,ugL,0.91,
3437,2023-07-25,2023,30,5,42.002583,-82.578633,Surface,1,2,SRP,ugL,0.58,
3417,2023-07-25,2023,30,5,42.002583,-82.578633,Bottom,8.1,1,SRP,ugL,5.35,
3418,2023-07-25,2023,30,5,42.002583,-82.578633,Bottom,8.1,2,SRP,ugL,0.85,
3433,2023-07-25,2023,30,5,42.002583,-82.578633,Surface,1,1,TDN,ugL,402.22,
3434,2023-07-25,2023,30,5,42.002583,-82.578633,Surface,1,2,TDN,ugL,350.94,
3414,2023-07-25,2023,30,5,42.002583,-82.578633,Bottom,8.1,1,TDN,ugL,285.67,
3415,2023-07-25,2023,30,5,42.002583,-82.578633,Bottom,8.1,2,TDN,ugL,310.88,
3435,2023-07-25,2023,30,5,42.002583,-82.578633,Surface,1,1,TDP,ugL,32.67,
3416,2023-07-25,2023,30,5,42.002583,-82.578633,Bottom,8.1,1,TDP,ugL,0.22,
3442,2023-07-25,2023,30,5,42.002583,-82.578633,Surface,1,1,TEMP,C,25.1,
3423,2023-07-25,2023,30,5,42.002583,-82.578633,Bottom,7.5,1,TEMP,C,24.5,
3441,2023-07-25,2023,30,5,42.002583,-82.578633,Surface,1,1,TSS,mgL,1850.00,
3422,2023-07-25,2023,30,5,42.002583,-82.578633,Bottom,8.1,1,TSS,mgL,3372.00,
3467,2023-07-25,2023,30,6,42.0222,-82.669683,Surface,1,2,CHLA,ugL,5.16,
3448,2023-07-25,2023,30,6,42.0222,-82.669683,Bottom,7.9,1,CHLA,ugL,,ND
3485,2023-07-25,2023,30,6,42.0222,-82.669683,Surface,1,1,COND,uS,230.1,
3466,2023-07-25,2023,30,6,42.0222,-82.669683,Bottom,7,1,COND,uS,233.9,
3482,2023-07-25,2023,30,6,42.0222,-82.669683,Surface,1,1,DO,%sat,107.7,
3463,2023-07-25,2023,30,6,42.0222,-82.669683,Bottom,7,1,DO,%sat,96.3,
3479,2023-07-25,2023,30,6,42.0222,-82.669683,Surface,1,1,DOC,mgL,1.95,
3460,2023-07-25,2023,30,6,42.0222,-82.669683,Bottom,7.9,1,DOC,mgL,2.25,
3468,2023-07-25,2023,30,6,42.0222,-82.669683,Surface,1,1,NH4,ugL,50.53,
3469,2023-07-25,2023,30,6,42.0222,-82.669683,Surface,1,2,NH4,ugL,54.37,
3449,2023-07-25,2023,30,6,42.0222,-82.669683,Bottom,7.9,1,NH4,ugL,63.41,
3450,2023-07-25,2023,30,6,42.0222,-82.669683,Bottom,7.9,2,NH4,ugL,65.33,
3470,2023-07-25,2023,30,6,42.0222,-82.669683,Surface,1,1,NO3,ugL,148.33,
3471,2023-07-25,2023,30,6,42.0222,-82.669683,Surface,1,2,NO3,ugL,147.14,
3451,2023-07-25,2023,30,6,42.0222,-82.669683,Bottom,7.9,1,NO3,ugL,154.23,
3452,2023-07-25,2023,30,6,42.0222,-82.669683,Bottom,7.9,2,NO3,ugL,150.24,
3483,2023-07-25,2023,30,6,42.0222,-82.669683,Surface,1,1,pH,pH,8.6,
3464,2023-07-25,2023,30,6,42.0222,-82.669683,Bottom,7,1,pH,pH,8.32,
3477,2023-07-25,2023,30,6,42.0222,-82.669683,Surface,1,1,PP,ugL,8.65,
3478,2023-07-25,2023,30,6,42.0222,-82.669683,Surface,1,2,PP,ugL,8.49,
3484,2023-07-25,2023,30,6,42.0222,-82.669683,Surface,1,1,PRESSURE,mmHg,748.9,
3465,2023-07-25,2023,30,6,42.0222,-82.669683,Bottom,7,1,PRESSURE,mmHg,748.9,
3486,2023-07-25,2023,30,6,42.0222,-82.669683,Surface,1,1,SECCHI,m,3,
3475,2023-07-25,2023,30,6,42.0222,-82.669683,Surface,1,1,SRP,ugL,10.27,
3476,2023-07-25,2023,30,6,42.0222,-82.669683,Surface,1,2,SRP,ugL,0.85,
3458,2023-07-25,2023,30,6,42.0222,-82.669683,Bottom,7.9,1,SRP,ugL,0.73,
3459,2023-07-25,2023,30,6,42.0222,-82.669683,Bottom,7.9,2,SRP,ugL,0.61,
3472,2023-07-25,2023,30,6,42.0222,-82.669683,Surface,1,1,TDN,ugL,346.73,
3473,2023-07-25,2023,30,6,42.0222,-82.669683,Surface,1,2,TDN,ugL,345.85,
3453,2023-07-25,2023,30,6,42.0222,-82.669683,Bottom,7.9,1,TDN,ugL,454.23,
3454,2023-07-25,2023,30,6,42.0222,-82.669683,Bottom,7.9,2,TDN,ugL,425.69,
3455,2023-07-25,2023,30,6,42.0222,-82.669683,Bottom,7.9,1,TDN,ugL,454.23,
3456,2023-07-25,2023,30,6,42.0222,-82.669683,Bottom,7.9,2,TDN,ugL,425.69,
3474,2023-07-25,2023,30,6,42.0222,-82.669683,Surface,1,1,TDP,ugL,1.62,
3457,2023-07-25,2023,30,6,42.0222,-82.669683,Bottom,7.9,1,TDP,ugL,16.33,
3481,2023-07-25,2023,30,6,42.0222,-82.669683,Surface,1,1,TEMP,C,24.3,
3462,2023-07-25,2023,30,6,42.0222,-82.669683,Bottom,7,1,TEMP,C,24,
3480,2023-07-25,2023,30,6,42.0222,-82.669683,Surface,1,1,TSS,mgL,2228.00,
3461,2023-07-25,2023,30,6,42.0222,-82.669683,Bottom,7.9,1,TSS,mgL,3590.00,
3507,2023-07-25,2023,30,7,41.99605,-82.7179,Surface,1,2,CHLA,ugL,4.53,
3487,2023-07-25,2023,30,7,41.99605,-82.7179,Bottom,9.5,2,CHLA,ugL,8.04,
3525,2023-07-25,2023,30,7,41.99605,-82.7179,Surface,1,1,COND,uS,226.8,
3506,2023-07-25,2023,30,7,41.99605,-82.7179,Bottom,9,1,COND,uS,229.7,
3522,2023-07-25,2023,30,7,41.99605,-82.7179,Surface,1,1,DO,%sat,108.5,
3503,2023-07-25,2023,30,7,41.99605,-82.7179,Bottom,9,1,DO,%sat,108,
3519,2023-07-25,2023,30,7,41.99605,-82.7179,Surface,1,1,DOC,mgL,2.09,
3500,2023-07-25,2023,30,7,41.99605,-82.7179,Bottom,9.5,1,DOC,mgL,,ND
3508,2023-07-25,2023,30,7,41.99605,-82.7179,Surface,1,1,NH4,ugL,29.57,
3509,2023-07-25,2023,30,7,41.99605,-82.7179,Surface,1,2,NH4,ugL,28.04,
3488,2023-07-25,2023,30,7,41.99605,-82.7179,Bottom,9.5,1,NH4,ugL,105.12,
3489,2023-07-25,2023,30,7,41.99605,-82.7179,Bottom,9.5,2,NH4,ugL,99.55,
3510,2023-07-25,2023,30,7,41.99605,-82.7179,Surface,1,1,NO3,ugL,127.62,
3511,2023-07-25,2023,30,7,41.99605,-82.7179,Surface,1,2,NO3,ugL,128.31,
3490,2023-07-25,2023,30,7,41.99605,-82.7179,Bottom,9.5,1,NO3,ugL,100.39,
3491,2023-07-25,2023,30,7,41.99605,-82.7179,Bottom,9.5,2,NO3,ugL,96.54,
3523,2023-07-25,2023,30,7,41.99605,-82.7179,Surface,1,1,pH,pH,8.63,
3504,2023-07-25,2023,30,7,41.99605,-82.7179,Bottom,9,1,pH,pH,8.57,
3517,2023-07-25,2023,30,7,41.99605,-82.7179,Surface,1,1,PP,ugL,8.54,
3518,2023-07-25,2023,30,7,41.99605,-82.7179,Surface,1,2,PP,ugL,8.91,
3498,2023-07-25,2023,30,7,41.99605,-82.7179,Bottom,9.5,1,PP,ugL,12.76,
3499,2023-07-25,2023,30,7,41.99605,-82.7179,Bottom,9.5,2,PP,ugL,11.99,
3524,2023-07-25,2023,30,7,41.99605,-82.7179,Surface,1,1,PRESSURE,mmHg,747.9,
3505,2023-07-25,2023,30,7,41.99605,-82.7179,Bottom,9,1,PRESSURE,mmHg,747.9,
3526,2023-07-25,2023,30,7,41.99605,-82.7179,Surface,1,1,SECCHI,m,3.5,
3515,2023-07-25,2023,30,7,41.99605,-82.7179,Surface,1,1,SRP,ugL,1.48,
3516,2023-07-25,2023,30,7,41.99605,-82.7179,Surface,1,2,SRP,ugL,0.85,
3496,2023-07-25,2023,30,7,41.99605,-82.7179,Bottom,9.5,1,SRP,ugL,1.33,
3497,2023-07-25,2023,30,7,41.99605,-82.7179,Bottom,9.5,2,SRP,ugL,1.06,
3512,2023-07-25,2023,30,7,41.99605,-82.7179,Surface,1,1,TDN,ugL,323.98,
3513,2023-07-25,2023,30,7,41.99605,-82.7179,Surface,1,2,TDN,ugL,314.59,
3492,2023-07-25,2023,30,7,41.99605,-82.7179,Bottom,9.5,1,TDN,ugL,328.93,
3493,2023-07-25,2023,30,7,41.99605,-82.7179,Bottom,9.5,2,TDN,ugL,255.79,
3514,2023-07-25,2023,30,7,41.99605,-82.7179,Surface,1,1,TDP,ugL,0.22,
3494,2023-07-25,2023,30,7,41.99605,-82.7179,Bottom,9.5,1,TDP,ugL,-1.16,BDL
3495,2023-07-25,2023,30,7,41.99605,-82.7179,Bottom,9.5,2,TDP,ugL,12.12,
3521,2023-07-25,2023,30,7,41.99605,-82.7179,Surface,1,1,TEMP,C,24.4,
3502,2023-07-25,2023,30,7,41.99605,-82.7179,Bottom,9,1,TEMP,C,24.1,
3520,2023-07-25,2023,30,7,41.99605,-82.7179,Surface,1,1,TSS,mgL,1838.00,
3501,2023-07-25,2023,30,7,41.99605,-82.7179,Bottom,9.5,1,TSS,mgL,3936.00,
3528,2023-07-26,2023,30,2,41.913017,-82.73665,Surface,1,1,CHLA,ugL,5.52,
3527,2023-07-26,2023,30,2,41.913017,-82.73665,Bottom,10.9,1,CHLA,ugL,6.25,
3530,2023-07-26,2023,30,4,41.8927,-82.525767,Surface,1,1,CHLA,ugL,7.06,
3529,2023-07-26,2023,30,4,41.8927,-82.525767,Bottom,9.8,1,CHLA,ugL,4.29,
3532,2023-07-26,2023,30,5,42.002583,-82.578633,Surface,1,1,CHLA,ugL,5.91,
3531,2023-07-26,2023,30,5,42.002583,-82.578633,Bottom,8.1,1,CHLA,ugL,7.17,
3534,2023-07-26,2023,30,6,42.0222,-82.669683,Surface,1,1,CHLA,ugL,6.08,
3533,2023-07-26,2023,30,6,42.0222,-82.669683,Bottom,7.9,1,CHLA,ugL,,ND
3536,2023-07-26,2023,30,7,41.99605,-82.7179,Surface,1,1,CHLA,ugL,5.25,
3535,2023-07-26,2023,30,7,41.99605,-82.7179,Bottom,9.5,1,CHLA,ugL,8.30,
3558,2023-08-01,2023,31,2,41.913017,-82.73665,Surface,1,1,CHLA,ugL,8.89,
3559,2023-08-01,2023,31,2,41.913017,-82.73665,Surface,1,2,CHLA,ugL,8.44,
3537,2023-08-01,2023,31,2,41.913017,-82.73665,Bottom,10.9,1,CHLA,ugL,8.04,
3538,2023-08-01,2023,31,2,41.913017,-82.73665,Bottom,10.9,2,CHLA,ugL,8.33,
3579,2023-08-01,2023,31,2,41.913017,-82.73665,Surface,1,1,COND,uS,230.1,
3557,2023-08-01,2023,31,2,41.913017,-82.73665,Bottom,10.5,1,COND,uS,230.2,
3573,2023-08-01,2023,31,2,41.913017,-82.73665,Surface,1,1,DMC,ugL,0.01,BDL
3574,2023-08-01,2023,31,2,41.913017,-82.73665,Surface,1,2,DMC,ugL,0.01,BDL
3576,2023-08-01,2023,31,2,41.913017,-82.73665,Surface,1,1,DO,%sat,99.3,
3554,2023-08-01,2023,31,2,41.913017,-82.73665,Bottom,10.5,1,DO,%sat,97.2,
3571,2023-08-01,2023,31,2,41.913017,-82.73665,Surface,1,1,DOC,mgL,1.84,
3551,2023-08-01,2023,31,2,41.913017,-82.73665,Bottom,10.9,1,DOC,mgL,2.18,
3560,2023-08-01,2023,31,2,41.913017,-82.73665,Surface,1,1,NH4,ugL,3.82,
3561,2023-08-01,2023,31,2,41.913017,-82.73665,Surface,1,2,NH4,ugL,3.62,
3539,2023-08-01,2023,31,2,41.913017,-82.73665,Bottom,10.9,1,NH4,ugL,58.41,
3540,2023-08-01,2023,31,2,41.913017,-82.73665,Bottom,10.9,2,NH4,ugL,51.87,
3562,2023-08-01,2023,31,2,41.913017,-82.73665,Surface,1,1,NO3,ugL,148.77,
3563,2023-08-01,2023,31,2,41.913017,-82.73665,Surface,1,2,NO3,ugL,153.35,
3541,2023-08-01,2023,31,2,41.913017,-82.73665,Bottom,10.9,1,NO3,ugL,226.61,
3542,2023-08-01,2023,31,2,41.913017,-82.73665,Bottom,10.9,2,NO3,ugL,225.10,
3577,2023-08-01,2023,31,2,41.913017,-82.73665,Surface,1,1,pH,pH,8.36,
3555,2023-08-01,2023,31,2,41.913017,-82.73665,Bottom,10.5,1,pH,pH,8.33,
3569,2023-08-01,2023,31,2,41.913017,-82.73665,Surface,1,1,PP,ugL,11.43,
3570,2023-08-01,2023,31,2,41.913017,-82.73665,Surface,1,2,PP,ugL,55.16,
3549,2023-08-01,2023,31,2,41.913017,-82.73665,Bottom,10.9,1,PP,ugL,11.86,
3550,2023-08-01,2023,31,2,41.913017,-82.73665,Bottom,10.9,2,PP,ugL,55.40,
3578,2023-08-01,2023,31,2,41.913017,-82.73665,Surface,1,1,PRESSURE,mmHg,751.4,
3556,2023-08-01,2023,31,2,41.913017,-82.73665,Bottom,10.5,1,PRESSURE,mmHg,751.3,
3580,2023-08-01,2023,31,2,41.913017,-82.73665,Surface,1,1,SECCHI,m,2,
3567,2023-08-01,2023,31,2,41.913017,-82.73665,Surface,1,1,SRP,ugL,0.49,
3568,2023-08-01,2023,31,2,41.913017,-82.73665,Surface,1,2,SRP,ugL,1.51,
3547,2023-08-01,2023,31,2,41.913017,-82.73665,Bottom,10.9,1,SRP,ugL,0.82,
3548,2023-08-01,2023,31,2,41.913017,-82.73665,Bottom,10.9,2,SRP,ugL,0.73,
3564,2023-08-01,2023,31,2,41.913017,-82.73665,Surface,1,1,TDN,ugL,266.06,
3565,2023-08-01,2023,31,2,41.913017,-82.73665,Surface,1,2,TDN,ugL,307.90,
3543,2023-08-01,2023,31,2,41.913017,-82.73665,Bottom,10.9,1,TDN,ugL,431.54,
3544,2023-08-01,2023,31,2,41.913017,-82.73665,Bottom,10.9,2,TDN,ugL,427.04,
3566,2023-08-01,2023,31,2,41.913017,-82.73665,Surface,1,1,TDP,ugL,4.89,
3545,2023-08-01,2023,31,2,41.913017,-82.73665,Bottom,10.9,1,TDP,ugL,8.62,
3546,2023-08-01,2023,31,2,41.913017,-82.73665,Bottom,10.9,2,TDP,ugL,3.49,
3575,2023-08-01,2023,31,2,41.913017,-82.73665,Surface,1,1,TEMP,C,24.6,
3553,2023-08-01,2023,31,2,41.913017,-82.73665,Bottom,10.5,1,TEMP,C,24.5,
3572,2023-08-01,2023,31,2,41.913017,-82.73665,Surface,1,1,TSS,mgL,3810.00,
3552,2023-08-01,2023,31,2,41.913017,-82.73665,Bottom,10.9,1,TSS,mgL,3846.00,
3613,2023-08-01,2023,31,4,41.8927,-82.525767,Surface,1,1,CHLA,ugL,6.58,
3614,2023-08-01,2023,31,4,41.8927,-82.525767,Surface,1,2,CHLA,ugL,6.77,
3591,2023-08-01,2023,31,4,41.8927,-82.525767,Bottom,9.8,1,CHLA,ugL,6.80,
3592,2023-08-01,2023,31,4,41.8927,-82.525767,Bottom,9.8,2,CHLA,ugL,6.24,
3621,2023-08-01,2023,31,4,41.8927,-82.525767,Surface,1,1,COND,uS,235.8,
3599,2023-08-01,2023,31,4,41.8927,-82.525767,Bottom,8.5,1,COND,uS,248.3,
3611,2023-08-01,2023,31,4,41.8927,-82.525767,Surface,1,1,DMC,ugL,0.01,BDL
3612,2023-08-01,2023,31,4,41.8927,-82.525767,Surface,1,2,DMC,ugL,0.02,BDL
3618,2023-08-01,2023,31,4,41.8927,-82.525767,Surface,1,1,DO,%sat,102.5,
3596,2023-08-01,2023,31,4,41.8927,-82.525767,Bottom,8.5,1,DO,%sat,81.5,
3609,2023-08-01,2023,31,4,41.8927,-82.525767,Surface,1,1,DOC,mgL,15.49,
3589,2023-08-01,2023,31,4,41.8927,-82.525767,Bottom,9.8,1,DOC,mgL,2.00,
3600,2023-08-01,2023,31,4,41.8927,-82.525767,Surface,1,1,NH4,ugL,32.07,
3601,2023-08-01,2023,31,4,41.8927,-82.525767,Surface,1,2,NH4,ugL,29.19,
3602,2023-08-01,2023,31,4,41.8927,-82.525767,Surface,1,1,NO3,ugL,146.50,
3603,2023-08-01,2023,31,4,41.8927,-82.525767,Surface,1,2,NO3,ugL,113.50,
3581,2023-08-01,2023,31,4,41.8927,-82.525767,Bottom,9.8,1,NO3,ugL,87.92,
3582,2023-08-01,2023,31,4,41.8927,-82.525767,Bottom,9.8,2,NO3,ugL,127.09,
3619,2023-08-01,2023,31,4,41.8927,-82.525767,Surface,1,1,pH,pH,8.48,
3597,2023-08-01,2023,31,4,41.8927,-82.525767,Bottom,8.5,1,pH,pH,7.94,
3615,2023-08-01,2023,31,4,41.8927,-82.525767,Surface,1,1,PP,ugL,9.42,
3616,2023-08-01,2023,31,4,41.8927,-82.525767,Surface,1,2,PP,ugL,46.63,
3593,2023-08-01,2023,31,4,41.8927,-82.525767,Bottom,9.8,1,PP,ugL,20.43,
3594,2023-08-01,2023,31,4,41.8927,-82.525767,Bottom,9.8,2,PP,ugL,79.01,
3620,2023-08-01,2023,31,4,41.8927,-82.525767,Surface,1,1,PRESSURE,mmHg,751.2,
3598,2023-08-01,2023,31,4,41.8927,-82.525767,Bottom,8.5,1,PRESSURE,mmHg,751.2,
3622,2023-08-01,2023,31,4,41.8927,-82.525767,Surface,1,1,SECCHI,m,2.5,
3607,2023-08-01,2023,31,4,41.8927,-82.525767,Surface,1,1,SRP,ugL,0.40,
3608,2023-08-01,2023,31,4,41.8927,-82.525767,Surface,1,2,SRP,ugL,0.49,
3587,2023-08-01,2023,31,4,41.8927,-82.525767,Bottom,9.8,1,SRP,ugL,0.31,
3588,2023-08-01,2023,31,4,41.8927,-82.525767,Bottom,9.8,2,SRP,ugL,0.37,
3604,2023-08-01,2023,31,4,41.8927,-82.525767,Surface,1,1,TDN,ugL,336.03,
3605,2023-08-01,2023,31,4,41.8927,-82.525767,Surface,1,2,TDN,ugL,301.92,
3583,2023-08-01,2023,31,4,41.8927,-82.525767,Bottom,9.8,1,TDN,ugL,332.75,
3584,2023-08-01,2023,31,4,41.8927,-82.525767,Bottom,9.8,2,TDN,ugL,321.62,
3606,2023-08-01,2023,31,4,41.8927,-82.525767,Surface,1,1,TDP,ugL,3.02,
3585,2023-08-01,2023,31,4,41.8927,-82.525767,Bottom,9.8,1,TDP,ugL,3.95,
3586,2023-08-01,2023,31,4,41.8927,-82.525767,Bottom,9.8,2,TDP,ugL,5.35,
3617,2023-08-01,2023,31,4,41.8927,-82.525767,Surface,1,1,TEMP,C,24.1,
3595,2023-08-01,2023,31,4,41.8927,-82.525767,Bottom,8.5,1,TEMP,C,23,
3610,2023-08-01,2023,31,4,41.8927,-82.525767,Surface,1,1,TSS,mgL,1814.00,
3590,2023-08-01,2023,31,4,41.8927,-82.525767,Bottom,9.8,1,TSS,mgL,10634.00,
3643,2023-08-01,2023,31,5,42.002583,-82.578633,Surface,1,1,CHLA,ugL,6.34,
3644,2023-08-01,2023,31,5,42.002583,-82.578633,Surface,1,2,CHLA,ugL,6.29,
3623,2023-08-01,2023,31,5,42.002583,-82.578633,Bottom,8.1,1,CHLA,ugL,5.90,
3624,2023-08-01,2023,31,5,42.002583,-82.578633,Bottom,8.1,2,CHLA,ugL,5.33,
3664,2023-08-01,2023,31,5,42.002583,-82.578633,Surface,1,1,COND,uS,227.6,
3642,2023-08-01,2023,31,5,42.002583,-82.578633,Bottom,7.5,1,COND,uS,262.8,
3658,2023-08-01,2023,31,5,42.002583,-82.578633,Surface,1,1,DMC,ugL,0.02,BDL
3659,2023-08-01,2023,31,5,42.002583,-82.578633,Surface,1,2,DMC,ugL,0.01,BDL
3661,2023-08-01,2023,31,5,42.002583,-82.578633,Surface,1,1,DO,%sat,103.1,
3639,2023-08-01,2023,31,5,42.002583,-82.578633,Bottom,7.5,1,DO,%sat,43.6,
3656,2023-08-01,2023,31,5,42.002583,-82.578633,Surface,1,1,DOC,mgL,1.76,
3636,2023-08-01,2023,31,5,42.002583,-82.578633,Bottom,8.1,1,DOC,mgL,1.86,
3645,2023-08-01,2023,31,5,42.002583,-82.578633,Surface,1,1,NH4,ugL,6.89,
3646,2023-08-01,2023,31,5,42.002583,-82.578633,Surface,1,2,NH4,ugL,5.55,
3625,2023-08-01,2023,31,5,42.002583,-82.578633,Bottom,8.1,1,NH4,ugL,35.15,
3626,2023-08-01,2023,31,5,42.002583,-82.578633,Bottom,8.1,2,NH4,ugL,26.11,
3647,2023-08-01,2023,31,5,42.002583,-82.578633,Surface,1,1,NO3,ugL,83.67,
3648,2023-08-01,2023,31,5,42.002583,-82.578633,Surface,1,2,NO3,ugL,92.09,
3627,2023-08-01,2023,31,5,42.002583,-82.578633,Bottom,8.1,1,NO3,ugL,150.81,
3628,2023-08-01,2023,31,5,42.002583,-82.578633,Bottom,8.1,2,NO3,ugL,123.84,
3662,2023-08-01,2023,31,5,42.002583,-82.578633,Surface,1,1,pH,pH,8.56,
3640,2023-08-01,2023,31,5,42.002583,-82.578633,Bottom,7.5,1,pH,pH,7.66,
3654,2023-08-01,2023,31,5,42.002583,-82.578633,Surface,1,1,PP,ugL,10.51,
3655,2023-08-01,2023,31,5,42.002583,-82.578633,Surface,1,2,PP,ugL,51.01,
3634,2023-08-01,2023,31,5,42.002583,-82.578633,Bottom,8.1,1,PP,ugL,15.60,
3635,2023-08-01,2023,31,5,42.002583,-82.578633,Bottom,8.1,2,PP,ugL,71.93,
3663,2023-08-01,2023,31,5,42.002583,-82.578633,Surface,1,1,PRESSURE,mmHg,751.3,
3641,2023-08-01,2023,31,5,42.002583,-82.578633,Bottom,7.5,1,PRESSURE,mmHg,751.2,
3665,2023-08-01,2023,31,5,42.002583,-82.578633,Surface,1,1,SECCHI,m,3,
3652,2023-08-01,2023,31,5,42.002583,-82.578633,Surface,1,1,SRP,ugL,0.22,
3653,2023-08-01,2023,31,5,42.002583,-82.578633,Surface,1,2,SRP,ugL,0.37,
3632,2023-08-01,2023,31,5,42.002583,-82.578633,Bottom,8.1,1,SRP,ugL,1.06,
3633,2023-08-01,2023,31,5,42.002583,-82.578633,Bottom,8.1,2,SRP,ugL,1.12,
3649,2023-08-01,2023,31,5,42.002583,-82.578633,Surface,1,1,TDN,ugL,208.21,
3650,2023-08-01,2023,31,5,42.002583,-82.578633,Surface,1,2,TDN,ugL,191.82,
3629,2023-08-01,2023,31,5,42.002583,-82.578633,Bottom,8.1,1,TDN,ugL,389.02,
3630,2023-08-01,2023,31,5,42.002583,-82.578633,Bottom,8.1,2,TDN,ugL,350.75,
3651,2023-08-01,2023,31,5,42.002583,-82.578633,Surface,1,1,TDP,ugL,8.39,
3631,2023-08-01,2023,31,5,42.002583,-82.578633,Bottom,8.1,1,TDP,ugL,5.82,
3660,2023-08-01,2023,31,5,42.002583,-82.578633,Surface,1,1,TEMP,C,24.2,
3638,2023-08-01,2023,31,5,42.002583,-82.578633,Bottom,7.5,1,TEMP,C,20.5,
3657,2023-08-01,2023,31,5,42.002583,-82.578633,Surface,1,1,TSS,mgL,2634.00,
3637,2023-08-01,2023,31,5,42.002583,-82.578633,Bottom,8.1,1,TSS,mgL,3172.00,
3688,2023-08-01,2023,31,6,42.0222,-82.669683,Surface,1,1,CHLA,ugL,8.39,
3689,2023-08-01,2023,31,6,42.0222,-82.669683,Surface,1,2,CHLA,ugL,7.35,
3666,2023-08-01,2023,31,6,42.0222,-82.669683,Bottom,7.9,1,CHLA,ugL,7.31,
3667,2023-08-01,2023,31,6,42.0222,-82.669683,Bottom,7.9,2,CHLA,ugL,7.44,
3705,2023-08-01,2023,31,6,42.0222,-82.669683,Surface,1,1,COND,uS,225.5,
3687,2023-08-01,2023,31,6,42.0222,-82.669683,Bottom,7,1,COND,uS,226.2,
3681,2023-08-01,2023,31,6,42.0222,-82.669683,Bottom,7.9,1,DMC,ugL,0.01,BDL
3682,2023-08-01,2023,31,6,42.0222,-82.669683,Bottom,7.9,2,DMC,ugL,0.02,BDL
3702,2023-08-01,2023,31,6,42.0222,-82.669683,Surface,1,1,DO,%sat,104.7,
3684,2023-08-01,2023,31,6,42.0222,-82.669683,Bottom,7,1,DO,%sat,100.2,
3699,2023-08-01,2023,31,6,42.0222,-82.669683,Surface,1,1,DOC,mgL,1.76,
3679,2023-08-01,2023,31,6,42.0222,-82.669683,Bottom,7.9,1,DOC,mgL,2.28,
3668,2023-08-01,2023,31,6,42.0222,-82.669683,Bottom,7.9,1,NH4,ugL,19.19,
3669,2023-08-01,2023,31,6,42.0222,-82.669683,Bottom,7.9,2,NH4,ugL,20.92,
3690,2023-08-01,2023,31,6,42.0222,-82.669683,Surface,1,1,NO3,ugL,112.59,
3691,2023-08-01,2023,31,6,42.0222,-82.669683,Surface,1,2,NO3,ugL,111.14,
3670,2023-08-01,2023,31,6,42.0222,-82.669683,Bottom,7.9,1,NO3,ugL,89.83,
3671,2023-08-01,2023,31,6,42.0222,-82.669683,Bottom,7.9,2,NO3,ugL,114.04,
3703,2023-08-01,2023,31,6,42.0222,-82.669683,Surface,1,1,pH,pH,8.56,
3685,2023-08-01,2023,31,6,42.0222,-82.669683,Bottom,7,1,pH,pH,8.49,
3697,2023-08-01,2023,31,6,42.0222,-82.669683,Surface,1,1,PP,ugL,10.91,
3698,2023-08-01,2023,31,6,42.0222,-82.669683,Surface,1,2,PP,ugL,53.63,
3677,2023-08-01,2023,31,6,42.0222,-82.669683,Bottom,7.9,1,PP,ugL,12.97,
3678,2023-08-01,2023,31,6,42.0222,-82.669683,Bottom,7.9,2,PP,ugL,62.83,
3704,2023-08-01,2023,31,6,42.0222,-82.669683,Surface,1,1,PRESSURE,mmHg,751.5,
3686,2023-08-01,2023,31,6,42.0222,-82.669683,Bottom,7,1,PRESSURE,mmHg,751.5,
3706,2023-08-01,2023,31,6,42.0222,-82.669683,Surface,1,1,SECCHI,m,2.5,
3695,2023-08-01,2023,31,6,42.0222,-82.669683,Surface,1,1,SRP,ugL,0.73,
3696,2023-08-01,2023,31,6,42.0222,-82.669683,Surface,1,2,SRP,ugL,0.70,
3675,2023-08-01,2023,31,6,42.0222,-82.669683,Bottom,7.9,1,SRP,ugL,1.12,
3676,2023-08-01,2023,31,6,42.0222,-82.669683,Bottom,7.9,2,SRP,ugL,0.70,
3692,2023-08-01,2023,31,6,42.0222,-82.669683,Surface,1,1,TDN,ugL,248.75,
3693,2023-08-01,2023,31,6,42.0222,-82.669683,Surface,1,2,TDN,ugL,247.82,
3672,2023-08-01,2023,31,6,42.0222,-82.669683,Bottom,7.9,1,TDN,ugL,410.60,
3673,2023-08-01,2023,31,6,42.0222,-82.669683,Bottom,7.9,2,TDN,ugL,330.63,
3694,2023-08-01,2023,31,6,42.0222,-82.669683,Surface,1,1,TDP,ugL,2.08,
3674,2023-08-01,2023,31,6,42.0222,-82.669683,Bottom,7.9,1,TDP,ugL,6.05,
3701,2023-08-01,2023,31,6,42.0222,-82.669683,Surface,1,1,TEMP,C,24.5,
3683,2023-08-01,2023,31,6,42.0222,-82.669683,Bottom,7,1,TEMP,C,24.3,
3700,2023-08-01,2023,31,6,42.0222,-82.669683,Surface,1,1,TSS,mgL,2830.00,
3680,2023-08-01,2023,31,6,42.0222,-82.669683,Bottom,7.9,1,TSS,mgL,3512.00,
3725,2023-08-01,2023,31,7,41.99605,-82.7179,Surface,1,1,CHLA,ugL,8.48,
3726,2023-08-01,2023,31,7,41.99605,-82.7179,Surface,1,2,CHLA,ugL,9.17,
3707,2023-08-01,2023,31,7,41.99605,-82.7179,Bottom,9.5,1,CHLA,ugL,9.23,
3708,2023-08-01,2023,31,7,41.99605,-82.7179,Bottom,9.5,2,CHLA,ugL,8.54,
3744,2023-08-01,2023,31,7,41.99605,-82.7179,Surface,1,1,COND,uS,226.6,
3724,2023-08-01,2023,31,7,41.99605,-82.7179,Bottom,9,1,COND,uS,226.8,
3738,2023-08-01,2023,31,7,41.99605,-82.7179,Surface,1,1,DMC,ugL,0.02,BDL
3739,2023-08-01,2023,31,7,41.99605,-82.7179,Surface,1,2,DMC,ugL,0.02,BDL
3741,2023-08-01,2023,31,7,41.99605,-82.7179,Surface,1,1,DO,%sat,105.1,
3721,2023-08-01,2023,31,7,41.99605,-82.7179,Bottom,9,1,DO,%sat,101.4,
3736,2023-08-01,2023,31,7,41.99605,-82.7179,Surface,1,1,DOC,mgL,1.79,
3718,2023-08-01,2023,31,7,41.99605,-82.7179,Bottom,9.5,1,DOC,mgL,1.79,
3727,2023-08-01,2023,31,7,41.99605,-82.7179,Surface,1,1,NO3,ugL,172.92,
3728,2023-08-01,2023,31,7,41.99605,-82.7179,Surface,1,2,NO3,ugL,157.20,
3709,2023-08-01,2023,31,7,41.99605,-82.7179,Bottom,9.5,1,NO3,ugL,165.87,
3710,2023-08-01,2023,31,7,41.99605,-82.7179,Bottom,9.5,2,NO3,ugL,170.43,
3742,2023-08-01,2023,31,7,41.99605,-82.7179,Surface,1,1,pH,pH,8.54,
3722,2023-08-01,2023,31,7,41.99605,-82.7179,Bottom,9,1,pH,pH,8.5,
3734,2023-08-01,2023,31,7,41.99605,-82.7179,Surface,1,1,PP,ugL,11.63,
3735,2023-08-01,2023,31,7,41.99605,-82.7179,Surface,1,2,PP,ugL,53.97,
3716,2023-08-01,2023,31,7,41.99605,-82.7179,Bottom,9.5,1,PP,ugL,13.72,
3717,2023-08-01,2023,31,7,41.99605,-82.7179,Bottom,9.5,2,PP,ugL,65.86,
3743,2023-08-01,2023,31,7,41.99605,-82.7179,Surface,1,1,PRESSURE,mmHg,751.4,
3723,2023-08-01,2023,31,7,41.99605,-82.7179,Bottom,9,1,PRESSURE,mmHg,751.4,
3745,2023-08-01,2023,31,7,41.99605,-82.7179,Surface,1,1,SECCHI,m,2.5,
3732,2023-08-01,2023,31,7,41.99605,-82.7179,Surface,1,1,SRP,ugL,1.42,
3733,2023-08-01,2023,31,7,41.99605,-82.7179,Surface,1,2,SRP,ugL,1.54,
3714,2023-08-01,2023,31,7,41.99605,-82.7179,Bottom,9.5,1,SRP,ugL,0.94,
3715,2023-08-01,2023,31,7,41.99605,-82.7179,Bottom,9.5,2,SRP,ugL,0.88,
3729,2023-08-01,2023,31,7,41.99605,-82.7179,Surface,1,1,TDN,ugL,333.40,
3730,2023-08-01,2023,31,7,41.99605,-82.7179,Surface,1,2,TDN,ugL,354.03,
3711,2023-08-01,2023,31,7,41.99605,-82.7179,Bottom,9.5,1,TDN,ugL,255.57,
3712,2023-08-01,2023,31,7,41.99605,-82.7179,Bottom,9.5,2,TDN,ugL,334.56,
3731,2023-08-01,2023,31,7,41.99605,-82.7179,Surface,1,1,TDP,ugL,6.99,
3713,2023-08-01,2023,31,7,41.99605,-82.7179,Bottom,9.5,1,TDP,ugL,32.67,
3740,2023-08-01,2023,31,7,41.99605,-82.7179,Surface,1,1,TEMP,C,24.5,
3720,2023-08-01,2023,31,7,41.99605,-82.7179,Bottom,9,1,TEMP,C,24.4,
3737,2023-08-01,2023,31,7,41.99605,-82.7179,Surface,1,1,TSS,mgL,2830.00,
3719,2023-08-01,2023,31,7,41.99605,-82.7179,Bottom,9.5,1,TSS,mgL,3426.00,
3766,2023-08-16,2023,33,2,41.913017,-82.73665,Surface,1,1,CHLA,ugL,7.69,
3767,2023-08-16,2023,33,2,41.913017,-82.73665,Surface,1,2,CHLA,ugL,7.50,
3746,2023-08-16,2023,33,2,41.913017,-82.73665,Bottom,10.9,1,CHLA,ugL,7.69,
3747,2023-08-16,2023,33,2,41.913017,-82.73665,Bottom,10.9,2,CHLA,ugL,7.88,
3787,2023-08-16,2023,33,2,41.913017,-82.73665,Surface,1,1,COND,uS,234.3,
3765,2023-08-16,2023,33,2,41.913017,-82.73665,Bottom,10.5,1,COND,uS,234.6,
3781,2023-08-16,2023,33,2,41.913017,-82.73665,Surface,1,1,DMC,ugL,0.03,BDL
3782,2023-08-16,2023,33,2,41.913017,-82.73665,Surface,1,2,DMC,ugL,0.02,BDL
3784,2023-08-16,2023,33,2,41.913017,-82.73665,Surface,1,1,DO,%sat,100.3,
3762,2023-08-16,2023,33,2,41.913017,-82.73665,Bottom,10.5,1,DO,%sat,97.5,
3779,2023-08-16,2023,33,2,41.913017,-82.73665,Surface,1,1,DOC,mgL,,ND
3759,2023-08-16,2023,33,2,41.913017,-82.73665,Bottom,10.9,1,DOC,mgL,1.70,
3768,2023-08-16,2023,33,2,41.913017,-82.73665,Surface,1,1,NH4,ugL,8.81,
3769,2023-08-16,2023,33,2,41.913017,-82.73665,Surface,1,2,NH4,ugL,7.47,
3748,2023-08-16,2023,33,2,41.913017,-82.73665,Bottom,10.9,1,NH4,ugL,22.08,
3749,2023-08-16,2023,33,2,41.913017,-82.73665,Bottom,10.9,2,NH4,ugL,19.39,
3770,2023-08-16,2023,33,2,41.913017,-82.73665,Surface,1,1,NO3,ugL,197.26,
3771,2023-08-16,2023,33,2,41.913017,-82.73665,Surface,1,2,NO3,ugL,202.87,
3750,2023-08-16,2023,33,2,41.913017,-82.73665,Bottom,10.9,1,NO3,ugL,204.00,
3751,2023-08-16,2023,33,2,41.913017,-82.73665,Bottom,10.9,2,NO3,ugL,200.09,
3785,2023-08-16,2023,33,2,41.913017,-82.73665,Surface,1,1,pH,pH,8.43,
3763,2023-08-16,2023,33,2,41.913017,-82.73665,Bottom,10.5,1,pH,pH,8.39,
3777,2023-08-16,2023,33,2,41.913017,-82.73665,Surface,1,1,PP,ugL,11.77,
3778,2023-08-16,2023,33,2,41.913017,-82.73665,Surface,1,2,PP,ugL,54.70,
3757,2023-08-16,2023,33,2,41.913017,-82.73665,Bottom,10.9,1,PP,ugL,13.69,
3758,2023-08-16,2023,33,2,41.913017,-82.73665,Bottom,10.9,2,PP,ugL,70.07,
3786,2023-08-16,2023,33,2,41.913017,-82.73665,Surface,1,1,PRESSURE,mmHg,746.8,
3764,2023-08-16,2023,33,2,41.913017,-82.73665,Bottom,10.5,1,PRESSURE,mmHg,746.7,
3788,2023-08-16,2023,33,2,41.913017,-82.73665,Surface,1,1,SECCHI,m,2.5,
3775,2023-08-16,2023,33,2,41.913017,-82.73665,Surface,1,1,SRP,ugL,1.57,
3776,2023-08-16,2023,33,2,41.913017,-82.73665,Surface,1,2,SRP,ugL,1.18,
3755,2023-08-16,2023,33,2,41.913017,-82.73665,Bottom,10.9,1,SRP,ugL,1.15,
3756,2023-08-16,2023,33,2,41.913017,-82.73665,Bottom,10.9,2,SRP,ugL,1.24,
3772,2023-08-16,2023,33,2,41.913017,-82.73665,Surface,1,1,TDN,ugL,435.95,
3773,2023-08-16,2023,33,2,41.913017,-82.73665,Surface,1,2,TDN,ugL,345.31,
3752,2023-08-16,2023,33,2,41.913017,-82.73665,Bottom,10.9,1,TDN,ugL,392.09,
3753,2023-08-16,2023,33,2,41.913017,-82.73665,Bottom,10.9,2,TDN,ugL,507.93,
3774,2023-08-16,2023,33,2,41.913017,-82.73665,Surface,1,1,TDP,ugL,6.75,
3754,2023-08-16,2023,33,2,41.913017,-82.73665,Bottom,10.9,1,TDP,ugL,7.22,
3783,2023-08-16,2023,33,2,41.913017,-82.73665,Surface,1,1,TEMP,C,23.7,
3761,2023-08-16,2023,33,2,41.913017,-82.73665,Bottom,10.5,1,TEMP,C,23.7,
3780,2023-08-16,2023,33,2,41.913017,-82.73665,Surface,1,1,TSS,mgL,2902.00,
3760,2023-08-16,2023,33,2,41.913017,-82.73665,Bottom,10.9,1,TSS,mgL,4576.00,
3824,2023-08-16,2023,33,4,41.8927,-82.525767,Surface,1,1,CHLA,ugL,5.56,
3825,2023-08-16,2023,33,4,41.8927,-82.525767,Surface,1,2,CHLA,ugL,5.26,
3800,2023-08-16,2023,33,4,41.8927,-82.525767,Bottom,9.8,1,CHLA,ugL,7.27,
3801,2023-08-16,2023,33,4,41.8927,-82.525767,Bottom,9.8,2,CHLA,ugL,7.37,
3832,2023-08-16,2023,33,4,41.8927,-82.525767,Surface,1,1,COND,uS,253.8,
3808,2023-08-16,2023,33,4,41.8927,-82.525767,Bottom,8.6,1,COND,uS,255.3,
3822,2023-08-16,2023,33,4,41.8927,-82.525767,Surface,1,1,DMC,ugL,0.03,BDL
3823,2023-08-16,2023,33,4,41.8927,-82.525767,Surface,1,2,DMC,ugL,0.01,BDL
3829,2023-08-16,2023,33,4,41.8927,-82.525767,Surface,1,1,DO,%sat,95,
3805,2023-08-16,2023,33,4,41.8927,-82.525767,Bottom,8.6,1,DO,%sat,86.8,
3820,2023-08-16,2023,33,4,41.8927,-82.525767,Surface,1,1,DOC,mgL,,ND
3798,2023-08-16,2023,33,4,41.8927,-82.525767,Bottom,9.8,1,DOC,mgL,1.57,
3809,2023-08-16,2023,33,4,41.8927,-82.525767,Surface,1,1,NH4,ugL,23.23,
3810,2023-08-16,2023,33,4,41.8927,-82.525767,Surface,1,1,NH4,ugL,24.96,
3811,2023-08-16,2023,33,4,41.8927,-82.525767,Surface,1,2,NH4,ugL,24.96,
3812,2023-08-16,2023,33,4,41.8927,-82.525767,Surface,1,2,NH4,ugL,20.54,
3789,2023-08-16,2023,33,4,41.8927,-82.525767,Bottom,9.8,1,NH4,ugL,50.72,
3790,2023-08-16,2023,33,4,41.8927,-82.525767,Bottom,9.8,2,NH4,ugL,45.72,
3813,2023-08-16,2023,33,4,41.8927,-82.525767,Surface,1,1,NO3,ugL,159.27,
3814,2023-08-16,2023,33,4,41.8927,-82.525767,Surface,1,2,NO3,ugL,148.14,
3791,2023-08-16,2023,33,4,41.8927,-82.525767,Bottom,9.8,1,NO3,ugL,81.84,
3792,2023-08-16,2023,33,4,41.8927,-82.525767,Bottom,9.8,2,NO3,ugL,122.14,
3830,2023-08-16,2023,33,4,41.8927,-82.525767,Surface,1,1,pH,pH,8.27,
3806,2023-08-16,2023,33,4,41.8927,-82.525767,Bottom,8.6,1,pH,pH,8.1,
3826,2023-08-16,2023,33,4,41.8927,-82.525767,Surface,1,1,PP,ugL,8.86,
3827,2023-08-16,2023,33,4,41.8927,-82.525767,Surface,1,2,PP,ugL,40.21,
3802,2023-08-16,2023,33,4,41.8927,-82.525767,Bottom,9.8,1,PP,ugL,21.43,
3803,2023-08-16,2023,33,4,41.8927,-82.525767,Bottom,9.8,2,PP,ugL,97.21,
3831,2023-08-16,2023,33,4,41.8927,-82.525767,Surface,1,1,PRESSURE,mmHg,746.7,
3807,2023-08-16,2023,33,4,41.8927,-82.525767,Bottom,8.6,1,PRESSURE,mmHg,746.7,
3833,2023-08-16,2023,33,4,41.8927,-82.525767,Surface,1,1,SECCHI,m,3.5,
3818,2023-08-16,2023,33,4,41.8927,-82.525767,Surface,1,1,SRP,ugL,1.54,
3819,2023-08-16,2023,33,4,41.8927,-82.525767,Surface,1,2,SRP,ugL,1.36,
3796,2023-08-16,2023,33,4,41.8927,-82.525767,Bottom,9.8,1,SRP,ugL,67.36,
3797,2023-08-16,2023,33,4,41.8927,-82.525767,Bottom,9.8,2,SRP,ugL,6.04,
3815,2023-08-16,2023,33,4,41.8927,-82.525767,Surface,1,1,TDN,ugL,41.43,
3816,2023-08-16,2023,33,4,41.8927,-82.525767,Surface,1,2,TDN,ugL,308.86,
3793,2023-08-16,2023,33,4,41.8927,-82.525767,Bottom,9.8,1,TDN,ugL,346.40,
3794,2023-08-16,2023,33,4,41.8927,-82.525767,Bottom,9.8,2,TDN,ugL,424.21,
3817,2023-08-16,2023,33,4,41.8927,-82.525767,Surface,1,1,TDP,ugL,0.22,
3795,2023-08-16,2023,33,4,41.8927,-82.525767,Bottom,9.8,1,TDP,ugL,16.09,
3828,2023-08-16,2023,33,4,41.8927,-82.525767,Surface,1,1,TEMP,C,21.7,
3804,2023-08-16,2023,33,4,41.8927,-82.525767,Bottom,8.6,1,TEMP,C,21.2,
3821,2023-08-16,2023,33,4,41.8927,-82.525767,Surface,1,1,TSS,mgL,1382.00,
3799,2023-08-16,2023,33,4,41.8927,-82.525767,Bottom,9.8,1,TSS,mgL,7076.00,
3860,2023-08-16,2023,33,5,42.002583,-82.578633,Surface,1,1,CHLA,ugL,13.81,
3861,2023-08-16,2023,33,5,42.002583,-82.578633,Surface,1,2,CHLA,ugL,13.64,
3834,2023-08-16,2023,33,5,42.002583,-82.578633,Bottom,8.1,1,CHLA,ugL,13.84,
3835,2023-08-16,2023,33,5,42.002583,-82.578633,Bottom,8.1,2,CHLA,ugL,7.34,
3853,2023-08-16,2023,33,5,42.002583,-82.578633,Bottom,8.1,1,CN,rat,5.86,
3854,2023-08-16,2023,33,5,42.002583,-82.578633,Bottom,8.1,2,CN,rat,5.89,
3881,2023-08-16,2023,33,5,42.002583,-82.578633,Surface,1,1,COND,uS,232.6,
3859,2023-08-16,2023,33,5,42.002583,-82.578633,Bottom,7.8,1,COND,uS,234.9,
3875,2023-08-16,2023,33,5,42.002583,-82.578633,Surface,1,1,DMC,ugL,0.01,BDL
3876,2023-08-16,2023,33,5,42.002583,-82.578633,Surface,1,2,DMC,ugL,0.01,BDL
3878,2023-08-16,2023,33,5,42.002583,-82.578633,Surface,1,1,DO,%sat,104,
3856,2023-08-16,2023,33,5,42.002583,-82.578633,Bottom,7.8,1,DO,%sat,93.6,
3873,2023-08-16,2023,33,5,42.002583,-82.578633,Surface,1,1,DOC,mgL,4.16,
3847,2023-08-16,2023,33,5,42.002583,-82.578633,Bottom,8.1,1,DOC,mgL,3.37,
3862,2023-08-16,2023,33,5,42.002583,-82.578633,Surface,1,1,NH4,ugL,25.92,
3863,2023-08-16,2023,33,5,42.002583,-82.578633,Surface,1,2,NH4,ugL,24.38,
3836,2023-08-16,2023,33,5,42.002583,-82.578633,Bottom,8.1,1,NH4,ugL,20.16,
3837,2023-08-16,2023,33,5,42.002583,-82.578633,Bottom,8.1,2,NH4,ugL,19.77,
3864,2023-08-16,2023,33,5,42.002583,-82.578633,Surface,1,1,NO3,ugL,63.53,
3865,2023-08-16,2023,33,5,42.002583,-82.578633,Surface,1,2,NO3,ugL,72.47,
3838,2023-08-16,2023,33,5,42.002583,-82.578633,Bottom,8.1,1,NO3,ugL,72.38,
3839,2023-08-16,2023,33,5,42.002583,-82.578633,Bottom,8.1,2,NO3,ugL,62.74,
3879,2023-08-16,2023,33,5,42.002583,-82.578633,Surface,1,1,pH,pH,8.6,
3857,2023-08-16,2023,33,5,42.002583,-82.578633,Bottom,7.8,1,pH,pH,8.31,
3871,2023-08-16,2023,33,5,42.002583,-82.578633,Surface,1,1,PP,ugL,19.83,
3872,2023-08-16,2023,33,5,42.002583,-82.578633,Surface,1,2,PP,ugL,89.68,
3845,2023-08-16,2023,33,5,42.002583,-82.578633,Bottom,8.1,1,PP,ugL,18.92,
3846,2023-08-16,2023,33,5,42.002583,-82.578633,Bottom,8.1,2,PP,ugL,93.76,
3880,2023-08-16,2023,33,5,42.002583,-82.578633,Surface,1,1,PRESSURE,mmHg,746.7,
3858,2023-08-16,2023,33,5,42.002583,-82.578633,Bottom,7.8,1,PRESSURE,mmHg,746.7,
3882,2023-08-16,2023,33,5,42.002583,-82.578633,Surface,1,1,SECCHI,m,2,
3851,2023-08-16,2023,33,5,42.002583,-82.578633,Bottom,8.1,1,SES_C,mgL,0.85,
3852,2023-08-16,2023,33,5,42.002583,-82.578633,Bottom,8.1,2,SES_C,mgL,0.86,
3849,2023-08-16,2023,33,5,42.002583,-82.578633,Bottom,8.1,1,SES_N,mgL,0.17,
3850,2023-08-16,2023,33,5,42.002583,-82.578633,Bottom,8.1,2,SES_N,mgL,0.17,
3869,2023-08-16,2023,33,5,42.002583,-82.578633,Surface,1,1,SRP,ugL,2.63,
3870,2023-08-16,2023,33,5,42.002583,-82.578633,Surface,1,2,SRP,ugL,2.75,
3843,2023-08-16,2023,33,5,42.002583,-82.578633,Bottom,8.1,1,SRP,ugL,1.18,
3844,2023-08-16,2023,33,5,42.002583,-82.578633,Bottom,8.1,2,SRP,ugL,0.64,
3866,2023-08-16,2023,33,5,42.002583,-82.578633,Surface,1,1,TDN,ugL,266.10,
3867,2023-08-16,2023,33,5,42.002583,-82.578633,Surface,1,2,TDN,ugL,241.92,
3840,2023-08-16,2023,33,5,42.002583,-82.578633,Bottom,8.1,1,TDN,ugL,274.41,
3841,2023-08-16,2023,33,5,42.002583,-82.578633,Bottom,8.1,2,TDN,ugL,304.70,
3868,2023-08-16,2023,33,5,42.002583,-82.578633,Surface,1,1,TDP,ugL,7.69,
3842,2023-08-16,2023,33,5,42.002583,-82.578633,Bottom,8.1,1,TDP,ugL,7.69,
3877,2023-08-16,2023,33,5,42.002583,-82.578633,Surface,1,1,TEMP,C,23.7,
3855,2023-08-16,2023,33,5,42.002583,-82.578633,Bottom,7.8,1,TEMP,C,23.2,
3874,2023-08-16,2023,33,5,42.002583,-82.578633,Surface,1,1,TSS,mgL,2652.00,
3848,2023-08-16,2023,33,5,42.002583,-82.578633,Bottom,8.1,1,TSS,mgL,5244.00,
3909,2023-08-16,2023,33,6,42.0222,-82.669683,Surface,1,1,CHLA,ugL,11.30,
3910,2023-08-16,2023,33,6,42.0222,-82.669683,Surface,1,2,CHLA,ugL,11.30,
3883,2023-08-16,2023,33,6,42.0222,-82.669683,Bottom,7.9,1,CHLA,ugL,11.24,
3884,2023-08-16,2023,33,6,42.0222,-82.669683,Bottom,7.9,2,CHLA,ugL,11.23,
3926,2023-08-16,2023,33,6,42.0222,-82.669683,Surface,1,1,CN,rat,7.75,
3927,2023-08-16,2023,33,6,42.0222,-82.669683,Surface,1,2,CN,rat,6.46,
3900,2023-08-16,2023,33,6,42.0222,-82.669683,Bottom,7.9,1,CN,rat,5.71,
3901,2023-08-16,2023,33,6,42.0222,-82.669683,Bottom,7.9,2,CN,rat,7.88,
3934,2023-08-16,2023,33,6,42.0222,-82.669683,Surface,1,1,COND,uS,227.6,
3908,2023-08-16,2023,33,6,42.0222,-82.669683,Bottom,7,1,COND,uS,227.5,
3928,2023-08-16,2023,33,6,42.0222,-82.669683,Surface,1,1,DMC,ugL,0.02,BDL
3929,2023-08-16,2023,33,6,42.0222,-82.669683,Surface,1,2,DMC,ugL,0.02,BDL
3902,2023-08-16,2023,33,6,42.0222,-82.669683,Bottom,7.9,1,DMC,ugL,0.03,BDL
3903,2023-08-16,2023,33,6,42.0222,-82.669683,Bottom,7.9,2,DMC,ugL,0.02,BDL
3931,2023-08-16,2023,33,6,42.0222,-82.669683,Surface,1,1,DO,%sat,98.5,
3905,2023-08-16,2023,33,6,42.0222,-82.669683,Bottom,7,1,DO,%sat,96.2,
3920,2023-08-16,2023,33,6,42.0222,-82.669683,Surface,1,1,DOC,mgL,1.91,
3894,2023-08-16,2023,33,6,42.0222,-82.669683,Bottom,7.9,1,DOC,mgL,1.96,
3911,2023-08-16,2023,33,6,42.0222,-82.669683,Surface,1,1,NO3,ugL,60.63,
3912,2023-08-16,2023,33,6,42.0222,-82.669683,Surface,1,2,NO3,ugL,94.91,
3885,2023-08-16,2023,33,6,42.0222,-82.669683,Bottom,7.9,1,NO3,ugL,61.34,
3886,2023-08-16,2023,33,6,42.0222,-82.669683,Bottom,7.9,2,NO3,ugL,60.96,
3932,2023-08-16,2023,33,6,42.0222,-82.669683,Surface,1,1,pH,pH,8.54,
3906,2023-08-16,2023,33,6,42.0222,-82.669683,Bottom,7,1,pH,pH,8.51,
3918,2023-08-16,2023,33,6,42.0222,-82.669683,Surface,1,1,PP,ugL,14.40,
3919,2023-08-16,2023,33,6,42.0222,-82.669683,Surface,1,2,PP,ugL,62.34,
3892,2023-08-16,2023,33,6,42.0222,-82.669683,Bottom,7.9,1,PP,ugL,16.91,
3893,2023-08-16,2023,33,6,42.0222,-82.669683,Bottom,7.9,2,PP,ugL,79.88,
3933,2023-08-16,2023,33,6,42.0222,-82.669683,Surface,1,1,PRESSURE,mmHg,746.7,
3907,2023-08-16,2023,33,6,42.0222,-82.669683,Bottom,7,1,PRESSURE,mmHg,746.6,
3935,2023-08-16,2023,33,6,42.0222,-82.669683,Surface,1,1,SECCHI,m,2.5,
3924,2023-08-16,2023,33,6,42.0222,-82.669683,Surface,1,1,SES_C,mgL,0.56,
3925,2023-08-16,2023,33,6,42.0222,-82.669683,Surface,1,2,SES_C,mgL,0.56,
3898,2023-08-16,2023,33,6,42.0222,-82.669683,Bottom,7.9,1,SES_C,mgL,0.63,
3899,2023-08-16,2023,33,6,42.0222,-82.669683,Bottom,7.9,2,SES_C,mgL,0.67,
3922,2023-08-16,2023,33,6,42.0222,-82.669683,Surface,1,1,SES_N,mgL,0.08,
3923,2023-08-16,2023,33,6,42.0222,-82.669683,Surface,1,2,SES_N,mgL,0.10,
3896,2023-08-16,2023,33,6,42.0222,-82.669683,Bottom,7.9,1,SES_N,mgL,0.13,
3897,2023-08-16,2023,33,6,42.0222,-82.669683,Bottom,7.9,2,SES_N,mgL,0.10,
3916,2023-08-16,2023,33,6,42.0222,-82.669683,Surface,1,1,SRP,ugL,0.94,
3917,2023-08-16,2023,33,6,42.0222,-82.669683,Surface,1,2,SRP,ugL,1.21,
3890,2023-08-16,2023,33,6,42.0222,-82.669683,Bottom,7.9,1,SRP,ugL,1.03,
3891,2023-08-16,2023,33,6,42.0222,-82.669683,Bottom,7.9,2,SRP,ugL,1.21,
3913,2023-08-16,2023,33,6,42.0222,-82.669683,Surface,1,1,TDN,ugL,237.20,
3914,2023-08-16,2023,33,6,42.0222,-82.669683,Surface,1,2,TDN,ugL,262.09,
3887,2023-08-16,2023,33,6,42.0222,-82.669683,Bottom,7.9,1,TDN,ugL,355.06,
3888,2023-08-16,2023,33,6,42.0222,-82.669683,Bottom,7.9,2,TDN,ugL,350.13,
3915,2023-08-16,2023,33,6,42.0222,-82.669683,Surface,1,1,TDP,ugL,7.69,
3889,2023-08-16,2023,33,6,42.0222,-82.669683,Bottom,7.9,1,TDP,ugL,5.59,
3930,2023-08-16,2023,33,6,42.0222,-82.669683,Surface,1,1,TEMP,C,23.5,
3904,2023-08-16,2023,33,6,42.0222,-82.669683,Bottom,7,1,TEMP,C,23.5,
3921,2023-08-16,2023,33,6,42.0222,-82.669683,Surface,1,1,TSS,mgL,,ND
3895,2023-08-16,2023,33,6,42.0222,-82.669683,Bottom,7.9,1,TSS,mgL,,ND
3960,2023-08-16,2023,33,7,41.99605,-82.7179,Surface,1,1,CHLA,ugL,15.17,
3961,2023-08-16,2023,33,7,41.99605,-82.7179,Surface,1,2,CHLA,ugL,16.14,
3936,2023-08-16,2023,33,7,41.99605,-82.7179,Bottom,9.5,1,CHLA,ugL,16.89,
3937,2023-08-16,2023,33,7,41.99605,-82.7179,Bottom,9.5,2,CHLA,ugL,15.88,
3978,2023-08-16,2023,33,7,41.99605,-82.7179,Surface,1,1,CN,rat,5.24,
3979,2023-08-16,2023,33,7,41.99605,-82.7179,Surface,1,2,CN,rat,4.92,
3953,2023-08-16,2023,33,7,41.99605,-82.7179,Bottom,9.5,1,CN,rat,5.50,
3954,2023-08-16,2023,33,7,41.99605,-82.7179,Bottom,9.5,2,CN,rat,8.38,
3986,2023-08-16,2023,33,7,41.99605,-82.7179,Surface,1,1,COND,uS,230.9,
3959,2023-08-16,2023,33,7,41.99605,-82.7179,Bottom,10,1,COND,uS,231.2,
3980,2023-08-16,2023,33,7,41.99605,-82.7179,Surface,1,1,DMC,ugL,0.02,BDL
3981,2023-08-16,2023,33,7,41.99605,-82.7179,Surface,1,2,DMC,ugL,0.04,BDL
3983,2023-08-16,2023,33,7,41.99605,-82.7179,Surface,1,1,DO,%sat,100.5,
3956,2023-08-16,2023,33,7,41.99605,-82.7179,Bottom,10,1,DO,%sat,97.9,
3972,2023-08-16,2023,33,7,41.99605,-82.7179,Surface,1,1,DOC,mgL,1.69,
3947,2023-08-16,2023,33,7,41.99605,-82.7179,Bottom,9.5,1,DOC,mgL,,ND
3962,2023-08-16,2023,33,7,41.99605,-82.7179,Surface,1,1,NH4,ugL,57.83,
3963,2023-08-16,2023,33,7,41.99605,-82.7179,Surface,1,1,NO3,ugL,96.50,
3964,2023-08-16,2023,33,7,41.99605,-82.7179,Surface,1,2,NO3,ugL,94.01,
3938,2023-08-16,2023,33,7,41.99605,-82.7179,Bottom,9.5,1,NO3,ugL,69.44,
3939,2023-08-16,2023,33,7,41.99605,-82.7179,Bottom,9.5,2,NO3,ugL,73.18,
3984,2023-08-16,2023,33,7,41.99605,-82.7179,Surface,1,1,pH,pH,8.63,
3957,2023-08-16,2023,33,7,41.99605,-82.7179,Bottom,10,1,pH,pH,8.57,
3970,2023-08-16,2023,33,7,41.99605,-82.7179,Surface,1,1,PP,ugL,16.79,
3971,2023-08-16,2023,33,7,41.99605,-82.7179,Surface,1,2,PP,ugL,77.76,
3945,2023-08-16,2023,33,7,41.99605,-82.7179,Bottom,9.5,1,PP,ugL,20.52,
3946,2023-08-16,2023,33,7,41.99605,-82.7179,Bottom,9.5,2,PP,ugL,91.18,
3985,2023-08-16,2023,33,7,41.99605,-82.7179,Surface,1,1,PRESSURE,mmHg,746.6,
3958,2023-08-16,2023,33,7,41.99605,-82.7179,Bottom,10,1,PRESSURE,mmHg,746.5,
3987,2023-08-16,2023,33,7,41.99605,-82.7179,Surface,1,1,SECCHI,m,2.25,
3976,2023-08-16,2023,33,7,41.99605,-82.7179,Surface,1,1,SES_C,mgL,0.57,
3977,2023-08-16,2023,33,7,41.99605,-82.7179,Surface,1,2,SES_C,mgL,0.53,
3951,2023-08-16,2023,33,7,41.99605,-82.7179,Bottom,9.5,1,SES_C,mgL,0.64,
3952,2023-08-16,2023,33,7,41.99605,-82.7179,Bottom,9.5,2,SES_C,mgL,0.75,
3974,2023-08-16,2023,33,7,41.99605,-82.7179,Surface,1,1,SES_N,mgL,0.13,
3975,2023-08-16,2023,33,7,41.99605,-82.7179,Surface,1,2,SES_N,mgL,0.12,
3949,2023-08-16,2023,33,7,41.99605,-82.7179,Bottom,9.5,1,SES_N,mgL,0.14,
3950,2023-08-16,2023,33,7,41.99605,-82.7179,Bottom,9.5,2,SES_N,mgL,0.10,
3968,2023-08-16,2023,33,7,41.99605,-82.7179,Surface,1,1,SRP,ugL,0.88,
3969,2023-08-16,2023,33,7,41.99605,-82.7179,Surface,1,2,SRP,ugL,0.79,
3943,2023-08-16,2023,33,7,41.99605,-82.7179,Bottom,9.5,1,SRP,ugL,0.73,
3944,2023-08-16,2023,33,7,41.99605,-82.7179,Bottom,9.5,2,SRP,ugL,0.97,
3965,2023-08-16,2023,33,7,41.99605,-82.7179,Surface,1,1,TDN,ugL,264.68,
3966,2023-08-16,2023,33,7,41.99605,-82.7179,Surface,1,2,TDN,ugL,219.39,
3940,2023-08-16,2023,33,7,41.99605,-82.7179,Bottom,9.5,1,TDN,ugL,235.27,
3941,2023-08-16,2023,33,7,41.99605,-82.7179,Bottom,9.5,2,TDN,ugL,277.41,
3967,2023-08-16,2023,33,7,41.99605,-82.7179,Surface,1,1,TDP,ugL,5.82,
3942,2023-08-16,2023,33,7,41.99605,-82.7179,Bottom,9.5,1,TDP,ugL,2.32,
3982,2023-08-16,2023,33,7,41.99605,-82.7179,Surface,1,1,TEMP,C,23.7,
3955,2023-08-16,2023,33,7,41.99605,-82.7179,Bottom,10,1,TEMP,C,23.6,
3973,2023-08-16,2023,33,7,41.99605,-82.7179,Surface,1,1,TSS,mgL,3572.00,
3948,2023-08-16,2023,33,7,41.99605,-82.7179,Bottom,9.5,1,TSS,mgL,4538.00,
4014,2023-08-28,2023,35,2,41.913017,-82.73665,Surface,1,1,CHLA,ugL,5.38,
4015,2023-08-28,2023,35,2,41.913017,-82.73665,Surface,1,2,CHLA,ugL,3.99,
3988,2023-08-28,2023,35,2,41.913017,-82.73665,Bottom,10.9,1,CHLA,ugL,8.88,
3989,2023-08-28,2023,35,2,41.913017,-82.73665,Bottom,10.9,2,CHLA,ugL,9.83,
4033,2023-08-28,2023,35,2,41.913017,-82.73665,Surface,1,1,CN,rat,11.05,
4034,2023-08-28,2023,35,2,41.913017,-82.73665,Surface,1,2,CN,rat,11.42,
4007,2023-08-28,2023,35,2,41.913017,-82.73665,Bottom,10.9,1,CN,rat,9.61,
4008,2023-08-28,2023,35,2,41.913017,-82.73665,Bottom,10.9,2,CN,rat,9.79,
4041,2023-08-28,2023,35,2,41.913017,-82.73665,Surface,1,1,COND,uS,226.3,
4013,2023-08-28,2023,35,2,41.913017,-82.73665,Bottom,10.5,1,COND,uS,226.3,
4035,2023-08-28,2023,35,2,41.913017,-82.73665,Surface,1,1,DMC,ugL,0.02,BDL
4036,2023-08-28,2023,35,2,41.913017,-82.73665,Surface,1,2,DMC,ugL,0.02,BDL
4038,2023-08-28,2023,35,2,41.913017,-82.73665,Surface,1,1,DO,%sat,101.1,
4010,2023-08-28,2023,35,2,41.913017,-82.73665,Bottom,10.5,1,DO,%sat,98.2,
4027,2023-08-28,2023,35,2,41.913017,-82.73665,Surface,1,1,DOC,mgL,1.40,
4001,2023-08-28,2023,35,2,41.913017,-82.73665,Bottom,10.9,1,DOC,mgL,2.12,
4016,2023-08-28,2023,35,2,41.913017,-82.73665,Surface,1,1,NH4,ugL,16.70,
4017,2023-08-28,2023,35,2,41.913017,-82.73665,Surface,1,2,NH4,ugL,13.81,
3990,2023-08-28,2023,35,2,41.913017,-82.73665,Bottom,10.9,1,NH4,ugL,9.97,
3991,2023-08-28,2023,35,2,41.913017,-82.73665,Bottom,10.9,2,NH4,ugL,7.08,
4018,2023-08-28,2023,35,2,41.913017,-82.73665,Surface,1,1,NO3,ugL,269.54,
4019,2023-08-28,2023,35,2,41.913017,-82.73665,Surface,1,2,NO3,ugL,271.82,
3992,2023-08-28,2023,35,2,41.913017,-82.73665,Bottom,10.9,1,NO3,ugL,271.82,
3993,2023-08-28,2023,35,2,41.913017,-82.73665,Bottom,10.9,2,NO3,ugL,267.26,
4039,2023-08-28,2023,35,2,41.913017,-82.73665,Surface,1,1,pH,pH,8.5,
4011,2023-08-28,2023,35,2,41.913017,-82.73665,Bottom,10.5,1,pH,pH,8.44,
4025,2023-08-28,2023,35,2,41.913017,-82.73665,Surface,1,1,PP,ugL,11.02,
4026,2023-08-28,2023,35,2,41.913017,-82.73665,Surface,1,2,PP,ugL,11.05,
3999,2023-08-28,2023,35,2,41.913017,-82.73665,Bottom,10.9,1,PP,ugL,13.85,
4000,2023-08-28,2023,35,2,41.913017,-82.73665,Bottom,10.9,2,PP,ugL,14.59,
4040,2023-08-28,2023,35,2,41.913017,-82.73665,Surface,1,1,PRESSURE,mmHg,747,
4012,2023-08-28,2023,35,2,41.913017,-82.73665,Bottom,10.5,1,PRESSURE,mmHg,747,
4042,2023-08-28,2023,35,2,41.913017,-82.73665,Surface,1,1,SECCHI,m,2.3,
4031,2023-08-28,2023,35,2,41.913017,-82.73665,Surface,1,1,SES_C,mgL,0.62,
4032,2023-08-28,2023,35,2,41.913017,-82.73665,Surface,1,2,SES_C,mgL,0.54,
4005,2023-08-28,2023,35,2,41.913017,-82.73665,Bottom,10.9,1,SES_C,mgL,0.73,
4006,2023-08-28,2023,35,2,41.913017,-82.73665,Bottom,10.9,2,SES_C,mgL,0.72,
4029,2023-08-28,2023,35,2,41.913017,-82.73665,Surface,1,1,SES_N,mgL,0.07,
4030,2023-08-28,2023,35,2,41.913017,-82.73665,Surface,1,2,SES_N,mgL,0.06,
4003,2023-08-28,2023,35,2,41.913017,-82.73665,Bottom,10.9,1,SES_N,mgL,0.09,
4004,2023-08-28,2023,35,2,41.913017,-82.73665,Bottom,10.9,2,SES_N,mgL,0.09,
4023,2023-08-28,2023,35,2,41.913017,-82.73665,Surface,1,1,SRP,ugL,1.15,
4024,2023-08-28,2023,35,2,41.913017,-82.73665,Surface,1,2,SRP,ugL,1.60,
3997,2023-08-28,2023,35,2,41.913017,-82.73665,Bottom,10.9,1,SRP,ugL,1.69,
3998,2023-08-28,2023,35,2,41.913017,-82.73665,Bottom,10.9,2,SRP,ugL,1.75,
4020,2023-08-28,2023,35,2,41.913017,-82.73665,Surface,1,1,TDN,ugL,445.81,
4021,2023-08-28,2023,35,2,41.913017,-82.73665,Surface,1,2,TDN,ugL,462.47,
3994,2023-08-28,2023,35,2,41.913017,-82.73665,Bottom,10.9,1,TDN,ugL,516.25,
3995,2023-08-28,2023,35,2,41.913017,-82.73665,Bottom,10.9,2,TDN,ugL,495.26,
4022,2023-08-28,2023,35,2,41.913017,-82.73665,Surface,1,1,TDP,ugL,3.25,
3996,2023-08-28,2023,35,2,41.913017,-82.73665,Bottom,10.9,1,TDP,ugL,10.49,
4037,2023-08-28,2023,35,2,41.913017,-82.73665,Surface,1,1,TEMP,C,22.6,
4009,2023-08-28,2023,35,2,41.913017,-82.73665,Bottom,10.5,1,TEMP,C,22.3,
4028,2023-08-28,2023,35,2,41.913017,-82.73665,Surface,1,1,TSS,mgL,2276.00,
4002,2023-08-28,2023,35,2,41.913017,-82.73665,Bottom,10.9,1,TSS,mgL,4070.00,
4088,2023-08-28,2023,35,4,41.8927,-82.525767,Surface,1,1,CHLA,ugL,13.82,
4089,2023-08-28,2023,35,4,41.8927,-82.525767,Surface,1,2,CHLA,ugL,15.67,
4060,2023-08-28,2023,35,4,41.8927,-82.525767,Bottom,9.8,1,CHLA,ugL,14.73,
4061,2023-08-28,2023,35,4,41.8927,-82.525767,Bottom,9.8,2,CHLA,ugL,13.84,
4084,2023-08-28,2023,35,4,41.8927,-82.525767,Surface,1,1,CN,rat,6.31,
4085,2023-08-28,2023,35,4,41.8927,-82.525767,Surface,1,2,CN,rat,9.00,
4058,2023-08-28,2023,35,4,41.8927,-82.525767,Bottom,9.8,1,CN,rat,8.44,
4059,2023-08-28,2023,35,4,41.8927,-82.525767,Bottom,9.8,2,CN,rat,10.78,
4096,2023-08-28,2023,35,4,41.8927,-82.525767,Surface,1,1,COND,uS,228.6,
4068,2023-08-28,2023,35,4,41.8927,-82.525767,Bottom,8.6,1,COND,uS,231,
4086,2023-08-28,2023,35,4,41.8927,-82.525767,Surface,1,1,DMC,ugL,0.02,BDL
4087,2023-08-28,2023,35,4,41.8927,-82.525767,Surface,1,2,DMC,ugL,0.02,BDL
4093,2023-08-28,2023,35,4,41.8927,-82.525767,Surface,1,1,DO,%sat,22.5,
4065,2023-08-28,2023,35,4,41.8927,-82.525767,Bottom,8.6,1,DO,%sat,22.2,
4078,2023-08-28,2023,35,4,41.8927,-82.525767,Surface,1,1,DOC,mgL,1.71,
4052,2023-08-28,2023,35,4,41.8927,-82.525767,Bottom,9.8,1,DOC,mgL,1.85,
4069,2023-08-28,2023,35,4,41.8927,-82.525767,Surface,1,1,NH4,ugL,1.89,
4070,2023-08-28,2023,35,4,41.8927,-82.525767,Surface,1,2,NH4,ugL,2.09,
4043,2023-08-28,2023,35,4,41.8927,-82.525767,Bottom,9.8,1,NH4,ugL,20.54,
4044,2023-08-28,2023,35,4,41.8927,-82.525767,Bottom,9.8,2,NH4,ugL,22.46,
4071,2023-08-28,2023,35,4,41.8927,-82.525767,Surface,1,1,NO3,ugL,100.15,
4072,2023-08-28,2023,35,4,41.8927,-82.525767,Surface,1,2,NO3,ugL,106.30,
4045,2023-08-28,2023,35,4,41.8927,-82.525767,Bottom,9.8,1,NO3,ugL,113.37,
4046,2023-08-28,2023,35,4,41.8927,-82.525767,Bottom,9.8,2,NO3,ugL,119.07,
4094,2023-08-28,2023,35,4,41.8927,-82.525767,Surface,1,1,pH,pH,8.59,
4066,2023-08-28,2023,35,4,41.8927,-82.525767,Bottom,8.6,1,pH,pH,8.48,
4090,2023-08-28,2023,35,4,41.8927,-82.525767,Surface,1,1,PP,ugL,15.58,
4091,2023-08-28,2023,35,4,41.8927,-82.525767,Surface,1,2,PP,ugL,16.13,
4062,2023-08-28,2023,35,4,41.8927,-82.525767,Bottom,9.8,1,PP,ugL,22.84,
4063,2023-08-28,2023,35,4,41.8927,-82.525767,Bottom,9.8,2,PP,ugL,21.36,
4095,2023-08-28,2023,35,4,41.8927,-82.525767,Surface,1,1,PRESSURE,mmHg,747,
4067,2023-08-28,2023,35,4,41.8927,-82.525767,Bottom,8.6,1,PRESSURE,mmHg,747,
4097,2023-08-28,2023,35,4,41.8927,-82.525767,Surface,1,1,SECCHI,m,1.75,
4082,2023-08-28,2023,35,4,41.8927,-82.525767,Surface,1,1,SES_C,mgL,0.71,
4083,2023-08-28,2023,35,4,41.8927,-82.525767,Surface,1,2,SES_C,mgL,0.73,
4056,2023-08-28,2023,35,4,41.8927,-82.525767,Bottom,9.8,1,SES_C,mgL,0.93,
4057,2023-08-28,2023,35,4,41.8927,-82.525767,Bottom,9.8,2,SES_C,mgL,0.81,
4080,2023-08-28,2023,35,4,41.8927,-82.525767,Surface,1,1,SES_N,mgL,0.13,
4081,2023-08-28,2023,35,4,41.8927,-82.525767,Surface,1,2,SES_N,mgL,0.09,
4054,2023-08-28,2023,35,4,41.8927,-82.525767,Bottom,9.8,1,SES_N,mgL,0.13,
4055,2023-08-28,2023,35,4,41.8927,-82.525767,Bottom,9.8,2,SES_N,mgL,0.09,
4076,2023-08-28,2023,35,4,41.8927,-82.525767,Surface,1,1,SRP,ugL,1.54,
4077,2023-08-28,2023,35,4,41.8927,-82.525767,Surface,1,2,SRP,ugL,1.36,
4050,2023-08-28,2023,35,4,41.8927,-82.525767,Bottom,9.8,1,SRP,ugL,2.54,
4051,2023-08-28,2023,35,4,41.8927,-82.525767,Bottom,9.8,2,SRP,ugL,2.24,
4073,2023-08-28,2023,35,4,41.8927,-82.525767,Surface,1,1,TDN,ugL,248.78,
4074,2023-08-28,2023,35,4,41.8927,-82.525767,Surface,1,2,TDN,ugL,251.62,
4047,2023-08-28,2023,35,4,41.8927,-82.525767,Bottom,9.8,1,TDN,ugL,389.83,
4048,2023-08-28,2023,35,4,41.8927,-82.525767,Bottom,9.8,2,TDN,ugL,456.57,
4075,2023-08-28,2023,35,4,41.8927,-82.525767,Surface,1,1,TDP,ugL,6.05,
4049,2023-08-28,2023,35,4,41.8927,-82.525767,Bottom,9.8,1,TDP,ugL,8.15,
4092,2023-08-28,2023,35,4,41.8927,-82.525767,Surface,1,1,TEMP,C,22.5,
4064,2023-08-28,2023,35,4,41.8927,-82.525767,Bottom,8.6,1,TEMP,C,22.2,
4079,2023-08-28,2023,35,4,41.8927,-82.525767,Surface,1,1,TSS,mgL,3574.00,
4053,2023-08-28,2023,35,4,41.8927,-82.525767,Bottom,9.8,1,TSS,mgL,4508.00,
4125,2023-08-28,2023,35,5,42.002583,-82.578633,Surface,1,1,CHLA,ugL,16.00,
4126,2023-08-28,2023,35,5,42.002583,-82.578633,Surface,1,2,CHLA,ugL,14.82,
4098,2023-08-28,2023,35,5,42.002583,-82.578633,Bottom,8.1,1,CHLA,ugL,15.98,
4099,2023-08-28,2023,35,5,42.002583,-82.578633,Bottom,8.1,2,CHLA,ugL,14.34,
4145,2023-08-28,2023,35,5,42.002583,-82.578633,Surface,1,1,CN,rat,7.75,
4146,2023-08-28,2023,35,5,42.002583,-82.578633,Surface,1,2,CN,rat,9.06,
4118,2023-08-28,2023,35,5,42.002583,-82.578633,Bottom,8.1,1,CN,rat,7.56,
4119,2023-08-28,2023,35,5,42.002583,-82.578633,Bottom,8.1,2,CN,rat,7.64,
4153,2023-08-28,2023,35,5,42.002583,-82.578633,Surface,1,1,COND,uS,232.7,
4124,2023-08-28,2023,35,5,42.002583,-82.578633,Bottom,7.8,1,COND,uS,232.6,
4147,2023-08-28,2023,35,5,42.002583,-82.578633,Surface,1,1,DMC,ugL,0.02,BDL
4148,2023-08-28,2023,35,5,42.002583,-82.578633,Surface,1,2,DMC,ugL,0.02,BDL
4150,2023-08-28,2023,35,5,42.002583,-82.578633,Surface,1,1,DO,%sat,22.3,
4121,2023-08-28,2023,35,5,42.002583,-82.578633,Bottom,7.8,1,DO,%sat,22.4,
4139,2023-08-28,2023,35,5,42.002583,-82.578633,Surface,1,1,DOC,mgL,2.19,
4112,2023-08-28,2023,35,5,42.002583,-82.578633,Bottom,8.1,1,DOC,mgL,1.95,
4127,2023-08-28,2023,35,5,42.002583,-82.578633,Surface,1,1,NH4,ugL,47.45,
4128,2023-08-28,2023,35,5,42.002583,-82.578633,Surface,1,2,NH4,ugL,37.26,
4100,2023-08-28,2023,35,5,42.002583,-82.578633,Bottom,8.1,1,NH4,ugL,41.69,
4101,2023-08-28,2023,35,5,42.002583,-82.578633,Bottom,8.1,2,NH4,ugL,30.92,
4129,2023-08-28,2023,35,5,42.002583,-82.578633,Surface,1,1,NO3,ugL,132.29,
4130,2023-08-28,2023,35,5,42.002583,-82.578633,Surface,1,2,NO3,ugL,141.18,
4102,2023-08-28,2023,35,5,42.002583,-82.578633,Bottom,8.1,1,NO3,ugL,131.38,
4103,2023-08-28,2023,35,5,42.002583,-82.578633,Bottom,8.1,2,NO3,ugL,130.92,
4151,2023-08-28,2023,35,5,42.002583,-82.578633,Surface,1,1,pH,pH,8.55,
4122,2023-08-28,2023,35,5,42.002583,-82.578633,Bottom,7.8,1,pH,pH,8.51,
4137,2023-08-28,2023,35,5,42.002583,-82.578633,Surface,1,1,PP,ugL,23.84,
4138,2023-08-28,2023,35,5,42.002583,-82.578633,Surface,1,2,PP,ugL,24.74,
4110,2023-08-28,2023,35,5,42.002583,-82.578633,Bottom,8.1,1,PP,ugL,27.75,
4111,2023-08-28,2023,35,5,42.002583,-82.578633,Bottom,8.1,2,PP,ugL,24.19,
4152,2023-08-28,2023,35,5,42.002583,-82.578633,Surface,1,1,PRESSURE,mmHg,746.9,
4123,2023-08-28,2023,35,5,42.002583,-82.578633,Bottom,7.8,1,PRESSURE,mmHg,746.8,
4154,2023-08-28,2023,35,5,42.002583,-82.578633,Surface,1,1,SECCHI,m,1.25,
4143,2023-08-28,2023,35,5,42.002583,-82.578633,Surface,1,1,SES_C,mgL,0.78,
4144,2023-08-28,2023,35,5,42.002583,-82.578633,Surface,1,2,SES_C,mgL,0.82,
4116,2023-08-28,2023,35,5,42.002583,-82.578633,Bottom,8.1,1,SES_C,mgL,0.95,
4117,2023-08-28,2023,35,5,42.002583,-82.578633,Bottom,8.1,2,SES_C,mgL,1.10,
4141,2023-08-28,2023,35,5,42.002583,-82.578633,Surface,1,1,SES_N,mgL,0.12,
4142,2023-08-28,2023,35,5,42.002583,-82.578633,Surface,1,2,SES_N,mgL,0.11,
4114,2023-08-28,2023,35,5,42.002583,-82.578633,Bottom,8.1,1,SES_N,mgL,0.15,
4115,2023-08-28,2023,35,5,42.002583,-82.578633,Bottom,8.1,2,SES_N,mgL,0.17,
4135,2023-08-28,2023,35,5,42.002583,-82.578633,Surface,1,1,SRP,ugL,2.48,
4136,2023-08-28,2023,35,5,42.002583,-82.578633,Surface,1,2,SRP,ugL,2.33,
4108,2023-08-28,2023,35,5,42.002583,-82.578633,Bottom,8.1,1,SRP,ugL,2.96,
4109,2023-08-28,2023,35,5,42.002583,-82.578633,Bottom,8.1,2,SRP,ugL,1.21,
4131,2023-08-28,2023,35,5,42.002583,-82.578633,Surface,1,1,TDN,ugL,403.70,
4132,2023-08-28,2023,35,5,42.002583,-82.578633,Surface,1,2,TDN,ugL,443.05,
4104,2023-08-28,2023,35,5,42.002583,-82.578633,Bottom,8.1,1,TDN,ugL,-446.76,
4105,2023-08-28,2023,35,5,42.002583,-82.578633,Bottom,8.1,2,TDN,ugL,419.97,
4133,2023-08-28,2023,35,5,42.002583,-82.578633,Surface,1,1,TDP,ugL,8.15,
4134,2023-08-28,2023,35,5,42.002583,-82.578633,Surface,1,2,TDP,ugL,13.76,
4106,2023-08-28,2023,35,5,42.002583,-82.578633,Bottom,8.1,1,TDP,ugL,2.79,
4107,2023-08-28,2023,35,5,42.002583,-82.578633,Bottom,8.1,2,TDP,ugL,72.12,
4149,2023-08-28,2023,35,5,42.002583,-82.578633,Surface,1,1,TEMP,C,22.3,
4120,2023-08-28,2023,35,5,42.002583,-82.578633,Bottom,7.8,1,TEMP,C,22.4,
4140,2023-08-28,2023,35,5,42.002583,-82.578633,Surface,1,1,TSS,mgL,4248.00,
4113,2023-08-28,2023,35,5,42.002583,-82.578633,Bottom,8.1,1,TSS,mgL,6418.00,
4183,2023-08-28,2023,35,6,42.0222,-82.669683,Surface,1,1,CHLA,ugL,8.91,
4184,2023-08-28,2023,35,6,42.0222,-82.669683,Surface,1,2,CHLA,ugL,9.32,
4155,2023-08-28,2023,35,6,42.0222,-82.669683,Bottom,7.9,1,CHLA,ugL,9.99,
4156,2023-08-28,2023,35,6,42.0222,-82.669683,Bottom,7.9,2,CHLA,ugL,8.53,
4202,2023-08-28,2023,35,6,42.0222,-82.669683,Surface,1,1,CN,rat,9.08,
4203,2023-08-28,2023,35,6,42.0222,-82.669683,Surface,1,2,CN,rat,9.01,
4174,2023-08-28,2023,35,6,42.0222,-82.669683,Bottom,7.9,1,CN,rat,7.64,
4175,2023-08-28,2023,35,6,42.0222,-82.669683,Bottom,7.9,2,CN,rat,9.50,
4210,2023-08-28,2023,35,6,42.0222,-82.669683,Surface,1,1,COND,uS,214,
4182,2023-08-28,2023,35,6,42.0222,-82.669683,Bottom,7,1,COND,uS,216.3,
4204,2023-08-28,2023,35,6,42.0222,-82.669683,Surface,1,1,DMC,ugL,0.03,BDL
4205,2023-08-28,2023,35,6,42.0222,-82.669683,Surface,1,2,DMC,ugL,0.04,BDL
4176,2023-08-28,2023,35,6,42.0222,-82.669683,Bottom,7.9,1,DMC,ugL,0.02,BDL
4177,2023-08-28,2023,35,6,42.0222,-82.669683,Bottom,7.9,2,DMC,ugL,0.01,BDL
4207,2023-08-28,2023,35,6,42.0222,-82.669683,Surface,1,1,DO,%sat,22.5,
4179,2023-08-28,2023,35,6,42.0222,-82.669683,Bottom,7,1,DO,%sat,22.3,
4196,2023-08-28,2023,35,6,42.0222,-82.669683,Surface,1,1,DOC,mgL,2.11,
4168,2023-08-28,2023,35,6,42.0222,-82.669683,Bottom,7.9,1,DOC,mgL,2.22,
4185,2023-08-28,2023,35,6,42.0222,-82.669683,Surface,1,1,NH4,ugL,19.00,
4186,2023-08-28,2023,35,6,42.0222,-82.669683,Surface,1,2,NH4,ugL,14.00,
4157,2023-08-28,2023,35,6,42.0222,-82.669683,Bottom,7.9,1,NH4,ugL,13.81,
4158,2023-08-28,2023,35,6,42.0222,-82.669683,Bottom,7.9,2,NH4,ugL,12.27,
4187,2023-08-28,2023,35,6,42.0222,-82.669683,Surface,1,1,NO3,ugL,310.57,
4188,2023-08-28,2023,35,6,42.0222,-82.669683,Surface,1,2,NO3,ugL,310.57,
4159,2023-08-28,2023,35,6,42.0222,-82.669683,Bottom,7.9,1,NO3,ugL,301.45,
4160,2023-08-28,2023,35,6,42.0222,-82.669683,Bottom,7.9,2,NO3,ugL,271.82,
4208,2023-08-28,2023,35,6,42.0222,-82.669683,Surface,1,1,pH,pH,8.29,
4180,2023-08-28,2023,35,6,42.0222,-82.669683,Bottom,7,1,pH,pH,8.25,
4194,2023-08-28,2023,35,6,42.0222,-82.669683,Surface,1,1,PP,ugL,23.15,
4195,2023-08-28,2023,35,6,42.0222,-82.669683,Surface,1,2,PP,ugL,22.06,
4166,2023-08-28,2023,35,6,42.0222,-82.669683,Bottom,7.9,1,PP,ugL,23.87,
4167,2023-08-28,2023,35,6,42.0222,-82.669683,Bottom,7.9,2,PP,ugL,25.49,
4209,2023-08-28,2023,35,6,42.0222,-82.669683,Surface,1,1,PRESSURE,mmHg,747.1,
4181,2023-08-28,2023,35,6,42.0222,-82.669683,Bottom,7,1,PRESSURE,mmHg,747.3,
4211,2023-08-28,2023,35,6,42.0222,-82.669683,Surface,1,1,SECCHI,m,1.75,
4200,2023-08-28,2023,35,6,42.0222,-82.669683,Surface,1,1,SES_C,mgL,0.73,
4201,2023-08-28,2023,35,6,42.0222,-82.669683,Surface,1,2,SES_C,mgL,0.69,
4172,2023-08-28,2023,35,6,42.0222,-82.669683,Bottom,7.9,1,SES_C,mgL,0.72,
4173,2023-08-28,2023,35,6,42.0222,-82.669683,Bottom,7.9,2,SES_C,mgL,0.92,
4198,2023-08-28,2023,35,6,42.0222,-82.669683,Surface,1,1,SES_N,mgL,0.09,
4199,2023-08-28,2023,35,6,42.0222,-82.669683,Surface,1,2,SES_N,mgL,0.09,
4170,2023-08-28,2023,35,6,42.0222,-82.669683,Bottom,7.9,1,SES_N,mgL,0.11,
4171,2023-08-28,2023,35,6,42.0222,-82.669683,Bottom,7.9,2,SES_N,mgL,0.11,
4192,2023-08-28,2023,35,6,42.0222,-82.669683,Surface,1,1,SRP,ugL,1.54,
4193,2023-08-28,2023,35,6,42.0222,-82.669683,Surface,1,2,SRP,ugL,6.28,
4164,2023-08-28,2023,35,6,42.0222,-82.669683,Bottom,7.9,1,SRP,ugL,1.72,
4165,2023-08-28,2023,35,6,42.0222,-82.669683,Bottom,7.9,2,SRP,ugL,1.63,
4189,2023-08-28,2023,35,6,42.0222,-82.669683,Surface,1,1,TDN,ugL,485.12,
4190,2023-08-28,2023,35,6,42.0222,-82.669683,Surface,1,2,TDN,ugL,486.81,
4161,2023-08-28,2023,35,6,42.0222,-82.669683,Bottom,7.9,1,TDN,ugL,544.91,
4162,2023-08-28,2023,35,6,42.0222,-82.669683,Bottom,7.9,2,TDN,ugL,647.41,
4191,2023-08-28,2023,35,6,42.0222,-82.669683,Surface,1,1,TDP,ugL,5.82,
4163,2023-08-28,2023,35,6,42.0222,-82.669683,Bottom,7.9,1,TDP,ugL,7.69,
4206,2023-08-28,2023,35,6,42.0222,-82.669683,Surface,1,1,TEMP,C,22.5,
4178,2023-08-28,2023,35,6,42.0222,-82.669683,Bottom,7,1,TEMP,C,22.3,
4197,2023-08-28,2023,35,6,42.0222,-82.669683,Surface,1,1,TSS,mgL,4434.00,
4169,2023-08-28,2023,35,6,42.0222,-82.669683,Bottom,7.9,1,TSS,mgL,,ND
4238,2023-08-28,2023,35,7,41.99605,-82.7179,Surface,1,1,CHLA,ugL,6.79,
4239,2023-08-28,2023,35,7,41.99605,-82.7179,Surface,1,2,CHLA,ugL,5.66,
4212,2023-08-28,2023,35,7,41.99605,-82.7179,Bottom,9.5,1,CHLA,ugL,9.20,
4213,2023-08-28,2023,35,7,41.99605,-82.7179,Bottom,9.5,2,CHLA,ugL,7.79,
4252,2023-08-28,2023,35,7,41.99605,-82.7179,Surface,1,1,CN,rat,10.25,
4253,2023-08-28,2023,35,7,41.99605,-82.7179,Surface,1,2,CN,rat,9.85,
4231,2023-08-28,2023,35,7,41.99605,-82.7179,Bottom,9.5,1,CN,rat,8.40,
4232,2023-08-28,2023,35,7,41.99605,-82.7179,Bottom,9.5,2,CN,rat,9.71,
4260,2023-08-28,2023,35,7,41.99605,-82.7179,Surface,1,1,COND,uS,223.6,
4237,2023-08-28,2023,35,7,41.99605,-82.7179,Bottom,9,1,COND,uS,223.6,
4254,2023-08-28,2023,35,7,41.99605,-82.7179,Surface,1,1,DMC,ugL,0.02,BDL
4255,2023-08-28,2023,35,7,41.99605,-82.7179,Surface,1,2,DMC,ugL,0.01,BDL
4257,2023-08-28,2023,35,7,41.99605,-82.7179,Surface,1,1,DO,%sat,22.5,
4234,2023-08-28,2023,35,7,41.99605,-82.7179,Bottom,9,1,DO,%sat,22.3,
4246,2023-08-28,2023,35,7,41.99605,-82.7179,Surface,1,1,DOC,mgL,1.69,
4225,2023-08-28,2023,35,7,41.99605,-82.7179,Bottom,9.5,1,DOC,mgL,1.56,
4240,2023-08-28,2023,35,7,41.99605,-82.7179,Surface,1,1,NH4,ugL,17.66,
4241,2023-08-28,2023,35,7,41.99605,-82.7179,Surface,1,2,NH4,ugL,12.08,
4214,2023-08-28,2023,35,7,41.99605,-82.7179,Bottom,9.5,1,NH4,ugL,20.73,
4215,2023-08-28,2023,35,7,41.99605,-82.7179,Bottom,9.5,2,NH4,ugL,13.81,
4216,2023-08-28,2023,35,7,41.99605,-82.7179,Bottom,9.5,1,NO3,ugL,278.89,
4217,2023-08-28,2023,35,7,41.99605,-82.7179,Bottom,9.5,2,NO3,ugL,244.55,
4258,2023-08-28,2023,35,7,41.99605,-82.7179,Surface,1,1,pH,pH,8.52,
4235,2023-08-28,2023,35,7,41.99605,-82.7179,Bottom,9,1,pH,pH,8.5,
4244,2023-08-28,2023,35,7,41.99605,-82.7179,Surface,1,1,PP,ugL,11.38,
4245,2023-08-28,2023,35,7,41.99605,-82.7179,Surface,1,2,PP,ugL,11.57,
4223,2023-08-28,2023,35,7,41.99605,-82.7179,Bottom,9.5,1,PP,ugL,17.24,
4224,2023-08-28,2023,35,7,41.99605,-82.7179,Bottom,9.5,2,PP,ugL,17.71,
4259,2023-08-28,2023,35,7,41.99605,-82.7179,Surface,1,1,PRESSURE,mmHg,747.1,
4236,2023-08-28,2023,35,7,41.99605,-82.7179,Bottom,9,1,PRESSURE,mmHg,747,
4261,2023-08-28,2023,35,7,41.99605,-82.7179,Surface,1,1,SECCHI,m,2.1,
4250,2023-08-28,2023,35,7,41.99605,-82.7179,Surface,1,1,SES_C,mgL,0.61,
4251,2023-08-28,2023,35,7,41.99605,-82.7179,Surface,1,2,SES_C,mgL,0.54,
4229,2023-08-28,2023,35,7,41.99605,-82.7179,Bottom,9.5,1,SES_C,mgL,0.66,
4230,2023-08-28,2023,35,7,41.99605,-82.7179,Bottom,9.5,2,SES_C,mgL,0.72,
4248,2023-08-28,2023,35,7,41.99605,-82.7179,Surface,1,1,SES_N,mgL,0.07,
4249,2023-08-28,2023,35,7,41.99605,-82.7179,Surface,1,2,SES_N,mgL,0.06,
4227,2023-08-28,2023,35,7,41.99605,-82.7179,Bottom,9.5,1,SES_N,mgL,0.09,
4228,2023-08-28,2023,35,7,41.99605,-82.7179,Bottom,9.5,2,SES_N,mgL,0.09,
4242,2023-08-28,2023,35,7,41.99605,-82.7179,Surface,1,1,SRP,ugL,,ND
4243,2023-08-28,2023,35,7,41.99605,-82.7179,Surface,1,2,SRP,ugL,,ND
4221,2023-08-28,2023,35,7,41.99605,-82.7179,Bottom,9.5,1,SRP,ugL,3.48,
4222,2023-08-28,2023,35,7,41.99605,-82.7179,Bottom,9.5,2,SRP,ugL,1.66,
4218,2023-08-28,2023,35,7,41.99605,-82.7179,Bottom,9.5,1,TDN,ugL,553.61,
4219,2023-08-28,2023,35,7,41.99605,-82.7179,Bottom,9.5,2,TDN,ugL,474.62,
4220,2023-08-28,2023,35,7,41.99605,-82.7179,Bottom,9.5,1,TDP,ugL,16.33,
4256,2023-08-28,2023,35,7,41.99605,-82.7179,Surface,1,1,TEMP,C,22.5,
4233,2023-08-28,2023,35,7,41.99605,-82.7179,Bottom,9,1,TEMP,C,22.3,
4247,2023-08-28,2023,35,7,41.99605,-82.7179,Surface,1,1,TSS,mgL,3546.00,
4226,2023-08-28,2023,35,7,41.99605,-82.7179,Bottom,9.5,1,TSS,mgL,6360.00,
4289,2023-09-15,2023,37,2,41.913017,-82.73665,Surface,1,1,CHLA,ugL,9.07,
4290,2023-09-15,2023,37,2,41.913017,-82.73665,Surface,1,2,CHLA,ugL,8.46,
4262,2023-09-15,2023,37,2,41.913017,-82.73665,Bottom,10.9,1,CHLA,ugL,14.76,
4263,2023-09-15,2023,37,2,41.913017,-82.73665,Bottom,10.9,2,CHLA,ugL,11.68,
4309,2023-09-15,2023,37,2,41.913017,-82.73665,Surface,1,1,CN,rat,9.06,
4310,2023-09-15,2023,37,2,41.913017,-82.73665,Surface,1,2,CN,rat,8.98,
4282,2023-09-15,2023,37,2,41.913017,-82.73665,Bottom,10.9,1,CN,rat,11.01,
4283,2023-09-15,2023,37,2,41.913017,-82.73665,Bottom,10.9,2,CN,rat,9.82,
4315,2023-09-15,2023,37,2,41.913017,-82.73665,Surface,1,1,COND,uS,228.9,
4288,2023-09-15,2023,37,2,41.913017,-82.73665,Bottom,11,1,COND,uS,229.1,
4312,2023-09-15,2023,37,2,41.913017,-82.73665,Surface,1,1,DO,%sat,102.5,
4285,2023-09-15,2023,37,2,41.913017,-82.73665,Bottom,11,1,DO,%sat,101.4,
4303,2023-09-15,2023,37,2,41.913017,-82.73665,Surface,1,1,DOC,mgL,1.98,
4276,2023-09-15,2023,37,2,41.913017,-82.73665,Bottom,10.9,1,DOC,mgL,2.07,
4291,2023-09-15,2023,37,2,41.913017,-82.73665,Surface,1,1,NH4,ugL,5.35,
4292,2023-09-15,2023,37,2,41.913017,-82.73665,Surface,1,2,NH4,ugL,4.39,
4264,2023-09-15,2023,37,2,41.913017,-82.73665,Bottom,10.9,1,NH4,ugL,7.28,
4265,2023-09-15,2023,37,2,41.913017,-82.73665,Bottom,10.9,2,NH4,ugL,6.89,
4293,2023-09-15,2023,37,2,41.913017,-82.73665,Surface,1,1,NO3,ugL,195.51,
4294,2023-09-15,2023,37,2,41.913017,-82.73665,Surface,1,2,NO3,ugL,201.03,
4266,2023-09-15,2023,37,2,41.913017,-82.73665,Bottom,10.9,1,NO3,ugL,235.31,
4267,2023-09-15,2023,37,2,41.913017,-82.73665,Bottom,10.9,2,NO3,ugL,229.20,
4313,2023-09-15,2023,37,2,41.913017,-82.73665,Surface,1,1,pH,pH,8.4,
4286,2023-09-15,2023,37,2,41.913017,-82.73665,Bottom,11,1,pH,pH,8.41,
4301,2023-09-15,2023,37,2,41.913017,-82.73665,Surface,1,1,PP,ugL,12.16,
4302,2023-09-15,2023,37,2,41.913017,-82.73665,Surface,1,2,PP,ugL,13.17,
4274,2023-09-15,2023,37,2,41.913017,-82.73665,Bottom,10.9,1,PP,ugL,13.87,
4275,2023-09-15,2023,37,2,41.913017,-82.73665,Bottom,10.9,2,PP,ugL,15.66,
4314,2023-09-15,2023,37,2,41.913017,-82.73665,Surface,1,1,PRESSURE,mmHg,751.5,
4287,2023-09-15,2023,37,2,41.913017,-82.73665,Bottom,11,1,PRESSURE,mmHg,751.4,
4316,2023-09-15,2023,37,2,41.913017,-82.73665,Surface,1,1,SECCHI,m,2.5,
4307,2023-09-15,2023,37,2,41.913017,-82.73665,Surface,1,1,SES_C,mgL,0.75,
4308,2023-09-15,2023,37,2,41.913017,-82.73665,Surface,1,2,SES_C,mgL,0.82,
4280,2023-09-15,2023,37,2,41.913017,-82.73665,Bottom,10.9,1,SES_C,mgL,0.92,
4281,2023-09-15,2023,37,2,41.913017,-82.73665,Bottom,10.9,2,SES_C,mgL,1.03,
4305,2023-09-15,2023,37,2,41.913017,-82.73665,Surface,1,1,SES_N,mgL,0.10,
4306,2023-09-15,2023,37,2,41.913017,-82.73665,Surface,1,2,SES_N,mgL,0.11,
4278,2023-09-15,2023,37,2,41.913017,-82.73665,Bottom,10.9,1,SES_N,mgL,0.10,
4279,2023-09-15,2023,37,2,41.913017,-82.73665,Bottom,10.9,2,SES_N,mgL,0.12,
4299,2023-09-15,2023,37,2,41.913017,-82.73665,Surface,1,1,SRP,ugL,1.72,
4300,2023-09-15,2023,37,2,41.913017,-82.73665,Surface,1,2,SRP,ugL,1.54,
4272,2023-09-15,2023,37,2,41.913017,-82.73665,Bottom,10.9,1,SRP,ugL,1.82,
4273,2023-09-15,2023,37,2,41.913017,-82.73665,Bottom,10.9,2,SRP,ugL,1.27,
4295,2023-09-15,2023,37,2,41.913017,-82.73665,Surface,1,1,TDN,ugL,418.55,
4296,2023-09-15,2023,37,2,41.913017,-82.73665,Surface,1,2,TDN,ugL,304.62,
4268,2023-09-15,2023,37,2,41.913017,-82.73665,Bottom,10.9,1,TDN,ugL,435.93,
4269,2023-09-15,2023,37,2,41.913017,-82.73665,Bottom,10.9,2,TDN,ugL,425.75,
4297,2023-09-15,2023,37,2,41.913017,-82.73665,Surface,1,1,TDP,ugL,17.96,
4298,2023-09-15,2023,37,2,41.913017,-82.73665,Surface,1,2,TDP,ugL,5.35,
4270,2023-09-15,2023,37,2,41.913017,-82.73665,Bottom,10.9,1,TDP,ugL,3.72,
4271,2023-09-15,2023,37,2,41.913017,-82.73665,Bottom,10.9,2,TDP,ugL,3.49,
4311,2023-09-15,2023,37,2,41.913017,-82.73665,Surface,1,1,TEMP,C,21.7,
4284,2023-09-15,2023,37,2,41.913017,-82.73665,Bottom,11,1,TEMP,C,21.7,
4304,2023-09-15,2023,37,2,41.913017,-82.73665,Surface,1,1,TSS,mgL,,ND
4277,2023-09-15,2023,37,2,41.913017,-82.73665,Bottom,10.9,1,TSS,mgL,3290.00,
4363,2023-09-15,2023,37,4,41.8927,-82.525767,Surface,1,1,CHLA,ugL,8.95,
4364,2023-09-15,2023,37,4,41.8927,-82.525767,Surface,1,2,CHLA,ugL,10.39,
4334,2023-09-15,2023,37,4,41.8927,-82.525767,Bottom,9.8,1,CHLA,ugL,9.85,
4335,2023-09-15,2023,37,4,41.8927,-82.525767,Bottom,9.8,2,CHLA,ugL,10.57,
4359,2023-09-15,2023,37,4,41.8927,-82.525767,Surface,1,1,CN,rat,9.25,
4360,2023-09-15,2023,37,4,41.8927,-82.525767,Surface,1,2,CN,rat,6.62,
4332,2023-09-15,2023,37,4,41.8927,-82.525767,Bottom,9.8,1,CN,rat,10.24,
4333,2023-09-15,2023,37,4,41.8927,-82.525767,Bottom,9.8,2,CN,rat,7.64,
4371,2023-09-15,2023,37,4,41.8927,-82.525767,Surface,1,1,COND,uS,228.8,
4342,2023-09-15,2023,37,4,41.8927,-82.525767,Bottom,9,1,COND,uS,228.8,
4361,2023-09-15,2023,37,4,41.8927,-82.525767,Surface,1,1,DMC,ugL,0.02,BDL
4362,2023-09-15,2023,37,4,41.8927,-82.525767,Surface,1,2,DMC,ugL,0.02,BDL
4368,2023-09-15,2023,37,4,41.8927,-82.525767,Surface,1,1,DO,%sat,103.2,
4339,2023-09-15,2023,37,4,41.8927,-82.525767,Bottom,9,1,DO,%sat,102.4,
4353,2023-09-15,2023,37,4,41.8927,-82.525767,Surface,1,1,DOC,mgL,1.73,
4326,2023-09-15,2023,37,4,41.8927,-82.525767,Bottom,9.8,1,DOC,mgL,1.69,
4343,2023-09-15,2023,37,4,41.8927,-82.525767,Surface,1,1,NH4,ugL,5.74,
4344,2023-09-15,2023,37,4,41.8927,-82.525767,Surface,1,2,NH4,ugL,6.12,
4317,2023-09-15,2023,37,4,41.8927,-82.525767,Bottom,9.8,1,NH4,ugL,15.54,
4318,2023-09-15,2023,37,4,41.8927,-82.525767,Bottom,9.8,2,NH4,ugL,11.89,
4345,2023-09-15,2023,37,4,41.8927,-82.525767,Surface,1,1,NO3,ugL,159.59,
4346,2023-09-15,2023,37,4,41.8927,-82.525767,Surface,1,2,NO3,ugL,159.63,
4319,2023-09-15,2023,37,4,41.8927,-82.525767,Bottom,9.8,1,NO3,ugL,150.01,
4320,2023-09-15,2023,37,4,41.8927,-82.525767,Bottom,9.8,2,NO3,ugL,150.19,
4369,2023-09-15,2023,37,4,41.8927,-82.525767,Surface,1,1,pH,pH,8.55,
4340,2023-09-15,2023,37,4,41.8927,-82.525767,Bottom,9,1,pH,pH,8.56,
4365,2023-09-15,2023,37,4,41.8927,-82.525767,Surface,1,1,PP,ugL,11.29,
4366,2023-09-15,2023,37,4,41.8927,-82.525767,Surface,1,2,PP,ugL,13.82,
4336,2023-09-15,2023,37,4,41.8927,-82.525767,Bottom,9.8,1,PP,ugL,14.63,
4337,2023-09-15,2023,37,4,41.8927,-82.525767,Bottom,9.8,2,PP,ugL,15.40,
4370,2023-09-15,2023,37,4,41.8927,-82.525767,Surface,1,1,PRESSURE,mmHg,751.4,
4341,2023-09-15,2023,37,4,41.8927,-82.525767,Bottom,9,1,PRESSURE,mmHg,751.5,
4372,2023-09-15,2023,37,4,41.8927,-82.525767,Surface,1,1,SECCHI,m,2.5,
4357,2023-09-15,2023,37,4,41.8927,-82.525767,Surface,1,1,SES_C,mgL,0.79,
4358,2023-09-15,2023,37,4,41.8927,-82.525767,Surface,1,2,SES_C,mgL,0.79,
4330,2023-09-15,2023,37,4,41.8927,-82.525767,Bottom,9.8,1,SES_C,mgL,0.96,
4331,2023-09-15,2023,37,4,41.8927,-82.525767,Bottom,9.8,2,SES_C,mgL,1.12,
4355,2023-09-15,2023,37,4,41.8927,-82.525767,Surface,1,1,SES_N,mgL,0.10,
4356,2023-09-15,2023,37,4,41.8927,-82.525767,Surface,1,2,SES_N,mgL,0.14,
4328,2023-09-15,2023,37,4,41.8927,-82.525767,Bottom,9.8,1,SES_N,mgL,0.11,
4329,2023-09-15,2023,37,4,41.8927,-82.525767,Bottom,9.8,2,SES_N,mgL,0.17,
4351,2023-09-15,2023,37,4,41.8927,-82.525767,Surface,1,1,SRP,ugL,2.33,
4352,2023-09-15,2023,37,4,41.8927,-82.525767,Surface,1,2,SRP,ugL,0.94,
4324,2023-09-15,2023,37,4,41.8927,-82.525767,Bottom,9.8,1,SRP,ugL,1.09,
4325,2023-09-15,2023,37,4,41.8927,-82.525767,Bottom,9.8,2,SRP,ugL,1.39,
4347,2023-09-15,2023,37,4,41.8927,-82.525767,Surface,1,1,TDN,ugL,253.10,
4348,2023-09-15,2023,37,4,41.8927,-82.525767,Surface,1,2,TDN,ugL,250.05,
4321,2023-09-15,2023,37,4,41.8927,-82.525767,Bottom,9.8,1,TDN,ugL,380.07,
4322,2023-09-15,2023,37,4,41.8927,-82.525767,Bottom,9.8,2,TDN,ugL,378.64,
4349,2023-09-15,2023,37,4,41.8927,-82.525767,Surface,1,1,TDP,ugL,5.82,
4350,2023-09-15,2023,37,4,41.8927,-82.525767,Surface,1,2,TDP,ugL,13.99,
4323,2023-09-15,2023,37,4,41.8927,-82.525767,Bottom,9.8,1,TDP,ugL,4.42,
4367,2023-09-15,2023,37,4,41.8927,-82.525767,Surface,1,1,TEMP,C,21.8,
4338,2023-09-15,2023,37,4,41.8927,-82.525767,Bottom,9,1,TEMP,C,21.8,
4354,2023-09-15,2023,37,4,41.8927,-82.525767,Surface,1,1,TSS,mgL,2920.00,
4327,2023-09-15,2023,37,4,41.8927,-82.525767,Bottom,9.8,1,TSS,mgL,4898.00,
4399,2023-09-15,2023,37,5,42.002583,-82.578633,Surface,1,1,CHLA,ugL,11.05,
4400,2023-09-15,2023,37,5,42.002583,-82.578633,Surface,1,2,CHLA,ugL,11.61,
4373,2023-09-15,2023,37,5,42.002583,-82.578633,Bottom,8.1,1,CHLA,ugL,16.79,
4374,2023-09-15,2023,37,5,42.002583,-82.578633,Bottom,8.1,2,CHLA,ugL,16.82,
4418,2023-09-15,2023,37,5,42.002583,-82.578633,Surface,1,1,CN,rat,6.63,
4419,2023-09-15,2023,37,5,42.002583,-82.578633,Surface,1,2,CN,rat,7.22,
4392,2023-09-15,2023,37,5,42.002583,-82.578633,Bottom,8.1,1,CN,rat,9.49,
4393,2023-09-15,2023,37,5,42.002583,-82.578633,Bottom,8.1,2,CN,rat,7.04,
4426,2023-09-15,2023,37,5,42.002583,-82.578633,Surface,1,1,COND,uS,234.3,
4398,2023-09-15,2023,37,5,42.002583,-82.578633,Bottom,8,1,COND,uS,236.9,
4420,2023-09-15,2023,37,5,42.002583,-82.578633,Surface,1,1,DMC,ugL,0.03,BDL
4421,2023-09-15,2023,37,5,42.002583,-82.578633,Surface,1,2,DMC,ugL,0.03,BDL
4423,2023-09-15,2023,37,5,42.002583,-82.578633,Surface,1,1,DO,%sat,104.9,
4395,2023-09-15,2023,37,5,42.002583,-82.578633,Bottom,8,1,DO,%sat,103.8,
4412,2023-09-15,2023,37,5,42.002583,-82.578633,Surface,1,1,DOC,mgL,1.86,
4386,2023-09-15,2023,37,5,42.002583,-82.578633,Bottom,8.1,1,DOC,mgL,4.86,
4401,2023-09-15,2023,37,5,42.002583,-82.578633,Surface,1,1,NH4,ugL,11.12,
4402,2023-09-15,2023,37,5,42.002583,-82.578633,Surface,1,2,NH4,ugL,7.66,
4375,2023-09-15,2023,37,5,42.002583,-82.578633,Bottom,8.1,1,NH4,ugL,7.66,
4376,2023-09-15,2023,37,5,42.002583,-82.578633,Bottom,8.1,2,NH4,ugL,9.20,
4403,2023-09-15,2023,37,5,42.002583,-82.578633,Surface,1,1,NO3,ugL,208.62,
4404,2023-09-15,2023,37,5,42.002583,-82.578633,Surface,1,2,NO3,ugL,223.50,
4377,2023-09-15,2023,37,5,42.002583,-82.578633,Bottom,8.1,1,NO3,ugL,211.49,
4378,2023-09-15,2023,37,5,42.002583,-82.578633,Bottom,8.1,2,NO3,ugL,207.73,
4424,2023-09-15,2023,37,5,42.002583,-82.578633,Surface,1,1,pH,pH,8.63,
4396,2023-09-15,2023,37,5,42.002583,-82.578633,Bottom,8,1,pH,pH,8.62,
4410,2023-09-15,2023,37,5,42.002583,-82.578633,Surface,1,1,PP,ugL,13.93,
4411,2023-09-15,2023,37,5,42.002583,-82.578633,Surface,1,2,PP,ugL,15.50,
4384,2023-09-15,2023,37,5,42.002583,-82.578633,Bottom,8.1,1,PP,ugL,19.18,
4385,2023-09-15,2023,37,5,42.002583,-82.578633,Bottom,8.1,2,PP,ugL,22.61,
4425,2023-09-15,2023,37,5,42.002583,-82.578633,Surface,1,1,PRESSURE,mmHg,751.3,
4397,2023-09-15,2023,37,5,42.002583,-82.578633,Bottom,8,1,PRESSURE,mmHg,751.2,
4427,2023-09-15,2023,37,5,42.002583,-82.578633,Surface,1,1,SECCHI,m,2,
4416,2023-09-15,2023,37,5,42.002583,-82.578633,Surface,1,1,SES_C,mgL,0.80,
4417,2023-09-15,2023,37,5,42.002583,-82.578633,Surface,1,2,SES_C,mgL,0.81,
4390,2023-09-15,2023,37,5,42.002583,-82.578633,Bottom,8.1,1,SES_C,mgL,1.34,
4391,2023-09-15,2023,37,5,42.002583,-82.578633,Bottom,8.1,2,SES_C,mgL,1.20,
4414,2023-09-15,2023,37,5,42.002583,-82.578633,Surface,1,1,SES_N,mgL,0.14,
4415,2023-09-15,2023,37,5,42.002583,-82.578633,Surface,1,2,SES_N,mgL,0.13,
4388,2023-09-15,2023,37,5,42.002583,-82.578633,Bottom,8.1,1,SES_N,mgL,0.16,
4389,2023-09-15,2023,37,5,42.002583,-82.578633,Bottom,8.1,2,SES_N,mgL,0.20,
4408,2023-09-15,2023,37,5,42.002583,-82.578633,Surface,1,1,SRP,ugL,1.54,
4409,2023-09-15,2023,37,5,42.002583,-82.578633,Surface,1,2,SRP,ugL,1.30,
4382,2023-09-15,2023,37,5,42.002583,-82.578633,Bottom,8.1,1,SRP,ugL,1.45,
4383,2023-09-15,2023,37,5,42.002583,-82.578633,Bottom,8.1,2,SRP,ugL,1.36,
4405,2023-09-15,2023,37,5,42.002583,-82.578633,Surface,1,1,TDN,ugL,252.39,
4406,2023-09-15,2023,37,5,42.002583,-82.578633,Surface,1,2,TDN,ugL,359.79,
4379,2023-09-15,2023,37,5,42.002583,-82.578633,Bottom,8.1,1,TDN,ugL,585.56,
4380,2023-09-15,2023,37,5,42.002583,-82.578633,Bottom,8.1,2,TDN,ugL,582.29,
4407,2023-09-15,2023,37,5,42.002583,-82.578633,Surface,1,1,TDP,ugL,3.25,
4381,2023-09-15,2023,37,5,42.002583,-82.578633,Bottom,8.1,1,TDP,ugL,7.69,
4422,2023-09-15,2023,37,5,42.002583,-82.578633,Surface,1,1,TEMP,C,21.8,
4394,2023-09-15,2023,37,5,42.002583,-82.578633,Bottom,8,1,TEMP,C,21.8,
4413,2023-09-15,2023,37,5,42.002583,-82.578633,Surface,1,1,TSS,mgL,3676.00,
4387,2023-09-15,2023,37,5,42.002583,-82.578633,Bottom,8.1,1,TSS,mgL,6742.00,
4456,2023-09-15,2023,37,6,42.0222,-82.669683,Surface,1,1,CHLA,ugL,9.38,
4457,2023-09-15,2023,37,6,42.0222,-82.669683,Surface,1,2,CHLA,ugL,10.18,
4428,2023-09-15,2023,37,6,42.0222,-82.669683,Bottom,7.9,1,CHLA,ugL,15.61,
4429,2023-09-15,2023,37,6,42.0222,-82.669683,Bottom,7.9,2,CHLA,ugL,15.62,
4475,2023-09-15,2023,37,6,42.0222,-82.669683,Surface,1,1,CN,rat,9.21,
4476,2023-09-15,2023,37,6,42.0222,-82.669683,Surface,1,2,CN,rat,11.00,
4447,2023-09-15,2023,37,6,42.0222,-82.669683,Bottom,7.9,1,CN,rat,7.48,
4448,2023-09-15,2023,37,6,42.0222,-82.669683,Bottom,7.9,2,CN,rat,6.88,
4483,2023-09-15,2023,37,6,42.0222,-82.669683,Surface,1,1,COND,uS,235,
4455,2023-09-15,2023,37,6,42.0222,-82.669683,Bottom,7.5,1,COND,uS,235.2,
4477,2023-09-15,2023,37,6,42.0222,-82.669683,Surface,1,1,DMC,ugL,0.04,BDL
4478,2023-09-15,2023,37,6,42.0222,-82.669683,Surface,1,2,DMC,ugL,0.03,BDL
4449,2023-09-15,2023,37,6,42.0222,-82.669683,Bottom,7.9,1,DMC,ugL,0.04,BDL
4450,2023-09-15,2023,37,6,42.0222,-82.669683,Bottom,7.9,2,DMC,ugL,0.03,BDL
4480,2023-09-15,2023,37,6,42.0222,-82.669683,Surface,1,1,DO,%sat,105.8,
4452,2023-09-15,2023,37,6,42.0222,-82.669683,Bottom,7.5,1,DO,%sat,101.4,
4469,2023-09-15,2023,37,6,42.0222,-82.669683,Surface,1,1,DOC,mgL,2.05,
4441,2023-09-15,2023,37,6,42.0222,-82.669683,Bottom,7.9,1,DOC,mgL,2.48,
4458,2023-09-15,2023,37,6,42.0222,-82.669683,Surface,1,1,NH4,ugL,13.24,
4459,2023-09-15,2023,37,6,42.0222,-82.669683,Surface,1,2,NH4,ugL,10.35,
4430,2023-09-15,2023,37,6,42.0222,-82.669683,Bottom,7.9,1,NH4,ugL,9.01,
4431,2023-09-15,2023,37,6,42.0222,-82.669683,Bottom,7.9,2,NH4,ugL,8.43,
4460,2023-09-15,2023,37,6,42.0222,-82.669683,Surface,1,1,NO3,ugL,214.65,
4461,2023-09-15,2023,37,6,42.0222,-82.669683,Surface,1,2,NO3,ugL,236.36,
4432,2023-09-15,2023,37,6,42.0222,-82.669683,Bottom,7.9,1,NO3,ugL,180.37,
4433,2023-09-15,2023,37,6,42.0222,-82.669683,Bottom,7.9,2,NO3,ugL,218.48,
4481,2023-09-15,2023,37,6,42.0222,-82.669683,Surface,1,1,pH,pH,8.52,
4453,2023-09-15,2023,37,6,42.0222,-82.669683,Bottom,7.5,1,pH,pH,8.52,
4467,2023-09-15,2023,37,6,42.0222,-82.669683,Surface,1,1,PP,ugL,11.72,
4468,2023-09-15,2023,37,6,42.0222,-82.669683,Surface,1,2,PP,ugL,14.49,
4439,2023-09-15,2023,37,6,42.0222,-82.669683,Bottom,7.9,1,PP,ugL,15.41,
4440,2023-09-15,2023,37,6,42.0222,-82.669683,Bottom,7.9,2,PP,ugL,17.47,
4482,2023-09-15,2023,37,6,42.0222,-82.669683,Surface,1,1,PRESSURE,mmHg,751.5,
4454,2023-09-15,2023,37,6,42.0222,-82.669683,Bottom,7.5,1,PRESSURE,mmHg,751.5,
4484,2023-09-15,2023,37,6,42.0222,-82.669683,Surface,1,1,SECCHI,m,2,
4473,2023-09-15,2023,37,6,42.0222,-82.669683,Surface,1,1,SES_C,mgL,0.83,
4474,2023-09-15,2023,37,6,42.0222,-82.669683,Surface,1,2,SES_C,mgL,0.83,
4445,2023-09-15,2023,37,6,42.0222,-82.669683,Bottom,7.9,1,SES_C,mgL,0.94,
4446,2023-09-15,2023,37,6,42.0222,-82.669683,Bottom,7.9,2,SES_C,mgL,1.03,
4471,2023-09-15,2023,37,6,42.0222,-82.669683,Surface,1,1,SES_N,mgL,0.11,
4472,2023-09-15,2023,37,6,42.0222,-82.669683,Surface,1,2,SES_N,mgL,0.09,
4443,2023-09-15,2023,37,6,42.0222,-82.669683,Bottom,7.9,1,SES_N,mgL,0.15,
4444,2023-09-15,2023,37,6,42.0222,-82.669683,Bottom,7.9,2,SES_N,mgL,0.17,
4465,2023-09-15,2023,37,6,42.0222,-82.669683,Surface,1,1,SRP,ugL,0.76,
4466,2023-09-15,2023,37,6,42.0222,-82.669683,Surface,1,2,SRP,ugL,0.73,
4437,2023-09-15,2023,37,6,42.0222,-82.669683,Bottom,7.9,1,SRP,ugL,1.60,
4438,2023-09-15,2023,37,6,42.0222,-82.669683,Bottom,7.9,2,SRP,ugL,1.39,
4462,2023-09-15,2023,37,6,42.0222,-82.669683,Surface,1,1,TDN,ugL,485.47,
4463,2023-09-15,2023,37,6,42.0222,-82.669683,Surface,1,2,TDN,ugL,429.18,
4434,2023-09-15,2023,37,6,42.0222,-82.669683,Bottom,7.9,1,TDN,ugL,467.65,
4435,2023-09-15,2023,37,6,42.0222,-82.669683,Bottom,7.9,2,TDN,ugL,508.10,
4464,2023-09-15,2023,37,6,42.0222,-82.669683,Surface,1,1,TDP,ugL,5.59,
4436,2023-09-15,2023,37,6,42.0222,-82.669683,Bottom,7.9,1,TDP,ugL,3.25,
4479,2023-09-15,2023,37,6,42.0222,-82.669683,Surface,1,1,TEMP,C,21.4,
4451,2023-09-15,2023,37,6,42.0222,-82.669683,Bottom,7.5,1,TEMP,C,21.4,
4470,2023-09-15,2023,37,6,42.0222,-82.669683,Surface,1,1,TSS,mgL,3054.00,
4442,2023-09-15,2023,37,6,42.0222,-82.669683,Bottom,7.9,1,TSS,mgL,6026.00,
4511,2023-09-15,2023,37,7,41.99605,-82.7179,Surface,1,1,CHLA,ugL,11.22,
4512,2023-09-15,2023,37,7,41.99605,-82.7179,Surface,1,2,CHLA,ugL,11.02,
4485,2023-09-15,2023,37,7,41.99605,-82.7179,Bottom,9.5,1,CHLA,ugL,14.53,
4486,2023-09-15,2023,37,7,41.99605,-82.7179,Bottom,9.5,2,CHLA,ugL,14.41,
4530,2023-09-15,2023,37,7,41.99605,-82.7179,Surface,1,1,CN,rat,8.66,
4531,2023-09-15,2023,37,7,41.99605,-82.7179,Surface,1,2,CN,rat,8.20,
4504,2023-09-15,2023,37,7,41.99605,-82.7179,Bottom,9.5,1,CN,rat,7.87,
4505,2023-09-15,2023,37,7,41.99605,-82.7179,Bottom,9.5,2,CN,rat,7.55,
4538,2023-09-15,2023,37,7,41.99605,-82.7179,Surface,1,1,COND,uS,230.8,
4510,2023-09-15,2023,37,7,41.99605,-82.7179,Bottom,9,1,COND,uS,231,
4532,2023-09-15,2023,37,7,41.99605,-82.7179,Surface,1,1,DMC,ugL,0.05,BDL
4533,2023-09-15,2023,37,7,41.99605,-82.7179,Surface,1,2,DMC,ugL,0.03,BDL
4535,2023-09-15,2023,37,7,41.99605,-82.7179,Surface,1,1,DO,%sat,104.7,
4507,2023-09-15,2023,37,7,41.99605,-82.7179,Bottom,9,1,DO,%sat,103.1,
4524,2023-09-15,2023,37,7,41.99605,-82.7179,Surface,1,1,DOC,mgL,1.98,
4498,2023-09-15,2023,37,7,41.99605,-82.7179,Bottom,9.5,1,DOC,mgL,2.08,
4513,2023-09-15,2023,37,7,41.99605,-82.7179,Surface,1,1,NH4,ugL,11.50,
4514,2023-09-15,2023,37,7,41.99605,-82.7179,Surface,1,2,NH4,ugL,10.16,
4487,2023-09-15,2023,37,7,41.99605,-82.7179,Bottom,9.5,1,NH4,ugL,21.12,
4488,2023-09-15,2023,37,7,41.99605,-82.7179,Bottom,9.5,2,NH4,ugL,17.27,
4515,2023-09-15,2023,37,7,41.99605,-82.7179,Surface,1,1,NO3,ugL,179.79,
4516,2023-09-15,2023,37,7,41.99605,-82.7179,Surface,1,2,NO3,ugL,181.23,
4489,2023-09-15,2023,37,7,41.99605,-82.7179,Bottom,9.5,1,NO3,ugL,227.75,
4490,2023-09-15,2023,37,7,41.99605,-82.7179,Bottom,9.5,2,NO3,ugL,179.68,
4536,2023-09-15,2023,37,7,41.99605,-82.7179,Surface,1,1,pH,pH,8.64,
4508,2023-09-15,2023,37,7,41.99605,-82.7179,Bottom,9,1,pH,pH,8.61,
4522,2023-09-15,2023,37,7,41.99605,-82.7179,Surface,1,1,PP,ugL,13.14,
4523,2023-09-15,2023,37,7,41.99605,-82.7179,Surface,1,2,PP,ugL,15.99,
4496,2023-09-15,2023,37,7,41.99605,-82.7179,Bottom,9.5,1,PP,ugL,17.06,
4497,2023-09-15,2023,37,7,41.99605,-82.7179,Bottom,9.5,2,PP,ugL,19.19,
4537,2023-09-15,2023,37,7,41.99605,-82.7179,Surface,1,1,PRESSURE,mmHg,751.5,
4509,2023-09-15,2023,37,7,41.99605,-82.7179,Bottom,9,1,PRESSURE,mmHg,751.4,
4539,2023-09-15,2023,37,7,41.99605,-82.7179,Surface,1,1,SECCHI,m,2,
4528,2023-09-15,2023,37,7,41.99605,-82.7179,Surface,1,1,SES_C,mgL,0.88,
4529,2023-09-15,2023,37,7,41.99605,-82.7179,Surface,1,2,SES_C,mgL,0.88,
4502,2023-09-15,2023,37,7,41.99605,-82.7179,Bottom,9.5,1,SES_C,mgL,1.01,
4503,2023-09-15,2023,37,7,41.99605,-82.7179,Bottom,9.5,2,SES_C,mgL,1.04,
4526,2023-09-15,2023,37,7,41.99605,-82.7179,Surface,1,1,SES_N,mgL,0.12,
4527,2023-09-15,2023,37,7,41.99605,-82.7179,Surface,1,2,SES_N,mgL,0.13,
4500,2023-09-15,2023,37,7,41.99605,-82.7179,Bottom,9.5,1,SES_N,mgL,0.15,
4501,2023-09-15,2023,37,7,41.99605,-82.7179,Bottom,9.5,2,SES_N,mgL,0.16,
4520,2023-09-15,2023,37,7,41.99605,-82.7179,Surface,1,1,SRP,ugL,1.36,
4521,2023-09-15,2023,37,7,41.99605,-82.7179,Surface,1,2,SRP,ugL,1.39,
4494,2023-09-15,2023,37,7,41.99605,-82.7179,Bottom,9.5,1,SRP,ugL,1.06,
4495,2023-09-15,2023,37,7,41.99605,-82.7179,Bottom,9.5,2,SRP,ugL,1.00,
4517,2023-09-15,2023,37,7,41.99605,-82.7179,Surface,1,1,TDN,ugL,401.44,
4518,2023-09-15,2023,37,7,41.99605,-82.7179,Surface,1,2,TDN,ugL,249.77,
4491,2023-09-15,2023,37,7,41.99605,-82.7179,Bottom,9.5,1,TDN,ugL,406.47,
4492,2023-09-15,2023,37,7,41.99605,-82.7179,Bottom,9.5,2,TDN,ugL,426.35,
4519,2023-09-15,2023,37,7,41.99605,-82.7179,Surface,1,1,TDP,ugL,3.72,
4493,2023-09-15,2023,37,7,41.99605,-82.7179,Bottom,9.5,1,TDP,ugL,6.29,
4534,2023-09-15,2023,37,7,41.99605,-82.7179,Surface,1,1,TEMP,C,21.7,
4506,2023-09-15,2023,37,7,41.99605,-82.7179,Bottom,9,1,TEMP,C,21.7,
4525,2023-09-15,2023,37,7,41.99605,-82.7179,Surface,1,1,TSS,mgL,5198.00,
4499,2023-09-15,2023,37,7,41.99605,-82.7179,Bottom,9.5,1,TSS,mgL,8884.00,
4563,2023-09-23,2023,38,2,41.913017,-82.73665,Surface,1,1,CHLA,ugL,6.74,
4564,2023-09-23,2023,38,2,41.913017,-82.73665,Surface,1,2,CHLA,ugL,7.69,
4540,2023-09-23,2023,38,2,41.913017,-82.73665,Bottom,10.9,1,CHLA,ugL,4.73,
4541,2023-09-23,2023,38,2,41.913017,-82.73665,Bottom,10.9,2,CHLA,ugL,5.06,
4581,2023-09-23,2023,38,2,41.913017,-82.73665,Surface,1,1,CN,rat,10.69,
4582,2023-09-23,2023,38,2,41.913017,-82.73665,Surface,1,2,CN,rat,10.49,
4561,2023-09-23,2023,38,2,41.913017,-82.73665,Bottom,10.9,1,CN,rat,9.64,
4562,2023-09-23,2023,38,2,41.913017,-82.73665,Bottom,10.9,2,CN,rat,10.55,
4583,2023-09-23,2023,38,2,41.913017,-82.73665,Surface,1,1,DMC,ugL,0.06,BDL
4584,2023-09-23,2023,38,2,41.913017,-82.73665,Surface,1,2,DMC,ugL,0.04,BDL
4565,2023-09-23,2023,38,2,41.913017,-82.73665,Surface,1,1,NH4,ugL,5.16,
4566,2023-09-23,2023,38,2,41.913017,-82.73665,Surface,1,2,NH4,ugL,2.66,
4542,2023-09-23,2023,38,2,41.913017,-82.73665,Bottom,10.9,1,NH4,ugL,7.66,
4543,2023-09-23,2023,38,2,41.913017,-82.73665,Bottom,10.9,2,NH4,ugL,7.85,
4567,2023-09-23,2023,38,2,41.913017,-82.73665,Surface,1,1,NO3,ugL,260.63,
4568,2023-09-23,2023,38,2,41.913017,-82.73665,Surface,1,2,NO3,ugL,252.16,
4544,2023-09-23,2023,38,2,41.913017,-82.73665,Bottom,10.9,1,NO3,ugL,273.20,
4545,2023-09-23,2023,38,2,41.913017,-82.73665,Bottom,10.9,2,NO3,ugL,181.23,
4574,2023-09-23,2023,38,2,41.913017,-82.73665,Surface,1,1,PP,ugL,11.51,
4575,2023-09-23,2023,38,2,41.913017,-82.73665,Surface,1,2,PP,ugL,9.80,
4552,2023-09-23,2023,38,2,41.913017,-82.73665,Bottom,10.9,1,PP,ugL,16.57,
4553,2023-09-23,2023,38,2,41.913017,-82.73665,Bottom,10.9,2,PP,ugL,13.04,
4579,2023-09-23,2023,38,2,41.913017,-82.73665,Surface,1,1,SES_C,mgL,0.93,
4580,2023-09-23,2023,38,2,41.913017,-82.73665,Surface,1,2,SES_C,mgL,0.87,
4559,2023-09-23,2023,38,2,41.913017,-82.73665,Bottom,10.9,1,SES_C,mgL,1.02,
4560,2023-09-23,2023,38,2,41.913017,-82.73665,Bottom,10.9,2,SES_C,mgL,1.10,
4577,2023-09-23,2023,38,2,41.913017,-82.73665,Surface,1,1,SES_N,mgL,0.10,
4578,2023-09-23,2023,38,2,41.913017,-82.73665,Surface,1,2,SES_N,mgL,0.10,
4557,2023-09-23,2023,38,2,41.913017,-82.73665,Bottom,10.9,1,SES_N,mgL,0.12,
4558,2023-09-23,2023,38,2,41.913017,-82.73665,Bottom,10.9,2,SES_N,mgL,0.12,
4572,2023-09-23,2023,38,2,41.913017,-82.73665,Surface,1,1,SRP,ugL,2.51,
4573,2023-09-23,2023,38,2,41.913017,-82.73665,Surface,1,2,SRP,ugL,2.33,
4550,2023-09-23,2023,38,2,41.913017,-82.73665,Bottom,10.9,1,SRP,ugL,0.97,
4551,2023-09-23,2023,38,2,41.913017,-82.73665,Bottom,10.9,2,SRP,ugL,0.82,
4569,2023-09-23,2023,38,2,41.913017,-82.73665,Surface,1,1,TDN,ugL,439.20,
4570,2023-09-23,2023,38,2,41.913017,-82.73665,Surface,1,2,TDN,ugL,436.33,
4546,2023-09-23,2023,38,2,41.913017,-82.73665,Bottom,10.9,1,TDN,ugL,439.86,
4547,2023-09-23,2023,38,2,41.913017,-82.73665,Bottom,10.9,2,TDN,ugL,439.61,
4571,2023-09-23,2023,38,2,41.913017,-82.73665,Surface,1,1,TDP,ugL,7.92,
4548,2023-09-23,2023,38,2,41.913017,-82.73665,Bottom,10.9,1,TDP,ugL,4.65,
4549,2023-09-23,2023,38,2,41.913017,-82.73665,Bottom,10.9,2,TDP,ugL,4.89,
4554,2023-09-23,2023,38,2,41.913017,-82.73665,Bottom,10.9,1,TP,ugL,2.09,
4555,2023-09-23,2023,38,2,41.913017,-82.73665,Bottom,10.9,2,TP,ugL,10.54,
4576,2023-09-23,2023,38,2,41.913017,-82.73665,Surface,1,1,TSS,mgL,2430.00,
4556,2023-09-23,2023,38,2,41.913017,-82.73665,Bottom,10.9,1,TSS,mgL,4400.00,
4624,2023-09-23,2023,38,4,41.8927,-82.525767,Surface,1,1,CHLA,ugL,9.38,
4625,2023-09-23,2023,38,4,41.8927,-82.525767,Surface,1,2,CHLA,ugL,10.37,
4600,2023-09-23,2023,38,4,41.8927,-82.525767,Bottom,9.8,1,CHLA,ugL,13.87,
4601,2023-09-23,2023,38,4,41.8927,-82.525767,Bottom,9.8,2,CHLA,ugL,10.95,
4620,2023-09-23,2023,38,4,41.8927,-82.525767,Surface,1,1,CN,rat,9.58,
4621,2023-09-23,2023,38,4,41.8927,-82.525767,Surface,1,2,CN,rat,18.24,
4598,2023-09-23,2023,38,4,41.8927,-82.525767,Bottom,9.8,1,CN,rat,8.12,
4599,2023-09-23,2023,38,4,41.8927,-82.525767,Bottom,9.8,2,CN,rat,8.49,
4622,2023-09-23,2023,38,4,41.8927,-82.525767,Surface,1,1,DMC,ugL,0.04,BDL
4623,2023-09-23,2023,38,4,41.8927,-82.525767,Surface,1,2,DMC,ugL,0.03,BDL
4604,2023-09-23,2023,38,4,41.8927,-82.525767,Surface,1,1,NH4,ugL,2.28,
4605,2023-09-23,2023,38,4,41.8927,-82.525767,Surface,1,2,NH4,ugL,1.89,
4606,2023-09-23,2023,38,4,41.8927,-82.525767,Surface,1,1,NO3,ugL,103.20,
4607,2023-09-23,2023,38,4,41.8927,-82.525767,Surface,1,2,NO3,ugL,133.45,
4585,2023-09-23,2023,38,4,41.8927,-82.525767,Bottom,9.8,1,NO3,ugL,120.16,
4586,2023-09-23,2023,38,4,41.8927,-82.525767,Bottom,9.8,2,NO3,ugL,131.10,
4626,2023-09-23,2023,38,4,41.8927,-82.525767,Surface,1,1,PP,ugL,13.53,
4627,2023-09-23,2023,38,4,41.8927,-82.525767,Surface,1,2,PP,ugL,11.04,
4602,2023-09-23,2023,38,4,41.8927,-82.525767,Bottom,9.8,1,PP,ugL,46.92,
4603,2023-09-23,2023,38,4,41.8927,-82.525767,Bottom,9.8,2,PP,ugL,52.47,
4618,2023-09-23,2023,38,4,41.8927,-82.525767,Surface,1,1,SES_C,mgL,1.01,
4619,2023-09-23,2023,38,4,41.8927,-82.525767,Surface,1,2,SES_C,mgL,1.11,
4596,2023-09-23,2023,38,4,41.8927,-82.525767,Bottom,9.8,1,SES_C,mgL,2.00,
4597,2023-09-23,2023,38,4,41.8927,-82.525767,Bottom,9.8,2,SES_C,mgL,2.33,
4616,2023-09-23,2023,38,4,41.8927,-82.525767,Surface,1,1,SES_N,mgL,0.12,
4617,2023-09-23,2023,38,4,41.8927,-82.525767,Surface,1,2,SES_N,mgL,0.07,
4594,2023-09-23,2023,38,4,41.8927,-82.525767,Bottom,9.8,1,SES_N,mgL,0.29,
4595,2023-09-23,2023,38,4,41.8927,-82.525767,Bottom,9.8,2,SES_N,mgL,0.32,
4611,2023-09-23,2023,38,4,41.8927,-82.525767,Surface,1,1,SRP,ugL,0.88,
4612,2023-09-23,2023,38,4,41.8927,-82.525767,Surface,1,2,SRP,ugL,0.91,
4591,2023-09-23,2023,38,4,41.8927,-82.525767,Bottom,9.8,1,SRP,ugL,1.54,
4592,2023-09-23,2023,38,4,41.8927,-82.525767,Bottom,9.8,2,SRP,ugL,1.63,
4608,2023-09-23,2023,38,4,41.8927,-82.525767,Surface,1,1,TDN,ugL,250.11,
4609,2023-09-23,2023,38,4,41.8927,-82.525767,Surface,1,2,TDN,ugL,604.29,
4587,2023-09-23,2023,38,4,41.8927,-82.525767,Bottom,9.8,1,TDN,ugL,461.64,
4588,2023-09-23,2023,38,4,41.8927,-82.525767,Bottom,9.8,2,TDN,ugL,464.29,
4610,2023-09-23,2023,38,4,41.8927,-82.525767,Surface,1,1,TDP,ugL,4.65,
4589,2023-09-23,2023,38,4,41.8927,-82.525767,Bottom,9.8,1,TDP,ugL,16.79,
4590,2023-09-23,2023,38,4,41.8927,-82.525767,Bottom,9.8,2,TDP,ugL,23.80,
4613,2023-09-23,2023,38,4,41.8927,-82.525767,Surface,1,1,TP,ugL,11.56,
4614,2023-09-23,2023,38,4,41.8927,-82.525767,Surface,1,2,TP,ugL,13.19,
4615,2023-09-23,2023,38,4,41.8927,-82.525767,Surface,1,1,TSS,mgL,2516.00,
4593,2023-09-23,2023,38,4,41.8927,-82.525767,Bottom,9.8,1,TSS,mgL,7934.00,
4649,2023-09-23,2023,38,5,42.002583,-82.578633,Surface,1,1,CHLA,ugL,6.74,
4650,2023-09-23,2023,38,5,42.002583,-82.578633,Surface,1,2,CHLA,ugL,6.62,
4628,2023-09-23,2023,38,5,42.002583,-82.578633,Bottom,8.1,1,CHLA,ugL,9.01,
4629,2023-09-23,2023,38,5,42.002583,-82.578633,Bottom,8.1,2,CHLA,ugL,9.42,
4667,2023-09-23,2023,38,5,42.002583,-82.578633,Surface,1,1,CN,rat,15.10,
4668,2023-09-23,2023,38,5,42.002583,-82.578633,Surface,1,2,CN,rat,11.21,
4647,2023-09-23,2023,38,5,42.002583,-82.578633,Bottom,8.1,1,CN,rat,8.96,
4648,2023-09-23,2023,38,5,42.002583,-82.578633,Bottom,8.1,2,CN,rat,8.30,
4669,2023-09-23,2023,38,5,42.002583,-82.578633,Surface,1,1,DMC,ugL,0.03,BDL
4670,2023-09-23,2023,38,5,42.002583,-82.578633,Surface,1,2,DMC,ugL,0.04,BDL
4651,2023-09-23,2023,38,5,42.002583,-82.578633,Surface,1,1,NO3,ugL,178.72,
4652,2023-09-23,2023,38,5,42.002583,-82.578633,Surface,1,2,NO3,ugL,181.07,
4630,2023-09-23,2023,38,5,42.002583,-82.578633,Bottom,8.1,1,NO3,ugL,180.27,
4631,2023-09-23,2023,38,5,42.002583,-82.578633,Bottom,8.1,2,NO3,ugL,163.48,
4658,2023-09-23,2023,38,5,42.002583,-82.578633,Surface,1,1,PP,ugL,13.68,
4659,2023-09-23,2023,38,5,42.002583,-82.578633,Surface,1,2,PP,ugL,10.46,
4638,2023-09-23,2023,38,5,42.002583,-82.578633,Bottom,8.1,1,PP,ugL,19.59,
4639,2023-09-23,2023,38,5,42.002583,-82.578633,Bottom,8.1,2,PP,ugL,17.02,
4665,2023-09-23,2023,38,5,42.002583,-82.578633,Surface,1,1,SES_C,mgL,1.39,
4666,2023-09-23,2023,38,5,42.002583,-82.578633,Surface,1,2,SES_C,mgL,1.13,
4645,2023-09-23,2023,38,5,42.002583,-82.578633,Bottom,8.1,1,SES_C,mgL,1.31,
4646,2023-09-23,2023,38,5,42.002583,-82.578633,Bottom,8.1,2,SES_C,mgL,1.22,
4663,2023-09-23,2023,38,5,42.002583,-82.578633,Surface,1,1,SES_N,mgL,0.11,
4664,2023-09-23,2023,38,5,42.002583,-82.578633,Surface,1,2,SES_N,mgL,0.12,
4643,2023-09-23,2023,38,5,42.002583,-82.578633,Bottom,8.1,1,SES_N,mgL,0.17,
4644,2023-09-23,2023,38,5,42.002583,-82.578633,Bottom,8.1,2,SES_N,mgL,0.17,
4656,2023-09-23,2023,38,5,42.002583,-82.578633,Surface,1,1,SRP,ugL,1.21,
4657,2023-09-23,2023,38,5,42.002583,-82.578633,Surface,1,2,SRP,ugL,1.00,
4636,2023-09-23,2023,38,5,42.002583,-82.578633,Bottom,8.1,1,SRP,ugL,1.18,
4637,2023-09-23,2023,38,5,42.002583,-82.578633,Bottom,8.1,2,SRP,ugL,1.06,
4653,2023-09-23,2023,38,5,42.002583,-82.578633,Surface,1,1,TDN,ugL,374.91,
4654,2023-09-23,2023,38,5,42.002583,-82.578633,Surface,1,2,TDN,ugL,351.90,
4632,2023-09-23,2023,38,5,42.002583,-82.578633,Bottom,8.1,1,TDN,ugL,414.55,
4633,2023-09-23,2023,38,5,42.002583,-82.578633,Bottom,8.1,2,TDN,ugL,420.42,
4655,2023-09-23,2023,38,5,42.002583,-82.578633,Surface,1,1,TDP,ugL,5.82,
4634,2023-09-23,2023,38,5,42.002583,-82.578633,Bottom,8.1,1,TDP,ugL,6.75,
4635,2023-09-23,2023,38,5,42.002583,-82.578633,Bottom,8.1,2,TDP,ugL,5.59,
4660,2023-09-23,2023,38,5,42.002583,-82.578633,Surface,1,1,TP,ugL,12.12,
4661,2023-09-23,2023,38,5,42.002583,-82.578633,Surface,1,2,TP,ugL,11.93,
4640,2023-09-23,2023,38,5,42.002583,-82.578633,Bottom,8.1,1,TP,ugL,5.90,
4641,2023-09-23,2023,38,5,42.002583,-82.578633,Bottom,8.1,2,TP,ugL,21.55,
4662,2023-09-23,2023,38,5,42.002583,-82.578633,Surface,1,1,TSS,mgL,2590.00,
4642,2023-09-23,2023,38,5,42.002583,-82.578633,Bottom,8.1,1,TSS,mgL,5856.00,
4693,2023-09-23,2023,38,6,42.0222,-82.669683,Surface,1,1,CHLA,ugL,6.89,
4694,2023-09-23,2023,38,6,42.0222,-82.669683,Surface,1,2,CHLA,ugL,6.71,
4671,2023-09-23,2023,38,6,42.0222,-82.669683,Bottom,7.9,1,CHLA,ugL,7.99,
4672,2023-09-23,2023,38,6,42.0222,-82.669683,Bottom,7.9,2,CHLA,ugL,7.48,
4711,2023-09-23,2023,38,6,42.0222,-82.669683,Surface,1,1,CN,rat,11.90,
4712,2023-09-23,2023,38,6,42.0222,-82.669683,Surface,1,2,CN,rat,13.11,
4689,2023-09-23,2023,38,6,42.0222,-82.669683,Bottom,7.9,1,CN,rat,9.89,
4690,2023-09-23,2023,38,6,42.0222,-82.669683,Bottom,7.9,2,CN,rat,9.36,
4713,2023-09-23,2023,38,6,42.0222,-82.669683,Surface,1,1,DMC,ugL,0.06,BDL
4714,2023-09-23,2023,38,6,42.0222,-82.669683,Surface,1,2,DMC,ugL,0.04,BDL
4691,2023-09-23,2023,38,6,42.0222,-82.669683,Bottom,7.9,1,DMC,ugL,0.06,BDL
4692,2023-09-23,2023,38,6,42.0222,-82.669683,Bottom,7.9,2,DMC,ugL,0.04,BDL
4695,2023-09-23,2023,38,6,42.0222,-82.669683,Surface,1,1,NO3,ugL,224.62,
4696,2023-09-23,2023,38,6,42.0222,-82.669683,Surface,1,2,NO3,ugL,225.31,
4673,2023-09-23,2023,38,6,42.0222,-82.669683,Bottom,7.9,1,NO3,ugL,223.03,
4674,2023-09-23,2023,38,6,42.0222,-82.669683,Bottom,7.9,2,NO3,ugL,221.20,
4702,2023-09-23,2023,38,6,42.0222,-82.669683,Surface,1,1,PP,ugL,12.47,
4703,2023-09-23,2023,38,6,42.0222,-82.669683,Surface,1,2,PP,ugL,10.48,
4680,2023-09-23,2023,38,6,42.0222,-82.669683,Bottom,7.9,1,PP,ugL,17.15,
4681,2023-09-23,2023,38,6,42.0222,-82.669683,Bottom,7.9,2,PP,ugL,14.38,
4709,2023-09-23,2023,38,6,42.0222,-82.669683,Surface,1,1,SES_C,mgL,1.06,
4710,2023-09-23,2023,38,6,42.0222,-82.669683,Surface,1,2,SES_C,mgL,1.12,
4687,2023-09-23,2023,38,6,42.0222,-82.669683,Bottom,7.9,1,SES_C,mgL,1.06,
4688,2023-09-23,2023,38,6,42.0222,-82.669683,Bottom,7.9,2,SES_C,mgL,1.03,
4707,2023-09-23,2023,38,6,42.0222,-82.669683,Surface,1,1,SES_N,mgL,0.10,
4708,2023-09-23,2023,38,6,42.0222,-82.669683,Surface,1,2,SES_N,mgL,0.10,
4685,2023-09-23,2023,38,6,42.0222,-82.669683,Bottom,7.9,1,SES_N,mgL,0.13,
4686,2023-09-23,2023,38,6,42.0222,-82.669683,Bottom,7.9,2,SES_N,mgL,0.13,
4700,2023-09-23,2023,38,6,42.0222,-82.669683,Surface,1,1,SRP,ugL,1.06,
4701,2023-09-23,2023,38,6,42.0222,-82.669683,Surface,1,2,SRP,ugL,1.00,
4678,2023-09-23,2023,38,6,42.0222,-82.669683,Bottom,7.9,1,SRP,ugL,1.12,
4679,2023-09-23,2023,38,6,42.0222,-82.669683,Bottom,7.9,2,SRP,ugL,0.91,
4697,2023-09-23,2023,38,6,42.0222,-82.669683,Surface,1,1,TDN,ugL,367.16,
4698,2023-09-23,2023,38,6,42.0222,-82.669683,Surface,1,2,TDN,ugL,375.87,
4675,2023-09-23,2023,38,6,42.0222,-82.669683,Bottom,7.9,1,TDN,ugL,453.85,
4676,2023-09-23,2023,38,6,42.0222,-82.669683,Bottom,7.9,2,TDN,ugL,434.14,
4699,2023-09-23,2023,38,6,42.0222,-82.669683,Surface,1,1,TDP,ugL,11.19,
4677,2023-09-23,2023,38,6,42.0222,-82.669683,Bottom,7.9,1,TDP,ugL,6.52,
4704,2023-09-23,2023,38,6,42.0222,-82.669683,Surface,1,1,TP,ugL,9.15,
4705,2023-09-23,2023,38,6,42.0222,-82.669683,Surface,1,2,TP,ugL,17.00,
4682,2023-09-23,2023,38,6,42.0222,-82.669683,Bottom,7.9,1,TP,ugL,17.55,
4683,2023-09-23,2023,38,6,42.0222,-82.669683,Bottom,7.9,2,TP,ugL,20.29,
4706,2023-09-23,2023,38,6,42.0222,-82.669683,Surface,1,1,TSS,mgL,2404.00,
4684,2023-09-23,2023,38,6,42.0222,-82.669683,Bottom,7.9,1,TSS,mgL,3786.00,
4737,2023-09-23,2023,38,7,41.99605,-82.7179,Surface,1,1,CHLA,ugL,9.06,
4738,2023-09-23,2023,38,7,41.99605,-82.7179,Surface,1,2,CHLA,ugL,9.71,
4715,2023-09-23,2023,38,7,41.99605,-82.7179,Bottom,9.5,1,CHLA,ugL,10.48,
4716,2023-09-23,2023,38,7,41.99605,-82.7179,Bottom,9.5,2,CHLA,ugL,11.06,
4757,2023-09-23,2023,38,7,41.99605,-82.7179,Surface,1,1,CN,rat,15.96,
4758,2023-09-23,2023,38,7,41.99605,-82.7179,Surface,1,2,CN,rat,9.62,
4735,2023-09-23,2023,38,7,41.99605,-82.7179,Bottom,9.5,1,CN,rat,11.05,
4736,2023-09-23,2023,38,7,41.99605,-82.7179,Bottom,9.5,2,CN,rat,9.40,
4759,2023-09-23,2023,38,7,41.99605,-82.7179,Surface,1,1,DMC,ugL,0.04,BDL
4760,2023-09-23,2023,38,7,41.99605,-82.7179,Surface,1,2,DMC,ugL,0.04,BDL
4751,2023-09-23,2023,38,7,41.99605,-82.7179,Surface,1,1,DOC,mgL,7.25,
4717,2023-09-23,2023,38,7,41.99605,-82.7179,Bottom,9.5,1,NH4,ugL,26.88,
4718,2023-09-23,2023,38,7,41.99605,-82.7179,Bottom,9.5,2,NH4,ugL,20.54,
4739,2023-09-23,2023,38,7,41.99605,-82.7179,Surface,1,1,NO3,ugL,215.05,
4740,2023-09-23,2023,38,7,41.99605,-82.7179,Surface,1,2,NO3,ugL,176.75,
4719,2023-09-23,2023,38,7,41.99605,-82.7179,Bottom,9.5,1,NO3,ugL,218.24,
4720,2023-09-23,2023,38,7,41.99605,-82.7179,Bottom,9.5,2,NO3,ugL,203.88,
4747,2023-09-23,2023,38,7,41.99605,-82.7179,Surface,1,1,PP,ugL,13.80,
4748,2023-09-23,2023,38,7,41.99605,-82.7179,Surface,1,2,PP,ugL,7.92,
4726,2023-09-23,2023,38,7,41.99605,-82.7179,Bottom,9.5,1,PP,ugL,16.64,
4727,2023-09-23,2023,38,7,41.99605,-82.7179,Bottom,9.5,2,PP,ugL,14.65,
4755,2023-09-23,2023,38,7,41.99605,-82.7179,Surface,1,1,SES_C,mgL,1.06,
4756,2023-09-23,2023,38,7,41.99605,-82.7179,Surface,1,2,SES_C,mgL,0.93,
4733,2023-09-23,2023,38,7,41.99605,-82.7179,Bottom,9.5,1,SES_C,mgL,1.09,
4734,2023-09-23,2023,38,7,41.99605,-82.7179,Bottom,9.5,2,SES_C,mgL,1.02,
4753,2023-09-23,2023,38,7,41.99605,-82.7179,Surface,1,1,SES_N,mgL,0.08,
4754,2023-09-23,2023,38,7,41.99605,-82.7179,Surface,1,2,SES_N,mgL,0.11,
4731,2023-09-23,2023,38,7,41.99605,-82.7179,Bottom,9.5,1,SES_N,mgL,0.12,
4732,2023-09-23,2023,38,7,41.99605,-82.7179,Bottom,9.5,2,SES_N,mgL,0.13,
4745,2023-09-23,2023,38,7,41.99605,-82.7179,Surface,1,1,SRP,ugL,1.15,
4746,2023-09-23,2023,38,7,41.99605,-82.7179,Surface,1,2,SRP,ugL,1.00,
4724,2023-09-23,2023,38,7,41.99605,-82.7179,Bottom,9.5,1,SRP,ugL,,ND
4725,2023-09-23,2023,38,7,41.99605,-82.7179,Bottom,9.5,2,SRP,ugL,1.51,
4741,2023-09-23,2023,38,7,41.99605,-82.7179,Surface,1,1,TDN,ugL,250.16,
4742,2023-09-23,2023,38,7,41.99605,-82.7179,Surface,1,2,TDN,ugL,247.66,
4721,2023-09-23,2023,38,7,41.99605,-82.7179,Bottom,9.5,1,TDN,ugL,372.94,
4722,2023-09-23,2023,38,7,41.99605,-82.7179,Bottom,9.5,2,TDN,ugL,396.88,
4743,2023-09-23,2023,38,7,41.99605,-82.7179,Surface,1,1,TDP,ugL,2.32,
4744,2023-09-23,2023,38,7,41.99605,-82.7179,Surface,1,2,TDP,ugL,2.32,
4723,2023-09-23,2023,38,7,41.99605,-82.7179,Bottom,9.5,1,TDP,ugL,2.55,
4749,2023-09-23,2023,38,7,41.99605,-82.7179,Surface,1,1,TP,ugL,6.59,
4750,2023-09-23,2023,38,7,41.99605,-82.7179,Surface,1,2,TP,ugL,16.67,
4728,2023-09-23,2023,38,7,41.99605,-82.7179,Bottom,9.5,1,TP,ugL,9.24,
4729,2023-09-23,2023,38,7,41.99605,-82.7179,Bottom,9.5,2,TP,ugL,13.42,
4752,2023-09-23,2023,38,7,41.99605,-82.7179,Surface,1,1,TSS,mgL,2120.00,
4730,2023-09-23,2023,38,7,41.99605,-82.7179,Bottom,9.5,1,TSS,mgL,3810.00,
4785,2023-10-03,2023,40,2,41.913017,-82.73665,Surface,1,1,CHLA,ugL,10.03,
4786,2023-10-03,2023,40,2,41.913017,-82.73665,Surface,1,2,CHLA,ugL,9.40,
4761,2023-10-03,2023,40,2,41.913017,-82.73665,Bottom,10.9,1,CHLA,ugL,2.70,
4762,2023-10-03,2023,40,2,41.913017,-82.73665,Bottom,10.9,2,CHLA,ugL,3.14,
4806,2023-10-03,2023,40,2,41.913017,-82.73665,Surface,1,1,CN,rat,7.50,
4807,2023-10-03,2023,40,2,41.913017,-82.73665,Surface,1,2,CN,rat,7.53,
4783,2023-10-03,2023,40,2,41.913017,-82.73665,Bottom,10.9,1,CN,rat,14.55,
4784,2023-10-03,2023,40,2,41.913017,-82.73665,Bottom,10.9,2,CN,rat,11.02,
4808,2023-10-03,2023,40,2,41.913017,-82.73665,Surface,1,1,DMC,ugL,0.03,BDL
4809,2023-10-03,2023,40,2,41.913017,-82.73665,Surface,1,2,DMC,ugL,0.07,BDL
4800,2023-10-03,2023,40,2,41.913017,-82.73665,Surface,1,1,DOC,mgL,1.52,
4777,2023-10-03,2023,40,2,41.913017,-82.73665,Bottom,10.9,1,DOC,mgL,4.64,
4787,2023-10-03,2023,40,2,41.913017,-82.73665,Surface,1,1,NH4,ugL,8.04,
4788,2023-10-03,2023,40,2,41.913017,-82.73665,Surface,1,2,NH4,ugL,6.12,
4763,2023-10-03,2023,40,2,41.913017,-82.73665,Bottom,10.9,1,NH4,ugL,16.70,
4764,2023-10-03,2023,40,2,41.913017,-82.73665,Bottom,10.9,2,NH4,ugL,15.93,
4789,2023-10-03,2023,40,2,41.913017,-82.73665,Surface,1,1,NO3,ugL,180.17,
4790,2023-10-03,2023,40,2,41.913017,-82.73665,Surface,1,2,NO3,ugL,180.73,
4765,2023-10-03,2023,40,2,41.913017,-82.73665,Bottom,10.9,1,NO3,ugL,224.85,
4766,2023-10-03,2023,40,2,41.913017,-82.73665,Bottom,10.9,2,NO3,ugL,223.94,
4796,2023-10-03,2023,40,2,41.913017,-82.73665,Surface,1,1,PP,ugL,16.00,
4797,2023-10-03,2023,40,2,41.913017,-82.73665,Surface,1,2,PP,ugL,12.40,
4773,2023-10-03,2023,40,2,41.913017,-82.73665,Bottom,10.9,1,PP,ugL,11.26,
4774,2023-10-03,2023,40,2,41.913017,-82.73665,Bottom,10.9,2,PP,ugL,10.21,
4804,2023-10-03,2023,40,2,41.913017,-82.73665,Surface,1,1,SES_C,mgL,0.93,
4805,2023-10-03,2023,40,2,41.913017,-82.73665,Surface,1,2,SES_C,mgL,0.92,
4781,2023-10-03,2023,40,2,41.913017,-82.73665,Bottom,10.9,1,SES_C,mgL,0.91,
4782,2023-10-03,2023,40,2,41.913017,-82.73665,Bottom,10.9,2,SES_C,mgL,0.86,
4802,2023-10-03,2023,40,2,41.913017,-82.73665,Surface,1,1,SES_N,mgL,0.14,
4803,2023-10-03,2023,40,2,41.913017,-82.73665,Surface,1,2,SES_N,mgL,0.14,
4779,2023-10-03,2023,40,2,41.913017,-82.73665,Bottom,10.9,1,SES_N,mgL,0.07,
4780,2023-10-03,2023,40,2,41.913017,-82.73665,Bottom,10.9,2,SES_N,mgL,0.09,
4794,2023-10-03,2023,40,2,41.913017,-82.73665,Surface,1,1,SRP,ugL,1.42,
4795,2023-10-03,2023,40,2,41.913017,-82.73665,Surface,1,2,SRP,ugL,1.48,
4771,2023-10-03,2023,40,2,41.913017,-82.73665,Bottom,10.9,1,SRP,ugL,1.30,
4772,2023-10-03,2023,40,2,41.913017,-82.73665,Bottom,10.9,2,SRP,ugL,1.21,
4791,2023-10-03,2023,40,2,41.913017,-82.73665,Surface,1,1,TDN,ugL,355.49,
4792,2023-10-03,2023,40,2,41.913017,-82.73665,Surface,1,2,TDN,ugL,254.39,
4767,2023-10-03,2023,40,2,41.913017,-82.73665,Bottom,10.9,1,TDN,ugL,389.84,
4768,2023-10-03,2023,40,2,41.913017,-82.73665,Bottom,10.9,2,TDN,ugL,253.20,
4793,2023-10-03,2023,40,2,41.913017,-82.73665,Surface,1,1,TDP,ugL,6.05,
4769,2023-10-03,2023,40,2,41.913017,-82.73665,Bottom,10.9,1,TDP,ugL,4.19,
4770,2023-10-03,2023,40,2,41.913017,-82.73665,Bottom,10.9,2,TDP,ugL,5.12,
4798,2023-10-03,2023,40,2,41.913017,-82.73665,Surface,1,1,TP,ugL,6.22,
4799,2023-10-03,2023,40,2,41.913017,-82.73665,Surface,1,2,TP,ugL,6.32,
4775,2023-10-03,2023,40,2,41.913017,-82.73665,Bottom,10.9,1,TP,ugL,3.62,
4776,2023-10-03,2023,40,2,41.913017,-82.73665,Bottom,10.9,2,TP,ugL,4.55,
4801,2023-10-03,2023,40,2,41.913017,-82.73665,Surface,1,1,TSS,mgL,3166.00,
4778,2023-10-03,2023,40,2,41.913017,-82.73665,Bottom,10.9,1,TSS,mgL,6666.00,
4856,2023-10-03,2023,40,4,41.8927,-82.525767,Surface,1,1,CHLA,ugL,7.88,
4857,2023-10-03,2023,40,4,41.8927,-82.525767,Surface,1,2,CHLA,ugL,8.10,
4830,2023-10-03,2023,40,4,41.8927,-82.525767,Bottom,9.8,1,CHLA,ugL,9.91,
4831,2023-10-03,2023,40,4,41.8927,-82.525767,Bottom,9.8,2,CHLA,ugL,8.80,
4852,2023-10-03,2023,40,4,41.8927,-82.525767,Surface,1,1,CN,rat,14.45,
4853,2023-10-03,2023,40,4,41.8927,-82.525767,Surface,1,2,CN,rat,17.57,
4828,2023-10-03,2023,40,4,41.8927,-82.525767,Bottom,9.8,1,CN,rat,10.03,
4829,2023-10-03,2023,40,4,41.8927,-82.525767,Bottom,9.8,2,CN,rat,10.00,
4854,2023-10-03,2023,40,4,41.8927,-82.525767,Surface,1,1,DMC,ugL,0.03,BDL
4855,2023-10-03,2023,40,4,41.8927,-82.525767,Surface,1,2,DMC,ugL,0.06,BDL
4846,2023-10-03,2023,40,4,41.8927,-82.525767,Surface,1,1,DOC,mgL,1.79,
4822,2023-10-03,2023,40,4,41.8927,-82.525767,Bottom,9.8,1,DOC,mgL,4.21,
4834,2023-10-03,2023,40,4,41.8927,-82.525767,Surface,1,1,NH4,ugL,85.32,
4835,2023-10-03,2023,40,4,41.8927,-82.525767,Surface,1,2,NH4,ugL,5.16,
4810,2023-10-03,2023,40,4,41.8927,-82.525767,Bottom,9.8,1,NH4,ugL,52.64,
4811,2023-10-03,2023,40,4,41.8927,-82.525767,Bottom,9.8,2,NH4,ugL,57.83,
4836,2023-10-03,2023,40,4,41.8927,-82.525767,Surface,1,1,NO3,ugL,104.48,
4837,2023-10-03,2023,40,4,41.8927,-82.525767,Surface,1,2,NO3,ugL,105.39,
4812,2023-10-03,2023,40,4,41.8927,-82.525767,Bottom,9.8,1,NO3,ugL,146.88,
4813,2023-10-03,2023,40,4,41.8927,-82.525767,Bottom,9.8,2,NO3,ugL,135.25,
4858,2023-10-03,2023,40,4,41.8927,-82.525767,Surface,1,1,PP,ugL,14.47,
4859,2023-10-03,2023,40,4,41.8927,-82.525767,Surface,1,2,PP,ugL,11.95,
4832,2023-10-03,2023,40,4,41.8927,-82.525767,Bottom,9.8,1,PP,ugL,16.03,
4833,2023-10-03,2023,40,4,41.8927,-82.525767,Bottom,9.8,2,PP,ugL,13.98,
4850,2023-10-03,2023,40,4,41.8927,-82.525767,Surface,1,1,SES_C,mgL,0.99,
4851,2023-10-03,2023,40,4,41.8927,-82.525767,Surface,1,2,SES_C,mgL,1.16,
4826,2023-10-03,2023,40,4,41.8927,-82.525767,Bottom,9.8,1,SES_C,mgL,0.92,
4827,2023-10-03,2023,40,4,41.8927,-82.525767,Bottom,9.8,2,SES_C,mgL,0.95,
4848,2023-10-03,2023,40,4,41.8927,-82.525767,Surface,1,1,SES_N,mgL,0.08,
4849,2023-10-03,2023,40,4,41.8927,-82.525767,Surface,1,2,SES_N,mgL,0.08,
4824,2023-10-03,2023,40,4,41.8927,-82.525767,Bottom,9.8,1,SES_N,mgL,0.11,
4825,2023-10-03,2023,40,4,41.8927,-82.525767,Bottom,9.8,2,SES_N,mgL,0.11,
4842,2023-10-03,2023,40,4,41.8927,-82.525767,Surface,1,1,SRP,ugL,1.66,
4843,2023-10-03,2023,40,4,41.8927,-82.525767,Surface,1,2,SRP,ugL,1.79,
4818,2023-10-03,2023,40,4,41.8927,-82.525767,Bottom,9.8,1,SRP,ugL,1.75,
4819,2023-10-03,2023,40,4,41.8927,-82.525767,Bottom,9.8,2,SRP,ugL,1.42,
4838,2023-10-03,2023,40,4,41.8927,-82.525767,Surface,1,1,TDN,ugL,253.74,
4839,2023-10-03,2023,40,4,41.8927,-82.525767,Surface,1,2,TDN,ugL,249.14,
4814,2023-10-03,2023,40,4,41.8927,-82.525767,Bottom,9.8,1,TDN,ugL,337.29,
4815,2023-10-03,2023,40,4,41.8927,-82.525767,Bottom,9.8,2,TDN,ugL,251.12,
4840,2023-10-03,2023,40,4,41.8927,-82.525767,Surface,1,1,TDP,ugL,19.83,
4841,2023-10-03,2023,40,4,41.8927,-82.525767,Surface,1,2,TDP,ugL,9.56,
4816,2023-10-03,2023,40,4,41.8927,-82.525767,Bottom,9.8,1,TDP,ugL,5.59,
4817,2023-10-03,2023,40,4,41.8927,-82.525767,Bottom,9.8,2,TDP,ugL,8.62,
4844,2023-10-03,2023,40,4,41.8927,-82.525767,Surface,1,1,TP,ugL,8.92,
4845,2023-10-03,2023,40,4,41.8927,-82.525767,Surface,1,2,TP,ugL,6.22,
4820,2023-10-03,2023,40,4,41.8927,-82.525767,Bottom,9.8,1,TP,ugL,5.67,
4821,2023-10-03,2023,40,4,41.8927,-82.525767,Bottom,9.8,2,TP,ugL,9.33,
4847,2023-10-03,2023,40,4,41.8927,-82.525767,Surface,1,1,TSS,mgL,1574.00,
4823,2023-10-03,2023,40,4,41.8927,-82.525767,Bottom,9.8,1,TSS,mgL,2952.00,
4880,2023-10-03,2023,40,5,42.002583,-82.578633,Surface,1,1,CHLA,ugL,8.98,
4881,2023-10-03,2023,40,5,42.002583,-82.578633,Surface,1,2,CHLA,ugL,8.69,
4860,2023-10-03,2023,40,5,42.002583,-82.578633,Bottom,8.1,1,CHLA,ugL,9.78,
4861,2023-10-03,2023,40,5,42.002583,-82.578633,Bottom,8.1,2,CHLA,ugL,8.82,
4902,2023-10-03,2023,40,5,42.002583,-82.578633,Surface,1,1,CN,rat,13.92,
4903,2023-10-03,2023,40,5,42.002583,-82.578633,Surface,1,2,CN,rat,15.18,
4878,2023-10-03,2023,40,5,42.002583,-82.578633,Bottom,8.1,1,CN,rat,7.89,
4879,2023-10-03,2023,40,5,42.002583,-82.578633,Bottom,8.1,2,CN,rat,7.88,
4904,2023-10-03,2023,40,5,42.002583,-82.578633,Surface,1,1,DMC,ugL,0.08,BDL
4905,2023-10-03,2023,40,5,42.002583,-82.578633,Surface,1,2,DMC,ugL,0.07,BDL
4896,2023-10-03,2023,40,5,42.002583,-82.578633,Surface,1,1,DOC,mgL,1.86,
4872,2023-10-03,2023,40,5,42.002583,-82.578633,Bottom,8.1,1,DOC,mgL,1.84,
4882,2023-10-03,2023,40,5,42.002583,-82.578633,Surface,1,1,NH4,ugL,9.39,
4883,2023-10-03,2023,40,5,42.002583,-82.578633,Surface,1,2,NH4,ugL,5.93,
4884,2023-10-03,2023,40,5,42.002583,-82.578633,Surface,1,1,NO3,ugL,148.71,
4885,2023-10-03,2023,40,5,42.002583,-82.578633,Surface,1,2,NO3,ugL,150.53,
4892,2023-10-03,2023,40,5,42.002583,-82.578633,Surface,1,1,PP,ugL,14.64,
4893,2023-10-03,2023,40,5,42.002583,-82.578633,Surface,1,2,PP,ugL,11.38,
4868,2023-10-03,2023,40,5,42.002583,-82.578633,Bottom,8.1,1,PP,ugL,17.31,
4869,2023-10-03,2023,40,5,42.002583,-82.578633,Bottom,8.1,2,PP,ugL,12.91,
4900,2023-10-03,2023,40,5,42.002583,-82.578633,Surface,1,1,SES_C,mgL,0.92,
4901,2023-10-03,2023,40,5,42.002583,-82.578633,Surface,1,2,SES_C,mgL,1.00,
4876,2023-10-03,2023,40,5,42.002583,-82.578633,Bottom,8.1,1,SES_C,mgL,0.95,
4877,2023-10-03,2023,40,5,42.002583,-82.578633,Bottom,8.1,2,SES_C,mgL,0.97,
4898,2023-10-03,2023,40,5,42.002583,-82.578633,Surface,1,1,SES_N,mgL,0.08,
4899,2023-10-03,2023,40,5,42.002583,-82.578633,Surface,1,2,SES_N,mgL,0.08,
4874,2023-10-03,2023,40,5,42.002583,-82.578633,Bottom,8.1,1,SES_N,mgL,0.14,
4875,2023-10-03,2023,40,5,42.002583,-82.578633,Bottom,8.1,2,SES_N,mgL,0.14,
4890,2023-10-03,2023,40,5,42.002583,-82.578633,Surface,1,1,SRP,ugL,1.63,
4891,2023-10-03,2023,40,5,42.002583,-82.578633,Surface,1,2,SRP,ugL,1.75,
4866,2023-10-03,2023,40,5,42.002583,-82.578633,Bottom,8.1,1,SRP,ugL,2.09,
4867,2023-10-03,2023,40,5,42.002583,-82.578633,Bottom,8.1,2,SRP,ugL,2.42,
4886,2023-10-03,2023,40,5,42.002583,-82.578633,Surface,1,1,TDN,ugL,355.77,
4887,2023-10-03,2023,40,5,42.002583,-82.578633,Surface,1,2,TDN,ugL,379.70,
4862,2023-10-03,2023,40,5,42.002583,-82.578633,Bottom,8.1,1,TDN,ugL,396.55,
4863,2023-10-03,2023,40,5,42.002583,-82.578633,Bottom,8.1,2,TDN,ugL,391.17,
4888,2023-10-03,2023,40,5,42.002583,-82.578633,Surface,1,1,TDP,ugL,4.65,
4889,2023-10-03,2023,40,5,42.002583,-82.578633,Surface,1,2,TDP,ugL,30.10,
4864,2023-10-03,2023,40,5,42.002583,-82.578633,Bottom,8.1,1,TDP,ugL,5.82,
4865,2023-10-03,2023,40,5,42.002583,-82.578633,Bottom,8.1,2,TDP,ugL,5.59,
4894,2023-10-03,2023,40,5,42.002583,-82.578633,Surface,1,1,TP,ugL,7.20,
4895,2023-10-03,2023,40,5,42.002583,-82.578633,Surface,1,2,TP,ugL,6.04,
4870,2023-10-03,2023,40,5,42.002583,-82.578633,Bottom,8.1,1,TP,ugL,9.15,
4871,2023-10-03,2023,40,5,42.002583,-82.578633,Bottom,8.1,2,TP,ugL,8.50,
4897,2023-10-03,2023,40,5,42.002583,-82.578633,Surface,1,1,TSS,mgL,1570.00,
4873,2023-10-03,2023,40,5,42.002583,-82.578633,Bottom,8.1,1,TSS,mgL,3034.00,
4924,2023-10-03,2023,40,6,42.0222,-82.669683,Surface,1,1,CHLA,ugL,6.14,
4925,2023-10-03,2023,40,6,42.0222,-82.669683,Surface,1,2,CHLA,ugL,6.30,
4906,2023-10-03,2023,40,6,42.0222,-82.669683,Bottom,7.9,1,CHLA,ugL,5.54,
4907,2023-10-03,2023,40,6,42.0222,-82.669683,Bottom,7.9,2,CHLA,ugL,6.59,
4946,2023-10-03,2023,40,6,42.0222,-82.669683,Surface,1,1,CN,rat,12.85,
4947,2023-10-03,2023,40,6,42.0222,-82.669683,Surface,1,2,CN,rat,10.62,
4948,2023-10-03,2023,40,6,42.0222,-82.669683,Surface,1,1,DMC,ugL,0.06,BDL
4949,2023-10-03,2023,40,6,42.0222,-82.669683,Surface,1,2,DMC,ugL,0.04,BDL
4922,2023-10-03,2023,40,6,42.0222,-82.669683,Bottom,7.9,1,DMC,ugL,0.14,BDL
4923,2023-10-03,2023,40,6,42.0222,-82.669683,Bottom,7.9,2,DMC,ugL,0.06,BDL
4940,2023-10-03,2023,40,6,42.0222,-82.669683,Surface,1,1,DOC,mgL,2.13,
4920,2023-10-03,2023,40,6,42.0222,-82.669683,Bottom,7.9,1,DOC,mgL,1.66,
4926,2023-10-03,2023,40,6,42.0222,-82.669683,Surface,1,1,NH4,ugL,9.58,
4927,2023-10-03,2023,40,6,42.0222,-82.669683,Surface,1,2,NH4,ugL,25.15,
4908,2023-10-03,2023,40,6,42.0222,-82.669683,Bottom,7.9,1,NH4,ugL,17.46,
4909,2023-10-03,2023,40,6,42.0222,-82.669683,Bottom,7.9,2,NH4,ugL,13.43,
4928,2023-10-03,2023,40,6,42.0222,-82.669683,Surface,1,1,NO3,ugL,113.14,
4929,2023-10-03,2023,40,6,42.0222,-82.669683,Surface,1,2,NO3,ugL,101.29,
4910,2023-10-03,2023,40,6,42.0222,-82.669683,Bottom,7.9,1,NO3,ugL,155.09,
4911,2023-10-03,2023,40,6,42.0222,-82.669683,Bottom,7.9,2,NO3,ugL,181.08,
4936,2023-10-03,2023,40,6,42.0222,-82.669683,Surface,1,1,PP,ugL,12.27,
4937,2023-10-03,2023,40,6,42.0222,-82.669683,Surface,1,2,PP,ugL,9.71,
4944,2023-10-03,2023,40,6,42.0222,-82.669683,Surface,1,1,SES_C,mgL,0.93,
4945,2023-10-03,2023,40,6,42.0222,-82.669683,Surface,1,2,SES_C,mgL,0.86,
4942,2023-10-03,2023,40,6,42.0222,-82.669683,Surface,1,1,SES_N,mgL,0.08,
4943,2023-10-03,2023,40,6,42.0222,-82.669683,Surface,1,2,SES_N,mgL,0.09,
4934,2023-10-03,2023,40,6,42.0222,-82.669683,Surface,1,1,SRP,ugL,1.30,
4935,2023-10-03,2023,40,6,42.0222,-82.669683,Surface,1,2,SRP,ugL,1.18,
4916,2023-10-03,2023,40,6,42.0222,-82.669683,Bottom,7.9,1,SRP,ugL,1.85,
4917,2023-10-03,2023,40,6,42.0222,-82.669683,Bottom,7.9,2,SRP,ugL,1.51,
4930,2023-10-03,2023,40,6,42.0222,-82.669683,Surface,1,1,TDN,ugL,210.12,
4931,2023-10-03,2023,40,6,42.0222,-82.669683,Surface,1,2,TDN,ugL,190.46,
4912,2023-10-03,2023,40,6,42.0222,-82.669683,Bottom,7.9,1,TDN,ugL,376.88,
4913,2023-10-03,2023,40,6,42.0222,-82.669683,Bottom,7.9,2,TDN,ugL,380.93,
4932,2023-10-03,2023,40,6,42.0222,-82.669683,Surface,1,1,TDP,ugL,5.59,
4933,2023-10-03,2023,40,6,42.0222,-82.669683,Surface,1,2,TDP,ugL,6.52,
4914,2023-10-03,2023,40,6,42.0222,-82.669683,Bottom,7.9,1,TDP,ugL,11.89,
4915,2023-10-03,2023,40,6,42.0222,-82.669683,Bottom,7.9,2,TDP,ugL,3.72,
4938,2023-10-03,2023,40,6,42.0222,-82.669683,Surface,1,1,TP,ugL,8.22,
4939,2023-10-03,2023,40,6,42.0222,-82.669683,Surface,1,2,TP,ugL,12.07,
4918,2023-10-03,2023,40,6,42.0222,-82.669683,Bottom,7.9,1,TP,ugL,5.29,
4919,2023-10-03,2023,40,6,42.0222,-82.669683,Bottom,7.9,2,TP,ugL,20.57,
4941,2023-10-03,2023,40,6,42.0222,-82.669683,Surface,1,1,TSS,mgL,1700.00,
4921,2023-10-03,2023,40,6,42.0222,-82.669683,Bottom,7.9,1,TSS,mgL,2512.00,
4974,2023-10-03,2023,40,7,41.99605,-82.7179,Surface,1,1,CHLA,ugL,5.65,
4975,2023-10-03,2023,40,7,41.99605,-82.7179,Surface,1,2,CHLA,ugL,5.52,
4950,2023-10-03,2023,40,7,41.99605,-82.7179,Bottom,9.5,1,CHLA,ugL,9.35,
4951,2023-10-03,2023,40,7,41.99605,-82.7179,Bottom,9.5,2,CHLA,ugL,9.11,
4994,2023-10-03,2023,40,7,41.99605,-82.7179,Surface,1,1,CN,rat,13.60,
4995,2023-10-03,2023,40,7,41.99605,-82.7179,Surface,1,2,CN,rat,14.63,
4972,2023-10-03,2023,40,7,41.99605,-82.7179,Bottom,9.5,1,CN,rat,9.61,
4973,2023-10-03,2023,40,7,41.99605,-82.7179,Bottom,9.5,2,CN,rat,8.71,
4996,2023-10-03,2023,40,7,41.99605,-82.7179,Surface,1,1,DMC,ugL,0.06,BDL
4997,2023-10-03,2023,40,7,41.99605,-82.7179,Surface,1,2,DMC,ugL,0.06,BDL
4988,2023-10-03,2023,40,7,41.99605,-82.7179,Surface,1,1,DOC,mgL,4.57,
4966,2023-10-03,2023,40,7,41.99605,-82.7179,Bottom,9.5,1,DOC,mgL,35.80,
4952,2023-10-03,2023,40,7,41.99605,-82.7179,Bottom,9.5,1,NH4,ugL,6.51,
4953,2023-10-03,2023,40,7,41.99605,-82.7179,Bottom,9.5,2,NH4,ugL,3.24,
4976,2023-10-03,2023,40,7,41.99605,-82.7179,Surface,1,1,NO3,ugL,155.32,
4977,2023-10-03,2023,40,7,41.99605,-82.7179,Surface,1,2,NO3,ugL,170.36,
4954,2023-10-03,2023,40,7,41.99605,-82.7179,Bottom,9.5,1,NO3,ugL,190.43,
4955,2023-10-03,2023,40,7,41.99605,-82.7179,Bottom,9.5,2,NO3,ugL,216.87,
4984,2023-10-03,2023,40,7,41.99605,-82.7179,Surface,1,1,PP,ugL,15.41,
4985,2023-10-03,2023,40,7,41.99605,-82.7179,Surface,1,2,PP,ugL,9.31,
4962,2023-10-03,2023,40,7,41.99605,-82.7179,Bottom,9.5,1,PP,ugL,13.13,
4963,2023-10-03,2023,40,7,41.99605,-82.7179,Bottom,9.5,2,PP,ugL,12.59,
4992,2023-10-03,2023,40,7,41.99605,-82.7179,Surface,1,1,SES_C,mgL,0.83,
4993,2023-10-03,2023,40,7,41.99605,-82.7179,Surface,1,2,SES_C,mgL,0.85,
4970,2023-10-03,2023,40,7,41.99605,-82.7179,Bottom,9.5,1,SES_C,mgL,1.12,
4971,2023-10-03,2023,40,7,41.99605,-82.7179,Bottom,9.5,2,SES_C,mgL,0.93,
4990,2023-10-03,2023,40,7,41.99605,-82.7179,Surface,1,1,SES_N,mgL,0.07,
4991,2023-10-03,2023,40,7,41.99605,-82.7179,Surface,1,2,SES_N,mgL,0.07,
4968,2023-10-03,2023,40,7,41.99605,-82.7179,Bottom,9.5,1,SES_N,mgL,0.14,
4969,2023-10-03,2023,40,7,41.99605,-82.7179,Bottom,9.5,2,SES_N,mgL,0.12,
4982,2023-10-03,2023,40,7,41.99605,-82.7179,Surface,1,1,SRP,ugL,1.06,
4983,2023-10-03,2023,40,7,41.99605,-82.7179,Surface,1,2,SRP,ugL,1.06,
4960,2023-10-03,2023,40,7,41.99605,-82.7179,Bottom,9.5,1,SRP,ugL,1.36,
4961,2023-10-03,2023,40,7,41.99605,-82.7179,Bottom,9.5,2,SRP,ugL,1.48,
4978,2023-10-03,2023,40,7,41.99605,-82.7179,Surface,1,1,TDN,ugL,252.99,
4979,2023-10-03,2023,40,7,41.99605,-82.7179,Surface,1,2,TDN,ugL,251.13,
4956,2023-10-03,2023,40,7,41.99605,-82.7179,Bottom,9.5,1,TDN,ugL,178.58,
4957,2023-10-03,2023,40,7,41.99605,-82.7179,Bottom,9.5,2,TDN,ugL,252.74,
4980,2023-10-03,2023,40,7,41.99605,-82.7179,Surface,1,1,TDP,ugL,19.13,
4981,2023-10-03,2023,40,7,41.99605,-82.7179,Surface,1,2,TDP,ugL,4.89,
4958,2023-10-03,2023,40,7,41.99605,-82.7179,Bottom,9.5,1,TDP,ugL,4.89,
4959,2023-10-03,2023,40,7,41.99605,-82.7179,Bottom,9.5,2,TDP,ugL,3.02,
4986,2023-10-03,2023,40,7,41.99605,-82.7179,Surface,1,1,TP,ugL,4.13,
4987,2023-10-03,2023,40,7,41.99605,-82.7179,Surface,1,2,TP,ugL,7.48,
4964,2023-10-03,2023,40,7,41.99605,-82.7179,Bottom,9.5,1,TP,ugL,4.92,
4965,2023-10-03,2023,40,7,41.99605,-82.7179,Bottom,9.5,2,TP,ugL,6.50,
4989,2023-10-03,2023,40,7,41.99605,-82.7179,Surface,1,1,TSS,mgL,1790.00,
4967,2023-10-03,2023,40,7,41.99605,-82.7179,Bottom,9.5,1,TSS,mgL,3466.00,
,2024-05-16,2024,20,2,41.971783,-82.488083,Surface,1,1,COND,uS,,ND
,2024-05-16,2024,20,2,41.971783,-82.488083,Bottom,10,1,COND,uS,,ND
,2024-05-16,2024,20,2,41.971783,-82.488083,Surface,1,1,DO,sat%,,ND
,2024-05-16,2024,20,2,41.971783,-82.488083,Bottom,10,1,DO,sat%,,ND
,2024-05-16,2024,20,2,41.971783,-82.488083,Surface,1,1,NH4,ugL,,ND
,2024-05-16,2024,20,2,41.971783,-82.488083,Bottom,10,1,NH4,ugL,,ND
,2024-05-16,2024,20,2,41.971783,-82.488083,Surface,1,1,pH,pH,,ND
,2024-05-16,2024,20,2,41.971783,-82.488083,Bottom,10,1,pH,pH,,ND
,2024-05-16,2024,20,2,41.971783,-82.488083,Surface,1,1,PRESSURE,mmHg,,ND
,2024-05-16,2024,20,2,41.971783,-82.488083,Bottom,10,1,PRESSURE,mmHg,,ND
,2024-05-16,2024,20,2,41.971783,-82.488083,Surface,1,1,SECCHI,m,,ND
,2024-05-16,2024,20,2,41.971783,-82.488083,Surface,1,1,TEMP,C,,ND
,2024-05-16,2024,20,2,41.971783,-82.488083,Bottom,10,1,TEMP,C,,ND
,2024-05-16,2024,20,4,41.8927,-82.525767,Surface,1,1,COND,uS,253.2,
,2024-05-16,2024,20,4,41.8927,-82.525767,Bottom,10,1,COND,uS,258.9,
,2024-05-16,2024,20,4,41.8927,-82.525767,Surface,1,1,DO,sat%,106.7,
,2024-05-16,2024,20,4,41.8927,-82.525767,Bottom,10,1,DO,sat%,97.9,
,2024-05-16,2024,20,4,41.8927,-82.525767,Surface,1,1,NH4,ugL,,ND
,2024-05-16,2024,20,4,41.8927,-82.525767,Bottom,10,1,NH4,ugL,,ND
,2024-05-16,2024,20,4,41.8927,-82.525767,Surface,1,1,pH,pH,8.29,
,2024-05-16,2024,20,4,41.8927,-82.525767,Bottom,10,1,pH,pH,8.08,
,2024-05-16,2024,20,4,41.8927,-82.525767,Surface,1,1,PRESSURE,mmHg,745.2,
,2024-05-16,2024,20,4,41.8927,-82.525767,Bottom,10,1,PRESSURE,mmHg,745.2,
,2024-05-16,2024,20,4,41.8927,-82.525767,Surface,1,1,SECCHI,m,,ND
,2024-05-16,2024,20,4,41.8927,-82.525767,Surface,1,1,TEMP,C,18.4,
,2024-05-16,2024,20,4,41.8927,-82.525767,Bottom,10,1,TEMP,C,15.1,
,2024-05-16,2024,20,5,42.002583,-82.578633,Surface,1,1,COND,uS,,ND
,2024-05-16,2024,20,5,42.002583,-82.578633,Bottom,7,1,COND,uS,,ND
,2024-05-16,2024,20,5,42.002583,-82.578633,Surface,1,1,DO,sat%,,ND
,2024-05-16,2024,20,5,42.002583,-82.578633,Bottom,7,1,DO,sat%,,ND
,2024-05-16,2024,20,5,42.002583,-82.578633,Surface,1,1,NH4,ugL,,ND
,2024-05-16,2024,20,5,42.002583,-82.578633,Bottom,7,1,NH4,ugL,,ND
,2024-05-16,2024,20,5,42.002583,-82.578633,Surface,1,1,pH,pH,,ND
,2024-05-16,2024,20,5,42.002583,-82.578633,Bottom,7,1,pH,pH,,ND
,2024-05-16,2024,20,5,42.002583,-82.578633,Surface,1,1,PRESSURE,mmHg,,ND
,2024-05-16,2024,20,5,42.002583,-82.578633,Bottom,7,1,PRESSURE,mmHg,,ND
,2024-05-16,2024,20,5,42.002583,-82.578633,Surface,1,1,SECCHI,m,,ND
,2024-05-16,2024,20,5,42.002583,-82.578633,Surface,1,1,TEMP,C,,ND
,2024-05-16,2024,20,5,42.002583,-82.578633,Bottom,7,1,TEMP,C,,ND
,2024-05-16,2024,20,6,42.0222,-82.669683,Surface,1,1,CHLA,ugL,13.04,
,2024-05-16,2024,20,6,42.0222,-82.669683,Surface,1,2,CHLA,ugL,13.55,
,2024-05-16,2024,20,6,42.0222,-82.669683,Bottom,7,1,CHLA,ugL,13.90,
,2024-05-16,2024,20,6,42.0222,-82.669683,Bottom,7,2,CHLA,ugL,14.99,
,2024-05-16,2024,20,6,42.0222,-82.669683,Surface,1,1,COND,uS,,ND
,2024-05-16,2024,20,6,42.0222,-82.669683,Bottom,7,1,COND,uS,,ND
,2024-05-16,2024,20,6,42.0222,-82.669683,Surface,1,1,DO,sat%,,ND
,2024-05-16,2024,20,6,42.0222,-82.669683,Bottom,7,1,DO,sat%,,ND
,2024-05-16,2024,20,6,42.0222,-82.669683,Surface,1,1,NH4,ugL,9.716427583,
,2024-05-16,2024,20,6,42.0222,-82.669683,Surface,1,2,NH4,ugL,13.72445396,
,2024-05-16,2024,20,6,42.0222,-82.669683,Bottom,7,1,NH4,ugL,78.39942506,
,2024-05-16,2024,20,6,42.0222,-82.669683,Bottom,7,2,NH4,ugL,79.31034015,
,2024-05-16,2024,20,6,42.0222,-82.669683,Surface,1,1,NO3,ugl,515.31,
,2024-05-16,2024,20,6,42.0222,-82.669683,Bottom,7,1,NO3,ugl,540.22,
,2024-05-16,2024,20,6,42.0222,-82.669683,Surface,1,1,pH,pH,,ND
,2024-05-16,2024,20,6,42.0222,-82.669683,Bottom,7,1,pH,pH,,ND
,2024-05-16,2024,20,6,42.0222,-82.669683,Surface,1,1,PRESSURE,mmHg,,ND
,2024-05-16,2024,20,6,42.0222,-82.669683,Bottom,7,1,PRESSURE,mmHg,,ND
,2024-05-16,2024,20,6,42.0222,-82.669683,Surface,1,1,SECCHI,m,,ND
4998,2024-05-16,2024,20,6,42.0222,-82.669683,Bottom,7,1,SRP,ugL,2.52,
4999,2024-05-16,2024,20,6,42.0222,-82.669683,Bottom,7,2,SRP,ugL,2.27,
,2024-05-16,2024,20,6,42.0222,-82.669683,Bottom,7,1,TDN,ugl,859.81394,
,2024-05-16,2024,20,6,42.0222,-82.669683,Surface,1,1,TEMP,C,,ND
,2024-05-16,2024,20,6,42.0222,-82.669683,Bottom,7,1,TEMP,C,,ND
5002,2024-05-16,2024,20,6,42.0222,-82.669683,Surface,1,1,TP,ugL,10.74288408,
5003,2024-05-16,2024,20,6,42.0222,-82.669683,Surface,1,2,TP,ugL,7.948009274,
5000,2024-05-16,2024,20,6,42.0222,-82.669683,Bottom,7,1,TP,ugL,14.59581719,
5001,2024-05-16,2024,20,6,42.0222,-82.669683,Bottom,7,2,TP,ugL,2.949833265,
,2024-05-16,2024,20,6,42.0222,-82.669683,Surface,1,1,TSS,mgL,2.126,
,2024-05-16,2024,20,6,42.0222,-82.669683,Bottom,7,1,TSS,mgL,3.372,
,2024-05-16,2024,20,7,41.99605,-82.7179,Surface,1,1,CHLA,ugL,4.28,
,2024-05-16,2024,20,7,41.99605,-82.7179,Surface,1,2,CHLA,ugL,4.96,
,2024-05-16,2024,20,7,41.99605,-82.7179,Bottom,9,1,CHLA,ugL,14.36,
,2024-05-16,2024,20,7,41.99605,-82.7179,Bottom,9,2,CHLA,ugL,13.56,
,2024-05-16,2024,20,7,41.99605,-82.7179,Surface,1,1,COND,uS,,ND
,2024-05-16,2024,20,7,41.99605,-82.7179,Bottom,9,1,COND,uS,,ND
,2024-05-16,2024,20,7,41.99605,-82.7179,Surface,1,1,DO,sat%,,ND
,2024-05-16,2024,20,7,41.99605,-82.7179,Bottom,9,1,DO,sat%,,ND
,2024-05-16,2024,20,7,41.99605,-82.7179,Surface,1,1,NH4,ugL,13.54227094,
,2024-05-16,2024,20,7,41.99605,-82.7179,Surface,1,2,NH4,ugL,17.18593129,
,2024-05-16,2024,20,7,41.99605,-82.7179,Bottom,9,1,NH4,ugL,21.19395767,
,2024-05-16,2024,20,7,41.99605,-82.7179,Bottom,9,2,NH4,ugL,20.28304258,
,2024-05-16,2024,20,7,41.99605,-82.7179,Surface,1,1,NO3,ugl,514.99,
,2024-05-16,2024,20,7,41.99605,-82.7179,Bottom,9,1,NO3,ugl,482.46,
,2024-05-16,2024,20,7,41.99605,-82.7179,Surface,1,1,pH,pH,,ND
,2024-05-16,2024,20,7,41.99605,-82.7179,Bottom,9,1,pH,pH,,ND
,2024-05-16,2024,20,7,41.99605,-82.7179,Surface,1,1,PRESSURE,mmHg,,ND
,2024-05-16,2024,20,7,41.99605,-82.7179,Bottom,9,1,PRESSURE,mmHg,,ND
,2024-05-16,2024,20,7,41.99605,-82.7179,Surface,1,1,SECCHI,m,,ND
5008,2024-05-16,2024,20,7,41.99605,-82.7179,Surface,1,1,SRP,ugL,2.97,
5009,2024-05-16,2024,20,7,41.99605,-82.7179,Surface,1,2,SRP,ugL,1.27,
5004,2024-05-16,2024,20,7,41.99605,-82.7179,Bottom,9,1,SRP,ugL,4.30,
5005,2024-05-16,2024,20,7,41.99605,-82.7179,Bottom,9,2,SRP,ugL,4.55,
,2024-05-16,2024,20,7,41.99605,-82.7179,Surface,1,1,TDN,ugl,623.311489,
,2024-05-16,2024,20,7,41.99605,-82.7179,Bottom,9,1,TDN,ugl,825.2207239,
,2024-05-16,2024,20,7,41.99605,-82.7179,Surface,1,1,TEMP,C,,ND
,2024-05-16,2024,20,7,41.99605,-82.7179,Bottom,9,1,TEMP,C,,ND
5010,2024-05-16,2024,20,7,41.99605,-82.7179,Surface,1,1,TP,ugL,7.116594094,
5011,2024-05-16,2024,20,7,41.99605,-82.7179,Surface,1,2,TP,ugL,5.89966653,
5006,2024-05-16,2024,20,7,41.99605,-82.7179,Bottom,9,1,TP,ugL,21.62175403,
5007,2024-05-16,2024,20,7,41.99605,-82.7179,Bottom,9,2,TP,ugL,4.826999888,
,2024-05-16,2024,20,7,41.99605,-82.7179,Surface,1,1,TSS,mgL,1.292,
,2024-05-16,2024,20,7,41.99605,-82.7179,Bottom,9,1,TSS,mgL,2.22,
,2024-05-23,2024,21,2,41.971783,-82.488083,Surface,1,1,COND,uS,,ND
,2024-05-23,2024,21,2,41.971783,-82.488083,Bottom,10,1,COND,uS,,ND
,2024-05-23,2024,21,2,41.971783,-82.488083,Surface,1,1,DO,sat%,,ND
,2024-05-23,2024,21,2,41.971783,-82.488083,Bottom,10,1,DO,sat%,,ND
,2024-05-23,2024,21,2,41.971783,-82.488083,Surface,1,1,NH4,ugL,,ND
,2024-05-23,2024,21,2,41.971783,-82.488083,Bottom,10,1,NH4,ugL,,ND
,2024-05-23,2024,21,2,41.971783,-82.488083,Surface,1,1,pH,pH,,ND
,2024-05-23,2024,21,2,41.971783,-82.488083,Bottom,10,1,pH,pH,,ND
,2024-05-23,2024,21,2,41.971783,-82.488083,Surface,1,1,PRESSURE,mmHg,,ND
,2024-05-23,2024,21,2,41.971783,-82.488083,Bottom,10,1,PRESSURE,mmHg,,ND
,2024-05-23,2024,21,2,41.971783,-82.488083,Surface,1,1,SECCHI,m,,ND
,2024-05-23,2024,21,2,41.971783,-82.488083,Surface,1,1,TEMP,C,,ND
,2024-05-23,2024,21,2,41.971783,-82.488083,Bottom,10,1,TEMP,C,,ND
,2024-05-23,2024,21,4,41.8927,-82.525767,Surface,1,1,CHLA,ugL,8.32,
,2024-05-23,2024,21,4,41.8927,-82.525767,Surface,1,2,CHLA,ugL,7.64,
,2024-05-23,2024,21,4,41.8927,-82.525767,Bottom,10,1,CHLA,ugL,14.49,
,2024-05-23,2024,21,4,41.8927,-82.525767,Bottom,10,2,CHLA,ugL,13.69,
,2024-05-23,2024,21,4,41.8927,-82.525767,Surface,1,1,COND,uS,,ND
,2024-05-23,2024,21,4,41.8927,-82.525767,Bottom,10,1,COND,uS,,ND
,2024-05-23,2024,21,4,41.8927,-82.525767,Surface,1,1,DO,sat%,,ND
,2024-05-23,2024,21,4,41.8927,-82.525767,Bottom,10,1,DO,sat%,,ND
,2024-05-23,2024,21,4,41.8927,-82.525767,Surface,1,1,NH4,ugL,30.48529154,
,2024-05-23,2024,21,4,41.8927,-82.525767,Surface,1,2,NH4,ugL,36.49733111,
,2024-05-23,2024,21,4,41.8927,-82.525767,Bottom,10,1,NH4,ugL,8.258963446,
,2024-05-23,2024,21,4,41.8927,-82.525767,Bottom,10,2,NH4,ugL,11.35607474,
,2024-05-23,2024,21,4,41.8927,-82.525767,Surface,1,1,NO3,ugl,397.97,
,2024-05-23,2024,21,4,41.8927,-82.525767,Bottom,10,1,NO3,ugl,366.81,
,2024-05-23,2024,21,4,41.8927,-82.525767,Surface,1,1,pH,pH,,ND
,2024-05-23,2024,21,4,41.8927,-82.525767,Bottom,10,1,pH,pH,,ND
,2024-05-23,2024,21,4,41.8927,-82.525767,Surface,1,1,PRESSURE,mmHg,,ND
,2024-05-23,2024,21,4,41.8927,-82.525767,Bottom,10,1,PRESSURE,mmHg,,ND
,2024-05-23,2024,21,4,41.8927,-82.525767,Surface,1,1,SECCHI,m,,ND
5016,2024-05-23,2024,21,4,41.8927,-82.525767,Surface,1,1,SRP,ugL,1.42,
5017,2024-05-23,2024,21,4,41.8927,-82.525767,Surface,1,2,SRP,ugL,1.06,
5012,2024-05-23,2024,21,4,41.8927,-82.525767,Bottom,10,1,SRP,ugL,1.73,
5013,2024-05-23,2024,21,4,41.8927,-82.525767,Bottom,10,2,SRP,ugL,2.06,
,2024-05-23,2024,21,4,41.8927,-82.525767,Surface,1,1,TDN,ugl,662.7155188,
,2024-05-23,2024,21,4,41.8927,-82.525767,Bottom,10,1,TDN,ugl,537.1784038,
,2024-05-23,2024,21,4,41.8927,-82.525767,Surface,1,1,TEMP,C,,ND
,2024-05-23,2024,21,4,41.8927,-82.525767,Bottom,10,1,TEMP,C,,ND
5018,2024-05-23,2024,21,4,41.8927,-82.525767,Surface,1,1,TP,ugL,1.95078995,
5019,2024-05-23,2024,21,4,41.8927,-82.525767,Surface,1,2,TP,ugL,4.506703706,
5014,2024-05-23,2024,21,4,41.8927,-82.525767,Bottom,10,1,TP,ugL,7.803159798,
5015,2024-05-23,2024,21,4,41.8927,-82.525767,Bottom,10,2,TP,ugL,5.781771096,
,2024-05-23,2024,21,4,41.8927,-82.525767,Surface,1,1,TSS,mgL,0.793,
,2024-05-23,2024,21,4,41.8927,-82.525767,Bottom,10,1,TSS,mgL,0.859,
,2024-05-23,2024,21,5,42.002583,-82.578633,Surface,1,1,COND,uS,,ND
,2024-05-23,2024,21,5,42.002583,-82.578633,Bottom,7,1,COND,uS,,ND
,2024-05-23,2024,21,5,42.002583,-82.578633,Surface,1,1,DO,sat%,,ND
,2024-05-23,2024,21,5,42.002583,-82.578633,Bottom,7,1,DO,sat%,,ND
,2024-05-23,2024,21,5,42.002583,-82.578633,Surface,1,1,NH4,ugL,,ND
,2024-05-23,2024,21,5,42.002583,-82.578633,Bottom,7,2,NH4,ugL,,ND
,2024-05-23,2024,21,5,42.002583,-82.578633,Surface,1,1,pH,pH,,ND
,2024-05-23,2024,21,5,42.002583,-82.578633,Bottom,7,1,pH,pH,,ND
,2024-05-23,2024,21,5,42.002583,-82.578633,Surface,1,1,PRESSURE,mmHg,,ND
,2024-05-23,2024,21,5,42.002583,-82.578633,Bottom,7,1,PRESSURE,mmHg,,ND
,2024-05-23,2024,21,5,42.002583,-82.578633,Surface,1,1,SECCHI,m,,ND
,2024-05-23,2024,21,5,42.002583,-82.578633,Surface,1,1,TEMP,C,,ND
,2024-05-23,2024,21,5,42.002583,-82.578633,Bottom,7,1,TEMP,C,,ND
,2024-05-23,2024,21,6,42.0222,-82.669683,Surface,1,1,COND,uS,254.7,
,2024-05-23,2024,21,6,42.0222,-82.669683,Bottom,7,1,COND,uS,254.3,
,2024-05-23,2024,21,6,42.0222,-82.669683,Surface,1,1,DO,sat%,103.6,
,2024-05-23,2024,21,6,42.0222,-82.669683,Bottom,7,1,DO,sat%,101.9,
,2024-05-23,2024,21,6,42.0222,-82.669683,Surface,1,1,NH4,ugL,,ND
,2024-05-23,2024,21,6,42.0222,-82.669683,Bottom,7,1,NH4,ugL,,ND
,2024-05-23,2024,21,6,42.0222,-82.669683,Surface,1,1,pH,pH,8.1,
,2024-05-23,2024,21,6,42.0222,-82.669683,Bottom,7,1,pH,pH,8.13,
,2024-05-23,2024,21,6,42.0222,-82.669683,Surface,1,1,PRESSURE,mmHg,743.1,
,2024-05-23,2024,21,6,42.0222,-82.669683,Bottom,7,1,PRESSURE,mmHg,743.1,
,2024-05-23,2024,21,6,42.0222,-82.669683,Surface,1,1,SECCHI,m,,ND
,2024-05-23,2024,21,6,42.0222,-82.669683,Surface,1,1,TEMP,C,15.8,
,2024-05-23,2024,21,6,42.0222,-82.669683,Bottom,7,1,TEMP,C,15.3,
,2024-05-23,2024,21,7,41.99605,-82.7179,Surface,1,1,COND,uS,249.5,
,2024-05-23,2024,21,7,41.99605,-82.7179,Bottom,9,1,COND,uS,249.2,
,2024-05-23,2024,21,7,41.99605,-82.7179,Surface,1,1,DO,sat%,101.8,
,2024-05-23,2024,21,7,41.99605,-82.7179,Bottom,9,1,DO,sat%,102,
,2024-05-23,2024,21,7,41.99605,-82.7179,Surface,1,1,NH4,ugL,,ND
,2024-05-23,2024,21,7,41.99605,-82.7179,Bottom,9,1,NH4,ugL,,ND
,2024-05-23,2024,21,7,41.99605,-82.7179,Surface,1,1,pH,pH,8.24,
,2024-05-23,2024,21,7,41.99605,-82.7179,Bottom,9,1,pH,pH,8.19,
,2024-05-23,2024,21,7,41.99605,-82.7179,Surface,1,1,PRESSURE,mmHg,743.3,
,2024-05-23,2024,21,7,41.99605,-82.7179,Bottom,9,1,PRESSURE,mmHg,743.4,
,2024-05-23,2024,21,7,41.99605,-82.7179,Surface,1,1,SECCHI,m,,ND
,2024-05-23,2024,21,7,41.99605,-82.7179,Surface,1,1,TEMP,C,15.4,
,2024-05-23,2024,21,7,41.99605,-82.7179,Bottom,9,1,TEMP,C,15.1,
,2024-05-31,2024,22,2,41.971783,-82.488083,Surface,1,1,CHLA,ugL,23.42,
,2024-05-31,2024,22,2,41.971783,-82.488083,Surface,1,2,CHLA,ugL,23.27,
,2024-05-31,2024,22,2,41.971783,-82.488083,Bottom,10,1,CHLA,ugL,23.31,
,2024-05-31,2024,22,2,41.971783,-82.488083,Bottom,10,2,CHLA,ugL,24.26,
,2024-05-31,2024,22,2,41.971783,-82.488083,Surface,1,1,COND,uS,248,
,2024-05-31,2024,22,2,41.971783,-82.488083,Bottom,10,1,COND,uS,248.3,
,2024-05-31,2024,22,2,41.971783,-82.488083,Surface,1,1,DO,sat%,104,
,2024-05-31,2024,22,2,41.971783,-82.488083,Bottom,10,1,DO,sat%,97.5,
,2024-05-31,2024,22,2,41.971783,-82.488083,Surface,1,1,NH4,ugL,7.712414394,
,2024-05-31,2024,22,2,41.971783,-82.488083,Surface,1,2,NH4,ugL,15.1819181,
,2024-05-31,2024,22,2,41.971783,-82.488083,Bottom,10,1,NH4,ugL,13.17790491,
,2024-05-31,2024,22,2,41.971783,-82.488083,Bottom,10,2,NH4,ugL,9.534244566,
,2024-05-31,2024,22,2,41.971783,-82.488083,Surface,1,1,NO3,ugl,470.37,
,2024-05-31,2024,22,2,41.971783,-82.488083,Bottom,10,1,NO3,ugl,483.15,
,2024-05-31,2024,22,2,41.971783,-82.488083,Surface,1,1,pH,pH,8.11,
,2024-05-31,2024,22,2,41.971783,-82.488083,Bottom,10,1,pH,pH,7.93,
,2024-05-31,2024,22,2,41.971783,-82.488083,Surface,1,1,PP,ugL,9.981472779,
,2024-05-31,2024,22,2,41.971783,-82.488083,Surface,1,2,PP,ugL,6.970858155,
,2024-05-31,2024,22,2,41.971783,-82.488083,Bottom,10,1,PP,ugL,15.06281549,
,2024-05-31,2024,22,2,41.971783,-82.488083,Bottom,10,2,PP,ugL,10.32771448,
,2024-05-31,2024,22,2,41.971783,-82.488083,Surface,1,1,PRESSURE,mmHg,753,
,2024-05-31,2024,22,2,41.971783,-82.488083,Bottom,10,1,PRESSURE,mmHg,753.8,
,2024-05-31,2024,22,2,41.971783,-82.488083,Surface,1,1,SECCHI,m,1.90,
5024,2024-05-31,2024,22,2,41.971783,-82.488083,Surface,1,1,SRP,ugL,0.36,
5025,2024-05-31,2024,22,2,41.971783,-82.488083,Surface,1,2,SRP,ugL,0.66,
5020,2024-05-31,2024,22,2,41.971783,-82.488083,Bottom,10,1,SRP,ugL,2.81,
5021,2024-05-31,2024,22,2,41.971783,-82.488083,Bottom,10,2,SRP,ugL,3.02,
,2024-05-31,2024,22,2,41.971783,-82.488083,Surface,1,1,TDN,ugl,637.7162715,
,2024-05-31,2024,22,2,41.971783,-82.488083,Bottom,10,1,TDN,ugl,610.7475346,
,2024-05-31,2024,22,2,41.971783,-82.488083,Surface,1,1,TEMP,C,19.3,
,2024-05-31,2024,22,2,41.971783,-82.488083,Bottom,10,1,TEMP,C,18.6,
5026,2024-05-31,2024,22,2,41.971783,-82.488083,Surface,1,1,TP,ugL,3.413882412,
5027,2024-05-31,2024,22,2,41.971783,-82.488083,Surface,1,2,TP,ugL,6.265417347,
5022,2024-05-31,2024,22,2,41.971783,-82.488083,Bottom,10,1,TP,ugL,3.502554682,
5023,2024-05-31,2024,22,2,41.971783,-82.488083,Bottom,10,2,TP,ugL,6.309385188,
,2024-05-31,2024,22,2,41.971783,-82.488083,Surface,1,1,TSS,mgL,1.906,
,2024-05-31,2024,22,2,41.971783,-82.488083,Bottom,10,1,TSS,mgL,5.12,
,2024-05-31,2024,22,4,41.8927,-82.525767,Surface,1,1,CHLA,ugL,23.20,
,2024-05-31,2024,22,4,41.8927,-82.525767,Surface,1,2,CHLA,ugL,22.57,
,2024-05-31,2024,22,4,41.8927,-82.525767,Bottom,10,1,CHLA,ugL,46.52,
,2024-05-31,2024,22,4,41.8927,-82.525767,Bottom,10,2,CHLA,ugL,47.26,
,2024-05-31,2024,22,4,41.8927,-82.525767,Surface,1,1,COND,uS,254,
,2024-05-31,2024,22,4,41.8927,-82.525767,Bottom,10,1,COND,uS,253,
,2024-05-31,2024,22,4,41.8927,-82.525767,Surface,1,1,DO,sat%,105,
,2024-05-31,2024,22,4,41.8927,-82.525767,Bottom,10,1,DO,sat%,97,
,2024-05-31,2024,22,4,41.8927,-82.525767,Surface,1,1,NH4,ugL,10.9917087,
,2024-05-31,2024,22,4,41.8927,-82.525767,Surface,1,2,NH4,ugL,12.63135586,
,2024-05-31,2024,22,4,41.8927,-82.525767,Bottom,10,1,NH4,ugL,20.4652256,
,2024-05-31,2024,22,4,41.8927,-82.525767,Bottom,10,2,NH4,ugL,17.3681143,
,2024-05-31,2024,22,4,41.8927,-82.525767,Surface,1,1,NO3,ugl,484.95,
,2024-05-31,2024,22,4,41.8927,-82.525767,Bottom,10,1,NO3,ugl,451.24,
,2024-05-31,2024,22,4,41.8927,-82.525767,Surface,1,1,pH,pH,8.32,
,2024-05-31,2024,22,4,41.8927,-82.525767,Bottom,10,1,pH,pH,8.02,
,2024-05-31,2024,22,4,41.8927,-82.525767,Surface,1,1,PP,ugL,14.84071276,
,2024-05-31,2024,22,4,41.8927,-82.525767,Surface,1,2,PP,ugL,13.34415322,
,2024-05-31,2024,22,4,41.8927,-82.525767,Bottom,10,1,PP,ugL,13.45874023,
,2024-05-31,2024,22,4,41.8927,-82.525767,Bottom,10,2,PP,ugL,11.13639789,
,2024-05-31,2024,22,4,41.8927,-82.525767,Surface,1,1,PRESSURE,mmHg,750,
,2024-05-31,2024,22,4,41.8927,-82.525767,Bottom,10,1,PRESSURE,mmHg,754,
,2024-05-31,2024,22,4,41.8927,-82.525767,Surface,1,1,SECCHI,m,1.25,
5032,2024-05-31,2024,22,4,41.8927,-82.525767,Surface,1,1,SRP,ugL,1.54,
5033,2024-05-31,2024,22,4,41.8927,-82.525767,Surface,1,2,SRP,ugL,2.93,
5028,2024-05-31,2024,22,4,41.8927,-82.525767,Bottom,10,1,SRP,ugL,4.64,
5029,2024-05-31,2024,22,4,41.8927,-82.525767,Bottom,10,2,SRP,ugL,5.16,
,2024-05-31,2024,22,4,41.8927,-82.525767,Surface,1,1,TDN,ugl,621.0383986,
,2024-05-31,2024,22,4,41.8927,-82.525767,Bottom,10,1,TDN,ugl,489.421258,
,2024-05-31,2024,22,4,41.8927,-82.525767,Surface,1,1,TEMP,C,19,
,2024-05-31,2024,22,4,41.8927,-82.525767,Bottom,10,1,TEMP,C,17.9,
5034,2024-05-31,2024,22,4,41.8927,-82.525767,Surface,1,1,TP,ugL,8.290857285,
5035,2024-05-31,2024,22,4,41.8927,-82.525767,Surface,1,2,TP,ugL,25.86070272,
5030,2024-05-31,2024,22,4,41.8927,-82.525767,Bottom,10,1,TP,ugL,3.236537871,
5031,2024-05-31,2024,22,4,41.8927,-82.525767,Bottom,10,2,TP,ugL,19.48447665,
,2024-05-31,2024,22,4,41.8927,-82.525767,Surface,1,1,TSS,mgL,3.568,
,2024-05-31,2024,22,4,41.8927,-82.525767,Bottom,10,1,TSS,mgL,5.009,
,2024-05-31,2024,22,5,42.002583,-82.578633,Surface,1,1,CHLA,ugL,23.59,
,2024-05-31,2024,22,5,42.002583,-82.578633,Surface,1,2,CHLA,ugL,22.18,
,2024-05-31,2024,22,5,42.002583,-82.578633,Bottom,7,1,CHLA,ugL,35.30,
,2024-05-31,2024,22,5,42.002583,-82.578633,Bottom,7,2,CHLA,ugL,34.64,
,2024-05-31,2024,22,5,42.002583,-82.578633,Surface,1,1,COND,uS,252.9,
,2024-05-31,2024,22,5,42.002583,-82.578633,Bottom,7,1,COND,uS,258.4,
,2024-05-31,2024,22,5,42.002583,-82.578633,Surface,1,1,DO,sat%,101.3,
,2024-05-31,2024,22,5,42.002583,-82.578633,Bottom,7,1,DO,sat%,93,
,2024-05-31,2024,22,5,42.002583,-82.578633,Surface,1,1,NH4,ugL,12.44917284,
,2024-05-31,2024,22,5,42.002583,-82.578633,Surface,1,2,NH4,ugL,11.72044077,
,2024-05-31,2024,22,5,42.002583,-82.578633,Bottom,7,1,NH4,ugL,35.22204999,
,2024-05-31,2024,22,5,42.002583,-82.578633,Bottom,7,2,NH4,ugL,33.94676887,
,2024-05-31,2024,22,5,42.002583,-82.578633,Surface,1,1,NO3,ugl,495.82,
,2024-05-31,2024,22,5,42.002583,-82.578633,Bottom,7,1,NO3,ugl,430.54,
,2024-05-31,2024,22,5,42.002583,-82.578633,Surface,1,1,pH,pH,8.08,
,2024-05-31,2024,22,5,42.002583,-82.578633,Bottom,7,1,pH,pH,7.93,
,2024-05-31,2024,22,5,42.002583,-82.578633,Surface,1,1,PP,ugL,11.23771296,
,2024-05-31,2024,22,5,42.002583,-82.578633,Surface,1,2,PP,ugL,10.61546686,
,2024-05-31,2024,22,5,42.002583,-82.578633,Bottom,7,1,PP,ugL,16.04993872,
,2024-05-31,2024,22,5,42.002583,-82.578633,Bottom,7,2,PP,ugL,13.32430823,
,2024-05-31,2024,22,5,42.002583,-82.578633,Surface,1,1,PRESSURE,mmHg,753.6,
,2024-05-31,2024,22,5,42.002583,-82.578633,Bottom,7,1,PRESSURE,mmHg,753.6,
,2024-05-31,2024,22,5,42.002583,-82.578633,Surface,1,1,SECCHI,m,2.60,
5040,2024-05-31,2024,22,5,42.002583,-82.578633,Surface,1,1,SRP,ugL,2.65,
5041,2024-05-31,2024,22,5,42.002583,-82.578633,Surface,1,2,SRP,ugL,3.25,
5036,2024-05-31,2024,22,5,42.002583,-82.578633,Bottom,7,1,SRP,ugL,3.24,
5037,2024-05-31,2024,22,5,42.002583,-82.578633,Bottom,7,1,SRP,ugL,3.55,
,2024-05-31,2024,22,5,42.002583,-82.578633,Surface,1,1,TDN,ugl,13994.13725,
,2024-05-31,2024,22,5,42.002583,-82.578633,Bottom,7,1,TDN,ugl,558.8716897,
,2024-05-31,2024,22,5,42.002583,-82.578633,Surface,1,1,TEMP,C,19.6,
,2024-05-31,2024,22,5,42.002583,-82.578633,Bottom,7,1,TEMP,C,17.6,
5042,2024-05-31,2024,22,5,42.002583,-82.578633,Surface,1,1,TP,ugL,4.921311009,
5043,2024-05-31,2024,22,5,42.002583,-82.578633,Surface,1,2,TP,ugL,9.255230538,
5038,2024-05-31,2024,22,5,42.002583,-82.578633,Bottom,7,1,TP,ugL,5.808033713,
5039,2024-05-31,2024,22,5,42.002583,-82.578633,Bottom,7,2,TP,ugL,11.1458477,
,2024-05-31,2024,22,5,42.002583,-82.578633,Surface,1,1,TSS,mgL,3.349,
,2024-05-31,2024,22,5,42.002583,-82.578633,Bottom,7,1,TSS,mgL,6.523,
,2024-05-31,2024,22,6,42.0222,-82.669683,Surface,1,1,CHLA,ugL,17.90,
,2024-05-31,2024,22,6,42.0222,-82.669683,Surface,1,2,CHLA,ugL,17.61,
,2024-05-31,2024,22,6,42.0222,-82.669683,Bottom,7,1,CHLA,ugL,22.21,
,2024-05-31,2024,22,6,42.0222,-82.669683,Bottom,7,2,CHLA,ugL,21.66,
,2024-05-31,2024,22,6,42.0222,-82.669683,Surface,1,1,COND,uS,251.2,
,2024-05-31,2024,22,6,42.0222,-82.669683,Bottom,7,1,COND,uS,251.4,
,2024-05-31,2024,22,6,42.0222,-82.669683,Surface,1,1,DO,sat%,102,
,2024-05-31,2024,22,6,42.0222,-82.669683,Bottom,7,1,DO,sat%,94.8,
,2024-05-31,2024,22,6,42.0222,-82.669683,Surface,1,1,NH4,ugL,24.47325197,
,2024-05-31,2024,22,6,42.0222,-82.669683,Surface,1,2,NH4,ugL,21.74050672,
,2024-05-31,2024,22,6,42.0222,-82.669683,Bottom,7,1,NH4,ugL,37.95479525,
,2024-05-31,2024,22,6,42.0222,-82.669683,Bottom,7,2,NH4,ugL,33.94676887,
,2024-05-31,2024,22,6,42.0222,-82.669683,Surface,1,1,NO3,ugl,555.9,
,2024-05-31,2024,22,6,42.0222,-82.669683,Bottom,7,1,NO3,ugl,493.72,
,2024-05-31,2024,22,6,42.0222,-82.669683,Surface,1,1,pH,pH,8.02,
,2024-05-31,2024,22,6,42.0222,-82.669683,Bottom,7,1,pH,pH,7.93,
,2024-05-31,2024,22,6,42.0222,-82.669683,Surface,1,1,PP,ugL,15.5563771,
,2024-05-31,2024,22,6,42.0222,-82.669683,Surface,1,2,PP,ugL,8.883991334,
,2024-05-31,2024,22,6,42.0222,-82.669683,Bottom,7,1,PP,ugL,13.7548772,
,2024-05-31,2024,22,6,42.0222,-82.669683,Bottom,7,2,PP,ugL,10.21360578,
,2024-05-31,2024,22,6,42.0222,-82.669683,Surface,1,1,PRESSURE,mmHg,753.6,
,2024-05-31,2024,22,6,42.0222,-82.669683,Bottom,7,1,PRESSURE,mmHg,753.6,
,2024-05-31,2024,22,6,42.0222,-82.669683,Surface,1,1,SECCHI,m,1.60,
5048,2024-05-31,2024,22,6,42.0222,-82.669683,Surface,1,1,SRP,ugL,4.27,
5049,2024-05-31,2024,22,6,42.0222,-82.669683,Surface,1,2,SRP,ugL,3.15,
5044,2024-05-31,2024,22,6,42.0222,-82.669683,Bottom,7,1,SRP,ugL,,ND
5045,2024-05-31,2024,22,6,42.0222,-82.669683,Bottom,7,2,SRP,ugL,3.54,
,2024-05-31,2024,22,6,42.0222,-82.669683,Surface,1,1,TDN,ugl,798.4601449,
,2024-05-31,2024,22,6,42.0222,-82.669683,Bottom,7,1,TDN,ugl,650.5531167,
,2024-05-31,2024,22,6,42.0222,-82.669683,Surface,1,1,TEMP,C,19.9,
,2024-05-31,2024,22,6,42.0222,-82.669683,Bottom,7,1,TEMP,C,19.5,
5050,2024-05-31,2024,22,6,42.0222,-82.669683,Surface,1,1,TP,ugL,7.005109364,
5051,2024-05-31,2024,22,6,42.0222,-82.669683,Surface,1,2,TP,ugL,31.06327969,
5046,2024-05-31,2024,22,6,42.0222,-82.669683,Bottom,7,1,TP,ugL,9.886958153,
5047,2024-05-31,2024,22,6,42.0222,-82.669683,Bottom,7,2,TP,ugL,16.50992431,
,2024-05-31,2024,22,6,42.0222,-82.669683,Surface,1,1,TSS,mgL,1.355,
,2024-05-31,2024,22,6,42.0222,-82.669683,Bottom,7,1,TSS,mgL,4.406,
,2024-05-31,2024,22,7,41.99605,-82.7179,Surface,1,1,CHLA,ugL,37.92,
,2024-05-31,2024,22,7,41.99605,-82.7179,Surface,1,2,CHLA,ugL,38.63,
,2024-05-31,2024,22,7,41.99605,-82.7179,Bottom,9,1,CHLA,ugL,17.10,
,2024-05-31,2024,22,7,41.99605,-82.7179,Bottom,9,2,CHLA,ugL,18.27,
,2024-05-31,2024,22,7,41.99605,-82.7179,Surface,1,1,COND,uS,250,
,2024-05-31,2024,22,7,41.99605,-82.7179,Bottom,9,1,COND,uS,250.6,
,2024-05-31,2024,22,7,41.99605,-82.7179,Surface,1,1,DO,sat%,105,
,2024-05-31,2024,22,7,41.99605,-82.7179,Bottom,9,1,DO,sat%,95.5,
,2024-05-31,2024,22,7,41.99605,-82.7179,Surface,1,1,NH4,ugL,6.983682325,
,2024-05-31,2024,22,7,41.99605,-82.7179,Surface,1,2,NH4,ugL,5.161852153,
,2024-05-31,2024,22,7,41.99605,-82.7179,Bottom,9,1,NH4,ugL,17.00374827,
,2024-05-31,2024,22,7,41.99605,-82.7179,Bottom,9,2,NH4,ugL,16.63938224,
,2024-05-31,2024,22,7,41.99605,-82.7179,Surface,1,1,NO3,ugl,481.03,
,2024-05-31,2024,22,7,41.99605,-82.7179,Bottom,9,1,NO3,ugl,589.36,
,2024-05-31,2024,22,7,41.99605,-82.7179,Surface,1,1,pH,pH,8.21,
,2024-05-31,2024,22,7,41.99605,-82.7179,Bottom,9,1,pH,pH,8,
,2024-05-31,2024,22,7,41.99605,-82.7179,Surface,1,1,PP,ugL,11.63256225,
,2024-05-31,2024,22,7,41.99605,-82.7179,Surface,1,2,PP,ugL,15.61144352,
,2024-05-31,2024,22,7,41.99605,-82.7179,Bottom,9,1,PP,ugL,13.7548772,
,2024-05-31,2024,22,7,41.99605,-82.7179,Bottom,9,2,PP,ugL,12.5553148,
,2024-05-31,2024,22,7,41.99605,-82.7179,Surface,1,1,PRESSURE,mmHg,753.6,
,2024-05-31,2024,22,7,41.99605,-82.7179,Bottom,9,1,PRESSURE,mmHg,753.6,
,2024-05-31,2024,22,7,41.99605,-82.7179,Surface,1,1,SECCHI,m,1.60,
5056,2024-05-31,2024,22,7,41.99605,-82.7179,Surface,1,1,SRP,ugL,0.98,
5057,2024-05-31,2024,22,7,41.99605,-82.7179,Surface,1,2,SRP,ugL,2.83,
5052,2024-05-31,2024,22,7,41.99605,-82.7179,Bottom,9,1,SRP,ugL,2.13,
5053,2024-05-31,2024,22,7,41.99605,-82.7179,Bottom,9,2,SRP,ugL,,ND
,2024-05-31,2024,22,7,41.99605,-82.7179,Surface,1,1,TDN,ugl,559.7629772,
,2024-05-31,2024,22,7,41.99605,-82.7179,Bottom,9,1,TDN,ugl,750.7932958,
,2024-05-31,2024,22,7,41.99605,-82.7179,Surface,1,1,TEMP,C,19.8,
,2024-05-31,2024,22,7,41.99605,-82.7179,Bottom,9,1,TEMP,C,19,
5058,2024-05-31,2024,22,7,41.99605,-82.7179,Surface,1,1,TP,ugL,2.793176519,
5059,2024-05-31,2024,22,7,41.99605,-82.7179,Surface,1,2,TP,ugL,5.649867573,
5054,2024-05-31,2024,22,7,41.99605,-82.7179,Bottom,9,1,TP,ugL,3.679899223,
5055,2024-05-31,2024,22,7,41.99605,-82.7179,Bottom,9,2,TP,ugL,12.59678646,
,2024-05-31,2024,22,7,41.99605,-82.7179,Surface,1,1,TSS,mgL,3.484,
,2024-05-31,2024,22,7,41.99605,-82.7179,Bottom,9,1,TSS,mgL,5.189,
,2024-06-19,2024,25,2,41.971783,-82.488083,Surface,1,1,CHLA,ugL,14.15,
,2024-06-19,2024,25,2,41.971783,-82.488083,Surface,1,2,CHLA,ugL,16.54,
,2024-06-19,2024,25,2,41.971783,-82.488083,Bottom,10,1,CHLA,ugL,26.19,
,2024-06-19,2024,25,2,41.971783,-82.488083,Bottom,10,2,CHLA,ugL,23.70,
,2024-06-19,2024,25,2,41.971783,-82.488083,Surface,1,1,COND,uS,246,
,2024-06-19,2024,25,2,41.971783,-82.488083,Bottom,10,1,COND,uS,249,
,2024-06-19,2024,25,2,41.971783,-82.488083,Surface,1,1,DO,sat%,108,
,2024-06-19,2024,25,2,41.971783,-82.488083,Bottom,10,1,DO,sat%,97,
,2024-06-19,2024,25,2,41.971783,-82.488083,Surface,1,1,NH4,ugL,20.28304258,
,2024-06-19,2024,25,2,41.971783,-82.488083,Surface,1,2,NH4,ugL,21.92268973,
,2024-06-19,2024,25,2,41.971783,-82.488083,Bottom,10,1,NH4,ugL,26.65944818,
,2024-06-19,2024,25,2,41.971783,-82.488083,Bottom,10,2,NH4,ugL,26.47726516,
,2024-06-19,2024,25,2,41.971783,-82.488083,Surface,1,1,NO3,ugl,385.56,
,2024-06-19,2024,25,2,41.971783,-82.488083,Bottom,10,1,NO3,ugl,430.12,
,2024-06-19,2024,25,2,41.971783,-82.488083,Surface,1,1,pH,pH,8.23,
,2024-06-19,2024,25,2,41.971783,-82.488083,Bottom,10,1,pH,pH,8.06,
,2024-06-19,2024,25,2,41.971783,-82.488083,Surface,1,1,PP,ugL,9.238788414,
,2024-06-19,2024,25,2,41.971783,-82.488083,Surface,1,2,PP,ugL,7.152515808,
,2024-06-19,2024,25,2,41.971783,-82.488083,Bottom,10,1,PP,ugL,12.7323935,
,2024-06-19,2024,25,2,41.971783,-82.488083,Bottom,10,2,PP,ugL,10.40709445,
,2024-06-19,2024,25,2,41.971783,-82.488083,Surface,1,1,PRESSURE,mmHg,752,
,2024-06-19,2024,25,2,41.971783,-82.488083,Bottom,10,1,PRESSURE,mmHg,752,
,2024-06-19,2024,25,2,41.971783,-82.488083,Surface,1,1,SECCHI,m,3.50,
5064,2024-06-19,2024,25,2,41.971783,-82.488083,Surface,1,1,SRP,ugL,0.58,
5065,2024-06-19,2024,25,2,41.971783,-82.488083,Surface,1,2,SRP,ugL,0.76,
5060,2024-06-19,2024,25,2,41.971783,-82.488083,Bottom,10,1,SRP,ugL,4.06,
5061,2024-06-19,2024,25,2,41.971783,-82.488083,Bottom,10,2,SRP,ugL,4.64,
,2024-06-19,2024,25,2,41.971783,-82.488083,Surface,1,1,TDN,ugl,610.6611081,
,2024-06-19,2024,25,2,41.971783,-82.488083,Bottom,10,1,TDN,ugl,673.8607463,
,2024-06-19,2024,25,2,41.971783,-82.488083,Surface,1,1,TEMP,C,22.9,
,2024-06-19,2024,25,2,41.971783,-82.488083,Bottom,10,1,TEMP,C,21,
5066,2024-06-19,2024,25,2,41.971783,-82.488083,Surface,1,1,TP,ugL,8.567110087,
5067,2024-06-19,2024,25,2,41.971783,-82.488083,Surface,1,2,TP,ugL,3.93311102,
5062,2024-06-19,2024,25,2,41.971783,-82.488083,Bottom,10,1,TP,ugL,11.01485583,
5063,2024-06-19,2024,25,2,41.971783,-82.488083,Bottom,10,2,TP,ugL,3.173305482,
,2024-06-19,2024,25,2,41.971783,-82.488083,Surface,1,1,TSS,mgL,1.418,
,2024-06-19,2024,25,2,41.971783,-82.488083,Bottom,10,1,TSS,mgL,3.511,
,2024-06-19,2024,25,4,41.8927,-82.525767,Surface,1,1,CHLA,ugL,40.11,
,2024-06-19,2024,25,4,41.8927,-82.525767,Surface,1,2,CHLA,ugL,41.90,
,2024-06-19,2024,25,4,41.8927,-82.525767,Bottom,10,1,CHLA,ugL,28.07,
,2024-06-19,2024,25,4,41.8927,-82.525767,Bottom,10,2,CHLA,ugL,28.18,
,2024-06-19,2024,25,4,41.8927,-82.525767,Surface,1,1,COND,uS,258,
,2024-06-19,2024,25,4,41.8927,-82.525767,Bottom,10,1,COND,uS,253,
,2024-06-19,2024,25,4,41.8927,-82.525767,Surface,1,1,DO,sat%,109,
,2024-06-19,2024,25,4,41.8927,-82.525767,Bottom,10,1,DO,sat%,88,
,2024-06-19,2024,25,4,41.8927,-82.525767,Surface,1,1,NH4,ugL,17.00374827,
,2024-06-19,2024,25,4,41.8927,-82.525767,Surface,1,2,NH4,ugL,14.08882,
,2024-06-19,2024,25,4,41.8927,-82.525767,Bottom,10,1,NH4,ugL,38.68352731,
,2024-06-19,2024,25,4,41.8927,-82.525767,Bottom,10,2,NH4,ugL,40.32317447,
,2024-06-19,2024,25,4,41.8927,-82.525767,Surface,1,1,NO3,ugl,462.95,
,2024-06-19,2024,25,4,41.8927,-82.525767,Bottom,10,1,NO3,ugl,435.61,
,2024-06-19,2024,25,4,41.8927,-82.525767,Surface,1,1,pH,pH,8.34,
,2024-06-19,2024,25,4,41.8927,-82.525767,Bottom,10,1,pH,pH,7.95,
,2024-06-19,2024,25,4,41.8927,-82.525767,Surface,1,1,PP,ugL,13.43406215,
,2024-06-19,2024,25,4,41.8927,-82.525767,Surface,1,2,PP,ugL,10.4021332,
,2024-06-19,2024,25,4,41.8927,-82.525767,Bottom,10,1,PP,ugL,12.69371973,
,2024-06-19,2024,25,4,41.8927,-82.525767,Bottom,10,2,PP,ugL,10.56089313,
,2024-06-19,2024,25,4,41.8927,-82.525767,Surface,1,1,PRESSURE,mmHg,752,
,2024-06-19,2024,25,4,41.8927,-82.525767,Bottom,10,1,PRESSURE,mmHg,752,
,2024-06-19,2024,25,4,41.8927,-82.525767,Surface,1,1,SECCHI,m,3.50,
5072,2024-06-19,2024,25,4,41.8927,-82.525767,Surface,1,1,SRP,ugL,1.58,
5073,2024-06-19,2024,25,4,41.8927,-82.525767,Surface,1,2,SRP,ugL,0.91,
5068,2024-06-19,2024,25,4,41.8927,-82.525767,Bottom,10,1,SRP,ugL,3.18,
5069,2024-06-19,2024,25,4,41.8927,-82.525767,Bottom,10,2,SRP,ugL,2.70,
,2024-06-19,2024,25,4,41.8927,-82.525767,Surface,1,1,TDN,ugl,622.2081618,
,2024-06-19,2024,25,4,41.8927,-82.525767,Bottom,10,1,TDN,ugl,647.344515,
,2024-06-19,2024,25,4,41.8927,-82.525767,Surface,1,1,TEMP,C,22.6,
,2024-06-19,2024,25,4,41.8927,-82.525767,Bottom,10,1,TEMP,C,21,
5074,2024-06-19,2024,25,4,41.8927,-82.525767,Surface,1,1,TP,ugL,15.77436143,
5075,2024-06-19,2024,25,4,41.8927,-82.525767,Surface,1,2,TP,ugL,5.408027653,
5070,2024-06-19,2024,25,4,41.8927,-82.525767,Bottom,10,1,TP,ugL,13.82523056,
5071,2024-06-19,2024,25,4,41.8927,-82.525767,Bottom,10,2,TP,ugL,5.676194313,
,2024-06-19,2024,25,4,41.8927,-82.525767,Surface,1,1,TSS,mgL,2.572,
,2024-06-19,2024,25,4,41.8927,-82.525767,Bottom,10,1,TSS,mgL,3.31,
,2024-06-19,2024,25,5,42.002583,-82.578633,Surface,1,1,CHLA,ugL,-2.55,
,2024-06-19,2024,25,5,42.002583,-82.578633,Surface,1,2,CHLA,ugL,53.85,
,2024-06-19,2024,25,5,42.002583,-82.578633,Bottom,7,1,CHLA,ugL,57.61,
,2024-06-19,2024,25,5,42.002583,-82.578633,Bottom,7,2,CHLA,ugL,39.85,
,2024-06-19,2024,25,5,42.002583,-82.578633,Surface,1,1,COND,uS,243,
,2024-06-19,2024,25,5,42.002583,-82.578633,Bottom,7,1,COND,uS,253,
,2024-06-19,2024,25,5,42.002583,-82.578633,Surface,1,1,DO,sat%,112,
,2024-06-19,2024,25,5,42.002583,-82.578633,Bottom,7,1,DO,sat%,112,
,2024-06-19,2024,25,5,42.002583,-82.578633,Surface,1,1,NH4,ugL,7.712414394,
,2024-06-19,2024,25,5,42.002583,-82.578633,Surface,1,2,NH4,ugL,6.072767239,
,2024-06-19,2024,25,5,42.002583,-82.578633,Bottom,7,1,NH4,ugL,6.983682325,
,2024-06-19,2024,25,5,42.002583,-82.578633,Bottom,7,2,NH4,ugL,10.26297663,
,2024-06-19,2024,25,5,42.002583,-82.578633,Surface,1,1,NO3,ugl,433.32,
,2024-06-19,2024,25,5,42.002583,-82.578633,Bottom,7,1,NO3,ugl,414.94,
,2024-06-19,2024,25,5,42.002583,-82.578633,Surface,1,1,pH,pH,8.54,
,2024-06-19,2024,25,5,42.002583,-82.578633,Bottom,7,1,pH,pH,8.49,
,2024-06-19,2024,25,5,42.002583,-82.578633,Surface,1,1,PP,ugL,14.34715114,
,2024-06-19,2024,25,5,42.002583,-82.578633,Surface,1,2,PP,ugL,11.50849149,
,2024-06-19,2024,25,5,42.002583,-82.578633,Bottom,7,1,PP,ugL,13.95230185,
,2024-06-19,2024,25,5,42.002583,-82.578633,Bottom,7,2,PP,ugL,10.8883355,
,2024-06-19,2024,25,5,42.002583,-82.578633,Surface,1,1,PRESSURE,mmHg,752,
,2024-06-19,2024,25,5,42.002583,-82.578633,Bottom,7,1,PRESSURE,mmHg,752,
,2024-06-19,2024,25,5,42.002583,-82.578633,Surface,1,1,SECCHI,m,2.50,
5080,2024-06-19,2024,25,5,42.002583,-82.578633,Surface,1,1,SRP,ugL,0.88,
5081,2024-06-19,2024,25,5,42.002583,-82.578633,Surface,1,2,SRP,ugL,0.88,
5076,2024-06-19,2024,25,5,42.002583,-82.578633,Bottom,7,1,SRP,ugL,4.64,
5077,2024-06-19,2024,25,5,42.002583,-82.578633,Bottom,7,2,SRP,ugL,6.03,
,2024-06-19,2024,25,5,42.002583,-82.578633,Surface,1,1,TDN,ugl,602.8226853,
,2024-06-19,2024,25,5,42.002583,-82.578633,Bottom,7,1,TDN,ugl,623.3900457,
,2024-06-19,2024,25,5,42.002583,-82.578633,Surface,1,1,TEMP,C,23.2,
,2024-06-19,2024,25,5,42.002583,-82.578633,Bottom,7,1,TEMP,C,22.9,
5082,2024-06-19,2024,25,5,42.002583,-82.578633,Surface,1,1,TP,ugL,14.18785956,
5083,2024-06-19,2024,25,5,42.002583,-82.578633,Surface,1,2,TP,ugL,6.525388738,
5078,2024-06-19,2024,25,5,42.002583,-82.578633,Bottom,7,1,TP,ugL,15.86501868,
5079,2024-06-19,2024,25,5,42.002583,-82.578633,Bottom,7,2,TP,ugL,10.10094421,
,2024-06-19,2024,25,5,42.002583,-82.578633,Surface,1,1,TSS,mgL,3.544,
,2024-06-19,2024,25,5,42.002583,-82.578633,Bottom,7,1,TSS,mgL,3.315,
,2024-06-19,2024,25,6,42.0222,-82.669683,Surface,1,2,CHLA,ugL,,ND
,2024-06-19,2024,25,6,42.0222,-82.669683,Bottom,7,1,CHLA,ugL,43.09,
,2024-06-19,2024,25,6,42.0222,-82.669683,Bottom,7,2,CHLA,ugL,39.52,
,2024-06-19,2024,25,6,42.0222,-82.669683,Surface,1,1,COND,uS,256,
,2024-06-19,2024,25,6,42.0222,-82.669683,Bottom,7,1,COND,uS,256,
,2024-06-19,2024,25,6,42.0222,-82.669683,Surface,1,1,DO,sat%,111,
,2024-06-19,2024,25,6,42.0222,-82.669683,Bottom,7,1,DO,sat%,107,
,2024-06-19,2024,25,6,42.0222,-82.669683,Surface,1,1,NH4,ugL,,ND
,2024-06-19,2024,25,6,42.0222,-82.669683,Bottom,7,1,NH4,ugL,14.99973508,
,2024-06-19,2024,25,6,42.0222,-82.669683,Bottom,7,2,NH4,ugL,12.81353888,
,2024-06-19,2024,25,6,42.0222,-82.669683,Bottom,7,1,NO3,ugl,423.96,
,2024-06-19,2024,25,6,42.0222,-82.669683,Surface,1,1,pH,pH,8.37,
,2024-06-19,2024,25,6,42.0222,-82.669683,Bottom,7,1,pH,pH,8.18,
,2024-06-19,2024,25,6,42.0222,-82.669683,Bottom,7,1,PP,ugL,10.6701171,
,2024-06-19,2024,25,6,42.0222,-82.669683,Bottom,7,2,PP,ugL,10.71965307,
,2024-06-19,2024,25,6,42.0222,-82.669683,Surface,1,1,PRESSURE,mmHg,752,
,2024-06-19,2024,25,6,42.0222,-82.669683,Bottom,7,1,PRESSURE,mmHg,752,
,2024-06-19,2024,25,6,42.0222,-82.669683,Surface,1,1,SECCHI,m,4.00,
5088,2024-06-19,2024,25,6,42.0222,-82.669683,Surface,1,1,SRP,ugL,,ND
5089,2024-06-19,2024,25,6,42.0222,-82.669683,Surface,1,2,SRP,ugL,,ND
5084,2024-06-19,2024,25,6,42.0222,-82.669683,Bottom,7,1,SRP,ugL,1.94,
5085,2024-06-19,2024,25,6,42.0222,-82.669683,Bottom,7,2,SRP,ugL,1.64,
,2024-06-19,2024,25,6,42.0222,-82.669683,Bottom,7,1,TDN,ugl,570.2436896,
,2024-06-19,2024,25,6,42.0222,-82.669683,Surface,1,1,TEMP,C,24,
,2024-06-19,2024,25,6,42.0222,-82.669683,Bottom,7,1,TEMP,C,23.2,
5086,2024-06-19,2024,25,6,42.0222,-82.669683,Bottom,7,1,TP,ugL,12.82800082,
5087,2024-06-19,2024,25,6,42.0222,-82.669683,Bottom,7,2,TP,ugL,5.095166549,
,2024-06-19,2024,25,6,42.0222,-82.669683,Surface,1,1,TSS,mgL,,ND
,2024-06-19,2024,25,6,42.0222,-82.669683,Bottom,7,1,TSS,mgL,2.514,
,2024-06-19,2024,25,7,41.99605,-82.7179,Surface,1,1,CHLA,ugL,18.78,
,2024-06-19,2024,25,7,41.99605,-82.7179,Surface,1,2,CHLA,ugL,17.55,
,2024-06-19,2024,25,7,41.99605,-82.7179,Bottom,9,1,CHLA,ugL,40.30,
,2024-06-19,2024,25,7,41.99605,-82.7179,Bottom,9,2,CHLA,ugL,33.85,
,2024-06-19,2024,25,7,41.99605,-82.7179,Surface,1,1,COND,uS,246,
,2024-06-19,2024,25,7,41.99605,-82.7179,Bottom,9,1,COND,uS,250,
,2024-06-19,2024,25,7,41.99605,-82.7179,Surface,1,1,DO,sat%,108,
,2024-06-19,2024,25,7,41.99605,-82.7179,Bottom,9,1,DO,sat%,91,
,2024-06-19,2024,25,7,41.99605,-82.7179,Surface,1,1,NH4,ugL,1.700374827,
,2024-06-19,2024,25,7,41.99605,-82.7179,Surface,1,2,NH4,ugL,4.250937068,
,2024-06-19,2024,25,7,41.99605,-82.7179,Bottom,9,1,NH4,ugL,13.36008793,
,2024-06-19,2024,25,7,41.99605,-82.7179,Bottom,9,2,NH4,ugL,15.1819181,
,2024-06-19,2024,25,7,41.99605,-82.7179,Surface,1,1,NO3,ugl,380.5,
,2024-06-19,2024,25,7,41.99605,-82.7179,Bottom,9,1,NO3,ugl,417.07,
,2024-06-19,2024,25,7,41.99605,-82.7179,Surface,1,1,pH,pH,8.25,
,2024-06-19,2024,25,7,41.99605,-82.7179,Bottom,9,1,pH,pH,7.99,
,2024-06-19,2024,25,7,41.99605,-82.7179,Surface,1,1,PP,ugL,10.81818559,
,2024-06-19,2024,25,7,41.99605,-82.7179,Surface,1,2,PP,ugL,8.452362764,
,2024-06-19,2024,25,7,41.99605,-82.7179,Bottom,9,1,PP,ugL,12.29887043,
,2024-06-19,2024,25,7,41.99605,-82.7179,Bottom,9,2,PP,ugL,9.300736159,
,2024-06-19,2024,25,7,41.99605,-82.7179,Surface,1,1,PRESSURE,mmHg,752,
,2024-06-19,2024,25,7,41.99605,-82.7179,Bottom,9,1,PRESSURE,mmHg,752,
,2024-06-19,2024,25,7,41.99605,-82.7179,Surface,1,1,SECCHI,m,3.50,
5094,2024-06-19,2024,25,7,41.99605,-82.7179,Surface,1,1,SRP,ugL,2.58,
5095,2024-06-19,2024,25,7,41.99605,-82.7179,Surface,1,2,SRP,ugL,2.58,
5090,2024-06-19,2024,25,7,41.99605,-82.7179,Bottom,9,1,SRP,ugL,1.97,
5091,2024-06-19,2024,25,7,41.99605,-82.7179,Bottom,9,2,SRP,ugL,1.88,
,2024-06-19,2024,25,7,41.99605,-82.7179,Surface,1,1,TDN,ugl,561.0527861,
,2024-06-19,2024,25,7,41.99605,-82.7179,Bottom,9,1,TDN,ugl,615.4004597,
,2024-06-19,2024,25,7,41.99605,-82.7179,Surface,1,1,TEMP,C,23.4,
,2024-06-19,2024,25,7,41.99605,-82.7179,Bottom,9,1,TEMP,C,21.3,
5096,2024-06-19,2024,25,7,41.99605,-82.7179,Surface,1,1,TP,ugL,13.09997257,
5097,2024-06-19,2024,25,7,41.99605,-82.7179,Surface,1,2,TP,ugL,4.06719435,
5092,2024-06-19,2024,25,7,41.99605,-82.7179,Bottom,9,1,TP,ugL,13.59858744,
5093,2024-06-19,2024,25,7,41.99605,-82.7179,Bottom,9,2,TP,ugL,4.111888794,
,2024-06-19,2024,25,7,41.99605,-82.7179,Surface,1,1,TSS,mgL,1.589,
,2024-06-19,2024,25,7,41.99605,-82.7179,Bottom,9,1,TSS,mgL,2.319,
,2024-07-04,2024,27,2,41.971783,-82.488083,Surface,1,1,CHLA,ugL,19.93,
,2024-07-04,2024,27,2,41.971783,-82.488083,Surface,1,2,CHLA,ugL,20.19,
,2024-07-04,2024,27,2,41.971783,-82.488083,Bottom,10,1,CHLA,ugL,24.63,
,2024-07-04,2024,27,2,41.971783,-82.488083,Bottom,10,2,CHLA,ugL,24.74,
,2024-07-04,2024,27,2,41.971783,-82.488083,Surface,1,1,COND,uS,245.2,
,2024-07-04,2024,27,2,41.971783,-82.488083,Bottom,10,1,COND,uS,245.7,
,2024-07-04,2024,27,2,41.971783,-82.488083,Surface,1,1,DO,sat%,103.7,
,2024-07-04,2024,27,2,41.971783,-82.488083,Bottom,10,1,DO,sat%,103.4,
,2024-07-04,2024,27,2,41.971783,-82.488083,Surface,1,1,NH4,ugL,42.87373671,
,2024-07-04,2024,27,2,41.971783,-82.488083,Surface,1,2,NH4,ugL,22.46923879,
,2024-07-04,2024,27,2,41.971783,-82.488083,Bottom,10,1,NH4,ugL,14.99973508,
,2024-07-04,2024,27,2,41.971783,-82.488083,Bottom,10,2,NH4,ugL,5.890584222,
,2024-07-04,2024,27,2,41.971783,-82.488083,Surface,1,1,NO3,ugl,371.58,
,2024-07-04,2024,27,2,41.971783,-82.488083,Bottom,10,1,NO3,ugl,378.77,
,2024-07-04,2024,27,2,41.971783,-82.488083,Surface,1,1,pH,pH,8.27,
,2024-07-04,2024,27,2,41.971783,-82.488083,Bottom,10,1,pH,pH,8.22,
,2024-07-04,2024,27,2,41.971783,-82.488083,Surface,1,1,PP,ugL,10.05316508,
,2024-07-04,2024,27,2,41.971783,-82.488083,Surface,1,2,PP,ugL,7.331698936,
,2024-07-04,2024,27,2,41.971783,-82.488083,Bottom,10,1,PP,ugL,11.80530882,
,2024-07-04,2024,27,2,41.971783,-82.488083,Bottom,10,2,PP,ugL,10.22848952,
,2024-07-04,2024,27,2,41.971783,-82.488083,Surface,1,1,PRESSURE,mmHg,744,
,2024-07-04,2024,27,2,41.971783,-82.488083,Bottom,10,1,PRESSURE,mmHg,744,
,2024-07-04,2024,27,2,41.971783,-82.488083,Surface,1,1,SECCHI,m,4.50,
5102,2024-07-04,2024,27,2,41.971783,-82.488083,Surface,1,1,SRP,ugL,3.30,
5103,2024-07-04,2024,27,2,41.971783,-82.488083,Surface,1,2,SRP,ugL,1.79,
5098,2024-07-04,2024,27,2,41.971783,-82.488083,Bottom,10,1,SRP,ugL,2.06,
5099,2024-07-04,2024,27,2,41.971783,-82.488083,Bottom,10,2,SRP,ugL,3.12,
,2024-07-04,2024,27,2,41.971783,-82.488083,Surface,1,1,TDN,ugl,509.7115212,
,2024-07-04,2024,27,2,41.971783,-82.488083,Bottom,10,1,TDN,ugl,524.0218345,
,2024-07-04,2024,27,2,41.971783,-82.488083,Surface,1,1,TEMP,C,23.2,
,2024-07-04,2024,27,2,41.971783,-82.488083,Bottom,10,1,TEMP,C,23,
5104,2024-07-04,2024,27,2,41.971783,-82.488083,Surface,1,1,TP,ugL,7.025936844,
5105,2024-07-04,2024,27,2,41.971783,-82.488083,Surface,1,2,TP,ugL,5.229249879,
5100,2024-07-04,2024,27,2,41.971783,-82.488083,Bottom,10,1,TP,ugL,6.980608219,
5101,2024-07-04,2024,27,2,41.971783,-82.488083,Bottom,10,2,TP,ugL,2.636972161,
,2024-07-04,2024,27,2,41.971783,-82.488083,Surface,1,1,TSS,mgL,0.942,
,2024-07-04,2024,27,2,41.971783,-82.488083,Bottom,10,1,TSS,mgL,1.099,
,2024-07-04,2024,27,4,41.8927,-82.525767,Surface,1,1,CHLA,ugL,33.94,
,2024-07-04,2024,27,4,41.8927,-82.525767,Surface,1,2,CHLA,ugL,35.18,
,2024-07-04,2024,27,4,41.8927,-82.525767,Bottom,10,1,CHLA,ugL,21.02,
,2024-07-04,2024,27,4,41.8927,-82.525767,Bottom,10,2,CHLA,ugL,16.22,
,2024-07-04,2024,27,4,41.8927,-82.525767,Surface,1,1,COND,uS,247.9,
,2024-07-04,2024,27,4,41.8927,-82.525767,Bottom,10,1,COND,uS,250,
,2024-07-04,2024,27,4,41.8927,-82.525767,Surface,1,1,DO,sat%,104.8,
,2024-07-04,2024,27,4,41.8927,-82.525767,Bottom,10,1,DO,sat%,91.8,
,2024-07-04,2024,27,4,41.8927,-82.525767,Surface,1,1,NH4,ugL,1.51819181,
,2024-07-04,2024,27,4,41.8927,-82.525767,Surface,1,2,NH4,ugL,0.24291069,
,2024-07-04,2024,27,4,41.8927,-82.525767,Bottom,10,1,NH4,ugL,30.12092551,
,2024-07-04,2024,27,4,41.8927,-82.525767,Bottom,10,2,NH4,ugL,17.00374827,
,2024-07-04,2024,27,4,41.8927,-82.525767,Surface,1,1,NO3,ugl,395.39,
,2024-07-04,2024,27,4,41.8927,-82.525767,Bottom,10,1,NO3,ugl,347.27,
,2024-07-04,2024,27,4,41.8927,-82.525767,Surface,1,1,pH,pH,8.28,
,2024-07-04,2024,27,4,41.8927,-82.525767,Bottom,10,1,pH,pH,7.97,
,2024-07-04,2024,27,4,41.8927,-82.525767,Surface,1,1,PP,ugL,11.36110336,
,2024-07-04,2024,27,4,41.8927,-82.525767,Surface,1,2,PP,ugL,9.759703602,
,2024-07-04,2024,27,4,41.8927,-82.525767,Bottom,10,1,PP,ugL,11.08964447,
,2024-07-04,2024,27,4,41.8927,-82.525767,Bottom,10,2,PP,ugL,9.53887606,
,2024-07-04,2024,27,4,41.8927,-82.525767,Surface,1,1,PRESSURE,mmHg,744,
,2024-07-04,2024,27,4,41.8927,-82.525767,Bottom,10,1,PRESSURE,mmHg,744.2,
,2024-07-04,2024,27,4,41.8927,-82.525767,Surface,1,1,SECCHI,m,4.50,
5110,2024-07-04,2024,27,4,41.8927,-82.525767,Surface,1,1,SRP,ugL,2.24,
5111,2024-07-04,2024,27,4,41.8927,-82.525767,Surface,1,2,SRP,ugL,2.58,
5106,2024-07-04,2024,27,4,41.8927,-82.525767,Bottom,10,1,SRP,ugL,3.18,
5107,2024-07-04,2024,27,4,41.8927,-82.525767,Bottom,10,2,SRP,ugL,3.76,
,2024-07-04,2024,27,4,41.8927,-82.525767,Surface,1,1,TDN,ugl,541.125841,
,2024-07-04,2024,27,4,41.8927,-82.525767,Bottom,10,1,TDN,ugl,609.2870505,
,2024-07-04,2024,27,4,41.8927,-82.525767,Surface,1,1,TEMP,C,23.6,
,2024-07-04,2024,27,4,41.8927,-82.525767,Bottom,10,1,TEMP,C,22.6,
5112,2024-07-04,2024,27,4,41.8927,-82.525767,Surface,1,1,TP,ugL,8.703095962,
5113,2024-07-04,2024,27,4,41.8927,-82.525767,Surface,1,2,TP,ugL,6.167833191,
5108,2024-07-04,2024,27,4,41.8927,-82.525767,Bottom,10,1,TP,ugL,12.55602907,
5109,2024-07-04,2024,27,4,41.8927,-82.525767,Bottom,10,2,TP,ugL,3.843722133,
,2024-07-04,2024,27,4,41.8927,-82.525767,Surface,1,1,TSS,mgL,1.036,
,2024-07-04,2024,27,4,41.8927,-82.525767,Bottom,10,1,TSS,mgL,2.381,
,2024-07-04,2024,27,5,42.002583,-82.578633,Surface,1,1,CHLA,ugL,36.88,
,2024-07-04,2024,27,5,42.002583,-82.578633,Surface,1,2,CHLA,ugL,39.31,
,2024-07-04,2024,27,5,42.002583,-82.578633,Bottom,7,1,CHLA,ugL,40.24,
,2024-07-04,2024,27,5,42.002583,-82.578633,Bottom,7,2,CHLA,ugL,43.61,
,2024-07-04,2024,27,5,42.002583,-82.578633,Surface,1,1,COND,uS,243,
,2024-07-04,2024,27,5,42.002583,-82.578633,Bottom,7,1,COND,uS,240.4,
,2024-07-04,2024,27,5,42.002583,-82.578633,Surface,1,1,DO,sat%,109,
,2024-07-04,2024,27,5,42.002583,-82.578633,Bottom,7,1,DO,sat%,101,
,2024-07-04,2024,27,5,42.002583,-82.578633,Surface,1,1,NH4,ugL,13.17790491,
,2024-07-04,2024,27,5,42.002583,-82.578633,Surface,1,2,NH4,ugL,6.801499308,
,2024-07-04,2024,27,5,42.002583,-82.578633,Bottom,7,1,NH4,ugL,8.987695514,
,2024-07-04,2024,27,5,42.002583,-82.578633,Bottom,7,2,NH4,ugL,6.072767239,
,2024-07-04,2024,27,5,42.002583,-82.578633,Surface,1,1,NO3,ugl,323.14,
,2024-07-04,2024,27,5,42.002583,-82.578633,Bottom,7,1,NO3,ugl,350.72,
,2024-07-04,2024,27,5,42.002583,-82.578633,Surface,1,1,pH,pH,8.39,
,2024-07-04,2024,27,5,42.002583,-82.578633,Bottom,7,1,pH,pH,8.27,
,2024-07-04,2024,27,5,42.002583,-82.578633,Surface,1,1,PP,ugL,16.49414417,
,2024-07-04,2024,27,5,42.002583,-82.578633,Surface,1,2,PP,ugL,13.52771939,
,2024-07-04,2024,27,5,42.002583,-82.578633,Bottom,7,1,PP,ugL,15.38363054,
,2024-07-04,2024,27,5,42.002583,-82.578633,Bottom,7,2,PP,ugL,12.81329969,
,2024-07-04,2024,27,5,42.002583,-82.578633,Surface,1,1,PRESSURE,mmHg,744.4,
,2024-07-04,2024,27,5,42.002583,-82.578633,Bottom,7,1,PRESSURE,mmHg,744.4,
,2024-07-04,2024,27,5,42.002583,-82.578633,Surface,1,1,SECCHI,m,2.50,
5118,2024-07-04,2024,27,5,42.002583,-82.578633,Surface,1,1,SRP,ugL,1.97,
5119,2024-07-04,2024,27,5,42.002583,-82.578633,Surface,1,2,SRP,ugL,1.48,
5114,2024-07-04,2024,27,5,42.002583,-82.578633,Bottom,7,1,SRP,ugL,1.12,
5115,2024-07-04,2024,27,5,42.002583,-82.578633,Bottom,7,2,SRP,ugL,1.48,
,2024-07-04,2024,27,5,42.002583,-82.578633,Surface,1,1,TDN,ugl,423.581237,
,2024-07-04,2024,27,5,42.002583,-82.578633,Bottom,7,1,TDN,ugl,491.0364608,
,2024-07-04,2024,27,5,42.002583,-82.578633,Surface,1,1,TEMP,C,24,
,2024-07-04,2024,27,5,42.002583,-82.578633,Bottom,7,1,TEMP,C,23.3,
5120,2024-07-04,2024,27,5,42.002583,-82.578633,Surface,1,1,TP,ugL,18.2674358,
5121,2024-07-04,2024,27,5,42.002583,-82.578633,Surface,1,2,TP,ugL,6.346610964,
5116,2024-07-04,2024,27,5,42.002583,-82.578633,Bottom,7,1,TP,ugL,14.14253094,
5117,2024-07-04,2024,27,5,42.002583,-82.578633,Bottom,7,2,TP,ugL,3.843722133,
,2024-07-04,2024,27,5,42.002583,-82.578633,Surface,1,1,TSS,mgL,0.862,
,2024-07-04,2024,27,5,42.002583,-82.578633,Bottom,7,1,TSS,mgL,3.082,
,2024-07-04,2024,27,6,42.0222,-82.669683,Surface,1,1,CHLA,ugL,31.36,
,2024-07-04,2024,27,6,42.0222,-82.669683,Surface,1,2,CHLA,ugL,30.23,
,2024-07-04,2024,27,6,42.0222,-82.669683,Bottom,7,1,CHLA,ugL,40.06,
,2024-07-04,2024,27,6,42.0222,-82.669683,Bottom,7,2,CHLA,ugL,38.84,
,2024-07-04,2024,27,6,42.0222,-82.669683,Surface,1,1,COND,uS,242.8,
,2024-07-04,2024,27,6,42.0222,-82.669683,Bottom,7,1,COND,uS,238.9,
,2024-07-04,2024,27,6,42.0222,-82.669683,Surface,1,1,DO,sat%,103.8,
,2024-07-04,2024,27,6,42.0222,-82.669683,Bottom,7,1,DO,sat%,100,
,2024-07-04,2024,27,6,42.0222,-82.669683,Surface,1,1,NH4,ugL,37.95479525,
,2024-07-04,2024,27,6,42.0222,-82.669683,Surface,1,2,NH4,ugL,29.57437646,
,2024-07-04,2024,27,6,42.0222,-82.669683,Bottom,7,1,NH4,ugL,18.82557844,
,2024-07-04,2024,27,6,42.0222,-82.669683,Bottom,7,2,NH4,ugL,10.26297663,
,2024-07-04,2024,27,6,42.0222,-82.669683,Surface,1,1,NO3,ugl,371.3,
,2024-07-04,2024,27,6,42.0222,-82.669683,Bottom,7,1,NO3,ugl,336.58,
,2024-07-04,2024,27,6,42.0222,-82.669683,Surface,1,1,pH,pH,8.24,
,2024-07-04,2024,27,6,42.0222,-82.669683,Bottom,7,1,pH,pH,8.2,
,2024-07-04,2024,27,6,42.0222,-82.669683,Surface,1,1,PP,ugL,12.00273346,
,2024-07-04,2024,27,6,42.0222,-82.669683,Surface,1,2,PP,ugL,10.55593188,
,2024-07-04,2024,27,6,42.0222,-82.669683,Bottom,7,1,PP,ugL,13.87826761,
,2024-07-04,2024,27,6,42.0222,-82.669683,Bottom,7,2,PP,ugL,13.00719306,
,2024-07-04,2024,27,6,42.0222,-82.669683,Surface,1,1,PRESSURE,mmHg,744.3,
,2024-07-04,2024,27,6,42.0222,-82.669683,Bottom,7,1,PRESSURE,mmHg,744.3,
,2024-07-04,2024,27,6,42.0222,-82.669683,Surface,1,1,SECCHI,m,3.50,
5126,2024-07-04,2024,27,6,42.0222,-82.669683,Surface,1,1,SRP,ugL,5.12,
5127,2024-07-04,2024,27,6,42.0222,-82.669683,Surface,1,2,SRP,ugL,5.42,
5122,2024-07-04,2024,27,6,42.0222,-82.669683,Bottom,7,1,SRP,ugL,2.73,
5123,2024-07-04,2024,27,6,42.0222,-82.669683,Bottom,7,2,SRP,ugL,3.52,
,2024-07-04,2024,27,6,42.0222,-82.669683,Surface,1,1,TEMP,C,23.8,
,2024-07-04,2024,27,6,42.0222,-82.669683,Bottom,7,1,TEMP,C,23.1,
5128,2024-07-04,2024,27,6,42.0222,-82.669683,Surface,1,1,TP,ugL,10.06295471,
5129,2024-07-04,2024,27,6,42.0222,-82.669683,Surface,1,2,TP,ugL,4.826999888,
5124,2024-07-04,2024,27,6,42.0222,-82.669683,Bottom,7,1,TP,ugL,12.87332944,
5125,2024-07-04,2024,27,6,42.0222,-82.669683,Bottom,7,2,TP,ugL,11.5311664,
,2024-07-04,2024,27,6,42.0222,-82.669683,Surface,1,1,TSS,mgL,1.912,
,2024-07-04,2024,27,6,42.0222,-82.669683,Bottom,7,1,TSS,mgL,2.509,
,2024-07-04,2024,27,7,41.99605,-82.7179,Surface,1,1,CHLA,ugL,28.92,
,2024-07-04,2024,27,7,41.99605,-82.7179,Surface,1,2,CHLA,ugL,26.67,
,2024-07-04,2024,27,7,41.99605,-82.7179,Bottom,9,1,CHLA,ugL,61.12,
,2024-07-04,2024,27,7,41.99605,-82.7179,Bottom,9,2,CHLA,ugL,60.48,
,2024-07-04,2024,27,7,41.99605,-82.7179,Surface,1,1,COND,uS,239.7,
,2024-07-04,2024,27,7,41.99605,-82.7179,Bottom,9,1,COND,uS,238.7,
,2024-07-04,2024,27,7,41.99605,-82.7179,Surface,1,1,DO,sat%,105,
,2024-07-04,2024,27,7,41.99605,-82.7179,Bottom,9,1,DO,sat%,99.1,
,2024-07-04,2024,27,7,41.99605,-82.7179,Surface,1,1,NH4,ugL,6.254950257,
,2024-07-04,2024,27,7,41.99605,-82.7179,Surface,1,2,NH4,ugL,3.704388016,
,2024-07-04,2024,27,7,41.99605,-82.7179,Bottom,9,1,NH4,ugL,37.22606318,
,2024-07-04,2024,27,7,41.99605,-82.7179,Bottom,9,2,NH4,ugL,26.65944818,
,2024-07-04,2024,27,7,41.99605,-82.7179,Surface,1,1,NO3,ugl,355.57,
,2024-07-04,2024,27,7,41.99605,-82.7179,Bottom,9,1,NO3,ugl,316.49,
,2024-07-04,2024,27,7,41.99605,-82.7179,Surface,1,1,pH,pH,8.37,
,2024-07-04,2024,27,7,41.99605,-82.7179,Bottom,9,1,pH,pH,8.18,
,2024-07-04,2024,27,7,41.99605,-82.7179,Surface,1,1,PP,ugL,9.855740434,
,2024-07-04,2024,27,7,41.99605,-82.7179,Surface,1,2,PP,ugL,8.903836326,
,2024-07-04,2024,27,7,41.99605,-82.7179,Bottom,9,1,PP,ugL,15.33427437,
,2024-07-04,2024,27,7,41.99605,-82.7179,Bottom,9,2,PP,ugL,13.24988951,
,2024-07-04,2024,27,7,41.99605,-82.7179,Surface,1,1,PRESSURE,mmHg,744,
,2024-07-04,2024,27,7,41.99605,-82.7179,Bottom,9,1,PRESSURE,mmHg,744,
,2024-07-04,2024,27,7,41.99605,-82.7179,Surface,1,1,SECCHI,m,4.50,
5134,2024-07-04,2024,27,7,41.99605,-82.7179,Surface,1,1,SRP,ugL,2.18,
5135,2024-07-04,2024,27,7,41.99605,-82.7179,Surface,1,2,SRP,ugL,1.58,
5130,2024-07-04,2024,27,7,41.99605,-82.7179,Bottom,9,1,SRP,ugL,2.00,
5131,2024-07-04,2024,27,7,41.99605,-82.7179,Bottom,9,2,SRP,ugL,1.85,
,2024-07-04,2024,27,7,41.99605,-82.7179,Surface,1,1,TDN,ugl,636.0143971,
,2024-07-04,2024,27,7,41.99605,-82.7179,Bottom,9,1,TDN,ugl,618.0985254,
,2024-07-04,2024,27,7,41.99605,-82.7179,Surface,1,1,TEMP,C,23.5,
,2024-07-04,2024,27,7,41.99605,-82.7179,Bottom,9,1,TEMP,C,22.8,
5136,2024-07-04,2024,27,7,41.99605,-82.7179,Surface,1,1,TP,ugL,9.972297456,
5137,2024-07-04,2024,27,7,41.99605,-82.7179,Surface,1,2,TP,ugL,7.650046318,
5132,2024-07-04,2024,27,7,41.99605,-82.7179,Bottom,9,1,TP,ugL,11.37748483,
5133,2024-07-04,2024,27,7,41.99605,-82.7179,Bottom,9,2,TP,ugL,6.346610964,
,2024-07-04,2024,27,7,41.99605,-82.7179,Surface,1,1,TSS,mgL,0.941,
,2024-07-04,2024,27,7,41.99605,-82.7179,Bottom,9,1,TSS,mgL,3.52125,
,2024-07-19,2024,29,2,41.971783,-82.488083,Surface,1,1,CHLA,ugL,28.14,
,2024-07-19,2024,29,2,41.971783,-82.488083,Surface,1,2,CHLA,ugL,32.08,
,2024-07-19,2024,29,2,41.971783,-82.488083,Bottom,10,1,CHLA,ugL,44.97,
,2024-07-19,2024,29,2,41.971783,-82.488083,Bottom,10,2,CHLA,ugL,39.79,
,2024-07-19,2024,29,2,41.971783,-82.488083,Surface,1,1,COND,uS,241.7,
,2024-07-19,2024,29,2,41.971783,-82.488083,Bottom,10,1,COND,uS,244,
,2024-07-19,2024,29,2,41.971783,-82.488083,Surface,1,1,DO,sat%,108.3,
,2024-07-19,2024,29,2,41.971783,-82.488083,Bottom,10,1,DO,sat%,98.3,
,2024-07-19,2024,29,2,41.971783,-82.488083,Surface,1,1,NH4,ugL,16.09283318,
,2024-07-19,2024,29,2,41.971783,-82.488083,Surface,1,2,NH4,ugL,10.9917087,
,2024-07-19,2024,29,2,41.971783,-82.488083,Bottom,10,1,NH4,ugL,35.76859904,
,2024-07-19,2024,29,2,41.971783,-82.488083,Bottom,10,2,NH4,ugL,21.5583237,
,2024-07-19,2024,29,2,41.971783,-82.488083,Surface,1,1,NO3,ugl,274.15,
,2024-07-19,2024,29,2,41.971783,-82.488083,Bottom,10,1,NO3,ugl,299.46,
,2024-07-19,2024,29,2,41.971783,-82.488083,Surface,1,1,pH,pH,8.37,
,2024-07-19,2024,29,2,41.971783,-82.488083,Bottom,10,1,pH,pH,8.21,
,2024-07-19,2024,29,2,41.971783,-82.488083,Surface,1,1,PP,ugL,11.78063074,
,2024-07-19,2024,29,2,41.971783,-82.488083,Surface,1,2,PP,ugL,9.15685997,
,2024-07-19,2024,29,2,41.971783,-82.488083,Bottom,10,1,PP,ugL,14.19908266,
,2024-07-19,2024,29,2,41.971783,-82.488083,Bottom,10,2,PP,ugL,11.38446029,
,2024-07-19,2024,29,2,41.971783,-82.488083,Surface,1,1,PRESSURE,mmHg,751.3,
,2024-07-19,2024,29,2,41.971783,-82.488083,Bottom,10,1,PRESSURE,mmHg,751.2,
,2024-07-19,2024,29,2,41.971783,-82.488083,Surface,1,1,SECCHI,m,3.50,
5142,2024-07-19,2024,29,2,41.971783,-82.488083,Surface,1,1,SRP,ugL,1.27,
5143,2024-07-19,2024,29,2,41.971783,-82.488083,Surface,1,2,SRP,ugL,1.03,
5138,2024-07-19,2024,29,2,41.971783,-82.488083,Bottom,10,1,SRP,ugL,16.45,
5139,2024-07-19,2024,29,2,41.971783,-82.488083,Bottom,10,2,SRP,ugL,18.82,
,2024-07-19,2024,29,2,41.971783,-82.488083,Surface,1,1,TDN,ugl,650.8176795,
,2024-07-19,2024,29,2,41.971783,-82.488083,Bottom,10,1,TDN,ugl,687.7072468,
,2024-07-19,2024,29,2,41.971783,-82.488083,Surface,1,1,TEMP,C,24.7,
,2024-07-19,2024,29,2,41.971783,-82.488083,Bottom,10,1,TEMP,C,24.4,
5144,2024-07-19,2024,29,2,41.971783,-82.488083,Surface,1,1,TP,ugL,6.827764823,
5145,2024-07-19,2024,29,2,41.971783,-82.488083,Surface,1,2,TP,ugL,15.67453533,
5140,2024-07-19,2024,29,2,41.971783,-82.488083,Bottom,10,1,TP,ugL,14.58658849,
5141,2024-07-19,2024,29,2,41.971783,-82.488083,Bottom,10,2,TP,ugL,19.7195767,
,2024-07-19,2024,29,2,41.971783,-82.488083,Surface,1,1,TSS,mgL,0.688,
,2024-07-19,2024,29,2,41.971783,-82.488083,Bottom,10,1,TSS,mgL,2.81,
,2024-07-19,2024,29,4,41.8927,-82.525767,Surface,1,1,CHLA,ugL,43.93,
,2024-07-19,2024,29,4,41.8927,-82.525767,Surface,1,2,CHLA,ugL,48.67,
,2024-07-19,2024,29,4,41.8927,-82.525767,Bottom,10,1,CHLA,ugL,45.85,
,2024-07-19,2024,29,4,41.8927,-82.525767,Bottom,10,2,CHLA,ugL,41.81,
,2024-07-19,2024,29,4,41.8927,-82.525767,Surface,1,1,COND,uS,233.9,
,2024-07-19,2024,29,4,41.8927,-82.525767,Bottom,10,1,COND,uS,234,
,2024-07-19,2024,29,4,41.8927,-82.525767,Surface,1,1,DO,sat%,103,
,2024-07-19,2024,29,4,41.8927,-82.525767,Bottom,10,1,DO,sat%,100.5,
,2024-07-19,2024,29,4,41.8927,-82.525767,Surface,1,1,NH4,ugL,12.26698982,
,2024-07-19,2024,29,4,41.8927,-82.525767,Surface,1,2,NH4,ugL,3.886571033,
,2024-07-19,2024,29,4,41.8927,-82.525767,Bottom,10,1,NH4,ugL,20.28304258,
,2024-07-19,2024,29,4,41.8927,-82.525767,Bottom,10,2,NH4,ugL,10.9917087,
,2024-07-19,2024,29,4,41.8927,-82.525767,Surface,1,1,NO3,ugl,290.94,
,2024-07-19,2024,29,4,41.8927,-82.525767,Bottom,10,1,NO3,ugl,327.24,
,2024-07-19,2024,29,4,41.8927,-82.525767,Surface,1,1,pH,pH,8.34,
,2024-07-19,2024,29,4,41.8927,-82.525767,Bottom,10,1,pH,pH,8.3,
,2024-07-19,2024,29,4,41.8927,-82.525767,Surface,1,1,PP,ugL,13.21195942,
,2024-07-19,2024,29,4,41.8927,-82.525767,Surface,1,2,PP,ugL,9.906008406,
,2024-07-19,2024,29,4,41.8927,-82.525767,Bottom,10,1,PP,ugL,14.07569225,
,2024-07-19,2024,29,4,41.8927,-82.525767,Bottom,10,2,PP,ugL,11.25546784,
,2024-07-19,2024,29,4,41.8927,-82.525767,Surface,1,1,PRESSURE,mmHg,751.2,
,2024-07-19,2024,29,4,41.8927,-82.525767,Bottom,10,1,PRESSURE,mmHg,751.1,
,2024-07-19,2024,29,4,41.8927,-82.525767,Surface,1,1,SECCHI,m,3.60,
5150,2024-07-19,2024,29,4,41.8927,-82.525767,Surface,1,1,SRP,ugL,6.36,
5151,2024-07-19,2024,29,4,41.8927,-82.525767,Surface,1,2,SRP,ugL,7.21,
5146,2024-07-19,2024,29,4,41.8927,-82.525767,Bottom,10,1,SRP,ugL,2.09,
5147,2024-07-19,2024,29,4,41.8927,-82.525767,Bottom,10,2,SRP,ugL,3.24,
,2024-07-19,2024,29,4,41.8927,-82.525767,Surface,1,1,TDN,ugl,569.4005523,
,2024-07-19,2024,29,4,41.8927,-82.525767,Surface,1,1,TEMP,C,24.5,
,2024-07-19,2024,29,4,41.8927,-82.525767,Bottom,10,1,TEMP,C,24.6,
5152,2024-07-19,2024,29,4,41.8927,-82.525767,Surface,1,1,TP,ugL,1.995126085,
5153,2024-07-19,2024,29,4,41.8927,-82.525767,Surface,1,2,TP,ugL,10.44236225,
5148,2024-07-19,2024,29,4,41.8927,-82.525767,Bottom,10,1,TP,ugL,2.660168113,
5149,2024-07-19,2024,29,4,41.8927,-82.525767,Bottom,10,2,TP,ugL,17.38928113,
,2024-07-19,2024,29,4,41.8927,-82.525767,Surface,1,1,TSS,mgL,2.202,
,2024-07-19,2024,29,4,41.8927,-82.525767,Bottom,10,1,TSS,mgL,2.005,
,2024-07-19,2024,29,5,42.002583,-82.578633,Surface,1,1,CHLA,ugL,45.33,
,2024-07-19,2024,29,5,42.002583,-82.578633,Surface,1,2,CHLA,ugL,41.64,
,2024-07-19,2024,29,5,42.002583,-82.578633,Bottom,7,1,CHLA,ugL,71.16,
,2024-07-19,2024,29,5,42.002583,-82.578633,Bottom,7,2,CHLA,ugL,67.87,
,2024-07-19,2024,29,5,42.002583,-82.578633,Surface,1,1,COND,uS,241.4,
,2024-07-19,2024,29,5,42.002583,-82.578633,Bottom,7,1,COND,uS,258.8,
,2024-07-19,2024,29,5,42.002583,-82.578633,Surface,1,1,DO,sat%,102.3,
,2024-07-19,2024,29,5,42.002583,-82.578633,Bottom,7,1,DO,sat%,66.9,
,2024-07-19,2024,29,5,42.002583,-82.578633,Surface,1,1,NH4,ugL,26.65944818,
,2024-07-19,2024,29,5,42.002583,-82.578633,Surface,1,2,NH4,ugL,19.37212749,
,2024-07-19,2024,29,5,42.002583,-82.578633,Bottom,7,1,NH4,ugL,23.74451991,
,2024-07-19,2024,29,5,42.002583,-82.578633,Bottom,7,2,NH4,ugL,10.80952569,
,2024-07-19,2024,29,5,42.002583,-82.578633,Surface,1,1,NO3,ugl,283.56,
,2024-07-19,2024,29,5,42.002583,-82.578633,Bottom,7,1,NO3,ugl,292.67,
,2024-07-19,2024,29,5,42.002583,-82.578633,Surface,1,1,pH,pH,8.22,
,2024-07-19,2024,29,5,42.002583,-82.578633,Bottom,7,1,pH,pH,7.67,
,2024-07-19,2024,29,5,42.002583,-82.578633,Surface,1,1,PP,ugL,13.73019912,
,2024-07-19,2024,29,5,42.002583,-82.578633,Surface,1,2,PP,ugL,10.08957458,
,2024-07-19,2024,29,5,42.002583,-82.578633,Bottom,7,1,PP,ugL,21.77525347,
,2024-07-19,2024,29,5,42.002583,-82.578633,Bottom,7,2,PP,ugL,18.45423858,
,2024-07-19,2024,29,5,42.002583,-82.578633,Surface,1,1,PRESSURE,mmHg,751.1,
,2024-07-19,2024,29,5,42.002583,-82.578633,Bottom,7,1,PRESSURE,mmHg,751.2,
,2024-07-19,2024,29,5,42.002583,-82.578633,Surface,1,1,SECCHI,m,2.50,
5158,2024-07-19,2024,29,5,42.002583,-82.578633,Surface,1,1,SRP,ugL,0.73,
5159,2024-07-19,2024,29,5,42.002583,-82.578633,Surface,1,2,SRP,ugL,0.61,
5154,2024-07-19,2024,29,5,42.002583,-82.578633,Bottom,7,1,SRP,ugL,3.85,
5155,2024-07-19,2024,29,5,42.002583,-82.578633,Bottom,7,2,SRP,ugL,3.79,
,2024-07-19,2024,29,5,42.002583,-82.578633,Surface,1,1,TDN,ugl,595.8660362,
,2024-07-19,2024,29,5,42.002583,-82.578633,Bottom,7,1,TDN,ugl,705.7069657,
,2024-07-19,2024,29,5,42.002583,-82.578633,Surface,1,1,TEMP,C,25.1,
,2024-07-19,2024,29,5,42.002583,-82.578633,Bottom,7,1,TEMP,C,20.2,
5160,2024-07-19,2024,29,5,42.002583,-82.578633,Surface,1,1,TP,ugL,4.655294198,
5161,2024-07-19,2024,29,5,42.002583,-82.578633,Surface,1,2,TP,ugL,12.8605935,
5156,2024-07-19,2024,29,5,42.002583,-82.578633,Bottom,7,1,TP,ugL,2.305479031,
5157,2024-07-19,2024,29,5,42.002583,-82.578633,Bottom,7,2,TP,ugL,19.63164102,
,2024-07-19,2024,29,5,42.002583,-82.578633,Surface,1,1,TSS,mgL,2.34,
,2024-07-19,2024,29,5,42.002583,-82.578633,Bottom,7,1,TSS,mgL,4.235,
,2024-07-19,2024,29,6,42.0222,-82.669683,Surface,1,1,CHLA,ugL,32.85,
,2024-07-19,2024,29,6,42.0222,-82.669683,Surface,1,2,CHLA,ugL,31.62,
,2024-07-19,2024,29,6,42.0222,-82.669683,Bottom,7,2,CHLA,ugL,,ND
,2024-07-19,2024,29,6,42.0222,-82.669683,Surface,1,1,COND,uS,239,
,2024-07-19,2024,29,6,42.0222,-82.669683,Bottom,7,1,COND,uS,239.1,
,2024-07-19,2024,29,6,42.0222,-82.669683,Surface,1,1,DO,sat%,99.1,
,2024-07-19,2024,29,6,42.0222,-82.669683,Bottom,7,1,DO,sat%,98,
,2024-07-19,2024,29,6,42.0222,-82.669683,Surface,1,1,NH4,ugL,21.5583237,
,2024-07-19,2024,29,6,42.0222,-82.669683,Surface,1,2,NH4,ugL,16.2750162,
,2024-07-19,2024,29,6,42.0222,-82.669683,Bottom,7,1,NH4,ugL,4.615303102,
,2024-07-19,2024,29,6,42.0222,-82.669683,Bottom,7,2,NH4,ugL,3.886571033,
,2024-07-19,2024,29,6,42.0222,-82.669683,Surface,1,1,NO3,ugl,272.55,
,2024-07-19,2024,29,6,42.0222,-82.669683,Bottom,7,1,NO3,ugl,282.63,
,2024-07-19,2024,29,6,42.0222,-82.669683,Surface,1,1,pH,pH,8.27,
,2024-07-19,2024,29,6,42.0222,-82.669683,Bottom,7,1,pH,pH,8.24,
,2024-07-19,2024,29,6,42.0222,-82.669683,Surface,1,1,PP,ugL,14.19908266,
,2024-07-19,2024,29,6,42.0222,-82.669683,Surface,1,2,PP,ugL,11.32492531,
,2024-07-19,2024,29,6,42.0222,-82.669683,Surface,1,1,PRESSURE,mmHg,751.3,
,2024-07-19,2024,29,6,42.0222,-82.669683,Bottom,7,1,PRESSURE,mmHg,751.3,
,2024-07-19,2024,29,6,42.0222,-82.669683,Surface,1,1,SECCHI,m,3.60,
5166,2024-07-19,2024,29,6,42.0222,-82.669683,Surface,1,1,SRP,ugL,3.82,
5167,2024-07-19,2024,29,6,42.0222,-82.669683,Surface,1,2,SRP,ugL,4.27,
5162,2024-07-19,2024,29,6,42.0222,-82.669683,Bottom,7,1,SRP,ugL,4.91,
5163,2024-07-19,2024,29,6,42.0222,-82.669683,Bottom,7,2,SRP,ugL,5.61,
,2024-07-19,2024,29,6,42.0222,-82.669683,Surface,1,1,TDN,ugl,576.7740694,
,2024-07-19,2024,29,6,42.0222,-82.669683,Bottom,7,1,TDN,ugl,650.7929764,
,2024-07-19,2024,29,6,42.0222,-82.669683,Surface,1,1,TEMP,C,24.6,
,2024-07-19,2024,29,6,42.0222,-82.669683,Bottom,7,1,TEMP,C,24.6,
5168,2024-07-19,2024,29,6,42.0222,-82.669683,Surface,1,1,TP,ugL,5.630689172,
5169,2024-07-19,2024,29,6,42.0222,-82.669683,Surface,1,2,TP,ugL,28.55711275,
5164,2024-07-19,2024,29,6,42.0222,-82.669683,Bottom,7,1,TP,ugL,7.670151392,
5165,2024-07-19,2024,29,6,42.0222,-82.669683,Bottom,7,2,TP,ugL,28.33727355,
,2024-07-19,2024,29,6,42.0222,-82.669683,Surface,1,1,TSS,mgL,0.391,
,2024-07-19,2024,29,6,42.0222,-82.669683,Bottom,7,1,TSS,mgL,4.832,
,2024-07-19,2024,29,7,41.99605,-82.7179,Surface,1,1,CHLA,ugL,36.15,
,2024-07-19,2024,29,7,41.99605,-82.7179,Surface,1,2,CHLA,ugL,46.26,
,2024-07-19,2024,29,7,41.99605,-82.7179,Bottom,9,1,CHLA,ugL,43.61,
,2024-07-19,2024,29,7,41.99605,-82.7179,Bottom,9,2,CHLA,ugL,43.09,
,2024-07-19,2024,29,7,41.99605,-82.7179,Surface,1,1,COND,uS,237.4,
,2024-07-19,2024,29,7,41.99605,-82.7179,Bottom,9,1,COND,uS,237.4,
,2024-07-19,2024,29,7,41.99605,-82.7179,Surface,1,1,DO,sat%,104.4,
,2024-07-19,2024,29,7,41.99605,-82.7179,Bottom,9,1,DO,sat%,101.2,
,2024-07-19,2024,29,7,41.99605,-82.7179,Surface,1,1,NH4,ugL,10.80952569,
,2024-07-19,2024,29,7,41.99605,-82.7179,Surface,1,2,NH4,ugL,6.254950257,
,2024-07-19,2024,29,7,41.99605,-82.7179,Bottom,9,1,NH4,ugL,14.45318603,
,2024-07-19,2024,29,7,41.99605,-82.7179,Bottom,9,2,NH4,ugL,6.983682325,
,2024-07-19,2024,29,7,41.99605,-82.7179,Surface,1,1,NO3,ugl,293.85,
,2024-07-19,2024,29,7,41.99605,-82.7179,Bottom,9,1,NO3,ugl,397.53,
,2024-07-19,2024,29,7,41.99605,-82.7179,Surface,1,1,pH,pH,8.36,
,2024-07-19,2024,29,7,41.99605,-82.7179,Bottom,9,1,pH,pH,8.33,
,2024-07-19,2024,29,7,41.99605,-82.7179,Surface,1,1,PP,ugL,14.07569225,
,2024-07-19,2024,29,7,41.99605,-82.7179,Surface,1,2,PP,ugL,10.11438082,
,2024-07-19,2024,29,7,41.99605,-82.7179,Bottom,9,1,PP,ugL,16.64221266,
,2024-07-19,2024,29,7,41.99605,-82.7179,Bottom,9,2,PP,ugL,13.37888195,
,2024-07-19,2024,29,7,41.99605,-82.7179,Surface,1,1,PRESSURE,mmHg,751.3,
,2024-07-19,2024,29,7,41.99605,-82.7179,Bottom,9,1,PRESSURE,mmHg,751.2,
,2024-07-19,2024,29,7,41.99605,-82.7179,Surface,1,1,SECCHI,m,3.80,
5174,2024-07-19,2024,29,7,41.99605,-82.7179,Surface,1,1,SRP,ugL,0.67,
5175,2024-07-19,2024,29,7,41.99605,-82.7179,Surface,1,2,SRP,ugL,1.88,
5170,2024-07-19,2024,29,7,41.99605,-82.7179,Bottom,9,1,SRP,ugL,3.58,
5171,2024-07-19,2024,29,7,41.99605,-82.7179,Bottom,9,2,SRP,ugL,2.88,
,2024-07-19,2024,29,7,41.99605,-82.7179,Bottom,9,1,TDN,ugl,892.9001238,
,2024-07-19,2024,29,7,41.99605,-82.7179,Surface,1,1,TEMP,C,24.2,
,2024-07-19,2024,29,7,41.99605,-82.7179,Bottom,9,1,TEMP,C,24.6,
5176,2024-07-19,2024,29,7,41.99605,-82.7179,Surface,1,1,TP,ugL,21.63603399,
5177,2024-07-19,2024,29,7,41.99605,-82.7179,Surface,1,2,TP,ugL,30.79947264,
5172,2024-07-19,2024,29,7,41.99605,-82.7179,Bottom,9,1,TP,ugL,2.660168113,
5173,2024-07-19,2024,29,7,41.99605,-82.7179,Bottom,9,2,TP,ugL,5.561931891,
,2024-07-19,2024,29,7,41.99605,-82.7179,Surface,1,1,TSS,mgL,1.713,
,2024-07-19,2024,29,7,41.99605,-82.7179,Bottom,9,1,TSS,mgL,2.77,
,2024-08-04,2024,32,2,41.971783,-82.488083,Surface,1,1,CHLA,ugL,60.99,
,2024-08-04,2024,32,2,41.971783,-82.488083,Surface,1,2,CHLA,ugL,71.38,
,2024-08-04,2024,32,2,41.971783,-82.488083,Bottom,10,1,CHLA,ugL,51.00,
,2024-08-04,2024,32,2,41.971783,-82.488083,Bottom,10,2,CHLA,ugL,58.77,
,2024-08-04,2024,32,2,41.971783,-82.488083,Surface,1,1,COND,uS,241.2,
,2024-08-04,2024,32,2,41.971783,-82.488083,Bottom,10,1,COND,uS,237.2,
,2024-08-04,2024,32,2,41.971783,-82.488083,Surface,1,1,DMC,ugL,0.027693162,BDL
,2024-08-04,2024,32,2,41.971783,-82.488083,Surface,1,1,DO,sat%,106.4,
,2024-08-04,2024,32,2,41.971783,-82.488083,Bottom,10,1,DO,sat%,93.9,
,2024-08-04,2024,32,2,41.971783,-82.488083,Surface,1,1,NH4,ugL,28.84564439,
,2024-08-04,2024,32,2,41.971783,-82.488083,Surface,1,2,NH4,ugL,25.20198404,
,2024-08-04,2024,32,2,41.971783,-82.488083,Bottom,10,1,NH4,ugL,26.11289913,
,2024-08-04,2024,32,2,41.971783,-82.488083,Bottom,10,2,NH4,ugL,11.53825775,
,2024-08-04,2024,32,2,41.971783,-82.488083,Surface,1,1,NO3,ugl,187.07,
,2024-08-04,2024,32,2,41.971783,-82.488083,Bottom,10,1,NO3,ugl,188.49,
,2024-08-04,2024,32,2,41.971783,-82.488083,Surface,1,1,pH,pH,8.54,
,2024-08-04,2024,32,2,41.971783,-82.488083,Bottom,10,1,pH,pH,8.41,
,2024-08-04,2024,32,2,41.971783,-82.488083,Surface,1,1,PP,ugL,11.34735326,
,2024-08-04,2024,32,2,41.971783,-82.488083,Surface,1,2,PP,ugL,12.42774932,
,2024-08-04,2024,32,2,41.971783,-82.488083,Bottom,10,1,PP,ugL,11.55148811,
,2024-08-04,2024,32,2,41.971783,-82.488083,Bottom,10,2,PP,ugL,10.91447428,
,2024-08-04,2024,32,2,41.971783,-82.488083,Surface,1,1,PRESSURE,mmHg,746.9,
,2024-08-04,2024,32,2,41.971783,-82.488083,Bottom,10,1,PRESSURE,mmHg,745.9,
,2024-08-04,2024,32,2,41.971783,-82.488083,Surface,1,1,SECCHI,m,3.00,
5182,2024-08-04,2024,32,2,41.971783,-82.488083,Surface,1,1,SRP,ugL,1.57,
5183,2024-08-04,2024,32,2,41.971783,-82.488083,Surface,1,2,SRP,ugL,0.05,
5178,2024-08-04,2024,32,2,41.971783,-82.488083,Bottom,10,1,SRP,ugL,2.44,
5179,2024-08-04,2024,32,2,41.971783,-82.488083,Bottom,10,2,SRP,ugL,2.41,
,2024-08-04,2024,32,2,41.971783,-82.488083,Surface,1,1,TDN,ugl,605.2388661,
,2024-08-04,2024,32,2,41.971783,-82.488083,Bottom,10,1,TDN,ugl,610.7076563,
,2024-08-04,2024,32,2,41.971783,-82.488083,Surface,1,1,TEMP,C,26.1,
,2024-08-04,2024,32,2,41.971783,-82.488083,Bottom,10,1,TEMP,C,25.6,
,2024-08-04,2024,32,2,41.971783,-82.488083,Surface,1,1,TMC,ugl,0.280864055,
5184,2024-08-04,2024,32,2,41.971783,-82.488083,Surface,1,1,TP,ugL,13.46260157,
5185,2024-08-04,2024,32,2,41.971783,-82.488083,Surface,1,2,TP,ugL,6.748860955,
5180,2024-08-04,2024,32,2,41.971783,-82.488083,Bottom,10,1,TP,ugL,20.12590941,
5181,2024-08-04,2024,32,2,41.971783,-82.488083,Bottom,10,2,TP,ugL,8.804805352,
,2024-08-04,2024,32,2,41.971783,-82.488083,Surface,1,1,TSS,mgL,1.738,
,2024-08-04,2024,32,2,41.971783,-82.488083,Bottom,10,1,TSS,mgL,0.84,
,2024-08-04,2024,32,4,41.8927,-82.525767,Surface,1,1,CHLA,ugL,62.66,
,2024-08-04,2024,32,4,41.8927,-82.525767,Surface,1,2,CHLA,ugL,72.36,
,2024-08-04,2024,32,4,41.8927,-82.525767,Bottom,10,1,CHLA,ugL,50.75,
,2024-08-04,2024,32,4,41.8927,-82.525767,Bottom,10,2,CHLA,ugL,51.67,
,2024-08-04,2024,32,4,41.8927,-82.525767,Surface,1,1,COND,uS,232.3,
,2024-08-04,2024,32,4,41.8927,-82.525767,Bottom,10,1,COND,uS,237,
,2024-08-04,2024,32,4,41.8927,-82.525767,Surface,1,1,DMC,ugL,0.022566271,BDL
,2024-08-04,2024,32,4,41.8927,-82.525767,Surface,1,1,DO,sat%,107.3,
,2024-08-04,2024,32,4,41.8927,-82.525767,Bottom,10,1,DO,sat%,94.4,
,2024-08-04,2024,32,4,41.8927,-82.525767,Surface,1,1,NH4,ugL,39.23007637,
,2024-08-04,2024,32,4,41.8927,-82.525767,Surface,1,2,NH4,ugL,35.58641602,
,2024-08-04,2024,32,4,41.8927,-82.525767,Bottom,10,1,NH4,ugL,63.82478369,
,2024-08-04,2024,32,4,41.8927,-82.525767,Bottom,10,2,NH4,ugL,56.35527998,
,2024-08-04,2024,32,4,41.8927,-82.525767,Surface,1,1,NO3,ugl,144.84,
,2024-08-04,2024,32,4,41.8927,-82.525767,Bottom,10,1,NO3,ugl,215.73,
,2024-08-04,2024,32,4,41.8927,-82.525767,Surface,1,1,pH,pH,8.44,
,2024-08-04,2024,32,4,41.8927,-82.525767,Bottom,10,1,pH,pH,8.32,
,2024-08-04,2024,32,4,41.8927,-82.525767,Surface,1,1,PP,ugL,10.66891992,
,2024-08-04,2024,32,4,41.8927,-82.525767,Surface,1,1,PP,ugL,7.125542221,
,2024-08-04,2024,32,4,41.8927,-82.525767,Surface,1,2,PP,ugL,9.911263149,
,2024-08-04,2024,32,4,41.8927,-82.525767,Surface,1,2,PP,ugL,7.421946207,
,2024-08-04,2024,32,4,41.8927,-82.525767,Surface,1,1,PRESSURE,mmHg,746.1,
,2024-08-04,2024,32,4,41.8927,-82.525767,Bottom,10,1,PRESSURE,mmHg,746.1,
,2024-08-04,2024,32,4,41.8927,-82.525767,Surface,1,1,SECCHI,m,3.00,
5190,2024-08-04,2024,32,4,41.8927,-82.525767,Surface,1,1,SRP,ugL,2.28,
5191,2024-08-04,2024,32,4,41.8927,-82.525767,Surface,1,2,SRP,ugL,4.28,
5186,2024-08-04,2024,32,4,41.8927,-82.525767,Bottom,10,1,SRP,ugL,1.04,
5187,2024-08-04,2024,32,4,41.8927,-82.525767,Bottom,10,2,SRP,ugL,1.47,
,2024-08-04,2024,32,4,41.8927,-82.525767,Surface,1,1,TDN,ugl,488.951161,
,2024-08-04,2024,32,4,41.8927,-82.525767,Bottom,10,1,TDN,ugl,554.5234456,
,2024-08-04,2024,32,4,41.8927,-82.525767,Surface,1,1,TEMP,C,26.4,
,2024-08-04,2024,32,4,41.8927,-82.525767,Bottom,10,1,TEMP,C,25.8,
,2024-08-04,2024,32,4,41.8927,-82.525767,Surface,1,1,TMC,ugl,1.17561611,
5192,2024-08-04,2024,32,4,41.8927,-82.525767,Surface,1,1,TP,ugL,10.01762608,
5193,2024-08-04,2024,32,4,41.8927,-82.525767,Surface,1,2,TP,ugL,7.73213871,
5188,2024-08-04,2024,32,4,41.8927,-82.525767,Bottom,10,1,TP,ugL,15.41173243,
5189,2024-08-04,2024,32,4,41.8927,-82.525767,Bottom,10,2,TP,ugL,6.748860955,
,2024-08-04,2024,32,4,41.8927,-82.525767,Surface,1,1,TSS,mgL,1.132,
,2024-08-04,2024,32,4,41.8927,-82.525767,Bottom,10,1,TSS,mgL,1.865,
,2024-08-04,2024,32,5,42.002583,-82.578633,Surface,1,1,CHLA,ugL,65.54,
,2024-08-04,2024,32,5,42.002583,-82.578633,Surface,1,2,CHLA,ugL,53.45,
,2024-08-04,2024,32,5,42.002583,-82.578633,Bottom,7,1,CHLA,ugL,43.89,
,2024-08-04,2024,32,5,42.002583,-82.578633,Bottom,7,2,CHLA,ugL,17.40,
,2024-08-04,2024,32,5,42.002583,-82.578633,Surface,1,1,COND,uS,228.3,
,2024-08-04,2024,32,5,42.002583,-82.578633,Bottom,7,1,COND,uS,234.9,
,2024-08-04,2024,32,5,42.002583,-82.578633,Surface,1,1,DO,sat%,117.7,
,2024-08-04,2024,32,5,42.002583,-82.578633,Bottom,7,1,DO,sat%,52.5,
,2024-08-04,2024,32,5,42.002583,-82.578633,Surface,1,1,NH4,ugL,110.0992701,
,2024-08-04,2024,32,5,42.002583,-82.578633,Surface,1,2,NH4,ugL,-10.87025336,
,2024-08-04,2024,32,5,42.002583,-82.578633,Bottom,7,1,NH4,ugL,13.54227094,
,2024-08-04,2024,32,5,42.002583,-82.578633,Bottom,7,2,NH4,ugL,12.26698982,
,2024-08-04,2024,32,5,42.002583,-82.578633,Surface,1,1,NO3,ugl,155.87,
,2024-08-04,2024,32,5,42.002583,-82.578633,Bottom,7,1,NO3,ugl,113.27,
,2024-08-04,2024,32,5,42.002583,-82.578633,Surface,1,1,pH,pH,8.54,
,2024-08-04,2024,32,5,42.002583,-82.578633,Bottom,7,1,pH,pH,7.68,
,2024-08-04,2024,32,5,42.002583,-82.578633,Surface,1,1,PP,ugL,11.0041043,
,2024-08-04,2024,32,5,42.002583,-82.578633,Surface,1,2,PP,ugL,10.51821357,
,2024-08-04,2024,32,5,42.002583,-82.578633,Bottom,7,1,PP,ugL,10.16236308,
,2024-08-04,2024,32,5,42.002583,-82.578633,Bottom,7,2,PP,ugL,14.97601837,
,2024-08-04,2024,32,5,42.002583,-82.578633,Surface,1,1,PRESSURE,mmHg,746.3,
,2024-08-04,2024,32,5,42.002583,-82.578633,Bottom,7,1,PRESSURE,mmHg,746.4,
,2024-08-04,2024,32,5,42.002583,-82.578633,Surface,1,1,SECCHI,m,2.40,
5198,2024-08-04,2024,32,5,42.002583,-82.578633,Surface,1,1,SRP,ugL,4.92,
5199,2024-08-04,2024,32,5,42.002583,-82.578633,Surface,1,2,SRP,ugL,6.38,
5194,2024-08-04,2024,32,5,42.002583,-82.578633,Bottom,7,1,SRP,ugL,0.98,
5195,2024-08-04,2024,32,5,42.002583,-82.578633,Bottom,7,2,SRP,ugL,1.57,
,2024-08-04,2024,32,5,42.002583,-82.578633,Surface,1,1,TDN,ugl,512.3549894,
,2024-08-04,2024,32,5,42.002583,-82.578633,Bottom,7,1,TDN,ugl,480.8215047,
,2024-08-04,2024,32,5,42.002583,-82.578633,Surface,1,1,TEMP,C,26.7,
,2024-08-04,2024,32,5,42.002583,-82.578633,Bottom,7,1,TEMP,C,24.9,
5200,2024-08-04,2024,32,5,42.002583,-82.578633,Surface,1,1,TP,ugL,14.68647444,
5201,2024-08-04,2024,32,5,42.002583,-82.578633,Surface,1,2,TP,ugL,6.212527634,
5196,2024-08-04,2024,32,5,42.002583,-82.578633,Bottom,7,1,TP,ugL,21.89372578,
5197,2024-08-04,2024,32,5,42.002583,-82.578633,Bottom,7,2,TP,ugL,2.368805501,
,2024-08-04,2024,32,5,42.002583,-82.578633,Surface,1,1,TSS,mgL,0.926,
,2024-08-04,2024,32,5,42.002583,-82.578633,Bottom,7,1,TSS,mgL,14.74,
,2024-08-04,2024,32,6,42.0222,-82.669683,Surface,1,1,CHLA,ugL,61.32,
,2024-08-04,2024,32,6,42.0222,-82.669683,Surface,1,2,CHLA,ugL,65.95,
,2024-08-04,2024,32,6,42.0222,-82.669683,Bottom,7,1,CHLA,ugL,59.95,
,2024-08-04,2024,32,6,42.0222,-82.669683,Bottom,7,2,CHLA,ugL,56.60,
,2024-08-04,2024,32,6,42.0222,-82.669683,Surface,1,1,COND,uS,232.4,
,2024-08-04,2024,32,6,42.0222,-82.669683,Bottom,7,1,COND,uS,233.9,
,2024-08-04,2024,32,6,42.0222,-82.669683,Surface,1,1,DMC,ugL,0.022629451,BDL
,2024-08-04,2024,32,6,42.0222,-82.669683,Bottom,7,1,DMC,ugL,0.039028778,BDL
,2024-08-04,2024,32,6,42.0222,-82.669683,Surface,1,1,DO,sat%,105.7,
,2024-08-04,2024,32,6,42.0222,-82.669683,Bottom,7,1,DO,sat%,75.8,
,2024-08-04,2024,32,6,42.0222,-82.669683,Surface,1,1,NH4,ugL,32.85367077,
,2024-08-04,2024,32,6,42.0222,-82.669683,Surface,1,2,NH4,ugL,34.12895189,
,2024-08-04,2024,32,6,42.0222,-82.669683,Bottom,7,1,NH4,ugL,41.78063861,
,2024-08-04,2024,32,6,42.0222,-82.669683,Bottom,7,2,NH4,ugL,37.95479525,
,2024-08-04,2024,32,6,42.0222,-82.669683,Surface,1,1,NO3,ugl,215.35,
,2024-08-04,2024,32,6,42.0222,-82.669683,Bottom,7,1,NO3,ugl,208.84,
,2024-08-04,2024,32,6,42.0222,-82.669683,Surface,1,1,pH,pH,8.59,
,2024-08-04,2024,32,6,42.0222,-82.669683,Bottom,7,1,pH,pH,8.15,
,2024-08-04,2024,32,6,42.0222,-82.669683,Surface,1,1,PP,ugL,10.66841588,
,2024-08-04,2024,32,6,42.0222,-82.669683,Surface,1,2,PP,ugL,13.4678696,
,2024-08-04,2024,32,6,42.0222,-82.669683,Bottom,7,1,PP,ugL,14.48598953,
,2024-08-04,2024,32,6,42.0222,-82.669683,Bottom,7,2,PP,ugL,16.62565221,
,2024-08-04,2024,32,6,42.0222,-82.669683,Surface,1,1,PRESSURE,mmHg,725.7,
,2024-08-04,2024,32,6,42.0222,-82.669683,Bottom,7,1,PRESSURE,mmHg,745.8,
,2024-08-04,2024,32,6,42.0222,-82.669683,Surface,1,1,SECCHI,m,2.10,
5206,2024-08-04,2024,32,6,42.0222,-82.669683,Surface,1,1,SRP,ugL,1.07,
5207,2024-08-04,2024,32,6,42.0222,-82.669683,Surface,1,2,SRP,ugL,1.05,
5202,2024-08-04,2024,32,6,42.0222,-82.669683,Bottom,7,1,SRP,ugL,2.56,
5203,2024-08-04,2024,32,6,42.0222,-82.669683,Bottom,7,2,SRP,ugL,4.19,
,2024-08-04,2024,32,6,42.0222,-82.669683,Surface,1,1,TDN,ugl,568.9165743,
,2024-08-04,2024,32,6,42.0222,-82.669683,Bottom,7,1,TDN,ugl,669.7226009,
,2024-08-04,2024,32,6,42.0222,-82.669683,Surface,1,1,TEMP,C,26.4,
,2024-08-04,2024,32,6,42.0222,-82.669683,Bottom,7,1,TEMP,C,25.5,
,2024-08-04,2024,32,6,42.0222,-82.669683,Surface,1,1,TMC,ugl,0.169541982,
5208,2024-08-04,2024,32,6,42.0222,-82.669683,Surface,1,1,TP,ugL,16.13699043,
5209,2024-08-04,2024,32,6,42.0222,-82.669683,Surface,1,2,TP,ugL,7.59805538,
5204,2024-08-04,2024,32,6,42.0222,-82.669683,Bottom,7,1,TP,ugL,24.52278602,
5205,2024-08-04,2024,32,6,42.0222,-82.669683,Bottom,7,2,TP,ugL,12.11219416,
,2024-08-04,2024,32,6,42.0222,-82.669683,Surface,1,1,TSS,mgL,1.9,
,2024-08-04,2024,32,6,42.0222,-82.669683,Bottom,7,1,TSS,mgL,3.238,
,2024-08-04,2024,32,7,41.99605,-82.7179,Surface,1,1,CHLA,ugL,46.50,
,2024-08-04,2024,32,7,41.99605,-82.7179,Surface,1,2,CHLA,ugL,66.05,
,2024-08-04,2024,32,7,41.99605,-82.7179,Bottom,9,1,CHLA,ugL,17.68,
,2024-08-04,2024,32,7,41.99605,-82.7179,Bottom,9,2,CHLA,ugL,22.29,
,2024-08-04,2024,32,7,41.99605,-82.7179,Surface,1,1,COND,uS,233.7,
,2024-08-04,2024,32,7,41.99605,-82.7179,Bottom,9,1,COND,uS,235.2,
,2024-08-04,2024,32,7,41.99605,-82.7179,Surface,1,1,DMC,ugL,0.025621099,BDL
,2024-08-04,2024,32,7,41.99605,-82.7179,Surface,1,1,DO,sat%,105.2,
,2024-08-04,2024,32,7,41.99605,-82.7179,Bottom,9,1,DO,sat%,91.5,
,2024-08-04,2024,32,7,41.99605,-82.7179,Surface,1,1,NH4,ugL,83.68273256,
,2024-08-04,2024,32,7,41.99605,-82.7179,Surface,1,2,NH4,ugL,23.01578784,
,2024-08-04,2024,32,7,41.99605,-82.7179,Bottom,9,1,NH4,ugL,118.8440549,
,2024-08-04,2024,32,7,41.99605,-82.7179,Bottom,9,2,NH4,ugL,115.7469436,
,2024-08-04,2024,32,7,41.99605,-82.7179,Surface,1,1,NO3,ugl,210.38,
,2024-08-04,2024,32,7,41.99605,-82.7179,Bottom,9,1,NO3,ugl,230.02,
,2024-08-04,2024,32,7,41.99605,-82.7179,Surface,1,1,pH,pH,8.54,
,2024-08-04,2024,32,7,41.99605,-82.7179,Bottom,9,1,pH,pH,8.4,
,2024-08-04,2024,32,7,41.99605,-82.7179,Surface,1,1,PP,ugL,15.7808597,
,2024-08-04,2024,32,7,41.99605,-82.7179,Surface,1,2,PP,ugL,15.73778217,
,2024-08-04,2024,32,7,41.99605,-82.7179,Bottom,9,1,PP,ugL,8.314564696,
,2024-08-04,2024,32,7,41.99605,-82.7179,Bottom,9,2,PP,ugL,7.807954374,
,2024-08-04,2024,32,7,41.99605,-82.7179,Surface,1,1,PRESSURE,mmHg,745.6,
,2024-08-04,2024,32,7,41.99605,-82.7179,Bottom,9,1,PRESSURE,mmHg,745.9,
,2024-08-04,2024,32,7,41.99605,-82.7179,Surface,1,1,SECCHI,m,3.00,
5214,2024-08-04,2024,32,7,41.99605,-82.7179,Surface,1,1,SRP,ugL,4.17,
5215,2024-08-04,2024,32,7,41.99605,-82.7179,Surface,1,2,SRP,ugL,4.93,
5210,2024-08-04,2024,32,7,41.99605,-82.7179,Bottom,9,1,SRP,ugL,3.03,
5211,2024-08-04,2024,32,7,41.99605,-82.7179,Bottom,9,2,SRP,ugL,3.22,
,2024-08-04,2024,32,7,41.99605,-82.7179,Surface,1,1,TDN,ugl,739.4370706,
,2024-08-04,2024,32,7,41.99605,-82.7179,Bottom,9,1,TDN,ugl,524.6382651,
,2024-08-04,2024,32,7,41.99605,-82.7179,Surface,1,1,TEMP,C,26.4,
,2024-08-04,2024,32,7,41.99605,-82.7179,Bottom,9,1,TEMP,C,25.7,
5216,2024-08-04,2024,32,7,41.99605,-82.7179,Surface,1,1,TP,ugL,22.3016834,
5217,2024-08-04,2024,32,7,41.99605,-82.7179,Surface,1,2,TP,ugL,7.240499833,
5212,2024-08-04,2024,32,7,41.99605,-82.7179,Bottom,9,1,TP,ugL,13.05464394,
5213,2024-08-04,2024,32,7,41.99605,-82.7179,Bottom,9,2,TP,ugL,8.179083144,
,2024-08-04,2024,32,7,41.99605,-82.7179,Surface,1,1,TSS,mgL,2.303,
,2024-08-04,2024,32,7,41.99605,-82.7179,Bottom,9,1,TSS,mgL,1.079,
,2024-08-13,2024,33,2,41.971783,-82.488083,Surface,1,1,CHLA,ugL,40.40,
,2024-08-13,2024,33,2,41.971783,-82.488083,Surface,1,2,CHLA,ugL,43.27,
,2024-08-13,2024,33,2,41.971783,-82.488083,Bottom,10,1,CHLA,ugL,64.27,
,2024-08-13,2024,33,2,41.971783,-82.488083,Bottom,10,2,CHLA,ugL,67.96,
,2024-08-13,2024,33,2,41.971783,-82.488083,Surface,1,1,COND,uS,233.4,
,2024-08-13,2024,33,2,41.971783,-82.488083,Bottom,10,1,COND,uS,231.8,
,2024-08-13,2024,33,2,41.971783,-82.488083,Surface,1,1,DMC,ugL,0.077127775,BDL
,2024-08-13,2024,33,2,41.971783,-82.488083,Surface,1,1,DO,sat%,106.7,
,2024-08-13,2024,33,2,41.971783,-82.488083,Bottom,10,1,DO,sat%,96.7,
,2024-08-13,2024,33,2,41.971783,-82.488083,Surface,1,1,NH4,ugL,24.65543499,
,2024-08-13,2024,33,2,41.971783,-82.488083,Surface,1,2,NH4,ugL,-34.00749654,
,2024-08-13,2024,33,2,41.971783,-82.488083,Bottom,10,1,NH4,ugL,7.165865342,
,2024-08-13,2024,33,2,41.971783,-82.488083,Bottom,10,2,NH4,ugL,11.17389172,
,2024-08-13,2024,33,2,41.971783,-82.488083,Surface,1,1,NO3,ugl,222.99,
,2024-08-13,2024,33,2,41.971783,-82.488083,Bottom,10,1,NO3,ugl,228.65,
,2024-08-13,2024,33,2,41.971783,-82.488083,Surface,1,1,pH,pH,8.58,
,2024-08-13,2024,33,2,41.971783,-82.488083,Bottom,10,1,pH,pH,8.35,
,2024-08-13,2024,33,2,41.971783,-82.488083,Surface,1,1,PP,ugL,8.771221907,
,2024-08-13,2024,33,2,41.971783,-82.488083,Surface,1,2,PP,ugL,6.953917713,
,2024-08-13,2024,33,2,41.971783,-82.488083,Bottom,10,1,PP,ugL,13.11299367,
,2024-08-13,2024,33,2,41.971783,-82.488083,Bottom,10,2,PP,ugL,10.72275176,
,2024-08-13,2024,33,2,41.971783,-82.488083,Surface,1,1,PRESSURE,mmHg,749.4,
,2024-08-13,2024,33,2,41.971783,-82.488083,Bottom,10,1,PRESSURE,mmHg,749.3,
,2024-08-13,2024,33,2,41.971783,-82.488083,Surface,1,1,SECCHI,m,2.40,
5222,2024-08-13,2024,33,2,41.971783,-82.488083,Surface,1,1,SRP,ugL,5.94,
5223,2024-08-13,2024,33,2,41.971783,-82.488083,Surface,1,2,SRP,ugL,8.58,
5218,2024-08-13,2024,33,2,41.971783,-82.488083,Bottom,10,1,SRP,ugL,2.53,
5219,2024-08-13,2024,33,2,41.971783,-82.488083,Bottom,10,2,SRP,ugL,3.02,
,2024-08-13,2024,33,2,41.971783,-82.488083,Surface,1,1,TDN,ugl,853.2580003,
,2024-08-13,2024,33,2,41.971783,-82.488083,Bottom,10,1,TDN,ugl,652.5577834,
,2024-08-13,2024,33,2,41.971783,-82.488083,Surface,1,1,TEMP,C,24.2,
,2024-08-13,2024,33,2,41.971783,-82.488083,Bottom,10,1,TEMP,C,23.7,
,2024-08-13,2024,33,2,41.971783,-82.488083,Surface,1,1,TMC,ugl,0.107003767,BDL
5224,2024-08-13,2024,33,2,41.971783,-82.488083,Surface,1,1,TP,ugL,13.68924469,
5225,2024-08-13,2024,33,2,41.971783,-82.488083,Surface,1,2,TP,ugL,9.56461089,
5220,2024-08-13,2024,33,2,41.971783,-82.488083,Bottom,10,1,TP,ugL,20.17123804,
5221,2024-08-13,2024,33,2,41.971783,-82.488083,Bottom,10,2,TP,ugL,13.60930544,
,2024-08-13,2024,33,2,41.971783,-82.488083,Surface,1,1,TSS,mgL,3.225,
,2024-08-13,2024,33,2,41.971783,-82.488083,Bottom,10,1,TSS,mgL,2.962,
,2024-08-13,2024,33,4,41.8927,-82.525767,Surface,1,1,CHLA,ugL,43.72,
,2024-08-13,2024,33,4,41.8927,-82.525767,Surface,1,2,CHLA,ugL,36.01,
,2024-08-13,2024,33,4,41.8927,-82.525767,Bottom,10,1,CHLA,ugL,47.92,
,2024-08-13,2024,33,4,41.8927,-82.525767,Bottom,10,2,CHLA,ugL,47.82,
,2024-08-13,2024,33,4,41.8927,-82.525767,Surface,1,1,COND,uS,233.1,
,2024-08-13,2024,33,4,41.8927,-82.525767,Bottom,10,1,COND,uS,235.2,
,2024-08-13,2024,33,4,41.8927,-82.525767,Surface,1,1,DMC,ugL,0.019004772,BDL
,2024-08-13,2024,33,4,41.8927,-82.525767,Surface,1,1,DO,sat%,103.7,
,2024-08-13,2024,33,4,41.8927,-82.525767,Bottom,10,1,DO,sat%,91.2,
,2024-08-13,2024,33,4,41.8927,-82.525767,Surface,1,1,NH4,ugL,33.03585378,
,2024-08-13,2024,33,4,41.8927,-82.525767,Surface,1,2,NH4,ugL,29.57437646,
,2024-08-13,2024,33,4,41.8927,-82.525767,Bottom,10,1,NH4,ugL,6.619316291,
,2024-08-13,2024,33,4,41.8927,-82.525767,Bottom,10,2,NH4,ugL,2.246923879,
,2024-08-13,2024,33,4,41.8927,-82.525767,Surface,1,1,NO3,ugl,152.05,
,2024-08-13,2024,33,4,41.8927,-82.525767,Bottom,10,1,NO3,ugl,166.19,
,2024-08-13,2024,33,4,41.8927,-82.525767,Surface,1,1,pH,pH,8.49,
,2024-08-13,2024,33,4,41.8927,-82.525767,Bottom,10,1,pH,pH,8.24,
,2024-08-13,2024,33,4,41.8927,-82.525767,Surface,1,1,PP,ugL,8.522227798,
,2024-08-13,2024,33,4,41.8927,-82.525767,Surface,1,2,PP,ugL,8.205240336,
,2024-08-13,2024,33,4,41.8927,-82.525767,Bottom,10,1,PP,ugL,11.45017674,
,2024-08-13,2024,33,4,41.8927,-82.525767,Bottom,10,2,PP,ugL,11.9023066,
,2024-08-13,2024,33,4,41.8927,-82.525767,Surface,1,1,PRESSURE,mmHg,749.4,
,2024-08-13,2024,33,4,41.8927,-82.525767,Bottom,10,1,PRESSURE,mmHg,749.5,
,2024-08-13,2024,33,4,41.8927,-82.525767,Surface,1,1,SECCHI,m,2.80,
5230,2024-08-13,2024,33,4,41.8927,-82.525767,Surface,1,1,SRP,ugL,1.72,
5231,2024-08-13,2024,33,4,41.8927,-82.525767,Surface,1,2,SRP,ugL,2.34,
5226,2024-08-13,2024,33,4,41.8927,-82.525767,Bottom,10,1,SRP,ugL,6.25,
5227,2024-08-13,2024,33,4,41.8927,-82.525767,Bottom,10,2,SRP,ugL,5.67,
,2024-08-13,2024,33,4,41.8927,-82.525767,Surface,1,1,TDN,ugl,424.3273028,
,2024-08-13,2024,33,4,41.8927,-82.525767,Bottom,10,1,TDN,ugl,524.933162,
,2024-08-13,2024,33,4,41.8927,-82.525767,Surface,1,1,TEMP,C,24.2,
,2024-08-13,2024,33,4,41.8927,-82.525767,Bottom,10,1,TEMP,C,23.8,
,2024-08-13,2024,33,4,41.8927,-82.525767,Surface,1,1,TMC,ugl,0.094645398,BDL
5232,2024-08-13,2024,33,4,41.8927,-82.525767,Surface,1,1,TP,ugL,13.68924469,
5233,2024-08-13,2024,33,4,41.8927,-82.525767,Surface,1,2,TP,ugL,13.8999719,
5228,2024-08-13,2024,33,4,41.8927,-82.525767,Bottom,10,1,TP,ugL,17.85947817,
5229,2024-08-13,2024,33,4,41.8927,-82.525767,Bottom,10,2,TP,ugL,9.743388664,
,2024-08-13,2024,33,4,41.8927,-82.525767,Surface,1,1,TSS,mgL,1.308,
,2024-08-13,2024,33,4,41.8927,-82.525767,Bottom,10,1,TSS,mgL,2.122,
,2024-08-13,2024,33,5,42.002583,-82.578633,Surface,1,1,CHLA,ugL,55.45,
,2024-08-13,2024,33,5,42.002583,-82.578633,Surface,1,2,CHLA,ugL,53.12,
,2024-08-13,2024,33,5,42.002583,-82.578633,Bottom,7,1,CHLA,ugL,63.91,
,2024-08-13,2024,33,5,42.002583,-82.578633,Bottom,7,2,CHLA,ugL,-3.13,
,2024-08-13,2024,33,5,42.002583,-82.578633,Surface,1,1,COND,uS,232.5,
,2024-08-13,2024,33,5,42.002583,-82.578633,Bottom,7,1,COND,uS,233.8,
,2024-08-13,2024,33,5,42.002583,-82.578633,Surface,1,1,DMC,ugL,0.024426856,BDL
,2024-08-13,2024,33,5,42.002583,-82.578633,Surface,1,1,DO,sat%,109,
,2024-08-13,2024,33,5,42.002583,-82.578633,Bottom,7,1,DO,sat%,100.3,
,2024-08-13,2024,33,5,42.002583,-82.578633,Surface,1,1,NH4,ugL,37.95479525,
,2024-08-13,2024,33,5,42.002583,-82.578633,Surface,1,2,NH4,ugL,39.5944424,
,2024-08-13,2024,33,5,42.002583,-82.578633,Bottom,7,1,NH4,ugL,10.26297663,
,2024-08-13,2024,33,5,42.002583,-82.578633,Bottom,7,2,NH4,ugL,7.530231377,
,2024-08-13,2024,33,5,42.002583,-82.578633,Surface,1,1,NO3,ugl,201.45,
,2024-08-13,2024,33,5,42.002583,-82.578633,Bottom,7,1,NO3,ugl,357.98,
,2024-08-13,2024,33,5,42.002583,-82.578633,Surface,1,1,pH,pH,8.68,
,2024-08-13,2024,33,5,42.002583,-82.578633,Bottom,7,1,pH,pH,8.59,
,2024-08-13,2024,33,5,42.002583,-82.578633,Surface,1,1,PP,ugL,12.84484617,
,2024-08-13,2024,33,5,42.002583,-82.578633,Surface,1,2,PP,ugL,11.17437619,
,2024-08-13,2024,33,5,42.002583,-82.578633,Bottom,7,1,PP,ugL,15.33176304,
,2024-08-13,2024,33,5,42.002583,-82.578633,Surface,1,1,PRESSURE,mmHg,749.5,
,2024-08-13,2024,33,5,42.002583,-82.578633,Bottom,7,1,PRESSURE,mmHg,749.5,
,2024-08-13,2024,33,5,42.002583,-82.578633,Surface,1,1,SECCHI,m,2.00,
5238,2024-08-13,2024,33,5,42.002583,-82.578633,Surface,1,1,SRP,ugL,3.27,
5239,2024-08-13,2024,33,5,42.002583,-82.578633,Surface,1,2,SRP,ugL,4.06,
5234,2024-08-13,2024,33,5,42.002583,-82.578633,Bottom,7,1,SRP,ugL,2.13,
5235,2024-08-13,2024,33,5,42.002583,-82.578633,Bottom,7,2,SRP,ugL,2.86,
,2024-08-13,2024,33,5,42.002583,-82.578633,Surface,1,1,TDN,ugl,450.5200949,
,2024-08-13,2024,33,5,42.002583,-82.578633,Bottom,7,1,TDN,ugl,683.8783689,
,2024-08-13,2024,33,5,42.002583,-82.578633,Surface,1,1,TEMP,C,24.6,
,2024-08-13,2024,33,5,42.002583,-82.578633,Bottom,7,1,TEMP,C,23.7,
,2024-08-13,2024,33,5,42.002583,-82.578633,Surface,1,1,TMC,ugl,0.432527798,
5240,2024-08-13,2024,33,5,42.002583,-82.578633,Surface,1,1,TP,ugL,15.23041793,
5241,2024-08-13,2024,33,5,42.002583,-82.578633,Surface,1,2,TP,ugL,12.06749972,
5236,2024-08-13,2024,33,5,42.002583,-82.578633,Bottom,7,1,TP,ugL,18.04079267,
5237,2024-08-13,2024,33,5,42.002583,-82.578633,Bottom,7,2,TP,ugL,11.97811083,
,2024-08-13,2024,33,5,42.002583,-82.578633,Surface,1,1,TSS,mgL,14.128,
,2024-08-13,2024,33,5,42.002583,-82.578633,Bottom,7,1,TSS,mgL,5.624,
,2024-08-13,2024,33,6,42.0222,-82.669683,Surface,1,1,CHLA,ugL,70.49,
,2024-08-13,2024,33,6,42.0222,-82.669683,Surface,1,2,CHLA,ugL,19.35,
,2024-08-13,2024,33,6,42.0222,-82.669683,Bottom,7,1,CHLA,ugL,86.80,
,2024-08-13,2024,33,6,42.0222,-82.669683,Bottom,7,2,CHLA,ugL,78.72,
,2024-08-13,2024,33,6,42.0222,-82.669683,Surface,1,1,COND,uS,232,
,2024-08-13,2024,33,6,42.0222,-82.669683,Bottom,7,1,COND,uS,232.4,
,2024-08-13,2024,33,6,42.0222,-82.669683,Surface,1,1,DMC,ugL,0.025957072,BDL
,2024-08-13,2024,33,6,42.0222,-82.669683,Bottom,7,1,DMC,ugL,0.036303554,BDL
,2024-08-13,2024,33,6,42.0222,-82.669683,Surface,1,1,DO,sat%,104.9,
,2024-08-13,2024,33,6,42.0222,-82.669683,Bottom,7,1,DO,sat%,97.2,
,2024-08-13,2024,33,6,42.0222,-82.669683,Surface,1,1,NH4,ugL,10.62734267,
,2024-08-13,2024,33,6,42.0222,-82.669683,Surface,1,2,NH4,ugL,11.72044077,
,2024-08-13,2024,33,6,42.0222,-82.669683,Bottom,7,1,NH4,ugL,10.80952569,
,2024-08-13,2024,33,6,42.0222,-82.669683,Bottom,7,2,NH4,ugL,13.72445396,
,2024-08-13,2024,33,6,42.0222,-82.669683,Surface,1,1,NO3,ugl,226.58,
,2024-08-13,2024,33,6,42.0222,-82.669683,Bottom,7,1,NO3,ugl,257.59,
,2024-08-13,2024,33,6,42.0222,-82.669683,Surface,1,1,pH,pH,8.53,
,2024-08-13,2024,33,6,42.0222,-82.669683,Bottom,7,1,pH,pH,8.41,
,2024-08-13,2024,33,6,42.0222,-82.669683,Surface,1,1,PP,ugL,10.2258717,
,2024-08-13,2024,33,6,42.0222,-82.669683,Surface,1,2,PP,ugL,9.868715104,
,2024-08-13,2024,33,6,42.0222,-82.669683,Bottom,7,1,PP,ugL,13.8352782,
,2024-08-13,2024,33,6,42.0222,-82.669683,Bottom,7,2,PP,ugL,16.46417469,
,2024-08-13,2024,33,6,42.0222,-82.669683,Surface,1,1,PRESSURE,mmHg,749,
,2024-08-13,2024,33,6,42.0222,-82.669683,Bottom,7,1,PRESSURE,mmHg,749,
,2024-08-13,2024,33,6,42.0222,-82.669683,Surface,1,1,SECCHI,m,2.40,
5246,2024-08-13,2024,33,6,42.0222,-82.669683,Surface,1,1,SRP,ugL,2.72,
5247,2024-08-13,2024,33,6,42.0222,-82.669683,Surface,1,2,SRP,ugL,1.41,
5242,2024-08-13,2024,33,6,42.0222,-82.669683,Bottom,7,1,SRP,ugL,1.41,
5243,2024-08-13,2024,33,6,42.0222,-82.669683,Bottom,7,2,SRP,ugL,2.25,
,2024-08-13,2024,33,6,42.0222,-82.669683,Surface,1,1,TDN,ugl,497.0789567,
,2024-08-13,2024,33,6,42.0222,-82.669683,Bottom,7,1,TDN,ugl,661.6200338,
,2024-08-13,2024,33,6,42.0222,-82.669683,Surface,1,1,TEMP,C,24.2,
,2024-08-13,2024,33,6,42.0222,-82.669683,Bottom,7,1,TEMP,C,23.8,
,2024-08-13,2024,33,6,42.0222,-82.669683,Surface,1,1,TMC,ugl,0.175839215,
5248,2024-08-13,2024,33,6,42.0222,-82.669683,Surface,1,1,TP,ugL,17.76882092,
5249,2024-08-13,2024,33,6,42.0222,-82.669683,Surface,1,2,TP,ugL,12.29097194,
5244,2024-08-13,2024,33,6,42.0222,-82.669683,Bottom,7,1,TP,ugL,21.21379641,
5245,2024-08-13,2024,33,6,42.0222,-82.669683,Bottom,7,2,TP,ugL,14.30455234,
,2024-08-13,2024,33,6,42.0222,-82.669683,Surface,1,1,TSS,mgL,1.656,
,2024-08-13,2024,33,6,42.0222,-82.669683,Bottom,7,1,TSS,mgL,1.788,
,2024-08-13,2024,33,7,41.99605,-82.7179,Surface,1,1,CHLA,ugL,57.01,
,2024-08-13,2024,33,7,41.99605,-82.7179,Surface,1,2,CHLA,ugL,54.18,
,2024-08-13,2024,33,7,41.99605,-82.7179,Bottom,9,1,CHLA,ugL,88.03,
,2024-08-13,2024,33,7,41.99605,-82.7179,Bottom,9,2,CHLA,ugL,72.17,
,2024-08-13,2024,33,7,41.99605,-82.7179,Surface,1,1,COND,uS,231.4,
,2024-08-13,2024,33,7,41.99605,-82.7179,Bottom,9,1,COND,uS,233,
,2024-08-13,2024,33,7,41.99605,-82.7179,Surface,1,1,DMC,ugL,0.025382428,BDL
,2024-08-13,2024,33,7,41.99605,-82.7179,Surface,1,1,DO,sat%,106.6,
,2024-08-13,2024,33,7,41.99605,-82.7179,Bottom,9,1,DO,sat%,94.4,
,2024-08-13,2024,33,7,41.99605,-82.7179,Surface,1,1,NH4,ugL,31.39620663,
,2024-08-13,2024,33,7,41.99605,-82.7179,Surface,1,2,NH4,ugL,23.38015387,
,2024-08-13,2024,33,7,41.99605,-82.7179,Bottom,9,1,NH4,ugL,15.1819181,
,2024-08-13,2024,33,7,41.99605,-82.7179,Bottom,9,2,NH4,ugL,14.27100301,
,2024-08-13,2024,33,7,41.99605,-82.7179,Surface,1,1,NO3,ugl,229.76,
,2024-08-13,2024,33,7,41.99605,-82.7179,Bottom,9,1,NO3,ugl,384.64,
,2024-08-13,2024,33,7,41.99605,-82.7179,Surface,1,1,pH,pH,8.57,
,2024-08-13,2024,33,7,41.99605,-82.7179,Bottom,9,1,pH,pH,8.38,
,2024-08-13,2024,33,7,41.99605,-82.7179,Surface,1,1,PP,ugL,8.196620118,
,2024-08-13,2024,33,7,41.99605,-82.7179,Surface,1,2,PP,ugL,10.66072389,
,2024-08-13,2024,33,7,41.99605,-82.7179,Bottom,9,1,PP,ugL,14.04546149,
,2024-08-13,2024,33,7,41.99605,-82.7179,Bottom,9,2,PP,ugL,16.3544725,
,2024-08-13,2024,33,7,41.99605,-82.7179,Surface,1,1,PRESSURE,mmHg,749.1,
,2024-08-13,2024,33,7,41.99605,-82.7179,Bottom,9,1,PRESSURE,mmHg,749.1,
,2024-08-13,2024,33,7,41.99605,-82.7179,Surface,1,1,SECCHI,m,2.60,
5254,2024-08-13,2024,33,7,41.99605,-82.7179,Surface,1,1,SRP,ugL,2.09,
5255,2024-08-13,2024,33,7,41.99605,-82.7179,Surface,1,2,SRP,ugL,2.89,
5250,2024-08-13,2024,33,7,41.99605,-82.7179,Bottom,9,1,SRP,ugL,2.22,
5251,2024-08-13,2024,33,7,41.99605,-82.7179,Bottom,9,2,SRP,ugL,3.35,
,2024-08-13,2024,33,7,41.99605,-82.7179,Bottom,9,1,TDN,ugl,858.6301934,
,2024-08-13,2024,33,7,41.99605,-82.7179,Surface,1,1,TEMP,C,24.2,
,2024-08-13,2024,33,7,41.99605,-82.7179,Bottom,9,1,TEMP,C,23.8,
5256,2024-08-13,2024,33,7,41.99605,-82.7179,Surface,1,1,TP,ugL,16.2729763,
5257,2024-08-13,2024,33,7,41.99605,-82.7179,Surface,1,2,TP,ugL,14.57038855,
5252,2024-08-13,2024,33,7,41.99605,-82.7179,Bottom,9,1,TP,ugL,22.75496965,
5253,2024-08-13,2024,33,7,41.99605,-82.7179,Bottom,9,2,TP,ugL,16.84980517,
,2024-08-13,2024,33,7,41.99605,-82.7179,Surface,1,1,TSS,mgL,1.449,
,2024-08-13,2024,33,7,41.99605,-82.7179,Bottom,9,1,TSS,mgL,2.626,
,2024-08-22,2024,34,2,41.971783,-82.488083,Surface,1,1,CHLA,ugL,77.26,
,2024-08-22,2024,34,2,41.971783,-82.488083,Surface,1,2,CHLA,ugL,78.77,
,2024-08-22,2024,34,2,41.971783,-82.488083,Bottom,10,1,CHLA,ugL,71.66,
,2024-08-22,2024,34,2,41.971783,-82.488083,Bottom,10,2,CHLA,ugL,81.82,
,2024-08-22,2024,34,2,41.971783,-82.488083,Surface,1,1,COND,uS,234.2,
,2024-08-22,2024,34,2,41.971783,-82.488083,Bottom,10,1,COND,uS,234.7,
,2024-08-22,2024,34,2,41.971783,-82.488083,Surface,1,1,DMC,ugL,0.024130462,BDL
,2024-08-22,2024,34,2,41.971783,-82.488083,Surface,1,1,DO,sat%,100.4,
,2024-08-22,2024,34,2,41.971783,-82.488083,Bottom,10,1,DO,sat%,97.5,
,2024-08-22,2024,34,2,41.971783,-82.488083,Surface,1,1,NH4,ugL,17.3681143,
,2024-08-22,2024,34,2,41.971783,-82.488083,Surface,1,2,NH4,ugL,14.63536905,
,2024-08-22,2024,34,2,41.971783,-82.488083,Bottom,10,1,NH4,ugL,25.7485331,
,2024-08-22,2024,34,2,41.971783,-82.488083,Bottom,10,2,NH4,ugL,22.6514218,
,2024-08-22,2024,34,2,41.971783,-82.488083,Surface,1,1,NO3,ugl,230.29,
,2024-08-22,2024,34,2,41.971783,-82.488083,Bottom,10,1,NO3,ugl,229.36,
,2024-08-22,2024,34,2,41.971783,-82.488083,Surface,1,1,pH,pH,8.69,
,2024-08-22,2024,34,2,41.971783,-82.488083,Bottom,10,1,pH,pH,8.63,
,2024-08-22,2024,34,2,41.971783,-82.488083,Surface,1,1,PP,ugL,12.82619681,
,2024-08-22,2024,34,2,41.971783,-82.488083,Surface,1,2,PP,ugL,12.46465847,
,2024-08-22,2024,34,2,41.971783,-82.488083,Bottom,10,1,PP,ugL,12.10088806,
,2024-08-22,2024,34,2,41.971783,-82.488083,Bottom,10,2,PP,ugL,12.20629444,
,2024-08-22,2024,34,2,41.971783,-82.488083,Surface,1,1,PRESSURE,mmHg,753.5,
,2024-08-22,2024,34,2,41.971783,-82.488083,Bottom,10,1,PRESSURE,mmHg,753.4,
,2024-08-22,2024,34,2,41.971783,-82.488083,Surface,1,1,SECCHI,m,2.00,
5262,2024-08-22,2024,34,2,41.971783,-82.488083,Surface,1,1,SRP,ugL,1.63,
5263,2024-08-22,2024,34,2,41.971783,-82.488083,Surface,1,2,SRP,ugL,1.54,
5258,2024-08-22,2024,34,2,41.971783,-82.488083,Bottom,10,1,SRP,ugL,2.16,
5259,2024-08-22,2024,34,2,41.971783,-82.488083,Bottom,10,2,SRP,ugL,1.83,
,2024-08-22,2024,34,2,41.971783,-82.488083,Surface,1,1,TDN,ugl,622.2415842,
,2024-08-22,2024,34,2,41.971783,-82.488083,Bottom,10,1,TDN,ugl,565.8416619,
,2024-08-22,2024,34,2,41.971783,-82.488083,Surface,1,1,TEMP,C,22.7,
,2024-08-22,2024,34,2,41.971783,-82.488083,Bottom,10,1,TEMP,C,22.7,
,2024-08-22,2024,34,2,41.971783,-82.488083,Surface,1,1,TMC,ugl,0.188651504,
5264,2024-08-22,2024,34,2,41.971783,-82.488083,Surface,1,1,TP,ugL,8.15784888,
5265,2024-08-22,2024,34,2,41.971783,-82.488083,Surface,1,2,TP,ugL,23.32493967,
5260,2024-08-22,2024,34,2,41.971783,-82.488083,Bottom,10,1,TP,ugL,4.389277386,
5261,2024-08-22,2024,34,2,41.971783,-82.488083,Bottom,10,2,TP,ugL,26.40268854,
,2024-08-22,2024,34,2,41.971783,-82.488083,Surface,1,1,TSS,mgL,2.962,
,2024-08-22,2024,34,2,41.971783,-82.488083,Bottom,10,1,TSS,mgL,3.728,
,2024-08-22,2024,34,4,41.8927,-82.525767,Surface,1,1,CHLA,ugL,83.93,
,2024-08-22,2024,34,4,41.8927,-82.525767,Surface,1,2,CHLA,ugL,78.96,
,2024-08-22,2024,34,4,41.8927,-82.525767,Bottom,10,1,CHLA,ugL,64.49,
,2024-08-22,2024,34,4,41.8927,-82.525767,Bottom,10,2,CHLA,ugL,0.00,
,2024-08-22,2024,34,4,41.8927,-82.525767,Surface,1,1,COND,uS,231.5,
,2024-08-22,2024,34,4,41.8927,-82.525767,Bottom,10,1,COND,uS,231.7,
,2024-08-22,2024,34,4,41.8927,-82.525767,Surface,1,1,DMC,ugL,0.033475129,BDL
,2024-08-22,2024,34,4,41.8927,-82.525767,Surface,1,1,DO,sat%,102.2,
,2024-08-22,2024,34,4,41.8927,-82.525767,Bottom,10,1,DO,sat%,98.5,
,2024-08-22,2024,34,4,41.8927,-82.525767,Surface,1,1,NH4,ugL,42.69155369,
,2024-08-22,2024,34,4,41.8927,-82.525767,Surface,1,2,NH4,ugL,39.95880844,
,2024-08-22,2024,34,4,41.8927,-82.525767,Bottom,10,1,NH4,ugL,1.336008793,
,2024-08-22,2024,34,4,41.8927,-82.525767,Bottom,10,2,NH4,ugL,3.886571033,
,2024-08-22,2024,34,4,41.8927,-82.525767,Surface,1,1,NO3,ugl,373.68,
,2024-08-22,2024,34,4,41.8927,-82.525767,Bottom,10,1,NO3,ugl,219.03,
,2024-08-22,2024,34,4,41.8927,-82.525767,Surface,1,1,pH,pH,8.75,
,2024-08-22,2024,34,4,41.8927,-82.525767,Bottom,10,1,pH,pH,8.67,
,2024-08-22,2024,34,4,41.8927,-82.525767,Surface,1,1,PP,ugL,11.81308313,
,2024-08-22,2024,34,4,41.8927,-82.525767,Surface,1,2,PP,ugL,11.06569926,
,2024-08-22,2024,34,4,41.8927,-82.525767,Bottom,10,1,PP,ugL,14.48296531,
,2024-08-22,2024,34,4,41.8927,-82.525767,Surface,1,1,PRESSURE,mmHg,753.7,
,2024-08-22,2024,34,4,41.8927,-82.525767,Bottom,10,1,PRESSURE,mmHg,753.6,
,2024-08-22,2024,34,4,41.8927,-82.525767,Surface,1,1,SECCHI,m,2.40,
5270,2024-08-22,2024,34,4,41.8927,-82.525767,Surface,1,1,SRP,ugL,2.72,
5271,2024-08-22,2024,34,4,41.8927,-82.525767,Surface,1,2,SRP,ugL,2.63,
5266,2024-08-22,2024,34,4,41.8927,-82.525767,Bottom,10,1,SRP,ugL,3.86,
5267,2024-08-22,2024,34,4,41.8927,-82.525767,Bottom,10,2,SRP,ugL,2.47,
,2024-08-22,2024,34,4,41.8927,-82.525767,Surface,1,1,TDN,ugl,636.0049767,
,2024-08-22,2024,34,4,41.8927,-82.525767,Bottom,10,1,TDN,ugl,451.7139417,
,2024-08-22,2024,34,4,41.8927,-82.525767,Surface,1,1,TEMP,C,22.8,
,2024-08-22,2024,34,4,41.8927,-82.525767,Bottom,10,1,TEMP,C,22.8,
5272,2024-08-22,2024,34,4,41.8927,-82.525767,Surface,1,1,TP,ugL,4.433613522,
5273,2024-08-22,2024,34,4,41.8927,-82.525767,Surface,1,2,TP,ugL,25.82024254,
5268,2024-08-22,2024,34,4,41.8927,-82.525767,Bottom,10,1,TP,ugL,8.202185015,
5269,2024-08-22,2024,34,4,41.8927,-82.525767,Bottom,10,2,TP,ugL,39.83012077,
,2024-08-22,2024,34,4,41.8927,-82.525767,Surface,1,1,TSS,mgL,2.389,
,2024-08-22,2024,34,4,41.8927,-82.525767,Bottom,10,1,TSS,mgL,2.954,
,2024-08-22,2024,34,5,42.002583,-82.578633,Surface,1,1,CHLA,ugL,125.10,
,2024-08-22,2024,34,5,42.002583,-82.578633,Surface,1,2,CHLA,ugL,132.80,
,2024-08-22,2024,34,5,42.002583,-82.578633,Bottom,7,1,CHLA,ugL,100.14,
,2024-08-22,2024,34,5,42.002583,-82.578633,Bottom,7,2,CHLA,ugL,95.31,
,2024-08-22,2024,34,5,42.002583,-82.578633,Surface,1,1,COND,uS,233.4,
,2024-08-22,2024,34,5,42.002583,-82.578633,Bottom,7,1,COND,uS,234.1,
,2024-08-22,2024,34,5,42.002583,-82.578633,Surface,1,1,DMC,ugL,0.02865322,BDL
,2024-08-22,2024,34,5,42.002583,-82.578633,Surface,1,1,DO,sat%,101.9,
,2024-08-22,2024,34,5,42.002583,-82.578633,Bottom,7,1,DO,sat%,98.9,
,2024-08-22,2024,34,5,42.002583,-82.578633,Surface,1,1,NH4,ugL,16.2750162,
,2024-08-22,2024,34,5,42.002583,-82.578633,Surface,1,2,NH4,ugL,14.81755206,
,2024-08-22,2024,34,5,42.002583,-82.578633,Bottom,7,1,NH4,ugL,21.92268973,
,2024-08-22,2024,34,5,42.002583,-82.578633,Bottom,7,2,NH4,ugL,24.83761801,
,2024-08-22,2024,34,5,42.002583,-82.578633,Surface,1,1,NO3,ugl,190.93,
,2024-08-22,2024,34,5,42.002583,-82.578633,Bottom,7,1,NO3,ugl,200.72,
,2024-08-22,2024,34,5,42.002583,-82.578633,Surface,1,1,pH,pH,8.82,
,2024-08-22,2024,34,5,42.002583,-82.578633,Bottom,7,1,pH,pH,8.75,
,2024-08-22,2024,34,5,42.002583,-82.578633,Surface,1,1,PP,ugL,16.45173249,
,2024-08-22,2024,34,5,42.002583,-82.578633,Surface,1,2,PP,ugL,16.66666238,
,2024-08-22,2024,34,5,42.002583,-82.578633,Bottom,7,1,PP,ugL,16.61151211,
,2024-08-22,2024,34,5,42.002583,-82.578633,Bottom,7,2,PP,ugL,17.36691092,
,2024-08-22,2024,34,5,42.002583,-82.578633,Surface,1,1,PRESSURE,mmHg,753.6,
,2024-08-22,2024,34,5,42.002583,-82.578633,Bottom,7,1,PRESSURE,mmHg,753.6,
,2024-08-22,2024,34,5,42.002583,-82.578633,Surface,1,1,SECCHI,m,1.60,
5278,2024-08-22,2024,34,5,42.002583,-82.578633,Surface,1,1,SRP,ugL,2.19,
5279,2024-08-22,2024,34,5,42.002583,-82.578633,Surface,1,2,SRP,ugL,2.02,
5274,2024-08-22,2024,34,5,42.002583,-82.578633,Bottom,7,1,SRP,ugL,2.44,
5275,2024-08-22,2024,34,5,42.002583,-82.578633,Bottom,7,2,SRP,ugL,2.86,
,2024-08-22,2024,34,5,42.002583,-82.578633,Bottom,7,1,TDN,ugl,497.8930391,
,2024-08-22,2024,34,5,42.002583,-82.578633,Surface,1,1,TEMP,C,23.2,
,2024-08-22,2024,34,5,42.002583,-82.578633,Bottom,7,1,TEMP,C,22.9,
,2024-08-22,2024,34,5,42.002583,-82.578633,Surface,1,1,TMC,ugl,0.853894954,
5280,2024-08-22,2024,34,5,42.002583,-82.578633,Surface,1,1,TP,ugL,10.59633632,
5281,2024-08-22,2024,34,5,42.002583,-82.578633,Surface,1,2,TP,ugL,24.8638141,
5276,2024-08-22,2024,34,5,42.002583,-82.578633,Bottom,7,1,TP,ugL,4.921311009,
5277,2024-08-22,2024,34,5,42.002583,-82.578633,Bottom,7,2,TP,ugL,40.78017256,
,2024-08-22,2024,34,5,42.002583,-82.578633,Surface,1,1,TSS,mgL,3.415,
,2024-08-22,2024,34,5,42.002583,-82.578633,Bottom,7,1,TSS,mgL,4.975,
,2024-08-22,2024,34,6,42.0222,-82.669683,Surface,1,1,CHLA,ugL,79.47,
,2024-08-22,2024,34,6,42.0222,-82.669683,Surface,1,2,CHLA,ugL,71.24,
,2024-08-22,2024,34,6,42.0222,-82.669683,Bottom,7,1,CHLA,ugL,81.48,
,2024-08-22,2024,34,6,42.0222,-82.669683,Bottom,7,2,CHLA,ugL,78.01,
,2024-08-22,2024,34,6,42.0222,-82.669683,Surface,1,1,COND,uS,232,
,2024-08-22,2024,34,6,42.0222,-82.669683,Bottom,7,1,COND,uS,232.3,
,2024-08-22,2024,34,6,42.0222,-82.669683,Surface,1,1,DMC,ugL,0.032071468,BDL
,2024-08-22,2024,34,6,42.0222,-82.669683,Bottom,7,1,DMC,ugL,0.035851446,BDL
,2024-08-22,2024,34,6,42.0222,-82.669683,Surface,1,1,DO,sat%,98.8,
,2024-08-22,2024,34,6,42.0222,-82.669683,Bottom,7,1,DO,sat%,97.3,
,2024-08-22,2024,34,6,42.0222,-82.669683,Surface,1,1,NH4,ugL,8.62332948,
,2024-08-22,2024,34,6,42.0222,-82.669683,Surface,1,2,NH4,ugL,10.08079362,
,2024-08-22,2024,34,6,42.0222,-82.669683,Bottom,7,1,NH4,ugL,23.19797085,
,2024-08-22,2024,34,6,42.0222,-82.669683,Bottom,7,2,NH4,ugL,21.92268973,
,2024-08-22,2024,34,6,42.0222,-82.669683,Surface,1,1,NO3,ugl,476.79,
,2024-08-22,2024,34,6,42.0222,-82.669683,Bottom,7,1,NO3,ugl,344.12,
,2024-08-22,2024,34,6,42.0222,-82.669683,Surface,1,1,pH,pH,8.65,
,2024-08-22,2024,34,6,42.0222,-82.669683,Bottom,7,1,pH,pH,8.63,
,2024-08-22,2024,34,6,42.0222,-82.669683,Surface,1,1,PP,ugL,10.60188305,
,2024-08-22,2024,34,6,42.0222,-82.669683,Surface,1,2,PP,ugL,11.61728596,
,2024-08-22,2024,34,6,42.0222,-82.669683,Bottom,7,1,PP,ugL,12.9758957,
,2024-08-22,2024,34,6,42.0222,-82.669683,Bottom,7,2,PP,ugL,12.74404021,
,2024-08-22,2024,34,6,42.0222,-82.669683,Surface,1,1,PRESSURE,mmHg,753.4,
,2024-08-22,2024,34,6,42.0222,-82.669683,Bottom,7,1,PRESSURE,mmHg,753.4,
,2024-08-22,2024,34,6,42.0222,-82.669683,Surface,1,1,SECCHI,m,2.20,
5286,2024-08-22,2024,34,6,42.0222,-82.669683,Surface,1,1,SRP,ugL,1.69,
5287,2024-08-22,2024,34,6,42.0222,-82.669683,Surface,1,2,SRP,ugL,1.89,
5282,2024-08-22,2024,34,6,42.0222,-82.669683,Bottom,7,1,SRP,ugL,1.69,
5283,2024-08-22,2024,34,6,42.0222,-82.669683,Bottom,7,2,SRP,ugL,2.21,
,2024-08-22,2024,34,6,42.0222,-82.669683,Bottom,7,1,TDN,ugl,725.118589,
,2024-08-22,2024,34,6,42.0222,-82.669683,Surface,1,1,TEMP,C,22.5,
,2024-08-22,2024,34,6,42.0222,-82.669683,Bottom,7,1,TEMP,C,22.6,
,2024-08-22,2024,34,6,42.0222,-82.669683,Surface,1,1,TMC,ugl,1.256798787,
5288,2024-08-22,2024,34,6,42.0222,-82.669683,Surface,1,1,TP,ugL,3.812907629,
5289,2024-08-22,2024,34,6,42.0222,-82.669683,Surface,1,2,TP,ugL,22.13780796,
5284,2024-08-22,2024,34,6,42.0222,-82.669683,Bottom,7,1,TP,ugL,6.606084147,
5285,2024-08-22,2024,34,6,42.0222,-82.669683,Bottom,7,2,TP,ugL,31.57393729,
,2024-08-22,2024,34,6,42.0222,-82.669683,Surface,1,1,TSS,mgL,2.108,
,2024-08-22,2024,34,6,42.0222,-82.669683,Bottom,7,1,TSS,mgL,3.416,
,2024-08-22,2024,34,7,41.99605,-82.7179,Surface,1,1,CHLA,ugL,62.44,
,2024-08-22,2024,34,7,41.99605,-82.7179,Surface,1,2,CHLA,ugL,59.82,
,2024-08-22,2024,34,7,41.99605,-82.7179,Bottom,9,1,CHLA,ugL,62.03,
,2024-08-22,2024,34,7,41.99605,-82.7179,Bottom,9,2,CHLA,ugL,64.36,
,2024-08-22,2024,34,7,41.99605,-82.7179,Surface,1,1,COND,uS,235.9,
,2024-08-22,2024,34,7,41.99605,-82.7179,Bottom,9,1,COND,uS,236.2,
,2024-08-22,2024,34,7,41.99605,-82.7179,Surface,1,1,DMC,ugL,0.027601509,BDL
,2024-08-22,2024,34,7,41.99605,-82.7179,Surface,1,1,DO,sat%,100.6,
,2024-08-22,2024,34,7,41.99605,-82.7179,Bottom,9,1,DO,sat%,96.5,
,2024-08-22,2024,34,7,41.99605,-82.7179,Surface,1,1,NH4,ugL,24.47325197,
,2024-08-22,2024,34,7,41.99605,-82.7179,Surface,1,2,NH4,ugL,23.19797085,
,2024-08-22,2024,34,7,41.99605,-82.7179,Bottom,9,1,NH4,ugL,10.9917087,
,2024-08-22,2024,34,7,41.99605,-82.7179,Bottom,9,2,NH4,ugL,12.26698982,
,2024-08-22,2024,34,7,41.99605,-82.7179,Surface,1,1,NO3,ugl,349.52,
,2024-08-22,2024,34,7,41.99605,-82.7179,Bottom,9,1,NO3,ugl,327.85,
,2024-08-22,2024,34,7,41.99605,-82.7179,Surface,1,1,pH,pH,8.59,
,2024-08-22,2024,34,7,41.99605,-82.7179,Bottom,9,1,pH,pH,8.54,
,2024-08-22,2024,34,7,41.99605,-82.7179,Surface,1,1,PP,ugL,9.706209906,
,2024-08-22,2024,34,7,41.99605,-82.7179,Surface,1,2,PP,ugL,8.61072833,
,2024-08-22,2024,34,7,41.99605,-82.7179,Bottom,9,1,PP,ugL,10.21831115,
,2024-08-22,2024,34,7,41.99605,-82.7179,Bottom,9,2,PP,ugL,9.845646887,
,2024-08-22,2024,34,7,41.99605,-82.7179,Surface,1,1,PRESSURE,mmHg,753.3,
,2024-08-22,2024,34,7,41.99605,-82.7179,Bottom,9,1,PRESSURE,mmHg,753.4,
,2024-08-22,2024,34,7,41.99605,-82.7179,Surface,1,1,SECCHI,m,2.50,
5294,2024-08-22,2024,34,7,41.99605,-82.7179,Surface,1,1,SRP,ugL,3.40,
5295,2024-08-22,2024,34,7,41.99605,-82.7179,Surface,1,2,SRP,ugL,2.31,
5290,2024-08-22,2024,34,7,41.99605,-82.7179,Bottom,9,1,SRP,ugL,1.91,
5291,2024-08-22,2024,34,7,41.99605,-82.7179,Bottom,9,2,SRP,ugL,1.96,
,2024-08-22,2024,34,7,41.99605,-82.7179,Surface,1,1,TDN,ugl,624.1497551,
,2024-08-22,2024,34,7,41.99605,-82.7179,Bottom,9,1,TDN,ugl,693.4750319,
,2024-08-22,2024,34,7,41.99605,-82.7179,Surface,1,1,TEMP,C,22.4,
,2024-08-22,2024,34,7,41.99605,-82.7179,Bottom,9,1,TEMP,C,22.5,
,2024-08-22,2024,34,7,41.99605,-82.7179,Surface,1,1,TMC,ugl,0.322028797,
5296,2024-08-22,2024,34,7,41.99605,-82.7179,Surface,1,1,TP,ugL,4.344941251,
5297,2024-08-22,2024,34,7,41.99605,-82.7179,Surface,1,2,TP,ugL,21.2144833,
5292,2024-08-22,2024,34,7,41.99605,-82.7179,Bottom,9,1,TP,ugL,8.15784888,
5293,2024-08-22,2024,34,7,41.99605,-82.7179,Bottom,9,2,TP,ugL,17.30134545,
,2024-08-22,2024,34,7,41.99605,-82.7179,Surface,1,1,TSS,mgL,3.526,
,2024-08-22,2024,34,7,41.99605,-82.7179,Bottom,9,1,TSS,mgL,1.787,
,2024-09-03,2024,36,2,41.971783,-82.488083,Surface,1,1,COND,uS,,ND
,2024-09-03,2024,36,2,41.971783,-82.488083,Bottom,10,1,COND,uS,,ND
,2024-09-03,2024,36,2,41.971783,-82.488083,Surface,1,1,DO,sat%,,ND
,2024-09-03,2024,36,2,41.971783,-82.488083,Bottom,10,1,DO,sat%,,ND
,2024-09-03,2024,36,2,41.971783,-82.488083,Surface,1,1,NH4,ugL,,ND
,2024-09-03,2024,36,2,41.971783,-82.488083,Bottom,10,1,NH4,ugL,,ND
,2024-09-03,2024,36,2,41.971783,-82.488083,Surface,1,1,pH,pH,,ND
,2024-09-03,2024,36,2,41.971783,-82.488083,Bottom,10,1,pH,pH,,ND
,2024-09-03,2024,36,2,41.971783,-82.488083,Surface,1,1,PRESSURE,mmHg,,ND
,2024-09-03,2024,36,2,41.971783,-82.488083,Bottom,10,1,PRESSURE,mmHg,,ND
,2024-09-03,2024,36,2,41.971783,-82.488083,Surface,1,1,SECCHI,m,,ND
,2024-09-03,2024,36,2,41.971783,-82.488083,Surface,1,1,TEMP,C,,ND
,2024-09-03,2024,36,2,41.971783,-82.488083,Bottom,10,1,TEMP,C,,ND
,2024-09-03,2024,36,4,41.8927,-82.525767,Surface,1,1,COND,uS,,ND
,2024-09-03,2024,36,4,41.8927,-82.525767,Bottom,10,1,COND,uS,,ND
,2024-09-03,2024,36,4,41.8927,-82.525767,Surface,1,1,DO,sat%,,ND
,2024-09-03,2024,36,4,41.8927,-82.525767,Bottom,10,1,DO,sat%,,ND
,2024-09-03,2024,36,4,41.8927,-82.525767,Surface,1,1,NH4,ugL,,ND
,2024-09-03,2024,36,4,41.8927,-82.525767,Bottom,10,1,NH4,ugL,,ND
,2024-09-03,2024,36,4,41.8927,-82.525767,Surface,1,1,pH,pH,,ND
,2024-09-03,2024,36,4,41.8927,-82.525767,Bottom,10,1,pH,pH,,ND
,2024-09-03,2024,36,4,41.8927,-82.525767,Surface,1,1,PRESSURE,mmHg,,ND
,2024-09-03,2024,36,4,41.8927,-82.525767,Bottom,10,1,PRESSURE,mmHg,,ND
,2024-09-03,2024,36,4,41.8927,-82.525767,Surface,1,1,SECCHI,m,,ND
,2024-09-03,2024,36,4,41.8927,-82.525767,Surface,1,1,TEMP,C,,ND
,2024-09-03,2024,36,4,41.8927,-82.525767,Bottom,10,1,TEMP,C,,ND
,2024-09-03,2024,36,5,42.002583,-82.578633,Surface,1,1,CHLA,ugL,93.45,
,2024-09-03,2024,36,5,42.002583,-82.578633,Surface,1,2,CHLA,ugL,81.45,
,2024-09-03,2024,36,5,42.002583,-82.578633,Bottom,7,1,CHLA,ugL,88.32,
,2024-09-03,2024,36,5,42.002583,-82.578633,Bottom,7,2,CHLA,ugL,79.05,
,2024-09-03,2024,36,5,42.002583,-82.578633,Surface,1,1,COND,uS,233.1,
,2024-09-03,2024,36,5,42.002583,-82.578633,Bottom,7,1,COND,uS,235.2,
,2024-09-03,2024,36,5,42.002583,-82.578633,Surface,1,1,DMC,ugL,0.033846658,BDL
,2024-09-03,2024,36,5,42.002583,-82.578633,Surface,1,1,DO,sat%,98.1,
,2024-09-03,2024,36,5,42.002583,-82.578633,Bottom,7,1,DO,sat%,96.9,
,2024-09-03,2024,36,5,42.002583,-82.578633,Surface,1,1,NH4,ugL,14.27100301,
,2024-09-03,2024,36,5,42.002583,-82.578633,Surface,1,2,NH4,ugL,12.99572189,
,2024-09-03,2024,36,5,42.002583,-82.578633,Bottom,7,1,NH4,ugL,36.13296507,
,2024-09-03,2024,36,5,42.002583,-82.578633,Bottom,7,2,NH4,ugL,31.76057266,
,2024-09-03,2024,36,5,42.002583,-82.578633,Surface,1,1,NO3,ugl,287.28,
,2024-09-03,2024,36,5,42.002583,-82.578633,Bottom,7,1,NO3,ugl,263.59,
,2024-09-03,2024,36,5,42.002583,-82.578633,Surface,1,1,pH,pH,8.55,
,2024-09-03,2024,36,5,42.002583,-82.578633,Bottom,7,1,pH,pH,8.55,
,2024-09-03,2024,36,5,42.002583,-82.578633,Surface,1,1,PP,ugL,13.70574078,
,2024-09-03,2024,36,5,42.002583,-82.578633,Surface,1,2,PP,ugL,14.82633128,
,2024-09-03,2024,36,5,42.002583,-82.578633,Bottom,7,1,PP,ugL,7.161328824,
,2024-09-03,2024,36,5,42.002583,-82.578633,Bottom,7,2,PP,ugL,17.83801518,
,2024-09-03,2024,36,5,42.002583,-82.578633,Surface,1,1,PRESSURE,mmHg,755.5,
,2024-09-03,2024,36,5,42.002583,-82.578633,Bottom,7,1,PRESSURE,mmHg,755.5,
,2024-09-03,2024,36,5,42.002583,-82.578633,Surface,1,1,SECCHI,m,1.50,
5302,2024-09-03,2024,36,5,42.002583,-82.578633,Surface,1,1,SRP,ugL,1.85,
5303,2024-09-03,2024,36,5,42.002583,-82.578633,Surface,1,2,SRP,ugL,2.08,
5298,2024-09-03,2024,36,5,42.002583,-82.578633,Bottom,7,1,SRP,ugL,2.09,
5299,2024-09-03,2024,36,5,42.002583,-82.578633,Bottom,7,2,SRP,ugL,2.83,
,2024-09-03,2024,36,5,42.002583,-82.578633,Bottom,7,1,TDN,ugl,606.3323933,
,2024-09-03,2024,36,5,42.002583,-82.578633,Surface,1,1,TEMP,C,23.1,
,2024-09-03,2024,36,5,42.002583,-82.578633,Bottom,7,1,TEMP,C,23.1,
,2024-09-03,2024,36,5,42.002583,-82.578633,Surface,1,1,TMC,ugl,0.277318041,
5304,2024-09-03,2024,36,5,42.002583,-82.578633,Surface,1,1,TP,ugL,11.03969767,
5305,2024-09-03,2024,36,5,42.002583,-82.578633,Surface,1,2,TP,ugL,19.60491389,
5300,2024-09-03,2024,36,5,42.002583,-82.578633,Bottom,7,1,TP,ugL,6.428739606,
5301,2024-09-03,2024,36,5,42.002583,-82.578633,Bottom,7,2,TP,ugL,24.92990797,
,2024-09-03,2024,36,5,42.002583,-82.578633,Surface,1,1,TSS,mgL,3.769,
,2024-09-03,2024,36,5,42.002583,-82.578633,Bottom,7,1,TSS,mgL,4.106,
,2024-09-03,2024,36,6,42.0222,-82.669683,Surface,1,1,CHLA,ugL,61.66,
,2024-09-03,2024,36,6,42.0222,-82.669683,Surface,1,2,CHLA,ugL,61.28,
,2024-09-03,2024,36,6,42.0222,-82.669683,Bottom,7,1,CHLA,ugL,57.20,
,2024-09-03,2024,36,6,42.0222,-82.669683,Bottom,7,2,CHLA,ugL,46.47,
,2024-09-03,2024,36,6,42.0222,-82.669683,Surface,1,1,COND,uS,231.5,
,2024-09-03,2024,36,6,42.0222,-82.669683,Bottom,7,1,COND,uS,231.6,
,2024-09-03,2024,36,6,42.0222,-82.669683,Surface,1,1,DMC,ugL,0.036200095,BDL
,2024-09-03,2024,36,6,42.0222,-82.669683,Bottom,7,1,DMC,ugL,0.031822269,BDL
,2024-09-03,2024,36,6,42.0222,-82.669683,Surface,1,1,DO,sat%,94.7,
,2024-09-03,2024,36,6,42.0222,-82.669683,Bottom,7,1,DO,sat%,92.1,
,2024-09-03,2024,36,6,42.0222,-82.669683,Surface,1,1,NH4,ugL,37.95479525,
,2024-09-03,2024,36,6,42.0222,-82.669683,Surface,1,2,NH4,ugL,43.7846518,
,2024-09-03,2024,36,6,42.0222,-82.669683,Bottom,7,1,NH4,ugL,15.1819181,
,2024-09-03,2024,36,6,42.0222,-82.669683,Bottom,7,2,NH4,ugL,12.08480681,
,2024-09-03,2024,36,6,42.0222,-82.669683,Surface,1,1,NO3,ugl,268.44,
,2024-09-03,2024,36,6,42.0222,-82.669683,Bottom,7,1,NO3,ugl,268.6,
,2024-09-03,2024,36,6,42.0222,-82.669683,Surface,1,1,pH,pH,8.49,
,2024-09-03,2024,36,6,42.0222,-82.669683,Bottom,7,1,pH,pH,8.48,
,2024-09-03,2024,36,6,42.0222,-82.669683,Surface,1,1,PP,ugL,8.816585206,
,2024-09-03,2024,36,6,42.0222,-82.669683,Surface,1,2,PP,ugL,9.242797479,
,2024-09-03,2024,36,6,42.0222,-82.669683,Bottom,7,1,PP,ugL,10.1049029,
,2024-09-03,2024,36,6,42.0222,-82.669683,Bottom,7,2,PP,ugL,10.43670587,
,2024-09-03,2024,36,6,42.0222,-82.669683,Surface,1,1,PRESSURE,mmHg,755.1,
,2024-09-03,2024,36,6,42.0222,-82.669683,Bottom,7,1,PRESSURE,mmHg,755.1,
,2024-09-03,2024,36,6,42.0222,-82.669683,Surface,1,1,SECCHI,m,2.20,
5310,2024-09-03,2024,36,6,42.0222,-82.669683,Surface,1,1,SRP,ugL,1.94,
5311,2024-09-03,2024,36,6,42.0222,-82.669683,Surface,1,2,SRP,ugL,2.08,
5306,2024-09-03,2024,36,6,42.0222,-82.669683,Bottom,7,1,SRP,ugL,1.85,
5307,2024-09-03,2024,36,6,42.0222,-82.669683,Bottom,7,2,SRP,ugL,1.96,
,2024-09-03,2024,36,6,42.0222,-82.669683,Surface,1,1,TDN,ugl,618.136773,
,2024-09-03,2024,36,6,42.0222,-82.669683,Bottom,7,1,TDN,ugl,616.7861776,
,2024-09-03,2024,36,6,42.0222,-82.669683,Surface,1,1,TEMP,C,22.9,
,2024-09-03,2024,36,6,42.0222,-82.669683,Bottom,7,1,TEMP,C,22.9,
5312,2024-09-03,2024,36,6,42.0222,-82.669683,Surface,1,1,TP,ugL,7.093781635,
5313,2024-09-03,2024,36,6,42.0222,-82.669683,Surface,1,2,TP,ugL,7.496516896,
5308,2024-09-03,2024,36,6,42.0222,-82.669683,Bottom,7,1,TP,ugL,5.453344632,
5309,2024-09-03,2024,36,6,42.0222,-82.669683,Bottom,7,2,TP,ugL,36.80122505,
,2024-09-03,2024,36,6,42.0222,-82.669683,Surface,1,1,TSS,mgL,1.838,
,2024-09-03,2024,36,6,42.0222,-82.669683,Bottom,7,1,TSS,mgL,2.121,
,2024-09-03,2024,36,7,41.99605,-82.7179,Surface,1,1,CHLA,ugL,47.10,
,2024-09-03,2024,36,7,41.99605,-82.7179,Surface,1,2,CHLA,ugL,46.71,
,2024-09-03,2024,36,7,41.99605,-82.7179,Bottom,9,1,CHLA,ugL,43.74,
,2024-09-03,2024,36,7,41.99605,-82.7179,Bottom,9,2,CHLA,ugL,42.54,
,2024-09-03,2024,36,7,41.99605,-82.7179,Surface,1,1,COND,uS,229.7,
,2024-09-03,2024,36,7,41.99605,-82.7179,Bottom,9,1,COND,uS,229.8,
,2024-09-03,2024,36,7,41.99605,-82.7179,Surface,1,1,DMC,ugL,0.033559627,BDL
,2024-09-03,2024,36,7,41.99605,-82.7179,Surface,1,1,DO,sat%,92.6,
,2024-09-03,2024,36,7,41.99605,-82.7179,Bottom,9,1,DO,sat%,90.8,
,2024-09-03,2024,36,7,41.99605,-82.7179,Surface,1,1,NH4,ugL,46.69958007,
,2024-09-03,2024,36,7,41.99605,-82.7179,Surface,1,2,NH4,ugL,30.84965758,
,2024-09-03,2024,36,7,41.99605,-82.7179,Bottom,9,1,NH4,ugL,143.0743962,
,2024-09-03,2024,36,7,41.99605,-82.7179,Bottom,9,2,NH4,ugL,148.1755206,
,2024-09-03,2024,36,7,41.99605,-82.7179,Surface,1,1,NO3,ugl,217.31,
,2024-09-03,2024,36,7,41.99605,-82.7179,Bottom,9,1,NO3,ugl,224.71,
,2024-09-03,2024,36,7,41.99605,-82.7179,Surface,1,1,pH,pH,8.41,
,2024-09-03,2024,36,7,41.99605,-82.7179,Bottom,9,1,pH,pH,8.38,
,2024-09-03,2024,36,7,41.99605,-82.7179,Surface,1,1,PP,ugL,7.35185468,
,2024-09-03,2024,36,7,41.99605,-82.7179,Surface,1,2,PP,ugL,7.879722161,
,2024-09-03,2024,36,7,41.99605,-82.7179,Bottom,9,1,PP,ugL,10.03685795,
,2024-09-03,2024,36,7,41.99605,-82.7179,Bottom,9,2,PP,ugL,9.526280236,
,2024-09-03,2024,36,7,41.99605,-82.7179,Surface,1,1,PRESSURE,mmHg,755.2,
,2024-09-03,2024,36,7,41.99605,-82.7179,Bottom,9,1,PRESSURE,mmHg,755.3,
,2024-09-03,2024,36,7,41.99605,-82.7179,Surface,1,1,SECCHI,m,2.20,
5318,2024-09-03,2024,36,7,41.99605,-82.7179,Surface,1,1,SRP,ugL,1.69,
5319,2024-09-03,2024,36,7,41.99605,-82.7179,Surface,1,2,SRP,ugL,1.76,
5314,2024-09-03,2024,36,7,41.99605,-82.7179,Bottom,9,1,SRP,ugL,1.82,
5315,2024-09-03,2024,36,7,41.99605,-82.7179,Bottom,9,2,SRP,ugL,2.05,
,2024-09-03,2024,36,7,41.99605,-82.7179,Surface,1,1,TEMP,C,22.8,
,2024-09-03,2024,36,7,41.99605,-82.7179,Bottom,9,1,TEMP,C,22.9,
,2024-09-03,2024,36,7,41.99605,-82.7179,Surface,1,1,TMC,ugl,0.269196083,
5320,2024-09-03,2024,36,7,41.99605,-82.7179,Surface,1,1,TP,ugL,7.891832068,
5321,2024-09-03,2024,36,7,41.99605,-82.7179,Surface,1,2,TP,ugL,32.0136157,
5316,2024-09-03,2024,36,7,41.99605,-82.7179,Bottom,9,1,TP,ugL,7.22679004,
5317,2024-09-03,2024,36,7,41.99605,-82.7179,Bottom,9,2,TP,ugL,21.4343225,
,2024-09-03,2024,36,7,41.99605,-82.7179,Surface,1,1,TSS,mgL,2.303,
,2024-09-03,2024,36,7,41.99605,-82.7179,Bottom,9,1,TSS,mgL,2.263,
,2024-09-11,2024,37,2,41.971783,-82.488083,Surface,1,1,CHLA,ugL,79.64,
,2024-09-11,2024,37,2,41.971783,-82.488083,Surface,1,2,CHLA,ugL,80.11,
,2024-09-11,2024,37,2,41.971783,-82.488083,Bottom,10,1,CHLA,ugL,44.91,
,2024-09-11,2024,37,2,41.971783,-82.488083,Bottom,10,2,CHLA,ugL,49.05,
,2024-09-11,2024,37,2,41.971783,-82.488083,Surface,1,1,COND,uS,242.8,
,2024-09-11,2024,37,2,41.971783,-82.488083,Bottom,10,1,COND,uS,240.5,
,2024-09-11,2024,37,2,41.971783,-82.488083,Surface,1,1,DMC,ugL,0.037040739,BDL
,2024-09-11,2024,37,2,41.971783,-82.488083,Surface,1,1,DO,sat%,99.5,
,2024-09-11,2024,37,2,41.971783,-82.488083,Bottom,10,1,DO,sat%,88.1,
,2024-09-11,2024,37,2,41.971783,-82.488083,Surface,1,1,NH4,ugL,45.24211593,
,2024-09-11,2024,37,2,41.971783,-82.488083,Surface,1,2,NH4,ugL,43.05591973,
,2024-09-11,2024,37,2,41.971783,-82.488083,Bottom,10,1,NH4,ugL,-0.850187414,
,2024-09-11,2024,37,2,41.971783,-82.488083,Bottom,10,2,NH4,ugL,0.607276724,
,2024-09-11,2024,37,2,41.971783,-82.488083,Surface,1,1,NO3,ugl,137.63,
,2024-09-11,2024,37,2,41.971783,-82.488083,Bottom,10,1,NO3,ugl,202.42,
,2024-09-11,2024,37,2,41.971783,-82.488083,Surface,1,1,pH,pH,8.42,
,2024-09-11,2024,37,2,41.971783,-82.488083,Bottom,10,1,pH,pH,8.17,
,2024-09-11,2024,37,2,41.971783,-82.488083,Surface,1,1,PP,ugL,12.53990399,
,2024-09-11,2024,37,2,41.971783,-82.488083,Surface,1,2,PP,ugL,13.07724779,
,2024-09-11,2024,37,2,41.971783,-82.488083,Bottom,10,1,PP,ugL,13.56057822,
,2024-09-11,2024,37,2,41.971783,-82.488083,Bottom,10,2,PP,ugL,14.30242643,
,2024-09-11,2024,37,2,41.971783,-82.488083,Surface,1,1,PRESSURE,mmHg,749.1,
,2024-09-11,2024,37,2,41.971783,-82.488083,Bottom,10,1,PRESSURE,mmHg,749.9,
,2024-09-11,2024,37,2,41.971783,-82.488083,Surface,1,1,SECCHI,m,1.50,
5326,2024-09-11,2024,37,2,41.971783,-82.488083,Surface,1,1,SRP,ugL,3.96,
5327,2024-09-11,2024,37,2,41.971783,-82.488083,Surface,1,2,SRP,ugL,5.03,
5322,2024-09-11,2024,37,2,41.971783,-82.488083,Bottom,10,1,SRP,ugL,2.90,
5323,2024-09-11,2024,37,2,41.971783,-82.488083,Bottom,10,2,SRP,ugL,3.89,
,2024-09-11,2024,37,2,41.971783,-82.488083,Surface,1,1,TDN,ugl,160.5255558,
,2024-09-11,2024,37,2,41.971783,-82.488083,Bottom,10,1,TDN,ugl,489.6289344,
,2024-09-11,2024,37,2,41.971783,-82.488083,Surface,1,1,TEMP,C,21.5,
,2024-09-11,2024,37,2,41.971783,-82.488083,Bottom,10,1,TEMP,C,21.2,
,2024-09-11,2024,37,2,41.971783,-82.488083,Surface,1,1,TMC,ugl,0.23805627,
5328,2024-09-11,2024,37,2,41.971783,-82.488083,Surface,1,1,TP,ugL,9.665277477,
5329,2024-09-11,2024,37,2,41.971783,-82.488083,Surface,1,2,TP,ugL,17.08150624,
5324,2024-09-11,2024,37,2,41.971783,-82.488083,Bottom,10,1,TP,ugL,5.675025308,
5325,2024-09-11,2024,37,2,41.971783,-82.488083,Bottom,10,2,TP,ugL,12.42349986,
,2024-09-11,2024,37,2,41.971783,-82.488083,Surface,1,1,TSS,mgL,3.948,
,2024-09-11,2024,37,2,41.971783,-82.488083,Bottom,10,1,TSS,mgL,6.769,
,2024-09-11,2024,37,4,41.8927,-82.525767,Surface,1,1,CHLA,ugL,43.60,
,2024-09-11,2024,37,4,41.8927,-82.525767,Surface,1,2,CHLA,ugL,43.82,
,2024-09-11,2024,37,4,41.8927,-82.525767,Bottom,10,1,CHLA,ugL,90.21,
,2024-09-11,2024,37,4,41.8927,-82.525767,Bottom,10,2,CHLA,ugL,74.16,
,2024-09-11,2024,37,4,41.8927,-82.525767,Surface,1,1,COND,uS,237.4,
,2024-09-11,2024,37,4,41.8927,-82.525767,Bottom,10,1,COND,uS,237.6,
,2024-09-11,2024,37,4,41.8927,-82.525767,Surface,1,1,DO,sat%,101,
,2024-09-11,2024,37,4,41.8927,-82.525767,Bottom,10,1,DO,sat%,92.5,
,2024-09-11,2024,37,4,41.8927,-82.525767,Surface,1,1,NH4,ugL,15.54628413,
,2024-09-11,2024,37,4,41.8927,-82.525767,Surface,1,2,NH4,ugL,25.56635008,
,2024-09-11,2024,37,4,41.8927,-82.525767,Bottom,10,1,NH4,ugL,43.96683481,
,2024-09-11,2024,37,4,41.8927,-82.525767,Bottom,10,2,NH4,ugL,44.14901783,
,2024-09-11,2024,37,4,41.8927,-82.525767,Surface,1,1,NO3,ugl,228.65,
,2024-09-11,2024,37,4,41.8927,-82.525767,Bottom,10,1,NO3,ugl,230.3,
,2024-09-11,2024,37,4,41.8927,-82.525767,Surface,1,1,pH,pH,8.52,
,2024-09-11,2024,37,4,41.8927,-82.525767,Bottom,10,1,pH,pH,8.37,
,2024-09-11,2024,37,4,41.8927,-82.525767,Surface,1,1,PP,ugL,10.83071569,
,2024-09-11,2024,37,4,41.8927,-82.525767,Surface,1,2,PP,ugL,10.84321912,
,2024-09-11,2024,37,4,41.8927,-82.525767,Bottom,10,1,PP,ugL,13.66642592,
,2024-09-11,2024,37,4,41.8927,-82.525767,Bottom,10,2,PP,ugL,13.39302605,
,2024-09-11,2024,37,4,41.8927,-82.525767,Surface,1,1,PRESSURE,mmHg,750.1,
,2024-09-11,2024,37,4,41.8927,-82.525767,Bottom,10,1,PRESSURE,mmHg,750,
,2024-09-11,2024,37,4,41.8927,-82.525767,Surface,1,1,SECCHI,m,3.00,
5334,2024-09-11,2024,37,4,41.8927,-82.525767,Surface,1,1,SRP,ugL,2.31,
5335,2024-09-11,2024,37,4,41.8927,-82.525767,Surface,1,2,SRP,ugL,3.02,
5330,2024-09-11,2024,37,4,41.8927,-82.525767,Bottom,10,1,SRP,ugL,2.78,
5331,2024-09-11,2024,37,4,41.8927,-82.525767,Bottom,10,2,SRP,ugL,3.15,
,2024-09-11,2024,37,4,41.8927,-82.525767,Surface,1,1,TDN,ugl,565.5355913,
,2024-09-11,2024,37,4,41.8927,-82.525767,Bottom,10,1,TDN,ugl,596.8443141,
,2024-09-11,2024,37,4,41.8927,-82.525767,Surface,1,1,TEMP,C,21.6,
,2024-09-11,2024,37,4,41.8927,-82.525767,Bottom,10,1,TEMP,C,21.2,
,2024-09-11,2024,37,4,41.8927,-82.525767,Surface,1,1,TMC,ugl,0.999643339,
5336,2024-09-11,2024,37,4,41.8927,-82.525767,Surface,1,1,TP,ugL,9.886958153,
5337,2024-09-11,2024,37,4,41.8927,-82.525767,Surface,1,2,TP,ugL,15.9897803,
5332,2024-09-11,2024,37,4,41.8927,-82.525767,Bottom,10,1,TP,ugL,15.34030278,
5333,2024-09-11,2024,37,4,41.8927,-82.525767,Bottom,10,2,TP,ugL,11.49528988,
,2024-09-11,2024,37,4,41.8927,-82.525767,Surface,1,1,TSS,mgL,1.453,
,2024-09-11,2024,37,4,41.8927,-82.525767,Bottom,10,1,TSS,mgL,3.182,
,2024-09-11,2024,37,5,42.002583,-82.578633,Surface,1,1,CHLA,ugL,79.99,
,2024-09-11,2024,37,5,42.002583,-82.578633,Surface,1,2,CHLA,ugL,76.36,
,2024-09-11,2024,37,5,42.002583,-82.578633,Bottom,7,1,CHLA,ugL,104.78,
,2024-09-11,2024,37,5,42.002583,-82.578633,Bottom,7,2,CHLA,ugL,112.32,
,2024-09-11,2024,37,5,42.002583,-82.578633,Surface,1,1,COND,uS,233.2,
,2024-09-11,2024,37,5,42.002583,-82.578633,Bottom,7,1,COND,uS,236.7,
,2024-09-11,2024,37,5,42.002583,-82.578633,Surface,1,1,DO,sat%,112.4,
,2024-09-11,2024,37,5,42.002583,-82.578633,Bottom,7,1,DO,sat%,90.8,
,2024-09-11,2024,37,5,42.002583,-82.578633,Surface,1,1,NH4,ugL,19.18994448,
,2024-09-11,2024,37,5,42.002583,-82.578633,Surface,1,2,NH4,ugL,18.64339542,
,2024-09-11,2024,37,5,42.002583,-82.578633,Bottom,7,1,NH4,ugL,10.9917087,
,2024-09-11,2024,37,5,42.002583,-82.578633,Bottom,7,2,NH4,ugL,9.352061549,
,2024-09-11,2024,37,5,42.002583,-82.578633,Surface,1,1,NO3,ugl,228.68,
,2024-09-11,2024,37,5,42.002583,-82.578633,Bottom,7,1,NO3,ugl,230.05,
,2024-09-11,2024,37,5,42.002583,-82.578633,Surface,1,1,pH,pH,8.73,
,2024-09-11,2024,37,5,42.002583,-82.578633,Bottom,7,1,pH,pH,8.41,
,2024-09-11,2024,37,5,42.002583,-82.578633,Surface,1,1,PP,ugL,15.00313114,
,2024-09-11,2024,37,5,42.002583,-82.578633,Surface,1,2,PP,ugL,15.69472149,
,2024-09-11,2024,37,5,42.002583,-82.578633,Bottom,7,1,PP,ugL,19.96133973,
,2024-09-11,2024,37,5,42.002583,-82.578633,Bottom,7,2,PP,ugL,22.49882029,
,2024-09-11,2024,37,5,42.002583,-82.578633,Surface,1,1,PRESSURE,mmHg,750,
,2024-09-11,2024,37,5,42.002583,-82.578633,Bottom,7,1,PRESSURE,mmHg,750.1,
,2024-09-11,2024,37,5,42.002583,-82.578633,Surface,1,1,SECCHI,m,1.90,
5342,2024-09-11,2024,37,5,42.002583,-82.578633,Surface,1,1,SRP,ugL,2.68,
5343,2024-09-11,2024,37,5,42.002583,-82.578633,Surface,1,2,SRP,ugL,2.99,
5338,2024-09-11,2024,37,5,42.002583,-82.578633,Bottom,7,1,SRP,ugL,2.19,
5339,2024-09-11,2024,37,5,42.002583,-82.578633,Bottom,7,2,SRP,ugL,2.80,
,2024-09-11,2024,37,5,42.002583,-82.578633,Surface,1,1,TDN,ugl,551.237966,
,2024-09-11,2024,37,5,42.002583,-82.578633,Bottom,7,1,TDN,ugl,540.7801491,
,2024-09-11,2024,37,5,42.002583,-82.578633,Surface,1,1,TEMP,C,22.3,
,2024-09-11,2024,37,5,42.002583,-82.578633,Bottom,7,1,TEMP,C,21,
5344,2024-09-11,2024,37,5,42.002583,-82.578633,Surface,1,1,TP,ugL,10.99536153,
5345,2024-09-11,2024,37,5,42.002583,-82.578633,Surface,1,2,TP,ugL,13.69598248,
5340,2024-09-11,2024,37,5,42.002583,-82.578633,Bottom,7,1,TP,ugL,7.847495933,
5341,2024-09-11,2024,37,5,42.002583,-82.578633,Bottom,7,2,TP,ugL,11.15331778,
,2024-09-11,2024,37,5,42.002583,-82.578633,Surface,1,1,TSS,mgL,2.84,
,2024-09-11,2024,37,5,42.002583,-82.578633,Bottom,7,1,TSS,mgL,6.743,
,2024-09-11,2024,37,6,42.0222,-82.669683,Surface,1,1,CHLA,ugL,59.03,
,2024-09-11,2024,37,6,42.0222,-82.669683,Surface,1,2,CHLA,ugL,51.44,
,2024-09-11,2024,37,6,42.0222,-82.669683,Bottom,7,1,CHLA,ugL,78.18,
,2024-09-11,2024,37,6,42.0222,-82.669683,Bottom,7,2,CHLA,ugL,63.43,
,2024-09-11,2024,37,6,42.0222,-82.669683,Surface,1,1,COND,uS,232.2,
,2024-09-11,2024,37,6,42.0222,-82.669683,Bottom,7,1,COND,uS,232.3,
,2024-09-11,2024,37,6,42.0222,-82.669683,Surface,1,1,DMC,ugL,0.046634007,BDL
,2024-09-11,2024,37,6,42.0222,-82.669683,Surface,1,1,DO,sat%,105,
,2024-09-11,2024,37,6,42.0222,-82.669683,Bottom,7,1,DO,sat%,90.9,
,2024-09-11,2024,37,6,42.0222,-82.669683,Surface,1,1,NH4,ugL,7.894597411,
,2024-09-11,2024,37,6,42.0222,-82.669683,Surface,1,2,NH4,ugL,6.619316291,
,2024-09-11,2024,37,6,42.0222,-82.669683,Bottom,7,1,NH4,ugL,2.975655947,
,2024-09-11,2024,37,6,42.0222,-82.669683,Bottom,7,2,NH4,ugL,1.336008793,
,2024-09-11,2024,37,6,42.0222,-82.669683,Surface,1,1,NO3,ugl,195.14,
,2024-09-11,2024,37,6,42.0222,-82.669683,Bottom,7,1,NO3,ugl,213.06,
,2024-09-11,2024,37,6,42.0222,-82.669683,Surface,1,1,pH,pH,8.41,
,2024-09-11,2024,37,6,42.0222,-82.669683,Bottom,7,1,pH,pH,8.26,
,2024-09-11,2024,37,6,42.0222,-82.669683,Surface,1,1,PP,ugL,10.30349334,
,2024-09-11,2024,37,6,42.0222,-82.669683,Surface,1,2,PP,ugL,8.123220008,
,2024-09-11,2024,37,6,42.0222,-82.669683,Bottom,7,1,PP,ugL,13.1215623,
,2024-09-11,2024,37,6,42.0222,-82.669683,Bottom,7,2,PP,ugL,13.09518974,
,2024-09-11,2024,37,6,42.0222,-82.669683,Surface,1,1,PRESSURE,mmHg,749.8,
,2024-09-11,2024,37,6,42.0222,-82.669683,Bottom,7,1,PRESSURE,mmHg,749.8,
,2024-09-11,2024,37,6,42.0222,-82.669683,Surface,1,1,SECCHI,m,2.40,
5350,2024-09-11,2024,37,6,42.0222,-82.669683,Surface,1,1,SRP,ugL,1.82,
5351,2024-09-11,2024,37,6,42.0222,-82.669683,Surface,1,2,SRP,ugL,2.12,
5346,2024-09-11,2024,37,6,42.0222,-82.669683,Bottom,7,1,SRP,ugL,2.22,
5347,2024-09-11,2024,37,6,42.0222,-82.669683,Bottom,7,2,SRP,ugL,3.47,
,2024-09-11,2024,37,6,42.0222,-82.669683,Surface,1,1,TDN,ugl,416.0330328,
,2024-09-11,2024,37,6,42.0222,-82.669683,Bottom,7,1,TDN,ugl,534.9316627,
,2024-09-11,2024,37,6,42.0222,-82.669683,Surface,1,1,TEMP,C,21.7,
,2024-09-11,2024,37,6,42.0222,-82.669683,Bottom,7,1,TEMP,C,21.1,
,2024-09-11,2024,37,6,42.0222,-82.669683,Surface,1,1,TMC,ugl,0.469239337,
5352,2024-09-11,2024,37,6,42.0222,-82.669683,Surface,1,1,TP,ugL,8.335193421,
5353,2024-09-11,2024,37,6,42.0222,-82.669683,Surface,1,2,TP,ugL,9.519037584,
5348,2024-09-11,2024,37,6,42.0222,-82.669683,Bottom,7,1,TP,ugL,4.433613522,
5349,2024-09-11,2024,37,6,42.0222,-82.669683,Bottom,7,2,TP,ugL,9.248044673,
,2024-09-11,2024,37,6,42.0222,-82.669683,Surface,1,1,TSS,mgL,2.098,
,2024-09-11,2024,37,6,42.0222,-82.669683,Bottom,7,1,TSS,mgL,2.749,
,2024-09-11,2024,37,7,41.99605,-82.7179,Surface,1,1,CHLA,ugL,48.93,
,2024-09-11,2024,37,7,41.99605,-82.7179,Surface,1,2,CHLA,ugL,53.07,
,2024-09-11,2024,37,7,41.99605,-82.7179,Bottom,9,1,CHLA,ugL,57.37,
,2024-09-11,2024,37,7,41.99605,-82.7179,Bottom,9,2,CHLA,ugL,52.11,
,2024-09-11,2024,37,7,41.99605,-82.7179,Surface,1,1,COND,uS,231.9,
,2024-09-11,2024,37,7,41.99605,-82.7179,Bottom,9,1,COND,uS,231.3,
,2024-09-11,2024,37,7,41.99605,-82.7179,Surface,1,1,DMC,ugL,0.036787335,BDL
,2024-09-11,2024,37,7,41.99605,-82.7179,Surface,1,1,DO,sat%,102.5,
,2024-09-11,2024,37,7,41.99605,-82.7179,Bottom,9,1,DO,sat%,90.8,
,2024-09-11,2024,37,7,41.99605,-82.7179,Surface,1,1,NH4,ugL,5.890584222,
,2024-09-11,2024,37,7,41.99605,-82.7179,Surface,1,2,NH4,ugL,8.62332948,
,2024-09-11,2024,37,7,41.99605,-82.7179,Bottom,9,1,NH4,ugL,20.10085956,
,2024-09-11,2024,37,7,41.99605,-82.7179,Bottom,9,2,NH4,ugL,23.01578784,
,2024-09-11,2024,37,7,41.99605,-82.7179,Surface,1,1,NO3,ugl,195.3,
,2024-09-11,2024,37,7,41.99605,-82.7179,Bottom,9,1,NO3,ugl,213.66,
,2024-09-11,2024,37,7,41.99605,-82.7179,Surface,1,1,pH,pH,8.38,
,2024-09-11,2024,37,7,41.99605,-82.7179,Bottom,9,1,pH,pH,8.15,
,2024-09-11,2024,37,7,41.99605,-82.7179,Surface,1,1,PP,ugL,7.74701942,
,2024-09-11,2024,37,7,41.99605,-82.7179,Surface,1,2,PP,ugL,6.128588167,
,2024-09-11,2024,37,7,41.99605,-82.7179,Bottom,9,1,PP,ugL,10.5298058,
,2024-09-11,2024,37,7,41.99605,-82.7179,Bottom,9,2,PP,ugL,10.0676144,
,2024-09-11,2024,37,7,41.99605,-82.7179,Surface,1,1,PRESSURE,mmHg,749.8,
,2024-09-11,2024,37,7,41.99605,-82.7179,Bottom,9,1,PRESSURE,mmHg,749.7,
,2024-09-11,2024,37,7,41.99605,-82.7179,Surface,1,1,SECCHI,m,2.20,
5358,2024-09-11,2024,37,7,41.99605,-82.7179,Surface,1,1,SRP,ugL,2.31,
5359,2024-09-11,2024,37,7,41.99605,-82.7179,Surface,1,2,SRP,ugL,1.70,
5354,2024-09-11,2024,37,7,41.99605,-82.7179,Bottom,9,1,SRP,ugL,2.84,
5355,2024-09-11,2024,37,7,41.99605,-82.7179,Bottom,9,2,SRP,ugL,3.47,
,2024-09-11,2024,37,7,41.99605,-82.7179,Surface,1,1,TDN,ugl,405.9216944,
,2024-09-11,2024,37,7,41.99605,-82.7179,Bottom,9,1,TDN,ugl,475.8123538,
,2024-09-11,2024,37,7,41.99605,-82.7179,Surface,1,1,TEMP,C,21.5,
,2024-09-11,2024,37,7,41.99605,-82.7179,Bottom,9,1,TEMP,C,21.1,
5360,2024-09-11,2024,37,7,41.99605,-82.7179,Surface,1,1,TP,ugL,9.798285883,
5361,2024-09-11,2024,37,7,41.99605,-82.7179,Surface,1,2,TP,ugL,16.24611726,
5356,2024-09-11,2024,37,7,41.99605,-82.7179,Bottom,9,1,TP,ugL,9.842622018,
5357,2024-09-11,2024,37,7,41.99605,-82.7179,Bottom,9,2,TP,ugL,16.0702459,
,2024-09-11,2024,37,7,41.99605,-82.7179,Surface,1,1,TSS,mgL,1.668,
,2024-09-11,2024,37,7,41.99605,-82.7179,Bottom,9,1,TSS,mgL,2.65,
,2024-10-01,2024,40,2,41.971783,-82.488083,Surface,1,1,CHLA,ugL,66.51,
,2024-10-01,2024,40,2,41.971783,-82.488083,Surface,1,2,CHLA,ugL,54.73,
,2024-10-01,2024,40,2,41.971783,-82.488083,Bottom,10,1,CHLA,ugL,59.74,
,2024-10-01,2024,40,2,41.971783,-82.488083,Bottom,10,2,CHLA,ugL,58.53,
,2024-10-01,2024,40,2,41.971783,-82.488083,Surface,1,1,COND,uS,232.9,
,2024-10-01,2024,40,2,41.971783,-82.488083,Bottom,10,1,COND,uS,232.9,
,2024-10-01,2024,40,2,41.971783,-82.488083,Surface,1,1,DMC,ugL,0.044336834,BDL
,2024-10-01,2024,40,2,41.971783,-82.488083,Surface,1,1,DO,sat%,93.5,
,2024-10-01,2024,40,2,41.971783,-82.488083,Bottom,10,1,DO,sat%,92.5,
,2024-10-01,2024,40,2,41.971783,-82.488083,Surface,1,1,NH4,ugL,20.28304258,
,2024-10-01,2024,40,2,41.971783,-82.488083,Surface,1,2,NH4,ugL,20.4652256,
,2024-10-01,2024,40,2,41.971783,-82.488083,Bottom,10,1,NH4,ugL,18.27902939,
,2024-10-01,2024,40,2,41.971783,-82.488083,Bottom,10,2,NH4,ugL,121.7589831,
,2024-10-01,2024,40,2,41.971783,-82.488083,Surface,1,1,NO3,ugl,166.63,
,2024-10-01,2024,40,2,41.971783,-82.488083,Bottom,10,1,NO3,ugl,162,
,2024-10-01,2024,40,2,41.971783,-82.488083,Surface,1,1,pH,pH,8.25,
,2024-10-01,2024,40,2,41.971783,-82.488083,Bottom,10,1,pH,pH,8.24,
,2024-10-01,2024,40,2,41.971783,-82.488083,Surface,1,1,PP,ugL,15.08478508,
,2024-10-01,2024,40,2,41.971783,-82.488083,Surface,1,2,PP,ugL,15.32511739,
,2024-10-01,2024,40,2,41.971783,-82.488083,Bottom,10,1,PP,ugL,17.70023129,
,2024-10-01,2024,40,2,41.971783,-82.488083,Bottom,10,2,PP,ugL,17.04139275,
,2024-10-01,2024,40,2,41.971783,-82.488083,Surface,1,1,PRESSURE,mmHg,744.9,
,2024-10-01,2024,40,2,41.971783,-82.488083,Bottom,10,1,PRESSURE,mmHg,745,
,2024-10-01,2024,40,2,41.971783,-82.488083,Surface,1,1,SECCHI,m,1.40,
5366,2024-10-01,2024,40,2,41.971783,-82.488083,Surface,1,1,SRP,ugL,3.12,
5367,2024-10-01,2024,40,2,41.971783,-82.488083,Surface,1,2,SRP,ugL,4.19,
5362,2024-10-01,2024,40,2,41.971783,-82.488083,Bottom,10,1,SRP,ugL,4.27,
5363,2024-10-01,2024,40,2,41.971783,-82.488083,Bottom,10,2,SRP,ugL,5.83,
,2024-10-01,2024,40,2,41.971783,-82.488083,Surface,1,1,TDN,ugl,454.5925307,
,2024-10-01,2024,40,2,41.971783,-82.488083,Bottom,10,1,TDN,ugl,410.3003797,
,2024-10-01,2024,40,2,41.971783,-82.488083,Surface,1,1,TEMP,C,21.4,
,2024-10-01,2024,40,2,41.971783,-82.488083,Bottom,10,1,TEMP,C,21.4,
5368,2024-10-01,2024,40,2,41.971783,-82.488083,Surface,1,1,TP,ugL,7.758823663,
5369,2024-10-01,2024,40,2,41.971783,-82.488083,Surface,1,2,TP,ugL,28.95282332,
5364,2024-10-01,2024,40,2,41.971783,-82.488083,Bottom,10,1,TP,ugL,11.8377481,
5365,2024-10-01,2024,40,2,41.971783,-82.488083,Bottom,10,2,TP,ugL,47.41931656,
,2024-10-01,2024,40,2,41.971783,-82.488083,Surface,1,1,TSS,mgL,8.322,
,2024-10-01,2024,40,2,41.971783,-82.488083,Bottom,10,1,TSS,mgL,7.19,
,2024-10-01,2024,40,4,41.8927,-82.525767,Surface,1,1,CHLA,ugL,61.17,
,2024-10-01,2024,40,4,41.8927,-82.525767,Surface,1,2,CHLA,ugL,55.81,
,2024-10-01,2024,40,4,41.8927,-82.525767,Bottom,10,1,CHLA,ugL,73.16,
,2024-10-01,2024,40,4,41.8927,-82.525767,Bottom,10,2,CHLA,ugL,82.15,
,2024-10-01,2024,40,4,41.8927,-82.525767,Surface,1,1,COND,uS,232.9,
,2024-10-01,2024,40,4,41.8927,-82.525767,Bottom,10,1,COND,uS,232.3,
,2024-10-01,2024,40,4,41.8927,-82.525767,Surface,1,1,DMC,ugL,0.049705298,BDL
,2024-10-01,2024,40,4,41.8927,-82.525767,Surface,1,1,DO,sat%,96.3,
,2024-10-01,2024,40,4,41.8927,-82.525767,Bottom,10,1,DO,sat%,95.4,
,2024-10-01,2024,40,4,41.8927,-82.525767,Surface,1,1,NH4,ugL,74.02703265,
,2024-10-01,2024,40,4,41.8927,-82.525767,Surface,1,2,NH4,ugL,65.46443084,
,2024-10-01,2024,40,4,41.8927,-82.525767,Bottom,10,1,NH4,ugL,6.072767239,
,2024-10-01,2024,40,4,41.8927,-82.525767,Bottom,10,2,NH4,ugL,6.254950257,
,2024-10-01,2024,40,4,41.8927,-82.525767,Surface,1,1,NO3,ugl,185.81,
,2024-10-01,2024,40,4,41.8927,-82.525767,Bottom,10,1,NO3,ugl,172.29,
,2024-10-01,2024,40,4,41.8927,-82.525767,Surface,1,1,pH,pH,8.28,
,2024-10-01,2024,40,4,41.8927,-82.525767,Bottom,10,1,pH,pH,8.26,
,2024-10-01,2024,40,4,41.8927,-82.525767,Surface,1,1,PP,ugL,11.29997382,
,2024-10-01,2024,40,4,41.8927,-82.525767,Surface,1,2,PP,ugL,12.55744397,
,2024-10-01,2024,40,4,41.8927,-82.525767,Bottom,10,1,PP,ugL,14.90131573,
,2024-10-01,2024,40,4,41.8927,-82.525767,Bottom,10,2,PP,ugL,16.07560339,
,2024-10-01,2024,40,4,41.8927,-82.525767,Surface,1,1,PRESSURE,mmHg,745.2,
,2024-10-01,2024,40,4,41.8927,-82.525767,Bottom,10,1,PRESSURE,mmHg,745.2,
,2024-10-01,2024,40,4,41.8927,-82.525767,Surface,1,1,SECCHI,m,1.80,
5374,2024-10-01,2024,40,4,41.8927,-82.525767,Surface,1,1,SRP,ugL,1.82,
5375,2024-10-01,2024,40,4,41.8927,-82.525767,Surface,1,2,SRP,ugL,2.05,
5370,2024-10-01,2024,40,4,41.8927,-82.525767,Bottom,10,1,SRP,ugL,5.91,
5371,2024-10-01,2024,40,4,41.8927,-82.525767,Bottom,10,2,SRP,ugL,5.12,
,2024-10-01,2024,40,4,41.8927,-82.525767,Surface,1,1,TDN,ugl,457.4408154,
,2024-10-01,2024,40,4,41.8927,-82.525767,Bottom,10,1,TDN,ugl,509.9035692,
,2024-10-01,2024,40,4,41.8927,-82.525767,Surface,1,1,TEMP,C,21.3,
,2024-10-01,2024,40,4,41.8927,-82.525767,Bottom,10,1,TEMP,C,21.3,
,2024-10-01,2024,40,4,41.8927,-82.525767,Surface,1,1,TMC,ugl,1.101047377,
5376,2024-10-01,2024,40,4,41.8927,-82.525767,Surface,1,1,TP,ugL,10.41899178,
5377,2024-10-01,2024,40,4,41.8927,-82.525767,Surface,1,2,TP,ugL,17.16944192,
5372,2024-10-01,2024,40,4,41.8927,-82.525767,Bottom,10,1,TP,ugL,8.778554773,
5373,2024-10-01,2024,40,4,41.8927,-82.525767,Bottom,10,2,TP,ugL,34.66864266,
,2024-10-01,2024,40,4,41.8927,-82.525767,Surface,1,1,TSS,mgL,5.821,
,2024-10-01,2024,40,4,41.8927,-82.525767,Bottom,10,1,TSS,mgL,14.902,
,2024-10-01,2024,40,5,42.002583,-82.578633,Surface,1,1,CHLA,ugL,86.50,
,2024-10-01,2024,40,5,42.002583,-82.578633,Surface,1,2,CHLA,ugL,82.68,
,2024-10-01,2024,40,5,42.002583,-82.578633,Bottom,7,1,CHLA,ugL,84.07,
,2024-10-01,2024,40,5,42.002583,-82.578633,Bottom,7,2,CHLA,ugL,76.70,
,2024-10-01,2024,40,5,42.002583,-82.578633,Surface,1,1,COND,uS,234.5,
,2024-10-01,2024,40,5,42.002583,-82.578633,Bottom,7,1,COND,uS,234.8,
,2024-10-01,2024,40,5,42.002583,-82.578633,Surface,1,1,DMC,ugL,0.046399181,BDL
,2024-10-01,2024,40,5,42.002583,-82.578633,Surface,1,1,DO,sat%,96.2,
,2024-10-01,2024,40,5,42.002583,-82.578633,Bottom,7,1,DO,sat%,94.2,
,2024-10-01,2024,40,5,42.002583,-82.578633,Surface,1,1,NH4,ugL,17.91466336,
,2024-10-01,2024,40,5,42.002583,-82.578633,Surface,1,2,NH4,ugL,19.91867655,
,2024-10-01,2024,40,5,42.002583,-82.578633,Bottom,7,1,NH4,ugL,61.09203843,
,2024-10-01,2024,40,5,42.002583,-82.578633,Bottom,7,2,NH4,ugL,62.73168558,
,2024-10-01,2024,40,5,42.002583,-82.578633,Surface,1,1,NO3,ugl,156.52,
,2024-10-01,2024,40,5,42.002583,-82.578633,Bottom,7,1,NO3,ugl,177.68,
,2024-10-01,2024,40,5,42.002583,-82.578633,Surface,1,1,pH,pH,8.37,
,2024-10-01,2024,40,5,42.002583,-82.578633,Bottom,7,1,pH,pH,8.34,
,2024-10-01,2024,40,5,42.002583,-82.578633,Surface,1,1,PP,ugL,13.92852498,
,2024-10-01,2024,40,5,42.002583,-82.578633,Surface,1,2,PP,ugL,14.91860415,
,2024-10-01,2024,40,5,42.002583,-82.578633,Bottom,7,1,PP,ugL,16.70929522,
,2024-10-01,2024,40,5,42.002583,-82.578633,Bottom,7,2,PP,ugL,18.4126701,
,2024-10-01,2024,40,5,42.002583,-82.578633,Surface,1,1,PRESSURE,mmHg,745.1,
,2024-10-01,2024,40,5,42.002583,-82.578633,Bottom,7,1,PRESSURE,mmHg,745.1,
,2024-10-01,2024,40,5,42.002583,-82.578633,Surface,1,1,SECCHI,m,1.50,
5382,2024-10-01,2024,40,5,42.002583,-82.578633,Surface,1,1,SRP,ugL,2.13,
5383,2024-10-01,2024,40,5,42.002583,-82.578633,Surface,1,2,SRP,ugL,2.60,
5378,2024-10-01,2024,40,5,42.002583,-82.578633,Bottom,7,1,SRP,ugL,3.46,
5379,2024-10-01,2024,40,5,42.002583,-82.578633,Bottom,7,2,SRP,ugL,5.25,
,2024-10-01,2024,40,5,42.002583,-82.578633,Surface,1,1,TDN,ugl,409.8913745,
,2024-10-01,2024,40,5,42.002583,-82.578633,Bottom,7,1,TDN,ugl,524.385207,
,2024-10-01,2024,40,5,42.002583,-82.578633,Surface,1,1,TEMP,C,21.3,
,2024-10-01,2024,40,5,42.002583,-82.578633,Bottom,7,1,TEMP,C,21.3,
5384,2024-10-01,2024,40,5,42.002583,-82.578633,Surface,1,1,TP,ugL,7.714487528,
5385,2024-10-01,2024,40,5,42.002583,-82.578633,Surface,1,2,TP,ugL,16.90563488,
5380,2024-10-01,2024,40,5,42.002583,-82.578633,Bottom,7,1,TP,ugL,6.11838666,
5381,2024-10-01,2024,40,5,42.002583,-82.578633,Bottom,7,2,TP,ugL,34.14102856,
,2024-10-01,2024,40,5,42.002583,-82.578633,Surface,1,1,TSS,mgL,4.13,
,2024-10-01,2024,40,5,42.002583,-82.578633,Bottom,7,1,TSS,mgL,3.196,
,2024-10-01,2024,40,6,42.0222,-82.669683,Surface,1,1,CHLA,ugL,80.31,
,2024-10-01,2024,40,6,42.0222,-82.669683,Surface,1,2,CHLA,ugL,89.92,
,2024-10-01,2024,40,6,42.0222,-82.669683,Bottom,7,1,CHLA,ugL,90.84,
,2024-10-01,2024,40,6,42.0222,-82.669683,Bottom,7,2,CHLA,ugL,30.15,
,2024-10-01,2024,40,6,42.0222,-82.669683,Surface,1,1,COND,uS,230.8,
,2024-10-01,2024,40,6,42.0222,-82.669683,Bottom,7,1,COND,uS,230.9,
,2024-10-01,2024,40,6,42.0222,-82.669683,Surface,1,1,DMC,ugL,0.041338576,BDL
,2024-10-01,2024,40,6,42.0222,-82.669683,Bottom,7,1,DMC,ugL,0.056945994,BDL
,2024-10-01,2024,40,6,42.0222,-82.669683,Surface,1,1,DO,sat%,93.7,
,2024-10-01,2024,40,6,42.0222,-82.669683,Bottom,7,1,DO,sat%,93.1,
,2024-10-01,2024,40,6,42.0222,-82.669683,Surface,1,1,NH4,ugL,41.05190654,
,2024-10-01,2024,40,6,42.0222,-82.669683,Surface,1,2,NH4,ugL,50.88978947,
,2024-10-01,2024,40,6,42.0222,-82.669683,Bottom,7,1,NH4,ugL,23.01578784,
,2024-10-01,2024,40,6,42.0222,-82.669683,Bottom,7,2,NH4,ugL,24.83761801,
,2024-10-01,2024,40,6,42.0222,-82.669683,Bottom,7,1,NO3,ugl,200.27,
,2024-10-01,2024,40,6,42.0222,-82.669683,Surface,1,1,pH,pH,8.36,
,2024-10-01,2024,40,6,42.0222,-82.669683,Bottom,7,1,pH,pH,8.35,
,2024-10-01,2024,40,6,42.0222,-82.669683,Surface,1,1,PP,ugL,13.87156884,
,2024-10-01,2024,40,6,42.0222,-82.669683,Surface,1,2,PP,ugL,13.51093027,
,2024-10-01,2024,40,6,42.0222,-82.669683,Bottom,7,1,PP,ugL,19.10750164,
,2024-10-01,2024,40,6,42.0222,-82.669683,Bottom,7,2,PP,ugL,18.79867827,
,2024-10-01,2024,40,6,42.0222,-82.669683,Surface,1,1,PRESSURE,mmHg,745,
,2024-10-01,2024,40,6,42.0222,-82.669683,Bottom,7,1,PRESSURE,mmHg,745,
,2024-10-01,2024,40,6,42.0222,-82.669683,Surface,1,1,SECCHI,m,1.60,
5390,2024-10-01,2024,40,6,42.0222,-82.669683,Surface,1,1,SRP,ugL,,ND
5391,2024-10-01,2024,40,6,42.0222,-82.669683,Surface,1,2,SRP,ugL,,ND
5386,2024-10-01,2024,40,6,42.0222,-82.669683,Bottom,7,1,SRP,ugL,9.54,
5387,2024-10-01,2024,40,6,42.0222,-82.669683,Bottom,7,2,SRP,ugL,11.26,
,2024-10-01,2024,40,6,42.0222,-82.669683,Bottom,7,1,TDN,ugl,695.0650584,
,2024-10-01,2024,40,6,42.0222,-82.669683,Surface,1,1,TEMP,C,21.3,
,2024-10-01,2024,40,6,42.0222,-82.669683,Bottom,7,1,TEMP,C,21.3,
5392,2024-10-01,2024,40,6,42.0222,-82.669683,Surface,1,1,TP,ugL,9.044571584,
5393,2024-10-01,2024,40,6,42.0222,-82.669683,Surface,1,2,TP,ugL,22.44558285,
5388,2024-10-01,2024,40,6,42.0222,-82.669683,Bottom,7,1,TP,ugL,10.90668926,
5389,2024-10-01,2024,40,6,42.0222,-82.669683,Bottom,7,2,TP,ugL,37.65845585,
,2024-10-01,2024,40,6,42.0222,-82.669683,Surface,1,1,TSS,mgL,3.77,
,2024-10-01,2024,40,6,42.0222,-82.669683,Bottom,7,1,TSS,mgL,3.233,
,2024-10-01,2024,40,7,41.99605,-82.7179,Surface,1,1,CHLA,ugL,31.90,
,2024-10-01,2024,40,7,41.99605,-82.7179,Surface,1,2,CHLA,ugL,-1.32,
,2024-10-01,2024,40,7,41.99605,-82.7179,Bottom,9,1,CHLA,ugL,43.97,
,2024-10-01,2024,40,7,41.99605,-82.7179,Bottom,9,2,CHLA,ugL,37.48,
,2024-10-01,2024,40,7,41.99605,-82.7179,Surface,1,1,COND,uS,225.4,
,2024-10-01,2024,40,7,41.99605,-82.7179,Bottom,9,1,COND,uS,225.5,
,2024-10-01,2024,40,7,41.99605,-82.7179,Surface,1,1,DMC,ugL,0.033342106,BDL
,2024-10-01,2024,40,7,41.99605,-82.7179,Surface,1,1,DO,sat%,93.3,
,2024-10-01,2024,40,7,41.99605,-82.7179,Bottom,9,1,DO,sat%,92.6,
,2024-10-01,2024,40,7,41.99605,-82.7179,Surface,1,1,NH4,ugL,26.47726516,
,2024-10-01,2024,40,7,41.99605,-82.7179,Surface,1,2,NH4,ugL,27.57036327,
,2024-10-01,2024,40,7,41.99605,-82.7179,Bottom,9,1,NH4,ugL,,ND
,2024-10-01,2024,40,7,41.99605,-82.7179,Bottom,9,2,NH4,ugL,,ND
,2024-10-01,2024,40,7,41.99605,-82.7179,Surface,1,1,NO3,ugl,229.59,
,2024-10-01,2024,40,7,41.99605,-82.7179,Bottom,9,1,NO3,ugl,193.83,
,2024-10-01,2024,40,7,41.99605,-82.7179,Surface,1,1,pH,pH,8.21,
,2024-10-01,2024,40,7,41.99605,-82.7179,Bottom,9,1,pH,pH,8.2,
,2024-10-01,2024,40,7,41.99605,-82.7179,Surface,1,1,PP,ugL,8.974852717,
,2024-10-01,2024,40,7,41.99605,-82.7179,Surface,1,2,PP,ugL,9.600611158,
,2024-10-01,2024,40,7,41.99605,-82.7179,Bottom,9,1,PP,ugL,10.11498364,
,2024-10-01,2024,40,7,41.99605,-82.7179,Bottom,9,2,PP,ugL,9.951760685,
,2024-10-01,2024,40,7,41.99605,-82.7179,Surface,1,1,PRESSURE,mmHg,745,
,2024-10-01,2024,40,7,41.99605,-82.7179,Bottom,9,1,PRESSURE,mmHg,744.9,
,2024-10-01,2024,40,7,41.99605,-82.7179,Surface,1,1,SECCHI,m,1.70,
5398,2024-10-01,2024,40,7,41.99605,-82.7179,Surface,1,1,SRP,ugL,3.83,
5399,2024-10-01,2024,40,7,41.99605,-82.7179,Surface,1,2,SRP,ugL,3.73,
5394,2024-10-01,2024,40,7,41.99605,-82.7179,Bottom,9,1,SRP,ugL,3.18,
5395,2024-10-01,2024,40,7,41.99605,-82.7179,Bottom,9,2,SRP,ugL,4.54,
,2024-10-01,2024,40,7,41.99605,-82.7179,Surface,1,1,TDN,ugl,543.1292689,
,2024-10-01,2024,40,7,41.99605,-82.7179,Bottom,9,1,TDN,ugl,525.070188,
,2024-10-01,2024,40,7,41.99605,-82.7179,Surface,1,1,TEMP,C,20.8,
,2024-10-01,2024,40,7,41.99605,-82.7179,Bottom,9,1,TEMP,C,20.8,
5400,2024-10-01,2024,40,7,41.99605,-82.7179,Surface,1,1,TP,ugL,7.980504339,
5401,2024-10-01,2024,40,7,41.99605,-82.7179,Surface,1,2,TP,ugL,12.59678646,
5396,2024-10-01,2024,40,7,41.99605,-82.7179,Bottom,9,1,TP,ugL,6.251395065,
5397,2024-10-01,2024,40,7,41.99605,-82.7179,Bottom,9,2,TP,ugL,13.47614328,
,2024-10-01,2024,40,7,41.99605,-82.7179,Surface,1,1,TSS,mgL,3.726,
,2024-10-01,2024,40,7,41.99605,-82.7179,Bottom,9,1,TSS,mgL,3.71,
