date,year,weeknum,buoy,buoy_lat,buoy_long,depth_cat,depth_m,param,units,value,flag_rep_diff,flag_nd,doy
8/9/2022,2022,33,2,41.913017,-82.7367,Surface,1,CHLA,ugL,3.02,TRUE,NA,221
8/9/2022,2022,33,4,41.8927,-82.5258,Surface,1,CHLA,ugL,5.87,FALSE,NA,221
8/9/2022,2022,33,4,41.8927,-82.5258,Bottom,8,CHLA,ugL,3.32,FALSE,NA,221
8/9/2022,2022,33,5,42.002583,-82.5786,Surface,1,CHLA,ugL,11.95,FALSE,NA,221
8/9/2022,2022,33,5,42.002583,-82.5786,Bottom,8.5,CHLA,ugL,6.17,FALSE,NA,221
8/9/2022,2022,33,6,42.0222,-82.6697,Surface,1,CHLA,ugL,7.35,FALSE,NA,221
8/9/2022,2022,33,6,42.0222,-82.6697,Bottom,8,CHLA,ugL,8.79,FALSE,NA,221
8/9/2022,2022,33,7,41.99605,-82.7179,Surface,1,CHLA,ugL,7.74,FALSE,NA,221
8/9/2022,2022,33,7,41.99605,-82.7179,Bottom,9.5,CHLA,ugL,7.34,FALSE,NA,221
8/17/2022,2022,34,2,41.913017,-82.7367,Surface,1,CHLA,ugL,12.96,FALSE,NA,229
8/17/2022,2022,34,2,41.913017,-82.7367,Bottom,11,CHLA,ugL,12.47,FALSE,NA,229
8/17/2022,2022,34,4,41.8927,-82.5258,Surface,1,CHLA,ugL,7.78,FALSE,NA,229
8/17/2022,2022,34,4,41.8927,-82.5258,Bottom,8,CHLA,ugL,8.07,FALSE,NA,229
8/17/2022,2022,34,5,42.002583,-82.5786,Surface,1,CHLA,ugL,6.03,FALSE,NA,229
8/17/2022,2022,34,5,42.002583,-82.5786,Bottom,8.5,CHLA,ugL,4.94,FALSE,NA,229
8/17/2022,2022,34,6,42.0222,-82.6697,Surface,1,CHLA,ugL,5.19,FALSE,NA,229
8/17/2022,2022,34,6,42.0222,-82.6697,Bottom,8,CHLA,ugL,6.47,FALSE,NA,229
8/17/2022,2022,34,7,41.99605,-82.7179,Surface,1,CHLA,ugL,5.76,FALSE,NA,229
8/17/2022,2022,34,7,41.99605,-82.7179,Bottom,9.5,CHLA,ugL,6.12,FALSE,NA,229
8/23/2022,2022,35,2,41.913017,-82.7367,Surface,1,CHLA,ugL,10.4,FALSE,NA,235
8/23/2022,2022,35,2,41.913017,-82.7367,Bottom,11,CHLA,ugL,10.79,FALSE,NA,235
8/23/2022,2022,35,4,41.8927,-82.5258,Surface,1,CHLA,ugL,10.67,FALSE,NA,235
8/23/2022,2022,35,4,41.8927,-82.5258,Bottom,8,CHLA,ugL,8.8,FALSE,NA,235
8/23/2022,2022,35,5,42.002583,-82.5786,Surface,1,CHLA,ugL,8.19,FALSE,NA,235
8/23/2022,2022,35,5,42.002583,-82.5786,Bottom,8.5,CHLA,ugL,7.3,FALSE,NA,235
8/23/2022,2022,35,6,42.0222,-82.6697,Surface,1,CHLA,ugL,11.05,TRUE,NA,235
8/23/2022,2022,35,6,42.0222,-82.6697,Bottom,8,CHLA,ugL,10.02,FALSE,NA,235
8/23/2022,2022,35,7,41.99605,-82.7179,Surface,1,CHLA,ugL,3.48,TRUE,NA,235
8/23/2022,2022,35,7,41.99605,-82.7179,Bottom,9.5,CHLA,ugL,1.58,TRUE,NA,235
9/1/2022,2022,36,2,41.913017,-82.7367,Surface,1,CHLA,ugL,10.17,FALSE,NA,244
9/1/2022,2022,36,2,41.913017,-82.7367,Bottom,11,CHLA,ugL,11.7,FALSE,NA,244
9/1/2022,2022,36,4,41.8927,-82.5258,Surface,1,CHLA,ugL,8.21,FALSE,NA,244
9/1/2022,2022,36,4,41.8927,-82.5258,Bottom,8,CHLA,ugL,9.88,FALSE,NA,244
9/1/2022,2022,36,5,42.002583,-82.5786,Surface,1,CHLA,ugL,3.43,TRUE,NA,244
9/1/2022,2022,36,5,42.002583,-82.5786,Bottom,8.5,CHLA,ugL,13.9,FALSE,NA,244
9/1/2022,2022,36,6,42.0222,-82.6697,Surface,1,CHLA,ugL,14.6,FALSE,NA,244
9/1/2022,2022,36,6,42.0222,-82.6697,Bottom,8,CHLA,ugL,11.61,TRUE,NA,244
9/1/2022,2022,36,7,41.99605,-82.7179,Surface,1,CHLA,ugL,16.03,FALSE,NA,244
9/1/2022,2022,36,7,41.99605,-82.7179,Bottom,9.5,CHLA,ugL,16.88,FALSE,NA,244
9/6/2022,2022,37,2,41.913017,-82.7367,Surface,1,CHLA,ugL,2.13,FALSE,NA,249
9/6/2022,2022,37,2,41.913017,-82.7367,Bottom,11,CHLA,ugL,1.4,TRUE,NA,249
9/6/2022,2022,37,4,41.8927,-82.5258,Surface,1,CHLA,ugL,9.45,FALSE,NA,249
9/6/2022,2022,37,4,41.8927,-82.5258,Bottom,8,CHLA,ugL,10.19,FALSE,NA,249
9/6/2022,2022,37,5,42.002583,-82.5786,Surface,1,CHLA,ugL,8.26,TRUE,NA,249
9/6/2022,2022,37,5,42.002583,-82.5786,Bottom,8.5,CHLA,ugL,5.25,FALSE,NA,249
9/6/2022,2022,37,6,42.0222,-82.6697,Surface,1,CHLA,ugL,9.86,FALSE,NA,249
9/6/2022,2022,37,6,42.0222,-82.6697,Bottom,8,CHLA,ugL,7.43,FALSE,NA,249
9/6/2022,2022,37,7,41.99605,-82.7179,Surface,1,CHLA,ugL,3.1,FALSE,NA,249
9/6/2022,2022,37,7,41.99605,-82.7179,Bottom,9.5,CHLA,ugL,5.39,TRUE,NA,249
9/23/2022,2022,39,2,41.913017,-82.7367,Surface,1,CHLA,ugL,1.52,FALSE,NA,266
9/23/2022,2022,39,2,41.913017,-82.7367,Bottom,11,CHLA,ugL,2.87,TRUE,NA,266
9/23/2022,2022,39,4,41.8927,-82.5258,Surface,1,CHLA,ugL,3.52,TRUE,NA,266
9/23/2022,2022,39,4,41.8927,-82.5258,Bottom,8,CHLA,ugL,5.89,TRUE,NA,266
9/23/2022,2022,39,5,42.002583,-82.5786,Surface,1,CHLA,ugL,7.9,TRUE,NA,266
9/23/2022,2022,39,5,42.002583,-82.5786,Bottom,8.5,CHLA,ugL,7.41,FALSE,NA,266
9/23/2022,2022,39,6,42.0222,-82.6697,Surface,1,CHLA,ugL,3.37,TRUE,NA,266
9/23/2022,2022,39,6,42.0222,-82.6697,Bottom,8,CHLA,ugL,4.78,FALSE,NA,266
9/23/2022,2022,39,7,41.99605,-82.7179,Surface,1,CHLA,ugL,2.93,TRUE,NA,266
9/23/2022,2022,39,7,41.99605,-82.7179,Bottom,9.5,CHLA,ugL,4.11,TRUE,NA,266
5/18/2023,2023,20,4,41.8927,-82.525767,Surface,1,CHLA,ugL,0.8,FALSE,NA,138
5/18/2023,2023,20,4,41.8927,-82.525767,Bottom,9.8,CHLA,ugL,1.04,FALSE,NA,138
5/18/2023,2023,20,5,42.002583,-82.578633,Surface,1,CHLA,ugL,2.06,TRUE,NA,138
5/18/2023,2023,20,5,42.002583,-82.578633,Bottom,8.1,CHLA,ugL,2.59,FALSE,NA,138
5/30/2023,2023,22,2,41.913017,-82.73665,Surface,1,CHLA,ugL,0.06,TRUE,NA,150
5/30/2023,2023,22,2,41.913017,-82.73665,Bottom,10.9,CHLA,ugL,1.07,TRUE,NA,150
5/30/2023,2023,22,4,41.8927,-82.525767,Surface,1,CHLA,ugL,1.93,FALSE,NA,150
5/30/2023,2023,22,4,41.8927,-82.525767,Bottom,9.8,CHLA,ugL,0.91,TRUE,NA,150
5/30/2023,2023,22,5,42.002583,-82.578633,Surface,1,CHLA,ugL,3.54,FALSE,NA,150
5/30/2023,2023,22,5,42.002583,-82.578633,Bottom,8.1,CHLA,ugL,2.1,FALSE,NA,150
5/30/2023,2023,22,6,42.0222,-82.669683,Surface,1,CHLA,ugL,2.17,FALSE,NA,150
5/30/2023,2023,22,6,42.0222,-82.669683,Bottom,7.9,CHLA,ugL,4.41,FALSE,NA,150
5/30/2023,2023,22,7,41.99605,-82.7179,Surface,1,CHLA,ugL,0.91,FALSE,NA,150
5/30/2023,2023,22,7,41.99605,-82.7179,Bottom,9.5,CHLA,ugL,1.95,FALSE,NA,150
6/11/2023,2023,24,2,41.913017,-82.73665,Surface,1,CHLA,ugL,2.52,FALSE,NA,162
6/11/2023,2023,24,2,41.913017,-82.73665,Bottom,10.9,CHLA,ugL,2.28,FALSE,NA,162
6/11/2023,2023,24,5,42.002583,-82.578633,Surface,1,CHLA,ugL,5.81,FALSE,NA,162
6/11/2023,2023,24,5,42.002583,-82.578633,Bottom,8.1,CHLA,ugL,3.88,FALSE,NA,162
6/11/2023,2023,24,6,42.0222,-82.669683,Surface,1,CHLA,ugL,3.72,FALSE,NA,162
6/11/2023,2023,24,6,42.0222,-82.669683,Bottom,7.9,CHLA,ugL,3.37,FALSE,NA,162
6/11/2023,2023,24,7,41.99605,-82.7179,Surface,1,CHLA,ugL,1.88,FALSE,NA,162
6/11/2023,2023,24,7,41.99605,-82.7179,Bottom,9.5,CHLA,ugL,2.65,FALSE,NA,162
6/23/2023,2023,25,2,41.913017,-82.73665,Surface,1,CHLA,ugL,6.84,FALSE,NA,174
6/23/2023,2023,25,2,41.913017,-82.73665,Bottom,10.9,CHLA,ugL,5.48,FALSE,NA,174
6/23/2023,2023,25,4,41.8927,-82.525767,Surface,1,CHLA,ugL,4.96,FALSE,NA,174
6/23/2023,2023,25,4,41.8927,-82.525767,Bottom,9.8,CHLA,ugL,3.08,FALSE,NA,174
6/23/2023,2023,25,5,42.002583,-82.578633,Surface,1,CHLA,ugL,2.55,TRUE,NA,174
6/23/2023,2023,25,5,42.002583,-82.578633,Bottom,8.1,CHLA,ugL,7.57,FALSE,NA,174
6/23/2023,2023,25,6,42.0222,-82.669683,Surface,1,CHLA,ugL,3.73,FALSE,NA,174
6/23/2023,2023,25,7,41.99605,-82.7179,Surface,1,CHLA,ugL,3.95,TRUE,NA,174
6/23/2023,2023,25,7,41.99605,-82.7179,Bottom,9.5,CHLA,ugL,4.22,FALSE,NA,174
7/10/2023,2023,28,2,41.913017,-82.73665,Surface,1,CHLA,ugL,5.53,FALSE,NA,191
7/10/2023,2023,28,2,41.913017,-82.73665,Bottom,10.9,CHLA,ugL,6.3,FALSE,NA,191
7/10/2023,2023,28,4,41.8927,-82.525767,Surface,1,CHLA,ugL,2.26,TRUE,NA,191
7/10/2023,2023,28,4,41.8927,-82.525767,Bottom,9.8,CHLA,ugL,4.4,FALSE,NA,191
7/10/2023,2023,28,5,42.002583,-82.578633,Surface,1,CHLA,ugL,8.07,FALSE,NA,191
7/10/2023,2023,28,5,42.002583,-82.578633,Bottom,8.1,CHLA,ugL,17.65,FALSE,NA,191
7/10/2023,2023,28,6,42.0222,-82.669683,Surface,1,CHLA,ugL,5.59,FALSE,NA,191
7/10/2023,2023,28,6,42.0222,-82.669683,Bottom,7.9,CHLA,ugL,4.45,FALSE,NA,191
7/10/2023,2023,28,7,41.99605,-82.7179,Surface,1,CHLA,ugL,4.04,FALSE,NA,191
7/10/2023,2023,28,7,41.99605,-82.7179,Bottom,9.5,CHLA,ugL,4.74,FALSE,NA,191
7/19/2023,2023,29,2,41.913017,-82.73665,Surface,1,CHLA,ugL,11.42,FALSE,NA,200
7/19/2023,2023,29,2,41.913017,-82.73665,Bottom,10.9,CHLA,ugL,10.65,FALSE,NA,200
7/19/2023,2023,29,4,41.8927,-82.525767,Surface,1,CHLA,ugL,5.19,FALSE,NA,200
7/19/2023,2023,29,4,41.8927,-82.525767,Bottom,9.8,CHLA,ugL,5.74,FALSE,NA,200
7/19/2023,2023,29,5,42.002583,-82.578633,Surface,1,CHLA,ugL,6.3,FALSE,NA,200
7/19/2023,2023,29,5,42.002583,-82.578633,Bottom,8.1,CHLA,ugL,8.57,FALSE,NA,200
7/19/2023,2023,29,6,42.0222,-82.669683,Surface,1,CHLA,ugL,6.46,FALSE,NA,200
7/19/2023,2023,29,6,42.0222,-82.669683,Bottom,7.9,CHLA,ugL,6.43,FALSE,NA,200
7/19/2023,2023,29,7,41.99605,-82.7179,Surface,1,CHLA,ugL,6.3,FALSE,NA,200
7/19/2023,2023,29,7,41.99605,-82.7179,Bottom,9.5,CHLA,ugL,7.5,FALSE,NA,200
7/25/2023,2023,30,2,41.913017,-82.73665,Surface,1,CHLA,ugL,5.46,FALSE,NA,206
7/25/2023,2023,30,2,41.913017,-82.73665,Bottom,10.9,CHLA,ugL,6.12,FALSE,NA,206
7/25/2023,2023,30,4,41.8927,-82.525767,Surface,1,CHLA,ugL,6.66,FALSE,NA,206
7/25/2023,2023,30,4,41.8927,-82.525767,Bottom,9.8,CHLA,ugL,3.83,FALSE,NA,206
7/25/2023,2023,30,5,42.002583,-82.578633,Surface,1,CHLA,ugL,4.88,FALSE,NA,206
7/25/2023,2023,30,5,42.002583,-82.578633,Bottom,8.1,CHLA,ugL,6.3,FALSE,NA,206
7/25/2023,2023,30,6,42.0222,-82.669683,Surface,1,CHLA,ugL,5.16,FALSE,NA,206
7/25/2023,2023,30,7,41.99605,-82.7179,Surface,1,CHLA,ugL,4.53,FALSE,NA,206
7/25/2023,2023,30,7,41.99605,-82.7179,Bottom,9.5,CHLA,ugL,8.04,FALSE,NA,206
7/26/2023,2023,30,2,41.913017,-82.73665,Surface,1,CHLA,ugL,5.52,FALSE,NA,207
7/26/2023,2023,30,2,41.913017,-82.73665,Bottom,10.9,CHLA,ugL,6.25,FALSE,NA,207
7/26/2023,2023,30,4,41.8927,-82.525767,Surface,1,CHLA,ugL,7.06,FALSE,NA,207
7/26/2023,2023,30,4,41.8927,-82.525767,Bottom,9.8,CHLA,ugL,4.29,FALSE,NA,207
7/26/2023,2023,30,5,42.002583,-82.578633,Surface,1,CHLA,ugL,5.91,FALSE,NA,207
7/26/2023,2023,30,5,42.002583,-82.578633,Bottom,8.1,CHLA,ugL,7.17,FALSE,NA,207
7/26/2023,2023,30,6,42.0222,-82.669683,Surface,1,CHLA,ugL,6.08,FALSE,NA,207
7/26/2023,2023,30,7,41.99605,-82.7179,Surface,1,CHLA,ugL,5.25,FALSE,NA,207
7/26/2023,2023,30,7,41.99605,-82.7179,Bottom,9.5,CHLA,ugL,8.3,FALSE,NA,207
8/1/2023,2023,31,2,41.913017,-82.73665,Surface,1,CHLA,ugL,8.67,FALSE,NA,213
8/1/2023,2023,31,2,41.913017,-82.73665,Bottom,10.9,CHLA,ugL,8.19,FALSE,NA,213
8/1/2023,2023,31,4,41.8927,-82.525767,Surface,1,CHLA,ugL,6.68,FALSE,NA,213
8/1/2023,2023,31,4,41.8927,-82.525767,Bottom,9.8,CHLA,ugL,6.52,FALSE,NA,213
8/1/2023,2023,31,5,42.002583,-82.578633,Surface,1,CHLA,ugL,6.32,FALSE,NA,213
8/1/2023,2023,31,5,42.002583,-82.578633,Bottom,8.1,CHLA,ugL,5.62,FALSE,NA,213
8/1/2023,2023,31,6,42.0222,-82.669683,Surface,1,CHLA,ugL,7.87,FALSE,NA,213
8/1/2023,2023,31,6,42.0222,-82.669683,Bottom,7.9,CHLA,ugL,7.38,FALSE,NA,213
8/1/2023,2023,31,7,41.99605,-82.7179,Surface,1,CHLA,ugL,8.83,FALSE,NA,213
8/1/2023,2023,31,7,41.99605,-82.7179,Bottom,9.5,CHLA,ugL,8.89,FALSE,NA,213
8/16/2023,2023,33,2,41.913017,-82.73665,Surface,1,CHLA,ugL,7.6,FALSE,NA,228
8/16/2023,2023,33,2,41.913017,-82.73665,Bottom,10.9,CHLA,ugL,7.79,FALSE,NA,228
8/16/2023,2023,33,4,41.8927,-82.525767,Surface,1,CHLA,ugL,5.41,FALSE,NA,228
8/16/2023,2023,33,4,41.8927,-82.525767,Bottom,9.8,CHLA,ugL,7.32,FALSE,NA,228
8/16/2023,2023,33,5,42.002583,-82.578633,Surface,1,CHLA,ugL,13.73,FALSE,NA,228
8/16/2023,2023,33,5,42.002583,-82.578633,Bottom,8.1,CHLA,ugL,10.59,TRUE,NA,228
8/16/2023,2023,33,6,42.0222,-82.669683,Surface,1,CHLA,ugL,11.3,FALSE,NA,228
8/16/2023,2023,33,6,42.0222,-82.669683,Bottom,7.9,CHLA,ugL,11.24,FALSE,NA,228
8/16/2023,2023,33,7,41.99605,-82.7179,Surface,1,CHLA,ugL,15.66,FALSE,NA,228
8/16/2023,2023,33,7,41.99605,-82.7179,Bottom,9.5,CHLA,ugL,16.39,FALSE,NA,228
8/28/2023,2023,35,2,41.913017,-82.73665,Surface,1,CHLA,ugL,4.69,TRUE,NA,240
8/28/2023,2023,35,2,41.913017,-82.73665,Bottom,10.9,CHLA,ugL,9.36,FALSE,NA,240
8/28/2023,2023,35,4,41.8927,-82.525767,Surface,1,CHLA,ugL,14.75,FALSE,NA,240
8/28/2023,2023,35,4,41.8927,-82.525767,Bottom,9.8,CHLA,ugL,14.29,FALSE,NA,240
8/28/2023,2023,35,5,42.002583,-82.578633,Surface,1,CHLA,ugL,15.41,FALSE,NA,240
8/28/2023,2023,35,5,42.002583,-82.578633,Bottom,8.1,CHLA,ugL,15.16,FALSE,NA,240
8/28/2023,2023,35,6,42.0222,-82.669683,Surface,1,CHLA,ugL,9.12,FALSE,NA,240
8/28/2023,2023,35,6,42.0222,-82.669683,Bottom,7.9,CHLA,ugL,9.26,FALSE,NA,240
8/28/2023,2023,35,7,41.99605,-82.7179,Surface,1,CHLA,ugL,6.23,FALSE,NA,240
8/28/2023,2023,35,7,41.99605,-82.7179,Bottom,9.5,CHLA,ugL,8.5,FALSE,NA,240
9/15/2023,2023,37,2,41.913017,-82.73665,Surface,1,CHLA,ugL,8.77,FALSE,NA,258
9/15/2023,2023,37,2,41.913017,-82.73665,Bottom,10.9,CHLA,ugL,13.22,TRUE,NA,258
9/15/2023,2023,37,4,41.8927,-82.525767,Surface,1,CHLA,ugL,9.67,FALSE,NA,258
9/15/2023,2023,37,4,41.8927,-82.525767,Bottom,9.8,CHLA,ugL,10.21,FALSE,NA,258
9/15/2023,2023,37,5,42.002583,-82.578633,Surface,1,CHLA,ugL,11.33,FALSE,NA,258
9/15/2023,2023,37,5,42.002583,-82.578633,Bottom,8.1,CHLA,ugL,16.81,FALSE,NA,258
9/15/2023,2023,37,6,42.0222,-82.669683,Surface,1,CHLA,ugL,9.78,FALSE,NA,258
9/15/2023,2023,37,6,42.0222,-82.669683,Bottom,7.9,CHLA,ugL,15.62,FALSE,NA,258
9/15/2023,2023,37,7,41.99605,-82.7179,Surface,1,CHLA,ugL,11.12,FALSE,NA,258
9/15/2023,2023,37,7,41.99605,-82.7179,Bottom,9.5,CHLA,ugL,14.47,FALSE,NA,258
9/23/2023,2023,38,2,41.913017,-82.73665,Surface,1,CHLA,ugL,7.22,FALSE,NA,266
9/23/2023,2023,38,2,41.913017,-82.73665,Bottom,10.9,CHLA,ugL,4.9,FALSE,NA,266
9/23/2023,2023,38,4,41.8927,-82.525767,Surface,1,CHLA,ugL,9.88,FALSE,NA,266
9/23/2023,2023,38,4,41.8927,-82.525767,Bottom,9.8,CHLA,ugL,12.41,TRUE,NA,266
9/23/2023,2023,38,5,42.002583,-82.578633,Surface,1,CHLA,ugL,6.68,FALSE,NA,266
9/23/2023,2023,38,5,42.002583,-82.578633,Bottom,8.1,CHLA,ugL,9.22,FALSE,NA,266
9/23/2023,2023,38,6,42.0222,-82.669683,Surface,1,CHLA,ugL,6.8,FALSE,NA,266
9/23/2023,2023,38,6,42.0222,-82.669683,Bottom,7.9,CHLA,ugL,7.74,FALSE,NA,266
9/23/2023,2023,38,7,41.99605,-82.7179,Surface,1,CHLA,ugL,9.39,FALSE,NA,266
9/23/2023,2023,38,7,41.99605,-82.7179,Bottom,9.5,CHLA,ugL,10.77,FALSE,NA,266
10/3/2023,2023,40,2,41.913017,-82.73665,Surface,1,CHLA,ugL,9.72,FALSE,NA,276
10/3/2023,2023,40,2,41.913017,-82.73665,Bottom,10.9,CHLA,ugL,2.92,FALSE,NA,276
10/3/2023,2023,40,4,41.8927,-82.525767,Surface,1,CHLA,ugL,7.99,FALSE,NA,276
10/3/2023,2023,40,4,41.8927,-82.525767,Bottom,9.8,CHLA,ugL,9.36,FALSE,NA,276
10/3/2023,2023,40,5,42.002583,-82.578633,Surface,1,CHLA,ugL,8.84,FALSE,NA,276
10/3/2023,2023,40,5,42.002583,-82.578633,Bottom,8.1,CHLA,ugL,9.3,FALSE,NA,276
10/3/2023,2023,40,6,42.0222,-82.669683,Surface,1,CHLA,ugL,6.22,FALSE,NA,276
10/3/2023,2023,40,6,42.0222,-82.669683,Bottom,7.9,CHLA,ugL,6.07,FALSE,NA,276
10/3/2023,2023,40,7,41.99605,-82.7179,Surface,1,CHLA,ugL,5.59,FALSE,NA,276
10/3/2023,2023,40,7,41.99605,-82.7179,Bottom,9.5,CHLA,ugL,9.23,FALSE,NA,276
5/16/2024,2024,20,6,42.0222,-82.669683,Surface,1,CHLA,ugL,1.25,FALSE,NA,137
5/16/2024,2024,20,6,42.0222,-82.669683,Bottom,7,CHLA,ugL,1.43,FALSE,NA,137
5/16/2024,2024,20,7,41.99605,-82.7179,Surface,1,CHLA,ugL,-0.08,FALSE,NA,137
5/16/2024,2024,20,7,41.99605,-82.7179,Bottom,9,CHLA,ugL,1.35,FALSE,NA,137
5/23/2024,2024,21,4,41.8927,-82.525767,Surface,1,CHLA,ugL,0.83,FALSE,NA,144
5/23/2024,2024,21,4,41.8927,-82.525767,Bottom,10,CHLA,ugL,1.77,FALSE,NA,144
5/31/2024,2024,22,2,41.971783,-82.488083,Surface,1,CHLA,ugL,2.79,FALSE,NA,152
5/31/2024,2024,22,2,41.971783,-82.488083,Bottom,10,CHLA,ugL,2.86,FALSE,NA,152
5/31/2024,2024,22,4,41.8927,-82.525767,Surface,1,CHLA,ugL,2.72,FALSE,NA,152
5/31/2024,2024,22,4,41.8927,-82.525767,Bottom,10,CHLA,ugL,6.41,FALSE,NA,152
5/31/2024,2024,22,5,42.002583,-82.578633,Surface,1,CHLA,ugL,2.72,FALSE,NA,152
5/31/2024,2024,22,5,42.002583,-82.578633,Bottom,7,CHLA,ugL,4.58,FALSE,NA,152
5/31/2024,2024,22,6,42.0222,-82.669683,Surface,1,CHLA,ugL,1.93,FALSE,NA,152
5/31/2024,2024,22,6,42.0222,-82.669683,Bottom,7,CHLA,ugL,2.58,FALSE,NA,152
5/31/2024,2024,22,7,41.99605,-82.7179,Surface,1,CHLA,ugL,5.09,FALSE,NA,152
5/31/2024,2024,22,7,41.99605,-82.7179,Bottom,9,CHLA,ugL,1.92,FALSE,NA,152
6/19/2024,2024,25,2,41.971783,-82.488083,Surface,1,CHLA,ugL,1.56,FALSE,NA,171
6/19/2024,2024,25,2,41.971783,-82.488083,Bottom,10,CHLA,ugL,3.04,FALSE,NA,171
6/19/2024,2024,25,4,41.8927,-82.525767,Surface,1,CHLA,ugL,5.51,FALSE,NA,171
6/19/2024,2024,25,4,41.8927,-82.525767,Bottom,10,CHLA,ugL,3.53,FALSE,NA,171
6/19/2024,2024,25,5,42.002583,-82.578633,Surface,1,CHLA,ugL,3.15,TRUE,NA,171
6/19/2024,2024,25,5,42.002583,-82.578633,Bottom,7,CHLA,ugL,6.7,TRUE,NA,171
6/19/2024,2024,25,6,42.0222,-82.669683,Surface,1,CHLA,ugL,2.28,FALSE,NA,171
6/19/2024,2024,25,6,42.0222,-82.669683,Bottom,7,CHLA,ugL,3.69,FALSE,NA,171
6/19/2024,2024,25,7,41.99605,-82.7179,Surface,1,CHLA,ugL,3.65,FALSE,NA,171
6/19/2024,2024,25,7,41.99605,-82.7179,Bottom,9,CHLA,ugL,3.34,FALSE,NA,171
7/4/2024,2024,27,2,41.971783,-82.488083,Surface,1,CHLA,ugL,2.65,FALSE,NA,186
7/4/2024,2024,27,2,41.971783,-82.488083,Bottom,10,CHLA,ugL,3.72,FALSE,NA,186
7/4/2024,2024,27,4,41.8927,-82.525767,Surface,1,CHLA,ugL,3.52,FALSE,NA,186
7/4/2024,2024,27,4,41.8927,-82.525767,Bottom,10,CHLA,ugL,3.29,TRUE,NA,186
7/4/2024,2024,27,5,42.002583,-82.578633,Surface,1,CHLA,ugL,5.32,FALSE,NA,186
7/4/2024,2024,27,5,42.002583,-82.578633,Bottom,7,CHLA,ugL,4.97,FALSE,NA,186
7/4/2024,2024,27,6,42.0222,-82.669683,Surface,1,CHLA,ugL,4.61,FALSE,NA,186
7/4/2024,2024,27,6,42.0222,-82.669683,Bottom,7,CHLA,ugL,4.41,FALSE,NA,186
7/4/2024,2024,27,7,41.99605,-82.7179,Surface,1,CHLA,ugL,5.95,FALSE,NA,186
7/4/2024,2024,27,7,41.99605,-82.7179,Bottom,9,CHLA,ugL,6.02,FALSE,NA,186
7/19/2024,2024,29,2,41.971783,-82.488083,Surface,1,CHLA,ugL,3.83,FALSE,NA,201
7/19/2024,2024,29,2,41.971783,-82.488083,Bottom,10,CHLA,ugL,5.72,FALSE,NA,201
7/19/2024,2024,29,4,41.8927,-82.525767,Surface,1,CHLA,ugL,6.32,FALSE,NA,201
7/19/2024,2024,29,4,41.8927,-82.525767,Bottom,10,CHLA,ugL,5.94,FALSE,NA,201
7/19/2024,2024,29,5,42.002583,-82.578633,Surface,1,CHLA,ugL,5.89,FALSE,NA,201
7/19/2024,2024,29,5,42.002583,-82.578633,Bottom,7,CHLA,ugL,9.89,FALSE,NA,201
7/19/2024,2024,29,6,42.0222,-82.669683,Surface,1,CHLA,ugL,4.16,FALSE,NA,201
7/19/2024,2024,29,6,42.0222,-82.669683,Bottom,1,CHLA,ugL,-1.27,FALSE,NA,201
7/19/2024,2024,29,7,41.99605,-82.7179,Surface,1,CHLA,ugL,5.54,TRUE,NA,201
7/19/2024,2024,29,7,41.99605,-82.7179,Bottom,9,CHLA,ugL,5.87,FALSE,NA,201
8/4/2024,2024,32,2,41.971783,-82.488083,Surface,1,CHLA,ugL,9.38,FALSE,NA,217
8/4/2024,2024,32,2,41.971783,-82.488083,Bottom,10,CHLA,ugL,7.64,FALSE,NA,217
8/4/2024,2024,32,4,41.8927,-82.525767,Surface,1,CHLA,ugL,9.58,FALSE,NA,217
8/4/2024,2024,32,4,41.8927,-82.525767,Bottom,10,CHLA,ugL,7.08,FALSE,NA,217
8/4/2024,2024,32,5,42.002583,-82.578633,Surface,1,CHLA,ugL,8.35,TRUE,NA,217
8/4/2024,2024,32,5,42.002583,-82.578633,Bottom,7,CHLA,ugL,3.92,TRUE,NA,217
8/4/2024,2024,32,6,42.0222,-82.669683,Surface,1,CHLA,ugL,8.99,FALSE,NA,217
8/4/2024,2024,32,6,42.0222,-82.669683,Bottom,7,CHLA,ugL,8.16,FALSE,NA,217
8/4/2024,2024,32,7,41.99605,-82.7179,Surface,1,CHLA,ugL,7.86,TRUE,NA,217
8/4/2024,2024,32,7,41.99605,-82.7179,Bottom,9,CHLA,ugL,2.28,TRUE,NA,217
8/13/2024,2024,33,2,41.971783,-82.488083,Surface,1,CHLA,ugL,5.64,FALSE,NA,226
8/13/2024,2024,33,2,41.971783,-82.488083,Bottom,10,CHLA,ugL,9.37,FALSE,NA,226
8/13/2024,2024,33,4,41.8927,-82.525767,Surface,1,CHLA,ugL,5.33,FALSE,NA,226
8/13/2024,2024,33,4,41.8927,-82.525767,Bottom,10,CHLA,ugL,6.56,FALSE,NA,226
8/13/2024,2024,33,5,42.002583,-82.578633,Surface,1,CHLA,ugL,7.55,FALSE,NA,226
8/13/2024,2024,33,5,42.002583,-82.578633,Bottom,7,CHLA,ugL,3.88,TRUE,NA,226
8/13/2024,2024,33,6,42.0222,-82.669683,Surface,1,CHLA,ugL,6.11,TRUE,NA,226
8/13/2024,2024,33,6,42.0222,-82.669683,Bottom,7,CHLA,ugL,11.93,FALSE,NA,226
8/13/2024,2024,33,7,41.99605,-82.7179,Surface,1,CHLA,ugL,7.75,FALSE,NA,226
8/13/2024,2024,33,7,41.99605,-82.7179,Bottom,9,CHLA,ugL,11.52,FALSE,NA,226
8/22/2024,2024,34,2,41.971783,-82.488083,Surface,1,CHLA,ugL,11.2,FALSE,NA,235
8/22/2024,2024,34,2,41.971783,-82.488083,Bottom,10,CHLA,ugL,11,FALSE,NA,235
8/22/2024,2024,34,4,41.8927,-82.525767,Surface,1,CHLA,ugL,11.72,FALSE,NA,235
8/22/2024,2024,34,4,41.8927,-82.525767,Bottom,10,CHLA,ugL,9.12,TRUE,NA,235
8/22/2024,2024,34,5,42.002583,-82.578633,Surface,1,CHLA,ugL,19.03,FALSE,NA,235
8/22/2024,2024,34,5,42.002583,-82.578633,Bottom,7,CHLA,ugL,14.23,FALSE,NA,235
8/22/2024,2024,34,6,42.0222,-82.669683,Surface,1,CHLA,ugL,10.79,FALSE,NA,235
8/22/2024,2024,34,6,42.0222,-82.669683,Bottom,7,CHLA,ugL,11.46,FALSE,NA,235
8/22/2024,2024,34,7,41.99605,-82.7179,Surface,1,CHLA,ugL,8.6,FALSE,NA,235
8/22/2024,2024,34,7,41.99605,-82.7179,Bottom,9,CHLA,ugL,8.92,FALSE,NA,235
9/3/2024,2024,36,5,42.002583,-82.578633,Surface,1,CHLA,ugL,12.65,FALSE,NA,247
9/3/2024,2024,36,5,42.002583,-82.578633,Bottom,7,CHLA,ugL,12.07,FALSE,NA,247
9/3/2024,2024,36,6,42.0222,-82.669683,Surface,1,CHLA,ugL,8.65,FALSE,NA,247
9/3/2024,2024,36,6,42.0222,-82.669683,Bottom,7,CHLA,ugL,7.17,TRUE,NA,247
9/3/2024,2024,36,7,41.99605,-82.7179,Surface,1,CHLA,ugL,6.42,FALSE,NA,247
9/3/2024,2024,36,7,41.99605,-82.7179,Bottom,9,CHLA,ugL,5.84,FALSE,NA,247
9/11/2024,2024,37,2,41.971783,-82.488083,Surface,1,CHLA,ugL,11.48,FALSE,NA,255
9/11/2024,2024,37,2,41.971783,-82.488083,Bottom,10,CHLA,ugL,6.43,FALSE,NA,255
9/11/2024,2024,37,4,41.8927,-82.525767,Surface,1,CHLA,ugL,5.92,FALSE,NA,255
9/11/2024,2024,37,4,41.8927,-82.525767,Bottom,10,CHLA,ugL,11.84,FALSE,NA,255
9/11/2024,2024,37,5,42.002583,-82.578633,Surface,1,CHLA,ugL,11.22,FALSE,NA,255
9/11/2024,2024,37,5,42.002583,-82.578633,Bottom,7,CHLA,ugL,15.89,FALSE,NA,255
9/11/2024,2024,37,6,42.0222,-82.669683,Surface,1,CHLA,ugL,7.7,FALSE,NA,255
9/11/2024,2024,37,6,42.0222,-82.669683,Bottom,7,CHLA,ugL,10.09,TRUE,NA,255
9/11/2024,2024,37,7,41.99605,-82.7179,Surface,1,CHLA,ugL,7.04,FALSE,NA,255
9/11/2024,2024,37,7,41.99605,-82.7179,Bottom,9,CHLA,ugL,7.62,FALSE,NA,255
10/1/2024,2024,40,2,41.971783,-82.488083,Surface,1,CHLA,ugL,8.52,FALSE,NA,275
10/1/2024,2024,40,2,41.971783,-82.488083,Bottom,10,CHLA,ugL,8.3,FALSE,NA,275
10/1/2024,2024,40,4,41.8927,-82.525767,Surface,1,CHLA,ugL,8.2,FALSE,NA,275
10/1/2024,2024,40,4,41.8927,-82.525767,Bottom,10,CHLA,ugL,11.14,FALSE,NA,275
10/1/2024,2024,40,5,42.002583,-82.578633,Surface,1,CHLA,ugL,12.21,FALSE,NA,275
10/1/2024,2024,40,5,42.002583,-82.578633,Bottom,7,CHLA,ugL,11.56,FALSE,NA,275
10/1/2024,2024,40,6,42.0222,-82.669683,Surface,1,CHLA,ugL,12.29,FALSE,NA,275
10/1/2024,2024,40,6,42.0222,-82.669683,Bottom,7,CHLA,ugL,8.5,TRUE,NA,275
10/1/2024,2024,40,7,41.99605,-82.7179,Surface,1,CHLA,ugL,1.56,TRUE,NA,275
10/1/2024,2024,40,7,41.99605,-82.7179,Bottom,9,CHLA,ugL,5.47,FALSE,NA,275
8/17/2022,2022,34,2,41.913017,-82.7367,Surface,1,CN,rat,5.64,TRUE,NA,229
8/17/2022,2022,34,2,41.913017,-82.7367,Bottom,11,CN,rat,5.52,FALSE,NA,229
8/17/2022,2022,34,4,41.8927,-82.5258,Surface,1,CN,rat,5.68,TRUE,NA,229
8/17/2022,2022,34,4,41.8927,-82.5258,Bottom,8,CN,rat,5.97,TRUE,NA,229
8/17/2022,2022,34,5,42.002583,-82.5786,Surface,1,CN,rat,6.02,TRUE,NA,229
8/17/2022,2022,34,5,42.002583,-82.5786,Bottom,8.5,CN,rat,3.4,TRUE,NA,229
8/17/2022,2022,34,6,42.0222,-82.6697,Surface,1,CN,rat,4.21,TRUE,NA,229
8/17/2022,2022,34,6,42.0222,-82.6697,Bottom,8,CN,rat,4.75,FALSE,NA,229
8/17/2022,2022,34,7,41.99605,-82.7179,Surface,1,CN,rat,6.06,FALSE,NA,229
8/17/2022,2022,34,7,41.99605,-82.7179,Bottom,9.5,CN,rat,4.43,TRUE,NA,229
8/23/2022,2022,35,2,41.913017,-82.7367,Surface,1,CN,rat,6.99,TRUE,NA,235
8/23/2022,2022,35,2,41.913017,-82.7367,Bottom,11,CN,rat,7.74,FALSE,NA,235
8/23/2022,2022,35,4,41.8927,-82.5258,Surface,1,CN,rat,6.3,TRUE,NA,235
8/23/2022,2022,35,4,41.8927,-82.5258,Bottom,8,CN,rat,7.9,FALSE,NA,235
8/23/2022,2022,35,5,42.002583,-82.5786,Surface,1,CN,rat,7.02,FALSE,NA,235
8/23/2022,2022,35,5,42.002583,-82.5786,Bottom,8.5,CN,rat,9.32,FALSE,NA,235
8/23/2022,2022,35,6,42.0222,-82.6697,Surface,1,CN,rat,6.33,TRUE,NA,235
8/23/2022,2022,35,6,42.0222,-82.6697,Bottom,8,CN,rat,6.53,FALSE,NA,235
8/23/2022,2022,35,7,41.99605,-82.7179,Surface,1,CN,rat,7.53,FALSE,NA,235
8/23/2022,2022,35,7,41.99605,-82.7179,Bottom,9.5,CN,rat,6.59,FALSE,NA,235
5/18/2023,2023,20,4,41.8927,-82.525767,Surface,1,CN,rat,14.2,TRUE,NA,138
5/18/2023,2023,20,4,41.8927,-82.525767,Bottom,9.8,CN,rat,14.34,TRUE,NA,138
5/18/2023,2023,20,5,42.002583,-82.578633,Surface,1,CN,rat,10.49,TRUE,NA,138
5/18/2023,2023,20,5,42.002583,-82.578633,Bottom,8.1,CN,rat,11.7,TRUE,NA,138
6/23/2023,2023,25,5,42.002583,-82.578633,Bottom,8.1,CN,rat,13.04,FALSE,NA,174
6/23/2023,2023,25,6,42.0222,-82.669683,Surface,1,CN,rat,9.98,FALSE,NA,174
6/23/2023,2023,25,7,41.99605,-82.7179,Surface,1,CN,rat,7.2,FALSE,NA,174
6/23/2023,2023,25,7,41.99605,-82.7179,Bottom,9.5,CN,rat,7.01,FALSE,NA,174
7/10/2023,2023,28,2,41.913017,-82.73665,Surface,1,CN,rat,7.75,FALSE,NA,191
7/10/2023,2023,28,2,41.913017,-82.73665,Bottom,10.9,CN,rat,7.67,FALSE,NA,191
7/10/2023,2023,28,4,41.8927,-82.525767,Surface,1,CN,rat,5.83,FALSE,NA,191
7/10/2023,2023,28,4,41.8927,-82.525767,Bottom,9.8,CN,rat,5.4,FALSE,NA,191
7/10/2023,2023,28,5,42.002583,-82.578633,Surface,1,CN,rat,4.6,FALSE,NA,191
7/10/2023,2023,28,5,42.002583,-82.578633,Bottom,8.1,CN,rat,5.1,FALSE,NA,191
7/10/2023,2023,28,6,42.0222,-82.669683,Surface,1,CN,rat,7.86,FALSE,NA,191
7/10/2023,2023,28,6,42.0222,-82.669683,Bottom,7.9,CN,rat,6.17,FALSE,NA,191
7/10/2023,2023,28,7,41.99605,-82.7179,Surface,1,CN,rat,7.55,FALSE,NA,191
7/10/2023,2023,28,7,41.99605,-82.7179,Bottom,9.5,CN,rat,5.2,FALSE,NA,191
7/19/2023,2023,29,2,41.913017,-82.73665,Surface,1,CN,rat,9.87,FALSE,NA,200
7/19/2023,2023,29,2,41.913017,-82.73665,Bottom,10.9,CN,rat,7.24,FALSE,NA,200
7/19/2023,2023,29,4,41.8927,-82.525767,Surface,1,CN,rat,9.16,FALSE,NA,200
7/19/2023,2023,29,4,41.8927,-82.525767,Bottom,9.8,CN,rat,7.76,FALSE,NA,200
7/19/2023,2023,29,5,42.002583,-82.578633,Surface,1,CN,rat,8.83,FALSE,NA,200
7/19/2023,2023,29,5,42.002583,-82.578633,Bottom,8.1,CN,rat,4.76,FALSE,NA,200
7/19/2023,2023,29,6,42.0222,-82.669683,Surface,1,CN,rat,5.94,FALSE,NA,200
7/19/2023,2023,29,6,42.0222,-82.669683,Bottom,7.9,CN,rat,5.87,FALSE,NA,200
7/19/2023,2023,29,7,41.99605,-82.7179,Surface,1,CN,rat,5.37,FALSE,NA,200
7/19/2023,2023,29,7,41.99605,-82.7179,Bottom,9.5,CN,rat,5.8,FALSE,NA,200
7/25/2023,2023,30,2,41.913017,-82.73665,Surface,1,CN,rat,9.43,FALSE,NA,206
7/25/2023,2023,30,2,41.913017,-82.73665,Bottom,10.9,CN,rat,4.6,FALSE,NA,206
7/25/2023,2023,30,4,41.8927,-82.525767,Surface,1,CN,rat,5.28,FALSE,NA,206
7/25/2023,2023,30,4,41.8927,-82.525767,Bottom,9.8,CN,rat,5.19,FALSE,NA,206
7/25/2023,2023,30,5,42.002583,-82.578633,Surface,1,CN,rat,5.29,FALSE,NA,206
7/25/2023,2023,30,5,42.002583,-82.578633,Bottom,8.1,CN,rat,5.28,FALSE,NA,206
7/25/2023,2023,30,6,42.0222,-82.669683,Surface,1,CN,rat,6.45,FALSE,NA,206
7/25/2023,2023,30,7,41.99605,-82.7179,Surface,1,CN,rat,6.79,FALSE,NA,206
7/25/2023,2023,30,7,41.99605,-82.7179,Bottom,9.5,CN,rat,4.41,FALSE,NA,206
8/1/2023,2023,31,2,41.913017,-82.73665,Surface,1,CN,rat,4.77,FALSE,NA,213
8/1/2023,2023,31,2,41.913017,-82.73665,Bottom,10.9,CN,rat,5.5,FALSE,NA,213
8/1/2023,2023,31,4,41.8927,-82.525767,Surface,1,CN,rat,4.72,FALSE,NA,213
8/1/2023,2023,31,4,41.8927,-82.525767,Bottom,9.8,CN,rat,5.29,FALSE,NA,213
8/1/2023,2023,31,5,42.002583,-82.578633,Surface,1,CN,rat,5.33,FALSE,NA,213
8/1/2023,2023,31,5,42.002583,-82.578633,Bottom,8.1,CN,rat,5.27,FALSE,NA,213
8/1/2023,2023,31,6,42.0222,-82.669683,Surface,1,CN,rat,5.34,FALSE,NA,213
8/1/2023,2023,31,6,42.0222,-82.669683,Bottom,7.9,CN,rat,4.27,FALSE,NA,213
8/1/2023,2023,31,7,41.99605,-82.7179,Surface,1,CN,rat,5.38,FALSE,NA,213
8/1/2023,2023,31,7,41.99605,-82.7179,Bottom,9.5,CN,rat,4.42,FALSE,NA,213
8/16/2023,2023,33,2,41.913017,-82.73665,Surface,1,CN,rat,5.68,FALSE,NA,228
8/16/2023,2023,33,2,41.913017,-82.73665,Bottom,10.9,CN,rat,4.94,FALSE,NA,228
8/16/2023,2023,33,4,41.8927,-82.525767,Surface,1,CN,rat,7.01,FALSE,NA,228
8/16/2023,2023,33,4,41.8927,-82.525767,Bottom,9.8,CN,rat,6.98,FALSE,NA,228
8/16/2023,2023,33,5,42.002583,-82.578633,Surface,1,CN,rat,4.38,FALSE,NA,228
8/16/2023,2023,33,5,42.002583,-82.578633,Bottom,8.1,CN,rat,5.88,FALSE,NA,228
8/16/2023,2023,33,6,42.0222,-82.669683,Surface,1,CN,rat,7.11,FALSE,NA,228
8/16/2023,2023,33,6,42.0222,-82.669683,Bottom,7.9,CN,rat,6.8,TRUE,NA,228
8/16/2023,2023,33,7,41.99605,-82.7179,Surface,1,CN,rat,5.08,FALSE,NA,228
8/16/2023,2023,33,7,41.99605,-82.7179,Bottom,9.5,CN,rat,6.94,TRUE,NA,228
8/28/2023,2023,35,2,41.913017,-82.73665,Surface,1,CN,rat,11.24,FALSE,NA,240
8/28/2023,2023,35,2,41.913017,-82.73665,Bottom,10.9,CN,rat,9.7,FALSE,NA,240
8/28/2023,2023,35,4,41.8927,-82.525767,Surface,1,CN,rat,7.66,TRUE,NA,240
8/28/2023,2023,35,4,41.8927,-82.525767,Bottom,9.8,CN,rat,9.61,TRUE,NA,240
8/28/2023,2023,35,5,42.002583,-82.578633,Surface,1,CN,rat,8.41,FALSE,NA,240
8/28/2023,2023,35,5,42.002583,-82.578633,Bottom,8.1,CN,rat,7.6,FALSE,NA,240
8/28/2023,2023,35,6,42.0222,-82.669683,Surface,1,CN,rat,9.05,FALSE,NA,240
8/28/2023,2023,35,6,42.0222,-82.669683,Bottom,7.9,CN,rat,8.57,TRUE,NA,240
8/28/2023,2023,35,7,41.99605,-82.7179,Surface,1,CN,rat,10.05,FALSE,NA,240
8/28/2023,2023,35,7,41.99605,-82.7179,Bottom,9.5,CN,rat,9.06,FALSE,NA,240
9/15/2023,2023,37,2,41.913017,-82.73665,Surface,1,CN,rat,9.02,FALSE,NA,258
9/15/2023,2023,37,2,41.913017,-82.73665,Bottom,10.9,CN,rat,10.42,FALSE,NA,258
9/15/2023,2023,37,4,41.8927,-82.525767,Surface,1,CN,rat,7.94,TRUE,NA,258
9/15/2023,2023,37,4,41.8927,-82.525767,Bottom,9.8,CN,rat,8.94,TRUE,NA,258
9/15/2023,2023,37,5,42.002583,-82.578633,Surface,1,CN,rat,6.93,FALSE,NA,258
9/15/2023,2023,37,5,42.002583,-82.578633,Bottom,8.1,CN,rat,8.27,TRUE,NA,258
9/15/2023,2023,37,6,42.0222,-82.669683,Surface,1,CN,rat,10.11,FALSE,NA,258
9/15/2023,2023,37,6,42.0222,-82.669683,Bottom,7.9,CN,rat,7.18,FALSE,NA,258
9/15/2023,2023,37,7,41.99605,-82.7179,Surface,1,CN,rat,8.43,FALSE,NA,258
9/15/2023,2023,37,7,41.99605,-82.7179,Bottom,9.5,CN,rat,7.71,FALSE,NA,258
9/23/2023,2023,38,2,41.913017,-82.73665,Surface,1,CN,rat,10.59,FALSE,NA,266
9/23/2023,2023,38,2,41.913017,-82.73665,Bottom,10.9,CN,rat,10.1,FALSE,NA,266
9/23/2023,2023,38,4,41.8927,-82.525767,Surface,1,CN,rat,13.91,TRUE,NA,266
9/23/2023,2023,38,4,41.8927,-82.525767,Bottom,9.8,CN,rat,8.31,FALSE,NA,266
9/23/2023,2023,38,5,42.002583,-82.578633,Surface,1,CN,rat,13.16,TRUE,NA,266
9/23/2023,2023,38,5,42.002583,-82.578633,Bottom,8.1,CN,rat,8.63,FALSE,NA,266
9/23/2023,2023,38,6,42.0222,-82.669683,Surface,1,CN,rat,12.51,FALSE,NA,266
9/23/2023,2023,38,6,42.0222,-82.669683,Bottom,7.9,CN,rat,9.63,FALSE,NA,266
9/23/2023,2023,38,7,41.99605,-82.7179,Surface,1,CN,rat,12.79,TRUE,NA,266
9/23/2023,2023,38,7,41.99605,-82.7179,Bottom,9.5,CN,rat,10.23,FALSE,NA,266
10/3/2023,2023,40,2,41.913017,-82.73665,Surface,1,CN,rat,7.52,FALSE,NA,276
10/3/2023,2023,40,2,41.913017,-82.73665,Bottom,10.9,CN,rat,12.79,TRUE,NA,276
10/3/2023,2023,40,4,41.8927,-82.525767,Surface,1,CN,rat,16.01,FALSE,NA,276
10/3/2023,2023,40,4,41.8927,-82.525767,Bottom,9.8,CN,rat,10.02,FALSE,NA,276
10/3/2023,2023,40,5,42.002583,-82.578633,Surface,1,CN,rat,14.55,FALSE,NA,276
10/3/2023,2023,40,5,42.002583,-82.578633,Bottom,8.1,CN,rat,7.89,FALSE,NA,276
10/3/2023,2023,40,6,42.0222,-82.669683,Surface,1,CN,rat,11.74,FALSE,NA,276
10/3/2023,2023,40,7,41.99605,-82.7179,Surface,1,CN,rat,14.12,FALSE,NA,276
10/3/2023,2023,40,7,41.99605,-82.7179,Bottom,9.5,CN,rat,9.16,FALSE,NA,276
5/30/2023,2023,22,2,41.913017,-82.73665,Surface,1,COND,uS,248.8,FALSE,NA,150
5/30/2023,2023,22,2,41.913017,-82.73665,Bottom,10.9,COND,uS,259.1,FALSE,NA,150
5/30/2023,2023,22,4,41.8927,-82.525767,Surface,1,COND,uS,253.3,FALSE,NA,150
5/30/2023,2023,22,4,41.8927,-82.525767,Bottom,9.8,COND,uS,247.2,FALSE,NA,150
5/30/2023,2023,22,5,42.002583,-82.578633,Surface,1,COND,uS,255.5,FALSE,NA,150
5/30/2023,2023,22,5,42.002583,-82.578633,Bottom,8.1,COND,uS,247.3,FALSE,NA,150
5/30/2023,2023,22,6,42.0222,-82.669683,Surface,1,COND,uS,251.5,FALSE,NA,150
5/30/2023,2023,22,6,42.0222,-82.669683,Bottom,7.9,COND,uS,251.2,FALSE,NA,150
5/30/2023,2023,22,7,41.99605,-82.7179,Surface,1,COND,uS,254.2,FALSE,NA,150
5/30/2023,2023,22,7,41.99605,-82.7179,Bottom,9.5,COND,uS,255.5,FALSE,NA,150
6/11/2023,2023,24,2,41.913017,-82.73665,Surface,1,COND,uS,243.1,FALSE,NA,162
6/11/2023,2023,24,2,41.913017,-82.73665,Bottom,11,COND,uS,244.6,FALSE,NA,162
6/11/2023,2023,24,5,42.002583,-82.578633,Surface,1,COND,uS,247.5,FALSE,NA,162
6/11/2023,2023,24,5,42.002583,-82.578633,Bottom,8,COND,uS,246.1,FALSE,NA,162
6/11/2023,2023,24,6,42.0222,-82.669683,Surface,1,COND,uS,238.4,FALSE,NA,162
6/11/2023,2023,24,6,42.0222,-82.669683,Bottom,8,COND,uS,244.7,FALSE,NA,162
6/11/2023,2023,24,7,41.99605,-82.7179,Surface,1,COND,uS,241.3,FALSE,NA,162
6/11/2023,2023,24,7,41.99605,-82.7179,Bottom,9.5,COND,uS,242,FALSE,NA,162
6/23/2023,2023,25,2,41.913017,-82.73665,Surface,1,COND,uS,246.3,FALSE,NA,174
6/23/2023,2023,25,2,41.913017,-82.73665,Bottom,10.5,COND,uS,246.4,FALSE,NA,174
6/23/2023,2023,25,4,41.8927,-82.525767,Surface,1,COND,uS,247.3,FALSE,NA,174
6/23/2023,2023,25,4,41.8927,-82.525767,Bottom,8.5,COND,uS,247.8,FALSE,NA,174
6/23/2023,2023,25,5,42.002583,-82.578633,Surface,1,COND,uS,243.2,FALSE,NA,174
6/23/2023,2023,25,5,42.002583,-82.578633,Bottom,7.5,COND,uS,243.2,FALSE,NA,174
6/23/2023,2023,25,6,42.0222,-82.669683,Surface,1,COND,uS,244.9,FALSE,NA,174
6/23/2023,2023,25,6,42.0222,-82.669683,Bottom,7,COND,uS,242.6,FALSE,NA,174
6/23/2023,2023,25,7,41.99605,-82.7179,Surface,1,COND,uS,244.9,FALSE,NA,174
6/23/2023,2023,25,7,41.99605,-82.7179,Bottom,9,COND,uS,245.7,FALSE,NA,174
7/10/2023,2023,28,2,41.913017,-82.73665,Surface,1,COND,uS,235.5,FALSE,NA,191
7/10/2023,2023,28,2,41.913017,-82.73665,Bottom,10.5,COND,uS,239.4,FALSE,NA,191
7/10/2023,2023,28,4,41.8927,-82.525767,Surface,1,COND,uS,239.4,FALSE,NA,191
7/10/2023,2023,28,4,41.8927,-82.525767,Bottom,8.5,COND,uS,240,FALSE,NA,191
7/10/2023,2023,28,5,42.002583,-82.578633,Surface,1,COND,uS,241.8,FALSE,NA,191
7/10/2023,2023,28,5,42.002583,-82.578633,Bottom,7.5,COND,uS,255.1,FALSE,NA,191
7/10/2023,2023,28,6,42.0222,-82.669683,Surface,1,COND,uS,238.2,FALSE,NA,191
7/10/2023,2023,28,6,42.0222,-82.669683,Bottom,7,COND,uS,243.2,FALSE,NA,191
7/10/2023,2023,28,7,41.99605,-82.7179,Surface,1,COND,uS,235.1,FALSE,NA,191
7/10/2023,2023,28,7,41.99605,-82.7179,Bottom,9,COND,uS,237.6,FALSE,NA,191
7/17/2023,2023,29,2,41.913017,-82.73665,Surface,1,COND,uS,241.7,FALSE,NA,198
7/17/2023,2023,29,2,41.913017,-82.73665,Bottom,10.5,COND,uS,241.8,FALSE,NA,198
7/17/2023,2023,29,4,41.8927,-82.525767,Surface,1,COND,uS,243.4,FALSE,NA,198
7/17/2023,2023,29,4,41.8927,-82.525767,Bottom,8.5,COND,uS,243.9,FALSE,NA,198
7/17/2023,2023,29,5,42.002583,-82.578633,Surface,1,COND,uS,237.2,FALSE,NA,198
7/17/2023,2023,29,5,42.002583,-82.578633,Bottom,7.5,COND,uS,237.8,FALSE,NA,198
7/17/2023,2023,29,6,42.0222,-82.669683,Surface,1,COND,uS,235.3,FALSE,NA,198
7/17/2023,2023,29,6,42.0222,-82.669683,Bottom,7,COND,uS,236.5,FALSE,NA,198
7/17/2023,2023,29,7,41.99605,-82.7179,Surface,1,COND,uS,235.9,FALSE,NA,198
7/17/2023,2023,29,7,41.99605,-82.7179,Bottom,9,COND,uS,236.2,FALSE,NA,198
7/25/2023,2023,30,2,41.913017,-82.73665,Surface,1,COND,uS,239.1,FALSE,NA,206
7/25/2023,2023,30,2,41.913017,-82.73665,Bottom,10.5,COND,uS,242.5,FALSE,NA,206
7/25/2023,2023,30,4,41.8927,-82.525767,Surface,1,COND,uS,240.3,FALSE,NA,206
7/25/2023,2023,30,4,41.8927,-82.525767,Bottom,8.5,COND,uS,250.2,FALSE,NA,206
7/25/2023,2023,30,5,42.002583,-82.578633,Surface,1,COND,uS,233.1,FALSE,NA,206
7/25/2023,2023,30,5,42.002583,-82.578633,Bottom,7.5,COND,uS,235.2,FALSE,NA,206
7/25/2023,2023,30,6,42.0222,-82.669683,Surface,1,COND,uS,230.1,FALSE,NA,206
7/25/2023,2023,30,6,42.0222,-82.669683,Bottom,7,COND,uS,233.9,FALSE,NA,206
7/25/2023,2023,30,7,41.99605,-82.7179,Surface,1,COND,uS,226.8,FALSE,NA,206
7/25/2023,2023,30,7,41.99605,-82.7179,Bottom,9,COND,uS,229.7,FALSE,NA,206
8/1/2023,2023,31,2,41.913017,-82.73665,Surface,1,COND,uS,230.1,FALSE,NA,213
8/1/2023,2023,31,2,41.913017,-82.73665,Bottom,10.5,COND,uS,230.2,FALSE,NA,213
8/1/2023,2023,31,4,41.8927,-82.525767,Surface,1,COND,uS,235.8,FALSE,NA,213
8/1/2023,2023,31,4,41.8927,-82.525767,Bottom,8.5,COND,uS,248.3,FALSE,NA,213
8/1/2023,2023,31,5,42.002583,-82.578633,Surface,1,COND,uS,227.6,FALSE,NA,213
8/1/2023,2023,31,5,42.002583,-82.578633,Bottom,7.5,COND,uS,262.8,FALSE,NA,213
8/1/2023,2023,31,6,42.0222,-82.669683,Surface,1,COND,uS,225.5,FALSE,NA,213
8/1/2023,2023,31,6,42.0222,-82.669683,Bottom,7,COND,uS,226.2,FALSE,NA,213
8/1/2023,2023,31,7,41.99605,-82.7179,Surface,1,COND,uS,226.6,FALSE,NA,213
8/1/2023,2023,31,7,41.99605,-82.7179,Bottom,9,COND,uS,226.8,FALSE,NA,213
8/16/2023,2023,33,2,41.913017,-82.73665,Surface,1,COND,uS,234.3,FALSE,NA,228
8/16/2023,2023,33,2,41.913017,-82.73665,Bottom,10.5,COND,uS,234.6,FALSE,NA,228
8/16/2023,2023,33,4,41.8927,-82.525767,Surface,1,COND,uS,253.8,FALSE,NA,228
8/16/2023,2023,33,4,41.8927,-82.525767,Bottom,8.6,COND,uS,255.3,FALSE,NA,228
8/16/2023,2023,33,5,42.002583,-82.578633,Surface,1,COND,uS,232.6,FALSE,NA,228
8/16/2023,2023,33,5,42.002583,-82.578633,Bottom,7.8,COND,uS,234.9,FALSE,NA,228
8/16/2023,2023,33,6,42.0222,-82.669683,Surface,1,COND,uS,227.6,FALSE,NA,228
8/16/2023,2023,33,6,42.0222,-82.669683,Bottom,7,COND,uS,227.5,FALSE,NA,228
8/16/2023,2023,33,7,41.99605,-82.7179,Surface,1,COND,uS,230.9,FALSE,NA,228
8/16/2023,2023,33,7,41.99605,-82.7179,Bottom,10,COND,uS,231.2,FALSE,NA,228
8/28/2023,2023,35,2,41.913017,-82.73665,Surface,1,COND,uS,226.3,FALSE,NA,240
8/28/2023,2023,35,2,41.913017,-82.73665,Bottom,10.5,COND,uS,226.3,FALSE,NA,240
8/28/2023,2023,35,4,41.8927,-82.525767,Surface,1,COND,uS,228.6,FALSE,NA,240
8/28/2023,2023,35,4,41.8927,-82.525767,Bottom,8.6,COND,uS,231,FALSE,NA,240
8/28/2023,2023,35,5,42.002583,-82.578633,Surface,1,COND,uS,232.7,FALSE,NA,240
8/28/2023,2023,35,5,42.002583,-82.578633,Bottom,7.8,COND,uS,232.6,FALSE,NA,240
8/28/2023,2023,35,6,42.0222,-82.669683,Surface,1,COND,uS,214,FALSE,NA,240
8/28/2023,2023,35,6,42.0222,-82.669683,Bottom,7,COND,uS,216.3,FALSE,NA,240
8/28/2023,2023,35,7,41.99605,-82.7179,Surface,1,COND,uS,223.6,FALSE,NA,240
8/28/2023,2023,35,7,41.99605,-82.7179,Bottom,9,COND,uS,223.6,FALSE,NA,240
9/15/2023,2023,37,2,41.913017,-82.73665,Surface,1,COND,uS,228.9,FALSE,NA,258
9/15/2023,2023,37,2,41.913017,-82.73665,Bottom,11,COND,uS,229.1,FALSE,NA,258
9/15/2023,2023,37,4,41.8927,-82.525767,Surface,1,COND,uS,228.8,FALSE,NA,258
9/15/2023,2023,37,4,41.8927,-82.525767,Bottom,9,COND,uS,228.8,FALSE,NA,258
9/15/2023,2023,37,5,42.002583,-82.578633,Surface,1,COND,uS,234.3,FALSE,NA,258
9/15/2023,2023,37,5,42.002583,-82.578633,Bottom,8,COND,uS,236.9,FALSE,NA,258
9/15/2023,2023,37,6,42.0222,-82.669683,Surface,1,COND,uS,235,FALSE,NA,258
9/15/2023,2023,37,6,42.0222,-82.669683,Bottom,7.5,COND,uS,235.2,FALSE,NA,258
9/15/2023,2023,37,7,41.99605,-82.7179,Surface,1,COND,uS,230.8,FALSE,NA,258
9/15/2023,2023,37,7,41.99605,-82.7179,Bottom,9,COND,uS,231,FALSE,NA,258
5/16/2024,2024,20,4,41.8927,-82.525767,Surface,1,COND,uS,253.2,FALSE,NA,137
5/16/2024,2024,20,4,41.8927,-82.525767,Bottom,10,COND,uS,258.9,FALSE,NA,137
5/23/2024,2024,21,6,42.0222,-82.669683,Surface,1,COND,uS,254.7,FALSE,NA,144
5/23/2024,2024,21,6,42.0222,-82.669683,Bottom,7,COND,uS,254.3,FALSE,NA,144
5/23/2024,2024,21,7,41.99605,-82.7179,Surface,1,COND,uS,249.5,FALSE,NA,144
5/23/2024,2024,21,7,41.99605,-82.7179,Bottom,9,COND,uS,249.2,FALSE,NA,144
5/31/2024,2024,22,2,41.971783,-82.488083,Surface,1,COND,uS,248,FALSE,NA,152
5/31/2024,2024,22,2,41.971783,-82.488083,Bottom,10,COND,uS,248.3,FALSE,NA,152
5/31/2024,2024,22,4,41.8927,-82.525767,Surface,1,COND,uS,254,FALSE,NA,152
5/31/2024,2024,22,4,41.8927,-82.525767,Bottom,10,COND,uS,253,FALSE,NA,152
5/31/2024,2024,22,5,42.002583,-82.578633,Surface,1,COND,uS,252.9,FALSE,NA,152
5/31/2024,2024,22,5,42.002583,-82.578633,Bottom,7,COND,uS,258.4,FALSE,NA,152
5/31/2024,2024,22,6,42.0222,-82.669683,Surface,1,COND,uS,251.2,FALSE,NA,152
5/31/2024,2024,22,6,42.0222,-82.669683,Bottom,7,COND,uS,251.4,FALSE,NA,152
5/31/2024,2024,22,7,41.99605,-82.7179,Surface,1,COND,uS,250,FALSE,NA,152
5/31/2024,2024,22,7,41.99605,-82.7179,Bottom,9,COND,uS,250.6,FALSE,NA,152
6/19/2024,2024,25,2,41.971783,-82.488083,Surface,1,COND,uS,246,FALSE,NA,171
6/19/2024,2024,25,2,41.971783,-82.488083,Bottom,10,COND,uS,249,FALSE,NA,171
6/19/2024,2024,25,4,41.8927,-82.525767,Surface,1,COND,uS,258,FALSE,NA,171
6/19/2024,2024,25,4,41.8927,-82.525767,Bottom,10,COND,uS,253,FALSE,NA,171
6/19/2024,2024,25,5,42.002583,-82.578633,Surface,1,COND,uS,243,FALSE,NA,171
6/19/2024,2024,25,5,42.002583,-82.578633,Bottom,7,COND,uS,253,FALSE,NA,171
6/19/2024,2024,25,6,42.0222,-82.669683,Surface,1,COND,uS,256,FALSE,NA,171
6/19/2024,2024,25,6,42.0222,-82.669683,Bottom,7,COND,uS,256,FALSE,NA,171
6/19/2024,2024,25,7,41.99605,-82.7179,Surface,1,COND,uS,246,FALSE,NA,171
6/19/2024,2024,25,7,41.99605,-82.7179,Bottom,9,COND,uS,250,FALSE,NA,171
7/4/2024,2024,27,2,41.971783,-82.488083,Surface,1,COND,uS,245.2,FALSE,NA,186
7/4/2024,2024,27,2,41.971783,-82.488083,Bottom,10,COND,uS,245.7,FALSE,NA,186
7/4/2024,2024,27,4,41.8927,-82.525767,Surface,1,COND,uS,247.9,FALSE,NA,186
7/4/2024,2024,27,4,41.8927,-82.525767,Bottom,10,COND,uS,250,FALSE,NA,186
7/4/2024,2024,27,5,42.002583,-82.578633,Surface,1,COND,uS,243,FALSE,NA,186
7/4/2024,2024,27,5,42.002583,-82.578633,Bottom,7,COND,uS,240.4,FALSE,NA,186
7/4/2024,2024,27,6,42.0222,-82.669683,Surface,1,COND,uS,242.8,FALSE,NA,186
7/4/2024,2024,27,6,42.0222,-82.669683,Bottom,7,COND,uS,238.9,FALSE,NA,186
7/4/2024,2024,27,7,41.99605,-82.7179,Surface,1,COND,uS,239.7,FALSE,NA,186
7/4/2024,2024,27,7,41.99605,-82.7179,Bottom,9,COND,uS,238.7,FALSE,NA,186
7/19/2024,2024,29,2,41.971783,-82.488083,Surface,1,COND,uS,241.7,FALSE,NA,201
7/19/2024,2024,29,2,41.971783,-82.488083,Bottom,10,COND,uS,244,FALSE,NA,201
7/19/2024,2024,29,4,41.8927,-82.525767,Surface,1,COND,uS,233.9,FALSE,NA,201
7/19/2024,2024,29,4,41.8927,-82.525767,Bottom,10,COND,uS,234,FALSE,NA,201
7/19/2024,2024,29,5,42.002583,-82.578633,Surface,1,COND,uS,241.4,FALSE,NA,201
7/19/2024,2024,29,5,42.002583,-82.578633,Bottom,7,COND,uS,258.8,FALSE,NA,201
7/19/2024,2024,29,6,42.0222,-82.669683,Surface,1,COND,uS,239,FALSE,NA,201
7/19/2024,2024,29,6,42.0222,-82.669683,Bottom,7,COND,uS,239.1,FALSE,NA,201
7/19/2024,2024,29,7,41.99605,-82.7179,Surface,1,COND,uS,237.4,FALSE,NA,201
7/19/2024,2024,29,7,41.99605,-82.7179,Bottom,9,COND,uS,237.4,FALSE,NA,201
8/4/2024,2024,32,2,41.971783,-82.488083,Surface,1,COND,uS,241.2,FALSE,NA,217
8/4/2024,2024,32,2,41.971783,-82.488083,Bottom,10,COND,uS,237.2,FALSE,NA,217
8/4/2024,2024,32,4,41.8927,-82.525767,Surface,1,COND,uS,232.3,FALSE,NA,217
8/4/2024,2024,32,4,41.8927,-82.525767,Bottom,10,COND,uS,237,FALSE,NA,217
8/4/2024,2024,32,5,42.002583,-82.578633,Surface,1,COND,uS,228.3,FALSE,NA,217
8/4/2024,2024,32,5,42.002583,-82.578633,Bottom,7,COND,uS,234.9,FALSE,NA,217
8/4/2024,2024,32,6,42.0222,-82.669683,Surface,1,COND,uS,232.4,FALSE,NA,217
8/4/2024,2024,32,6,42.0222,-82.669683,Bottom,7,COND,uS,233.9,FALSE,NA,217
8/4/2024,2024,32,7,41.99605,-82.7179,Surface,1,COND,uS,233.7,FALSE,NA,217
8/4/2024,2024,32,7,41.99605,-82.7179,Bottom,9,COND,uS,235.2,FALSE,NA,217
8/13/2024,2024,33,2,41.971783,-82.488083,Surface,1,COND,uS,233.4,FALSE,NA,226
8/13/2024,2024,33,2,41.971783,-82.488083,Bottom,10,COND,uS,231.8,FALSE,NA,226
8/13/2024,2024,33,4,41.8927,-82.525767,Surface,1,COND,uS,233.1,FALSE,NA,226
8/13/2024,2024,33,4,41.8927,-82.525767,Bottom,10,COND,uS,235.2,FALSE,NA,226
8/13/2024,2024,33,5,42.002583,-82.578633,Surface,1,COND,uS,232.5,FALSE,NA,226
8/13/2024,2024,33,5,42.002583,-82.578633,Bottom,7,COND,uS,233.8,FALSE,NA,226
8/13/2024,2024,33,6,42.0222,-82.669683,Surface,1,COND,uS,232,FALSE,NA,226
8/13/2024,2024,33,6,42.0222,-82.669683,Bottom,7,COND,uS,232.4,FALSE,NA,226
8/13/2024,2024,33,7,41.99605,-82.7179,Surface,1,COND,uS,231.4,FALSE,NA,226
8/13/2024,2024,33,7,41.99605,-82.7179,Bottom,9,COND,uS,233,FALSE,NA,226
8/22/2024,2024,34,2,41.971783,-82.488083,Surface,1,COND,uS,234.2,FALSE,NA,235
8/22/2024,2024,34,2,41.971783,-82.488083,Bottom,10,COND,uS,234.7,FALSE,NA,235
8/22/2024,2024,34,4,41.8927,-82.525767,Surface,1,COND,uS,231.5,FALSE,NA,235
8/22/2024,2024,34,4,41.8927,-82.525767,Bottom,10,COND,uS,231.7,FALSE,NA,235
8/22/2024,2024,34,5,42.002583,-82.578633,Surface,1,COND,uS,233.4,FALSE,NA,235
8/22/2024,2024,34,5,42.002583,-82.578633,Bottom,7,COND,uS,234.1,FALSE,NA,235
8/22/2024,2024,34,6,42.0222,-82.669683,Surface,1,COND,uS,232,FALSE,NA,235
8/22/2024,2024,34,6,42.0222,-82.669683,Bottom,7,COND,uS,232.3,FALSE,NA,235
8/22/2024,2024,34,7,41.99605,-82.7179,Surface,1,COND,uS,235.9,FALSE,NA,235
8/22/2024,2024,34,7,41.99605,-82.7179,Bottom,9,COND,uS,236.2,FALSE,NA,235
9/3/2024,2024,36,5,42.002583,-82.578633,Surface,1,COND,uS,233.1,FALSE,NA,247
9/3/2024,2024,36,5,42.002583,-82.578633,Bottom,7,COND,uS,235.2,FALSE,NA,247
9/3/2024,2024,36,6,42.0222,-82.669683,Surface,1,COND,uS,231.5,FALSE,NA,247
9/3/2024,2024,36,6,42.0222,-82.669683,Bottom,7,COND,uS,231.6,FALSE,NA,247
9/3/2024,2024,36,7,41.99605,-82.7179,Surface,1,COND,uS,229.7,FALSE,NA,247
9/3/2024,2024,36,7,41.99605,-82.7179,Bottom,9,COND,uS,229.8,FALSE,NA,247
9/11/2024,2024,37,2,41.971783,-82.488083,Surface,1,COND,uS,242.8,FALSE,NA,255
9/11/2024,2024,37,2,41.971783,-82.488083,Bottom,10,COND,uS,240.5,FALSE,NA,255
9/11/2024,2024,37,4,41.8927,-82.525767,Surface,1,COND,uS,237.4,FALSE,NA,255
9/11/2024,2024,37,4,41.8927,-82.525767,Bottom,10,COND,uS,237.6,FALSE,NA,255
9/11/2024,2024,37,5,42.002583,-82.578633,Surface,1,COND,uS,233.2,FALSE,NA,255
9/11/2024,2024,37,5,42.002583,-82.578633,Bottom,7,COND,uS,236.7,FALSE,NA,255
9/11/2024,2024,37,6,42.0222,-82.669683,Surface,1,COND,uS,232.2,FALSE,NA,255
9/11/2024,2024,37,6,42.0222,-82.669683,Bottom,7,COND,uS,232.3,FALSE,NA,255
9/11/2024,2024,37,7,41.99605,-82.7179,Surface,1,COND,uS,231.9,FALSE,NA,255
9/11/2024,2024,37,7,41.99605,-82.7179,Bottom,9,COND,uS,231.3,FALSE,NA,255
10/1/2024,2024,40,2,41.971783,-82.488083,Surface,1,COND,uS,232.9,FALSE,NA,275
10/1/2024,2024,40,2,41.971783,-82.488083,Bottom,10,COND,uS,232.9,FALSE,NA,275
10/1/2024,2024,40,4,41.8927,-82.525767,Surface,1,COND,uS,232.9,FALSE,NA,275
10/1/2024,2024,40,4,41.8927,-82.525767,Bottom,10,COND,uS,232.3,FALSE,NA,275
10/1/2024,2024,40,5,42.002583,-82.578633,Surface,1,COND,uS,234.5,FALSE,NA,275
10/1/2024,2024,40,5,42.002583,-82.578633,Bottom,7,COND,uS,234.8,FALSE,NA,275
10/1/2024,2024,40,6,42.0222,-82.669683,Surface,1,COND,uS,230.8,FALSE,NA,275
10/1/2024,2024,40,6,42.0222,-82.669683,Bottom,7,COND,uS,230.9,FALSE,NA,275
10/1/2024,2024,40,7,41.99605,-82.7179,Surface,1,COND,uS,225.4,FALSE,NA,275
10/1/2024,2024,40,7,41.99605,-82.7179,Bottom,9,COND,uS,225.5,FALSE,NA,275
8/5/2022,2022,32,5,42.002583,-82.5786,Surface,1,DMC,ugL,0.13,TRUE,NA,217
8/5/2022,2022,32,6,42.0222,-82.6697,Surface,1,DMC,ugL,0.12,FALSE,NA,217
8/5/2022,2022,32,7,41.99605,-82.7179,Surface,1,DMC,ugL,0.1,TRUE,NA,217
8/9/2022,2022,33,5,42.002583,-82.5786,Surface,1,DMC,ugL,0.1,FALSE,NA,221
8/9/2022,2022,33,6,42.0222,-82.6697,Surface,1,DMC,ugL,0.13,TRUE,NA,221
8/9/2022,2022,33,7,41.99605,-82.7179,Surface,1,DMC,ugL,0.14,TRUE,NA,221
8/17/2022,2022,34,5,42.002583,-82.5786,Surface,1,DMC,ugL,0.12,TRUE,NA,229
8/17/2022,2022,34,6,42.0222,-82.6697,Surface,1,DMC,ugL,0.45,TRUE,NA,229
8/17/2022,2022,34,7,41.99605,-82.7179,Surface,1,DMC,ugL,0.84,TRUE,NA,229
8/23/2022,2022,35,5,42.002583,-82.5786,Surface,1,DMC,ugL,0.75,TRUE,NA,235
8/23/2022,2022,35,6,42.0222,-82.6697,Surface,1,DMC,ugL,0.18,FALSE,NA,235
8/23/2022,2022,35,7,41.99605,-82.7179,Surface,1,DMC,ugL,0.15,TRUE,NA,235
9/1/2022,2022,36,5,42.002583,-82.5786,Surface,1,DMC,ugL,0.18,FALSE,NA,244
9/1/2022,2022,36,6,42.0222,-82.6697,Surface,1,DMC,ugL,0.21,FALSE,NA,244
9/8/2022,2022,37,5,42.002583,-82.5786,Surface,1,DMC,ugL,0.19,TRUE,NA,251
9/8/2022,2022,37,6,42.0222,-82.6697,Surface,1,DMC,ugL,0.23,FALSE,NA,251
9/8/2022,2022,37,7,41.99605,-82.7179,Surface,1,DMC,ugL,0.23,FALSE,NA,251
9/23/2022,2022,39,6,42.0222,-82.6697,Surface,1,DMC,ugL,0.21,TRUE,NA,266
9/23/2022,2022,39,7,41.99605,-82.7179,Surface,1,DMC,ugL,0.28,FALSE,NA,266
8/1/2023,2023,31,2,41.913017,-82.73665,Surface,1,DMC,ugL,0.01,FALSE,NA,213
8/1/2023,2023,31,4,41.8927,-82.525767,Surface,1,DMC,ugL,0.02,TRUE,NA,213
8/1/2023,2023,31,5,42.002583,-82.578633,Surface,1,DMC,ugL,0.02,TRUE,NA,213
8/1/2023,2023,31,6,42.0222,-82.669683,Bottom,7.9,DMC,ugL,0.02,TRUE,NA,213
8/1/2023,2023,31,7,41.99605,-82.7179,Surface,1,DMC,ugL,0.02,FALSE,NA,213
8/16/2023,2023,33,2,41.913017,-82.73665,Surface,1,DMC,ugL,0.03,TRUE,NA,228
8/16/2023,2023,33,4,41.8927,-82.525767,Surface,1,DMC,ugL,0.02,TRUE,NA,228
8/16/2023,2023,33,5,42.002583,-82.578633,Surface,1,DMC,ugL,0.01,FALSE,NA,228
8/16/2023,2023,33,6,42.0222,-82.669683,Surface,1,DMC,ugL,0.02,FALSE,NA,228
8/16/2023,2023,33,6,42.0222,-82.669683,Bottom,7.9,DMC,ugL,0.03,TRUE,NA,228
8/16/2023,2023,33,7,41.99605,-82.7179,Surface,1,DMC,ugL,0.03,TRUE,NA,228
8/28/2023,2023,35,2,41.913017,-82.73665,Surface,1,DMC,ugL,0.02,FALSE,NA,240
8/28/2023,2023,35,4,41.8927,-82.525767,Surface,1,DMC,ugL,0.02,FALSE,NA,240
8/28/2023,2023,35,5,42.002583,-82.578633,Surface,1,DMC,ugL,0.02,FALSE,NA,240
8/28/2023,2023,35,6,42.0222,-82.669683,Surface,1,DMC,ugL,0.04,TRUE,NA,240
8/28/2023,2023,35,6,42.0222,-82.669683,Bottom,7.9,DMC,ugL,0.02,TRUE,NA,240
8/28/2023,2023,35,7,41.99605,-82.7179,Surface,1,DMC,ugL,0.02,TRUE,NA,240
9/15/2023,2023,37,4,41.8927,-82.525767,Surface,1,DMC,ugL,0.02,FALSE,NA,258
9/15/2023,2023,37,5,42.002583,-82.578633,Surface,1,DMC,ugL,0.03,FALSE,NA,258
9/15/2023,2023,37,6,42.0222,-82.669683,Surface,1,DMC,ugL,0.04,TRUE,NA,258
9/15/2023,2023,37,6,42.0222,-82.669683,Bottom,7.9,DMC,ugL,0.04,TRUE,NA,258
9/15/2023,2023,37,7,41.99605,-82.7179,Surface,1,DMC,ugL,0.04,TRUE,NA,258
9/23/2023,2023,38,2,41.913017,-82.73665,Surface,1,DMC,ugL,0.05,TRUE,NA,266
9/23/2023,2023,38,4,41.8927,-82.525767,Surface,1,DMC,ugL,0.04,TRUE,NA,266
9/23/2023,2023,38,5,42.002583,-82.578633,Surface,1,DMC,ugL,0.04,TRUE,NA,266
9/23/2023,2023,38,6,42.0222,-82.669683,Surface,1,DMC,ugL,0.05,TRUE,NA,266
9/23/2023,2023,38,6,42.0222,-82.669683,Bottom,7.9,DMC,ugL,0.05,TRUE,NA,266
9/23/2023,2023,38,7,41.99605,-82.7179,Surface,1,DMC,ugL,0.04,FALSE,NA,266
10/3/2023,2023,40,2,41.913017,-82.73665,Surface,1,DMC,ugL,0.05,TRUE,NA,276
10/3/2023,2023,40,4,41.8927,-82.525767,Surface,1,DMC,ugL,0.05,TRUE,NA,276
10/3/2023,2023,40,5,42.002583,-82.578633,Surface,1,DMC,ugL,0.08,FALSE,NA,276
10/3/2023,2023,40,6,42.0222,-82.669683,Surface,1,DMC,ugL,0.05,TRUE,NA,276
10/3/2023,2023,40,6,42.0222,-82.669683,Bottom,7.9,DMC,ugL,0.1,TRUE,NA,276
10/3/2023,2023,40,7,41.99605,-82.7179,Surface,1,DMC,ugL,0.06,FALSE,NA,276
8/4/2024,2024,32,2,41.971783,-82.488083,Surface,1,DMC,ugL,0.03,FALSE,NA,217
8/4/2024,2024,32,4,41.8927,-82.525767,Surface,1,DMC,ugL,0.02,FALSE,NA,217
8/4/2024,2024,32,6,42.0222,-82.669683,Surface,1,DMC,ugL,0.02,FALSE,NA,217
8/4/2024,2024,32,6,42.0222,-82.669683,Bottom,7,DMC,ugL,0.04,FALSE,NA,217
8/4/2024,2024,32,7,41.99605,-82.7179,Surface,1,DMC,ugL,0.03,FALSE,NA,217
8/13/2024,2024,33,2,41.971783,-82.488083,Surface,1,DMC,ugL,0.08,FALSE,NA,226
8/13/2024,2024,33,4,41.8927,-82.525767,Surface,1,DMC,ugL,0.02,FALSE,NA,226
8/13/2024,2024,33,5,42.002583,-82.578633,Surface,1,DMC,ugL,0.02,FALSE,NA,226
8/13/2024,2024,33,6,42.0222,-82.669683,Surface,1,DMC,ugL,0.03,FALSE,NA,226
8/13/2024,2024,33,6,42.0222,-82.669683,Bottom,7,DMC,ugL,0.04,FALSE,NA,226
8/13/2024,2024,33,7,41.99605,-82.7179,Surface,1,DMC,ugL,0.03,FALSE,NA,226
8/22/2024,2024,34,2,41.971783,-82.488083,Surface,1,DMC,ugL,0.02,FALSE,NA,235
8/22/2024,2024,34,4,41.8927,-82.525767,Surface,1,DMC,ugL,0.03,FALSE,NA,235
8/22/2024,2024,34,5,42.002583,-82.578633,Surface,1,DMC,ugL,0.03,FALSE,NA,235
8/22/2024,2024,34,6,42.0222,-82.669683,Surface,1,DMC,ugL,0.03,FALSE,NA,235
8/22/2024,2024,34,6,42.0222,-82.669683,Bottom,7,DMC,ugL,0.04,FALSE,NA,235
8/22/2024,2024,34,7,41.99605,-82.7179,Surface,1,DMC,ugL,0.03,FALSE,NA,235
9/3/2024,2024,36,5,42.002583,-82.578633,Surface,1,DMC,ugL,0.03,FALSE,NA,247
9/3/2024,2024,36,6,42.0222,-82.669683,Surface,1,DMC,ugL,0.04,FALSE,NA,247
9/3/2024,2024,36,6,42.0222,-82.669683,Bottom,7,DMC,ugL,0.03,FALSE,NA,247
9/3/2024,2024,36,7,41.99605,-82.7179,Surface,1,DMC,ugL,0.03,FALSE,NA,247
9/11/2024,2024,37,2,41.971783,-82.488083,Surface,1,DMC,ugL,0.04,FALSE,NA,255
9/11/2024,2024,37,6,42.0222,-82.669683,Surface,1,DMC,ugL,0.05,FALSE,NA,255
9/11/2024,2024,37,7,41.99605,-82.7179,Surface,1,DMC,ugL,0.04,FALSE,NA,255
10/1/2024,2024,40,2,41.971783,-82.488083,Surface,1,DMC,ugL,0.04,FALSE,NA,275
10/1/2024,2024,40,4,41.8927,-82.525767,Surface,1,DMC,ugL,0.05,FALSE,NA,275
10/1/2024,2024,40,5,42.002583,-82.578633,Surface,1,DMC,ugL,0.05,FALSE,NA,275
10/1/2024,2024,40,6,42.0222,-82.669683,Surface,1,DMC,ugL,0.04,FALSE,NA,275
10/1/2024,2024,40,6,42.0222,-82.669683,Bottom,7,DMC,ugL,0.06,FALSE,NA,275
10/1/2024,2024,40,7,41.99605,-82.7179,Surface,1,DMC,ugL,0.03,FALSE,NA,275
5/30/2023,2023,22,2,41.913017,-82.73665,Surface,1,DO,%sat,102.9,FALSE,NA,150
5/30/2023,2023,22,2,41.913017,-82.73665,Bottom,10.9,DO,%sat,94.2,FALSE,NA,150
5/30/2023,2023,22,4,41.8927,-82.525767,Surface,1,DO,%sat,106.7,FALSE,NA,150
5/30/2023,2023,22,4,41.8927,-82.525767,Bottom,9.8,DO,%sat,102.8,FALSE,NA,150
5/30/2023,2023,22,5,42.002583,-82.578633,Surface,1,DO,%sat,109,FALSE,NA,150
5/30/2023,2023,22,5,42.002583,-82.578633,Bottom,8.1,DO,%sat,99.1,FALSE,NA,150
5/30/2023,2023,22,6,42.0222,-82.669683,Surface,1,DO,%sat,105.9,FALSE,NA,150
5/30/2023,2023,22,6,42.0222,-82.669683,Bottom,7.9,DO,%sat,108.6,FALSE,NA,150
5/30/2023,2023,22,7,41.99605,-82.7179,Surface,1,DO,%sat,105.3,FALSE,NA,150
5/30/2023,2023,22,7,41.99605,-82.7179,Bottom,9.5,DO,%sat,96.8,FALSE,NA,150
6/11/2023,2023,24,2,41.913017,-82.73665,Surface,1,DO,%sat,103.2,FALSE,NA,162
6/11/2023,2023,24,2,41.913017,-82.73665,Bottom,11,DO,%sat,93,FALSE,NA,162
6/11/2023,2023,24,5,42.002583,-82.578633,Surface,1,DO,%sat,105.3,FALSE,NA,162
6/11/2023,2023,24,5,42.002583,-82.578633,Bottom,8,DO,%sat,103,FALSE,NA,162
6/11/2023,2023,24,6,42.0222,-82.669683,Surface,1,DO,%sat,102.8,FALSE,NA,162
6/11/2023,2023,24,6,42.0222,-82.669683,Bottom,8,DO,%sat,96.9,FALSE,NA,162
6/11/2023,2023,24,7,41.99605,-82.7179,Surface,1,DO,%sat,101,FALSE,NA,162
6/11/2023,2023,24,7,41.99605,-82.7179,Bottom,9.5,DO,%sat,83.8,FALSE,NA,162
6/23/2023,2023,25,2,41.913017,-82.73665,Surface,1,DO,%sat,101.4,FALSE,NA,174
6/23/2023,2023,25,2,41.913017,-82.73665,Bottom,10.5,DO,%sat,100.3,FALSE,NA,174
6/23/2023,2023,25,4,41.8927,-82.525767,Surface,1,DO,%sat,103.2,FALSE,NA,174
6/23/2023,2023,25,4,41.8927,-82.525767,Bottom,8.5,DO,%sat,101.8,FALSE,NA,174
6/23/2023,2023,25,5,42.002583,-82.578633,Surface,1,DO,%sat,101.9,FALSE,NA,174
6/23/2023,2023,25,5,42.002583,-82.578633,Bottom,7.5,DO,%sat,101,FALSE,NA,174
6/23/2023,2023,25,6,42.0222,-82.669683,Surface,1,DO,%sat,100.2,FALSE,NA,174
6/23/2023,2023,25,6,42.0222,-82.669683,Bottom,7,DO,%sat,98.7,FALSE,NA,174
6/23/2023,2023,25,7,41.99605,-82.7179,Surface,1,DO,%sat,101.3,FALSE,NA,174
6/23/2023,2023,25,7,41.99605,-82.7179,Bottom,9,DO,%sat,100.1,FALSE,NA,174
7/10/2023,2023,28,2,41.913017,-82.73665,Surface,1,DO,%sat,107.1,FALSE,NA,191
7/10/2023,2023,28,2,41.913017,-82.73665,Bottom,10.5,DO,%sat,96.5,FALSE,NA,191
7/10/2023,2023,28,4,41.8927,-82.525767,Surface,1,DO,%sat,106.6,FALSE,NA,191
7/10/2023,2023,28,4,41.8927,-82.525767,Bottom,8.5,DO,%sat,106.5,FALSE,NA,191
7/10/2023,2023,28,5,42.002583,-82.578633,Surface,1,DO,%sat,103.2,FALSE,NA,191
7/10/2023,2023,28,5,42.002583,-82.578633,Bottom,7.5,DO,%sat,69.3,FALSE,NA,191
7/10/2023,2023,28,6,42.0222,-82.669683,Surface,1,DO,%sat,107.4,FALSE,NA,191
7/10/2023,2023,28,6,42.0222,-82.669683,Bottom,7,DO,%sat,83.2,FALSE,NA,191
7/10/2023,2023,28,7,41.99605,-82.7179,Surface,1,DO,%sat,104.6,FALSE,NA,191
7/10/2023,2023,28,7,41.99605,-82.7179,Bottom,9,DO,%sat,97.4,FALSE,NA,191
7/17/2023,2023,29,2,41.913017,-82.73665,Surface,1,DO,%sat,104.8,FALSE,NA,198
7/17/2023,2023,29,2,41.913017,-82.73665,Bottom,10.5,DO,%sat,100.1,FALSE,NA,198
7/17/2023,2023,29,4,41.8927,-82.525767,Surface,1,DO,%sat,103.7,FALSE,NA,198
7/17/2023,2023,29,4,41.8927,-82.525767,Bottom,8.5,DO,%sat,100.1,FALSE,NA,198
7/17/2023,2023,29,5,42.002583,-82.578633,Surface,1,DO,%sat,109.8,FALSE,NA,198
7/17/2023,2023,29,5,42.002583,-82.578633,Bottom,7.5,DO,%sat,102.5,FALSE,NA,198
7/17/2023,2023,29,6,42.0222,-82.669683,Surface,1,DO,%sat,106.2,FALSE,NA,198
7/17/2023,2023,29,6,42.0222,-82.669683,Bottom,7,DO,%sat,99.8,FALSE,NA,198
7/17/2023,2023,29,7,41.99605,-82.7179,Surface,1,DO,%sat,109.4,FALSE,NA,198
7/17/2023,2023,29,7,41.99605,-82.7179,Bottom,9,DO,%sat,106.1,FALSE,NA,198
7/25/2023,2023,30,2,41.913017,-82.73665,Surface,1,DO,%sat,107.7,FALSE,NA,206
7/25/2023,2023,30,2,41.913017,-82.73665,Bottom,10.5,DO,%sat,98.4,FALSE,NA,206
7/25/2023,2023,30,4,41.8927,-82.525767,Surface,1,DO,%sat,110.8,FALSE,NA,206
7/25/2023,2023,30,4,41.8927,-82.525767,Bottom,8.5,DO,%sat,94.3,FALSE,NA,206
7/25/2023,2023,30,5,42.002583,-82.578633,Surface,1,DO,%sat,105.9,FALSE,NA,206
7/25/2023,2023,30,5,42.002583,-82.578633,Bottom,7.5,DO,%sat,105.4,FALSE,NA,206
7/25/2023,2023,30,6,42.0222,-82.669683,Surface,1,DO,%sat,107.7,FALSE,NA,206
7/25/2023,2023,30,6,42.0222,-82.669683,Bottom,7,DO,%sat,96.3,FALSE,NA,206
7/25/2023,2023,30,7,41.99605,-82.7179,Surface,1,DO,%sat,108.5,FALSE,NA,206
7/25/2023,2023,30,7,41.99605,-82.7179,Bottom,9,DO,%sat,108,FALSE,NA,206
8/1/2023,2023,31,2,41.913017,-82.73665,Surface,1,DO,%sat,99.3,FALSE,NA,213
8/1/2023,2023,31,2,41.913017,-82.73665,Bottom,10.5,DO,%sat,97.2,FALSE,NA,213
8/1/2023,2023,31,4,41.8927,-82.525767,Surface,1,DO,%sat,102.5,FALSE,NA,213
8/1/2023,2023,31,4,41.8927,-82.525767,Bottom,8.5,DO,%sat,81.5,FALSE,NA,213
8/1/2023,2023,31,5,42.002583,-82.578633,Surface,1,DO,%sat,103.1,FALSE,NA,213
8/1/2023,2023,31,5,42.002583,-82.578633,Bottom,7.5,DO,%sat,43.6,FALSE,NA,213
8/1/2023,2023,31,6,42.0222,-82.669683,Surface,1,DO,%sat,104.7,FALSE,NA,213
8/1/2023,2023,31,6,42.0222,-82.669683,Bottom,7,DO,%sat,100.2,FALSE,NA,213
8/1/2023,2023,31,7,41.99605,-82.7179,Surface,1,DO,%sat,105.1,FALSE,NA,213
8/1/2023,2023,31,7,41.99605,-82.7179,Bottom,9,DO,%sat,101.4,FALSE,NA,213
8/16/2023,2023,33,2,41.913017,-82.73665,Surface,1,DO,%sat,100.3,FALSE,NA,228
8/16/2023,2023,33,2,41.913017,-82.73665,Bottom,10.5,DO,%sat,97.5,FALSE,NA,228
8/16/2023,2023,33,4,41.8927,-82.525767,Surface,1,DO,%sat,95,FALSE,NA,228
8/16/2023,2023,33,4,41.8927,-82.525767,Bottom,8.6,DO,%sat,86.8,FALSE,NA,228
8/16/2023,2023,33,5,42.002583,-82.578633,Surface,1,DO,%sat,104,FALSE,NA,228
8/16/2023,2023,33,5,42.002583,-82.578633,Bottom,7.8,DO,%sat,93.6,FALSE,NA,228
8/16/2023,2023,33,6,42.0222,-82.669683,Surface,1,DO,%sat,98.5,FALSE,NA,228
8/16/2023,2023,33,6,42.0222,-82.669683,Bottom,7,DO,%sat,96.2,FALSE,NA,228
8/16/2023,2023,33,7,41.99605,-82.7179,Surface,1,DO,%sat,100.5,FALSE,NA,228
8/16/2023,2023,33,7,41.99605,-82.7179,Bottom,10,DO,%sat,97.9,FALSE,NA,228
8/28/2023,2023,35,2,41.913017,-82.73665,Surface,1,DO,%sat,101.1,FALSE,NA,240
8/28/2023,2023,35,2,41.913017,-82.73665,Bottom,10.5,DO,%sat,98.2,FALSE,NA,240
8/28/2023,2023,35,4,41.8927,-82.525767,Surface,1,DO,%sat,22.5,FALSE,NA,240
8/28/2023,2023,35,4,41.8927,-82.525767,Bottom,8.6,DO,%sat,22.2,FALSE,NA,240
8/28/2023,2023,35,5,42.002583,-82.578633,Surface,1,DO,%sat,22.3,FALSE,NA,240
8/28/2023,2023,35,5,42.002583,-82.578633,Bottom,7.8,DO,%sat,22.4,FALSE,NA,240
8/28/2023,2023,35,6,42.0222,-82.669683,Surface,1,DO,%sat,22.5,FALSE,NA,240
8/28/2023,2023,35,6,42.0222,-82.669683,Bottom,7,DO,%sat,22.3,FALSE,NA,240
8/28/2023,2023,35,7,41.99605,-82.7179,Surface,1,DO,%sat,22.5,FALSE,NA,240
8/28/2023,2023,35,7,41.99605,-82.7179,Bottom,9,DO,%sat,22.3,FALSE,NA,240
9/15/2023,2023,37,2,41.913017,-82.73665,Surface,1,DO,%sat,102.5,FALSE,NA,258
9/15/2023,2023,37,2,41.913017,-82.73665,Bottom,11,DO,%sat,101.4,FALSE,NA,258
9/15/2023,2023,37,4,41.8927,-82.525767,Surface,1,DO,%sat,103.2,FALSE,NA,258
9/15/2023,2023,37,4,41.8927,-82.525767,Bottom,9,DO,%sat,102.4,FALSE,NA,258
9/15/2023,2023,37,5,42.002583,-82.578633,Surface,1,DO,%sat,104.9,FALSE,NA,258
9/15/2023,2023,37,5,42.002583,-82.578633,Bottom,8,DO,%sat,103.8,FALSE,NA,258
9/15/2023,2023,37,6,42.0222,-82.669683,Surface,1,DO,%sat,105.8,FALSE,NA,258
9/15/2023,2023,37,6,42.0222,-82.669683,Bottom,7.5,DO,%sat,101.4,FALSE,NA,258
9/15/2023,2023,37,7,41.99605,-82.7179,Surface,1,DO,%sat,104.7,FALSE,NA,258
9/15/2023,2023,37,7,41.99605,-82.7179,Bottom,9,DO,%sat,103.1,FALSE,NA,258
5/16/2024,2024,20,4,41.8927,-82.525767,Surface,1,DO,sat%,106.7,FALSE,NA,137
5/16/2024,2024,20,4,41.8927,-82.525767,Bottom,10,DO,sat%,97.9,FALSE,NA,137
5/23/2024,2024,21,6,42.0222,-82.669683,Surface,1,DO,sat%,103.6,FALSE,NA,144
5/23/2024,2024,21,6,42.0222,-82.669683,Bottom,7,DO,sat%,101.9,FALSE,NA,144
5/23/2024,2024,21,7,41.99605,-82.7179,Surface,1,DO,sat%,101.8,FALSE,NA,144
5/23/2024,2024,21,7,41.99605,-82.7179,Bottom,9,DO,sat%,102,FALSE,NA,144
5/31/2024,2024,22,2,41.971783,-82.488083,Surface,1,DO,sat%,104,FALSE,NA,152
5/31/2024,2024,22,2,41.971783,-82.488083,Bottom,10,DO,sat%,97.5,FALSE,NA,152
5/31/2024,2024,22,4,41.8927,-82.525767,Surface,1,DO,sat%,105,FALSE,NA,152
5/31/2024,2024,22,4,41.8927,-82.525767,Bottom,10,DO,sat%,97,FALSE,NA,152
5/31/2024,2024,22,5,42.002583,-82.578633,Surface,1,DO,sat%,101.3,FALSE,NA,152
5/31/2024,2024,22,5,42.002583,-82.578633,Bottom,7,DO,sat%,93,FALSE,NA,152
5/31/2024,2024,22,6,42.0222,-82.669683,Surface,1,DO,sat%,102,FALSE,NA,152
5/31/2024,2024,22,6,42.0222,-82.669683,Bottom,7,DO,sat%,94.8,FALSE,NA,152
5/31/2024,2024,22,7,41.99605,-82.7179,Surface,1,DO,sat%,105,FALSE,NA,152
5/31/2024,2024,22,7,41.99605,-82.7179,Bottom,9,DO,sat%,95.5,FALSE,NA,152
6/19/2024,2024,25,2,41.971783,-82.488083,Surface,1,DO,sat%,108,FALSE,NA,171
6/19/2024,2024,25,2,41.971783,-82.488083,Bottom,10,DO,sat%,97,FALSE,NA,171
6/19/2024,2024,25,4,41.8927,-82.525767,Surface,1,DO,sat%,109,FALSE,NA,171
6/19/2024,2024,25,4,41.8927,-82.525767,Bottom,10,DO,sat%,88,FALSE,NA,171
6/19/2024,2024,25,5,42.002583,-82.578633,Surface,1,DO,sat%,112,FALSE,NA,171
6/19/2024,2024,25,5,42.002583,-82.578633,Bottom,7,DO,sat%,112,FALSE,NA,171
6/19/2024,2024,25,6,42.0222,-82.669683,Surface,1,DO,sat%,111,FALSE,NA,171
6/19/2024,2024,25,6,42.0222,-82.669683,Bottom,7,DO,sat%,107,FALSE,NA,171
6/19/2024,2024,25,7,41.99605,-82.7179,Surface,1,DO,sat%,108,FALSE,NA,171
6/19/2024,2024,25,7,41.99605,-82.7179,Bottom,9,DO,sat%,91,FALSE,NA,171
7/4/2024,2024,27,2,41.971783,-82.488083,Surface,1,DO,sat%,103.7,FALSE,NA,186
7/4/2024,2024,27,2,41.971783,-82.488083,Bottom,10,DO,sat%,103.4,FALSE,NA,186
7/4/2024,2024,27,4,41.8927,-82.525767,Surface,1,DO,sat%,104.8,FALSE,NA,186
7/4/2024,2024,27,4,41.8927,-82.525767,Bottom,10,DO,sat%,91.8,FALSE,NA,186
7/4/2024,2024,27,5,42.002583,-82.578633,Surface,1,DO,sat%,109,FALSE,NA,186
7/4/2024,2024,27,5,42.002583,-82.578633,Bottom,7,DO,sat%,101,FALSE,NA,186
7/4/2024,2024,27,6,42.0222,-82.669683,Surface,1,DO,sat%,103.8,FALSE,NA,186
7/4/2024,2024,27,6,42.0222,-82.669683,Bottom,7,DO,sat%,100,FALSE,NA,186
7/4/2024,2024,27,7,41.99605,-82.7179,Surface,1,DO,sat%,105,FALSE,NA,186
7/4/2024,2024,27,7,41.99605,-82.7179,Bottom,9,DO,sat%,99.1,FALSE,NA,186
7/19/2024,2024,29,2,41.971783,-82.488083,Surface,1,DO,sat%,108.3,FALSE,NA,201
7/19/2024,2024,29,2,41.971783,-82.488083,Bottom,10,DO,sat%,98.3,FALSE,NA,201
7/19/2024,2024,29,4,41.8927,-82.525767,Surface,1,DO,sat%,103,FALSE,NA,201
7/19/2024,2024,29,4,41.8927,-82.525767,Bottom,10,DO,sat%,100.5,FALSE,NA,201
7/19/2024,2024,29,5,42.002583,-82.578633,Surface,1,DO,sat%,102.3,FALSE,NA,201
7/19/2024,2024,29,5,42.002583,-82.578633,Bottom,7,DO,sat%,66.9,FALSE,NA,201
7/19/2024,2024,29,6,42.0222,-82.669683,Surface,1,DO,sat%,99.1,FALSE,NA,201
7/19/2024,2024,29,6,42.0222,-82.669683,Bottom,7,DO,sat%,98,FALSE,NA,201
7/19/2024,2024,29,7,41.99605,-82.7179,Surface,1,DO,sat%,104.4,FALSE,NA,201
7/19/2024,2024,29,7,41.99605,-82.7179,Bottom,9,DO,sat%,101.2,FALSE,NA,201
8/4/2024,2024,32,2,41.971783,-82.488083,Surface,1,DO,sat%,106.4,FALSE,NA,217
8/4/2024,2024,32,2,41.971783,-82.488083,Bottom,10,DO,sat%,93.9,FALSE,NA,217
8/4/2024,2024,32,4,41.8927,-82.525767,Surface,1,DO,sat%,107.3,FALSE,NA,217
8/4/2024,2024,32,4,41.8927,-82.525767,Bottom,10,DO,sat%,94.4,FALSE,NA,217
8/4/2024,2024,32,5,42.002583,-82.578633,Surface,1,DO,sat%,117.7,FALSE,NA,217
8/4/2024,2024,32,5,42.002583,-82.578633,Bottom,7,DO,sat%,52.5,FALSE,NA,217
8/4/2024,2024,32,6,42.0222,-82.669683,Surface,1,DO,sat%,105.7,FALSE,NA,217
8/4/2024,2024,32,6,42.0222,-82.669683,Bottom,7,DO,sat%,75.8,FALSE,NA,217
8/4/2024,2024,32,7,41.99605,-82.7179,Surface,1,DO,sat%,105.2,FALSE,NA,217
8/4/2024,2024,32,7,41.99605,-82.7179,Bottom,9,DO,sat%,91.5,FALSE,NA,217
8/13/2024,2024,33,2,41.971783,-82.488083,Surface,1,DO,sat%,106.7,FALSE,NA,226
8/13/2024,2024,33,2,41.971783,-82.488083,Bottom,10,DO,sat%,96.7,FALSE,NA,226
8/13/2024,2024,33,4,41.8927,-82.525767,Surface,1,DO,sat%,103.7,FALSE,NA,226
8/13/2024,2024,33,4,41.8927,-82.525767,Bottom,10,DO,sat%,91.2,FALSE,NA,226
8/13/2024,2024,33,5,42.002583,-82.578633,Surface,1,DO,sat%,109,FALSE,NA,226
8/13/2024,2024,33,5,42.002583,-82.578633,Bottom,7,DO,sat%,100.3,FALSE,NA,226
8/13/2024,2024,33,6,42.0222,-82.669683,Surface,1,DO,sat%,104.9,FALSE,NA,226
8/13/2024,2024,33,6,42.0222,-82.669683,Bottom,7,DO,sat%,97.2,FALSE,NA,226
8/13/2024,2024,33,7,41.99605,-82.7179,Surface,1,DO,sat%,106.6,FALSE,NA,226
8/13/2024,2024,33,7,41.99605,-82.7179,Bottom,9,DO,sat%,94.4,FALSE,NA,226
8/22/2024,2024,34,2,41.971783,-82.488083,Surface,1,DO,sat%,100.4,FALSE,NA,235
8/22/2024,2024,34,2,41.971783,-82.488083,Bottom,10,DO,sat%,97.5,FALSE,NA,235
8/22/2024,2024,34,4,41.8927,-82.525767,Surface,1,DO,sat%,102.2,FALSE,NA,235
8/22/2024,2024,34,4,41.8927,-82.525767,Bottom,10,DO,sat%,98.5,FALSE,NA,235
8/22/2024,2024,34,5,42.002583,-82.578633,Surface,1,DO,sat%,101.9,FALSE,NA,235
8/22/2024,2024,34,5,42.002583,-82.578633,Bottom,7,DO,sat%,98.9,FALSE,NA,235
8/22/2024,2024,34,6,42.0222,-82.669683,Surface,1,DO,sat%,98.8,FALSE,NA,235
8/22/2024,2024,34,6,42.0222,-82.669683,Bottom,7,DO,sat%,97.3,FALSE,NA,235
8/22/2024,2024,34,7,41.99605,-82.7179,Surface,1,DO,sat%,100.6,FALSE,NA,235
8/22/2024,2024,34,7,41.99605,-82.7179,Bottom,9,DO,sat%,96.5,FALSE,NA,235
9/3/2024,2024,36,5,42.002583,-82.578633,Surface,1,DO,sat%,98.1,FALSE,NA,247
9/3/2024,2024,36,5,42.002583,-82.578633,Bottom,7,DO,sat%,96.9,FALSE,NA,247
9/3/2024,2024,36,6,42.0222,-82.669683,Surface,1,DO,sat%,94.7,FALSE,NA,247
9/3/2024,2024,36,6,42.0222,-82.669683,Bottom,7,DO,sat%,92.1,FALSE,NA,247
9/3/2024,2024,36,7,41.99605,-82.7179,Surface,1,DO,sat%,92.6,FALSE,NA,247
9/3/2024,2024,36,7,41.99605,-82.7179,Bottom,9,DO,sat%,90.8,FALSE,NA,247
9/11/2024,2024,37,2,41.971783,-82.488083,Surface,1,DO,sat%,99.5,FALSE,NA,255
9/11/2024,2024,37,2,41.971783,-82.488083,Bottom,10,DO,sat%,88.1,FALSE,NA,255
9/11/2024,2024,37,4,41.8927,-82.525767,Surface,1,DO,sat%,101,FALSE,NA,255
9/11/2024,2024,37,4,41.8927,-82.525767,Bottom,10,DO,sat%,92.5,FALSE,NA,255
9/11/2024,2024,37,5,42.002583,-82.578633,Surface,1,DO,sat%,112.4,FALSE,NA,255
9/11/2024,2024,37,5,42.002583,-82.578633,Bottom,7,DO,sat%,90.8,FALSE,NA,255
9/11/2024,2024,37,6,42.0222,-82.669683,Surface,1,DO,sat%,105,FALSE,NA,255
9/11/2024,2024,37,6,42.0222,-82.669683,Bottom,7,DO,sat%,90.9,FALSE,NA,255
9/11/2024,2024,37,7,41.99605,-82.7179,Surface,1,DO,sat%,102.5,FALSE,NA,255
9/11/2024,2024,37,7,41.99605,-82.7179,Bottom,9,DO,sat%,90.8,FALSE,NA,255
10/1/2024,2024,40,2,41.971783,-82.488083,Surface,1,DO,sat%,93.5,FALSE,NA,275
10/1/2024,2024,40,2,41.971783,-82.488083,Bottom,10,DO,sat%,92.5,FALSE,NA,275
10/1/2024,2024,40,4,41.8927,-82.525767,Surface,1,DO,sat%,96.3,FALSE,NA,275
10/1/2024,2024,40,4,41.8927,-82.525767,Bottom,10,DO,sat%,95.4,FALSE,NA,275
10/1/2024,2024,40,5,42.002583,-82.578633,Surface,1,DO,sat%,96.2,FALSE,NA,275
10/1/2024,2024,40,5,42.002583,-82.578633,Bottom,7,DO,sat%,94.2,FALSE,NA,275
10/1/2024,2024,40,6,42.0222,-82.669683,Surface,1,DO,sat%,93.7,FALSE,NA,275
10/1/2024,2024,40,6,42.0222,-82.669683,Bottom,7,DO,sat%,93.1,FALSE,NA,275
10/1/2024,2024,40,7,41.99605,-82.7179,Surface,1,DO,sat%,93.3,FALSE,NA,275
10/1/2024,2024,40,7,41.99605,-82.7179,Bottom,9,DO,sat%,92.6,FALSE,NA,275
6/9/2022,2022,24,7,41.99605,-82.7179,Surface,1,DOC,mgL,2.13,FALSE,NA,160
6/9/2022,2022,24,7,41.99605,-82.7179,Bottom,9.5,DOC,mgL,1.63,FALSE,NA,160
7/7/2022,2022,28,2,41.913017,-82.7367,Surface,1,DOC,mgL,1.65,FALSE,NA,188
7/7/2022,2022,28,2,41.913017,-82.7367,Bottom,11,DOC,mgL,1.63,FALSE,NA,188
7/7/2022,2022,28,4,41.8927,-82.5258,Surface,1,DOC,mgL,1.8,FALSE,NA,188
7/7/2022,2022,28,4,41.8927,-82.5258,Bottom,8,DOC,mgL,1.74,FALSE,NA,188
7/7/2022,2022,28,5,42.002583,-82.5786,Surface,1,DOC,mgL,1.71,FALSE,NA,188
7/7/2022,2022,28,5,42.002583,-82.5786,Bottom,8.5,DOC,mgL,1.68,FALSE,NA,188
7/7/2022,2022,28,6,42.0222,-82.6697,Surface,1,DOC,mgL,1.64,FALSE,NA,188
7/7/2022,2022,28,6,42.0222,-82.6697,Bottom,8,DOC,mgL,1.87,FALSE,NA,188
7/7/2022,2022,28,7,41.99605,-82.7179,Surface,1,DOC,mgL,1.6,FALSE,NA,188
7/7/2022,2022,28,7,41.99605,-82.7179,Bottom,9.5,DOC,mgL,1.63,FALSE,NA,188
7/26/2022,2022,31,2,41.913017,-82.7367,Surface,1,DOC,mgL,2.22,FALSE,NA,207
7/26/2022,2022,31,2,41.913017,-82.7367,Bottom,11,DOC,mgL,1.95,FALSE,NA,207
7/26/2022,2022,31,4,41.8927,-82.5258,Surface,1,DOC,mgL,1.9,FALSE,NA,207
7/26/2022,2022,31,4,41.8927,-82.5258,Bottom,8,DOC,mgL,2.12,FALSE,NA,207
7/26/2022,2022,31,5,42.002583,-82.5786,Surface,1,DOC,mgL,1.94,FALSE,NA,207
7/26/2022,2022,31,5,42.002583,-82.5786,Bottom,8.5,DOC,mgL,1.83,FALSE,NA,207
7/26/2022,2022,31,6,42.0222,-82.6697,Surface,1,DOC,mgL,2.26,FALSE,NA,207
7/26/2022,2022,31,6,42.0222,-82.6697,Bottom,8,DOC,mgL,1.88,FALSE,NA,207
7/26/2022,2022,31,7,41.99605,-82.7179,Surface,1,DOC,mgL,2.38,FALSE,NA,207
7/26/2022,2022,31,7,41.99605,-82.7179,Bottom,9.5,DOC,mgL,1.87,FALSE,NA,207
8/9/2022,2022,33,2,41.913017,-82.7367,Surface,1,DOC,mgL,2.01,FALSE,NA,221
8/9/2022,2022,33,2,41.913017,-82.7367,Bottom,11,DOC,mgL,2,FALSE,NA,221
8/9/2022,2022,33,4,41.8927,-82.5258,Surface,1,DOC,mgL,1.95,FALSE,NA,221
8/9/2022,2022,33,4,41.8927,-82.5258,Bottom,8,DOC,mgL,1.99,FALSE,NA,221
8/9/2022,2022,33,5,42.002583,-82.5786,Surface,1,DOC,mgL,1.76,FALSE,NA,221
8/9/2022,2022,33,5,42.002583,-82.5786,Bottom,8.5,DOC,mgL,1.7,FALSE,NA,221
8/9/2022,2022,33,6,42.0222,-82.6697,Surface,1,DOC,mgL,1.8,FALSE,NA,221
8/9/2022,2022,33,6,42.0222,-82.6697,Bottom,8,DOC,mgL,1.71,FALSE,NA,221
8/9/2022,2022,33,7,41.99605,-82.7179,Surface,1,DOC,mgL,1.81,FALSE,NA,221
8/9/2022,2022,33,7,41.99605,-82.7179,Bottom,9.5,DOC,mgL,1.78,FALSE,NA,221
8/17/2022,2022,34,2,41.913017,-82.7367,Surface,1,DOC,mgL,1.85,FALSE,NA,229
8/17/2022,2022,34,2,41.913017,-82.7367,Bottom,11,DOC,mgL,1.98,FALSE,NA,229
8/17/2022,2022,34,4,41.8927,-82.5258,Surface,1,DOC,mgL,1.87,FALSE,NA,229
8/17/2022,2022,34,4,41.8927,-82.5258,Bottom,8,DOC,mgL,2.32,FALSE,NA,229
8/17/2022,2022,34,5,42.002583,-82.5786,Surface,1,DOC,mgL,1.85,FALSE,NA,229
8/17/2022,2022,34,5,42.002583,-82.5786,Bottom,8.5,DOC,mgL,1.94,FALSE,NA,229
8/17/2022,2022,34,6,42.0222,-82.6697,Surface,1,DOC,mgL,1.83,FALSE,NA,229
8/17/2022,2022,34,7,41.99605,-82.7179,Surface,1,DOC,mgL,1.72,FALSE,NA,229
8/17/2022,2022,34,7,41.99605,-82.7179,Bottom,9.5,DOC,mgL,1.94,FALSE,NA,229
8/23/2022,2022,35,2,41.913017,-82.7367,Surface,1,DOC,mgL,1.89,FALSE,NA,235
8/23/2022,2022,35,2,41.913017,-82.7367,Bottom,11,DOC,mgL,2.11,FALSE,NA,235
8/23/2022,2022,35,4,41.8927,-82.5258,Surface,1,DOC,mgL,1.88,FALSE,NA,235
8/23/2022,2022,35,4,41.8927,-82.5258,Bottom,8,DOC,mgL,2.01,FALSE,NA,235
8/23/2022,2022,35,5,42.002583,-82.5786,Surface,1,DOC,mgL,1.83,FALSE,NA,235
8/23/2022,2022,35,5,42.002583,-82.5786,Bottom,8.5,DOC,mgL,1.97,FALSE,NA,235
8/23/2022,2022,35,6,42.0222,-82.6697,Surface,1,DOC,mgL,1.79,FALSE,NA,235
8/23/2022,2022,35,6,42.0222,-82.6697,Bottom,8,DOC,mgL,1.89,FALSE,NA,235
8/23/2022,2022,35,7,41.99605,-82.7179,Surface,1,DOC,mgL,1.85,FALSE,NA,235
8/23/2022,2022,35,7,41.99605,-82.7179,Bottom,9.5,DOC,mgL,1.78,FALSE,NA,235
9/1/2022,2022,36,2,41.913017,-82.7367,Surface,1,DOC,mgL,1.99,FALSE,NA,244
9/1/2022,2022,36,2,41.913017,-82.7367,Bottom,11,DOC,mgL,3.41,FALSE,NA,244
9/1/2022,2022,36,4,41.8927,-82.5258,Surface,1,DOC,mgL,2.07,FALSE,NA,244
9/1/2022,2022,36,4,41.8927,-82.5258,Bottom,8,DOC,mgL,1.98,FALSE,NA,244
9/1/2022,2022,36,5,42.002583,-82.5786,Surface,1,DOC,mgL,1.87,FALSE,NA,244
9/1/2022,2022,36,5,42.002583,-82.5786,Bottom,8.5,DOC,mgL,2.02,FALSE,NA,244
9/1/2022,2022,36,6,42.0222,-82.6697,Surface,1,DOC,mgL,2,FALSE,NA,244
9/1/2022,2022,36,6,42.0222,-82.6697,Bottom,8,DOC,mgL,1.85,FALSE,NA,244
9/1/2022,2022,36,7,41.99605,-82.7179,Surface,1,DOC,mgL,1.98,FALSE,NA,244
9/1/2022,2022,36,7,41.99605,-82.7179,Bottom,9.5,DOC,mgL,1.93,FALSE,NA,244
9/6/2022,2022,37,4,41.8927,-82.5258,Surface,1,DOC,mgL,4.57,FALSE,NA,249
9/6/2022,2022,37,4,41.8927,-82.5258,Bottom,8,DOC,mgL,2.79,FALSE,NA,249
9/6/2022,2022,37,5,42.002583,-82.5786,Surface,1,DOC,mgL,2.36,FALSE,NA,249
9/6/2022,2022,37,5,42.002583,-82.5786,Bottom,8.5,DOC,mgL,4.43,FALSE,NA,249
9/6/2022,2022,37,6,42.0222,-82.6697,Surface,1,DOC,mgL,2.22,FALSE,NA,249
9/6/2022,2022,37,6,42.0222,-82.6697,Bottom,8,DOC,mgL,2.67,FALSE,NA,249
9/8/2022,2022,37,2,41.913017,-82.7367,Surface,1,DOC,mgL,2.16,FALSE,NA,251
9/8/2022,2022,37,2,41.913017,-82.7367,Bottom,11,DOC,mgL,2.17,FALSE,NA,251
9/8/2022,2022,37,7,41.99605,-82.7179,Surface,1,DOC,mgL,2.43,FALSE,NA,251
9/8/2022,2022,37,7,41.99605,-82.7179,Bottom,9.5,DOC,mgL,2,FALSE,NA,251
9/23/2022,2022,39,2,41.913017,-82.7367,Bottom,11,DOC,mgL,1.77,FALSE,NA,266
9/23/2022,2022,39,4,41.8927,-82.5258,Surface,1,DOC,mgL,2.06,FALSE,NA,266
9/23/2022,2022,39,4,41.8927,-82.5258,Bottom,8,DOC,mgL,1.79,FALSE,NA,266
9/23/2022,2022,39,5,42.002583,-82.5786,Surface,1,DOC,mgL,1.87,FALSE,NA,266
9/23/2022,2022,39,5,42.002583,-82.5786,Bottom,8.5,DOC,mgL,6.14,FALSE,NA,266
9/23/2022,2022,39,6,42.0222,-82.6697,Surface,1,DOC,mgL,1.81,FALSE,NA,266
9/23/2022,2022,39,6,42.0222,-82.6697,Bottom,8,DOC,mgL,1.91,FALSE,NA,266
9/23/2022,2022,39,7,41.99605,-82.7179,Surface,1,DOC,mgL,1.92,FALSE,NA,266
9/23/2022,2022,39,7,41.99605,-82.7179,Bottom,9.5,DOC,mgL,1.74,FALSE,NA,266
5/30/2023,2023,22,2,41.913017,-82.73665,Surface,1,DOC,mgL,3.02,FALSE,NA,150
5/30/2023,2023,22,2,41.913017,-82.73665,Bottom,10.9,DOC,mgL,2.78,FALSE,NA,150
5/30/2023,2023,22,4,41.8927,-82.525767,Surface,1,DOC,mgL,13.36,FALSE,NA,150
5/30/2023,2023,22,4,41.8927,-82.525767,Bottom,9.8,DOC,mgL,1.64,FALSE,NA,150
5/30/2023,2023,22,5,42.002583,-82.578633,Surface,1,DOC,mgL,8.17,FALSE,NA,150
5/30/2023,2023,22,5,42.002583,-82.578633,Bottom,8.1,DOC,mgL,1.92,FALSE,NA,150
5/30/2023,2023,22,6,42.0222,-82.669683,Surface,1,DOC,mgL,11.59,FALSE,NA,150
5/30/2023,2023,22,6,42.0222,-82.669683,Bottom,7.9,DOC,mgL,1.77,FALSE,NA,150
5/30/2023,2023,22,7,41.99605,-82.7179,Surface,1,DOC,mgL,1.84,FALSE,NA,150
5/30/2023,2023,22,7,41.99605,-82.7179,Bottom,9.5,DOC,mgL,1.83,FALSE,NA,150
6/11/2023,2023,24,2,41.913017,-82.73665,Surface,1,DOC,mgL,1.65,FALSE,NA,162
6/11/2023,2023,24,2,41.913017,-82.73665,Bottom,10.9,DOC,mgL,2.25,FALSE,NA,162
6/11/2023,2023,24,5,42.002583,-82.578633,Surface,1,DOC,mgL,1.83,FALSE,NA,162
6/11/2023,2023,24,5,42.002583,-82.578633,Bottom,8.1,DOC,mgL,1.89,FALSE,NA,162
6/11/2023,2023,24,6,42.0222,-82.669683,Surface,1,DOC,mgL,1.97,FALSE,NA,162
6/11/2023,2023,24,6,42.0222,-82.669683,Bottom,7.9,DOC,mgL,1.76,FALSE,NA,162
6/11/2023,2023,24,7,41.99605,-82.7179,Surface,1,DOC,mgL,1.86,FALSE,NA,162
6/11/2023,2023,24,7,41.99605,-82.7179,Bottom,9.5,DOC,mgL,1.79,FALSE,NA,162
6/23/2023,2023,25,2,41.913017,-82.73665,Surface,1,DOC,mgL,2,FALSE,NA,174
6/23/2023,2023,25,2,41.913017,-82.73665,Bottom,10.9,DOC,mgL,3.12,FALSE,NA,174
6/23/2023,2023,25,4,41.8927,-82.525767,Surface,1,DOC,mgL,1.88,FALSE,NA,174
6/23/2023,2023,25,4,41.8927,-82.525767,Bottom,9.8,DOC,mgL,2.1,FALSE,NA,174
6/23/2023,2023,25,5,42.002583,-82.578633,Surface,1,DOC,mgL,2.21,FALSE,NA,174
6/23/2023,2023,25,5,42.002583,-82.578633,Bottom,8.1,DOC,mgL,2.06,FALSE,NA,174
6/23/2023,2023,25,6,42.0222,-82.669683,Surface,1,DOC,mgL,2,FALSE,NA,174
6/23/2023,2023,25,6,42.0222,-82.669683,Bottom,7.9,DOC,mgL,1.95,FALSE,NA,174
6/23/2023,2023,25,7,41.99605,-82.7179,Surface,1,DOC,mgL,2.21,FALSE,NA,174
6/23/2023,2023,25,7,41.99605,-82.7179,Bottom,9.5,DOC,mgL,1.75,FALSE,NA,174
7/10/2023,2023,28,2,41.913017,-82.73665,Surface,1,DOC,mgL,2.13,FALSE,NA,191
7/10/2023,2023,28,2,41.913017,-82.73665,Bottom,10.9,DOC,mgL,4.46,FALSE,NA,191
7/10/2023,2023,28,4,41.8927,-82.525767,Surface,1,DOC,mgL,3.6,FALSE,NA,191
7/10/2023,2023,28,4,41.8927,-82.525767,Bottom,9.8,DOC,mgL,2.43,FALSE,NA,191
7/10/2023,2023,28,5,42.002583,-82.578633,Surface,1,DOC,mgL,2.4,FALSE,NA,191
7/10/2023,2023,28,5,42.002583,-82.578633,Bottom,8.1,DOC,mgL,3.16,FALSE,NA,191
7/10/2023,2023,28,6,42.0222,-82.669683,Surface,1,DOC,mgL,1.79,FALSE,NA,191
7/10/2023,2023,28,6,42.0222,-82.669683,Bottom,7.9,DOC,mgL,2.62,FALSE,NA,191
7/10/2023,2023,28,7,41.99605,-82.7179,Surface,1,DOC,mgL,2.04,FALSE,NA,191
7/10/2023,2023,28,7,41.99605,-82.7179,Bottom,9.5,DOC,mgL,1.83,FALSE,NA,191
7/19/2023,2023,29,2,41.913017,-82.73665,Surface,1,DOC,mgL,3.84,FALSE,NA,200
7/19/2023,2023,29,2,41.913017,-82.73665,Bottom,10.9,DOC,mgL,2.3,FALSE,NA,200
7/19/2023,2023,29,4,41.8927,-82.525767,Surface,1,DOC,mgL,6.69,FALSE,NA,200
7/19/2023,2023,29,4,41.8927,-82.525767,Bottom,9.8,DOC,mgL,4.29,FALSE,NA,200
7/19/2023,2023,29,5,42.002583,-82.578633,Surface,1,DOC,mgL,11.56,FALSE,NA,200
7/19/2023,2023,29,5,42.002583,-82.578633,Bottom,8.1,DOC,mgL,1.75,FALSE,NA,200
7/19/2023,2023,29,6,42.0222,-82.669683,Surface,1,DOC,mgL,1.72,FALSE,NA,200
7/19/2023,2023,29,6,42.0222,-82.669683,Bottom,7.9,DOC,mgL,1.67,FALSE,NA,200
7/19/2023,2023,29,7,41.99605,-82.7179,Surface,1,DOC,mgL,7.84,FALSE,NA,200
7/19/2023,2023,29,7,41.99605,-82.7179,Bottom,9.5,DOC,mgL,6.43,FALSE,NA,200
7/25/2023,2023,30,2,41.913017,-82.73665,Surface,1,DOC,mgL,1.74,FALSE,NA,206
7/25/2023,2023,30,2,41.913017,-82.73665,Bottom,10.9,DOC,mgL,2.05,FALSE,NA,206
7/25/2023,2023,30,4,41.8927,-82.525767,Surface,1,DOC,mgL,2.13,FALSE,NA,206
7/25/2023,2023,30,4,41.8927,-82.525767,Bottom,9.8,DOC,mgL,1.96,FALSE,NA,206
7/25/2023,2023,30,5,42.002583,-82.578633,Surface,1,DOC,mgL,15.95,FALSE,NA,206
7/25/2023,2023,30,5,42.002583,-82.578633,Bottom,8.1,DOC,mgL,2.23,FALSE,NA,206
7/25/2023,2023,30,6,42.0222,-82.669683,Surface,1,DOC,mgL,1.95,FALSE,NA,206
7/25/2023,2023,30,6,42.0222,-82.669683,Bottom,7.9,DOC,mgL,2.25,FALSE,NA,206
7/25/2023,2023,30,7,41.99605,-82.7179,Surface,1,DOC,mgL,2.09,FALSE,NA,206
8/1/2023,2023,31,2,41.913017,-82.73665,Surface,1,DOC,mgL,1.84,FALSE,NA,213
8/1/2023,2023,31,2,41.913017,-82.73665,Bottom,10.9,DOC,mgL,2.18,FALSE,NA,213
8/1/2023,2023,31,4,41.8927,-82.525767,Surface,1,DOC,mgL,15.49,FALSE,NA,213
8/1/2023,2023,31,4,41.8927,-82.525767,Bottom,9.8,DOC,mgL,2,FALSE,NA,213
8/1/2023,2023,31,5,42.002583,-82.578633,Surface,1,DOC,mgL,1.76,FALSE,NA,213
8/1/2023,2023,31,5,42.002583,-82.578633,Bottom,8.1,DOC,mgL,1.86,FALSE,NA,213
8/1/2023,2023,31,6,42.0222,-82.669683,Surface,1,DOC,mgL,1.76,FALSE,NA,213
8/1/2023,2023,31,6,42.0222,-82.669683,Bottom,7.9,DOC,mgL,2.28,FALSE,NA,213
8/1/2023,2023,31,7,41.99605,-82.7179,Surface,1,DOC,mgL,1.79,FALSE,NA,213
8/1/2023,2023,31,7,41.99605,-82.7179,Bottom,9.5,DOC,mgL,1.79,FALSE,NA,213
8/16/2023,2023,33,2,41.913017,-82.73665,Bottom,10.9,DOC,mgL,1.7,FALSE,NA,228
8/16/2023,2023,33,4,41.8927,-82.525767,Bottom,9.8,DOC,mgL,1.57,FALSE,NA,228
8/16/2023,2023,33,5,42.002583,-82.578633,Surface,1,DOC,mgL,4.16,FALSE,NA,228
8/16/2023,2023,33,5,42.002583,-82.578633,Bottom,8.1,DOC,mgL,3.37,FALSE,NA,228
8/16/2023,2023,33,6,42.0222,-82.669683,Surface,1,DOC,mgL,1.91,FALSE,NA,228
8/16/2023,2023,33,6,42.0222,-82.669683,Bottom,7.9,DOC,mgL,1.96,FALSE,NA,228
8/16/2023,2023,33,7,41.99605,-82.7179,Surface,1,DOC,mgL,1.69,FALSE,NA,228
8/28/2023,2023,35,2,41.913017,-82.73665,Surface,1,DOC,mgL,1.4,FALSE,NA,240
8/28/2023,2023,35,2,41.913017,-82.73665,Bottom,10.9,DOC,mgL,2.12,FALSE,NA,240
8/28/2023,2023,35,4,41.8927,-82.525767,Surface,1,DOC,mgL,1.71,FALSE,NA,240
8/28/2023,2023,35,4,41.8927,-82.525767,Bottom,9.8,DOC,mgL,1.85,FALSE,NA,240
8/28/2023,2023,35,5,42.002583,-82.578633,Surface,1,DOC,mgL,2.19,FALSE,NA,240
8/28/2023,2023,35,5,42.002583,-82.578633,Bottom,8.1,DOC,mgL,1.95,FALSE,NA,240
8/28/2023,2023,35,6,42.0222,-82.669683,Surface,1,DOC,mgL,2.11,FALSE,NA,240
8/28/2023,2023,35,6,42.0222,-82.669683,Bottom,7.9,DOC,mgL,2.22,FALSE,NA,240
8/28/2023,2023,35,7,41.99605,-82.7179,Surface,1,DOC,mgL,1.69,FALSE,NA,240
8/28/2023,2023,35,7,41.99605,-82.7179,Bottom,9.5,DOC,mgL,1.56,FALSE,NA,240
9/15/2023,2023,37,2,41.913017,-82.73665,Surface,1,DOC,mgL,1.98,FALSE,NA,258
9/15/2023,2023,37,2,41.913017,-82.73665,Bottom,10.9,DOC,mgL,2.07,FALSE,NA,258
9/15/2023,2023,37,4,41.8927,-82.525767,Surface,1,DOC,mgL,1.73,FALSE,NA,258
9/15/2023,2023,37,4,41.8927,-82.525767,Bottom,9.8,DOC,mgL,1.69,FALSE,NA,258
9/15/2023,2023,37,5,42.002583,-82.578633,Surface,1,DOC,mgL,1.86,FALSE,NA,258
9/15/2023,2023,37,5,42.002583,-82.578633,Bottom,8.1,DOC,mgL,4.86,FALSE,NA,258
9/15/2023,2023,37,6,42.0222,-82.669683,Surface,1,DOC,mgL,2.05,FALSE,NA,258
9/15/2023,2023,37,6,42.0222,-82.669683,Bottom,7.9,DOC,mgL,2.48,FALSE,NA,258
9/15/2023,2023,37,7,41.99605,-82.7179,Surface,1,DOC,mgL,1.98,FALSE,NA,258
9/15/2023,2023,37,7,41.99605,-82.7179,Bottom,9.5,DOC,mgL,2.08,FALSE,NA,258
9/23/2023,2023,38,7,41.99605,-82.7179,Surface,1,DOC,mgL,7.25,FALSE,NA,266
10/3/2023,2023,40,2,41.913017,-82.73665,Surface,1,DOC,mgL,1.52,FALSE,NA,276
10/3/2023,2023,40,2,41.913017,-82.73665,Bottom,10.9,DOC,mgL,4.64,FALSE,NA,276
10/3/2023,2023,40,4,41.8927,-82.525767,Surface,1,DOC,mgL,1.79,FALSE,NA,276
10/3/2023,2023,40,4,41.8927,-82.525767,Bottom,9.8,DOC,mgL,4.21,FALSE,NA,276
10/3/2023,2023,40,5,42.002583,-82.578633,Surface,1,DOC,mgL,1.86,FALSE,NA,276
10/3/2023,2023,40,5,42.002583,-82.578633,Bottom,8.1,DOC,mgL,1.84,FALSE,NA,276
10/3/2023,2023,40,6,42.0222,-82.669683,Surface,1,DOC,mgL,2.13,FALSE,NA,276
10/3/2023,2023,40,6,42.0222,-82.669683,Bottom,7.9,DOC,mgL,1.66,FALSE,NA,276
10/3/2023,2023,40,7,41.99605,-82.7179,Surface,1,DOC,mgL,4.57,FALSE,NA,276
10/3/2023,2023,40,7,41.99605,-82.7179,Bottom,9.5,DOC,mgL,35.8,FALSE,NA,276
6/19/2024,2024,25,2,41.971783,-82.488083,Surface,1,DOC,mgL,1.82,FALSE,NA,171
6/19/2024,2024,25,2,41.971783,-82.488083,Bottom,10,DOC,mgL,1.8,FALSE,NA,171
6/19/2024,2024,25,4,41.8927,-82.525767,Surface,1,DOC,mgL,2.3,FALSE,NA,171
6/19/2024,2024,25,4,41.8927,-82.525767,Bottom,10,DOC,mgL,1.91,FALSE,NA,171
6/19/2024,2024,25,5,42.002583,-82.578633,Surface,1,DOC,mgL,1.95,FALSE,NA,171
6/19/2024,2024,25,5,42.002583,-82.578633,Bottom,7,DOC,mgL,1.88,FALSE,NA,171
6/19/2024,2024,25,6,42.0222,-82.669683,Bottom,7,DOC,mgL,1.91,FALSE,NA,171
6/19/2024,2024,25,7,41.99605,-82.7179,Surface,1,DOC,mgL,1.86,FALSE,NA,171
6/19/2024,2024,25,7,41.99605,-82.7179,Bottom,9,DOC,mgL,2.06,FALSE,NA,171
7/4/2024,2024,27,2,41.971783,-82.488083,Surface,1,DOC,mgL,1.86,FALSE,NA,186
7/4/2024,2024,27,2,41.971783,-82.488083,Bottom,10,DOC,mgL,1.81,FALSE,NA,186
7/4/2024,2024,27,4,41.8927,-82.525767,Surface,1,DOC,mgL,1.83,FALSE,NA,186
7/4/2024,2024,27,4,41.8927,-82.525767,Bottom,10,DOC,mgL,1.92,FALSE,NA,186
7/4/2024,2024,27,5,42.002583,-82.578633,Surface,1,DOC,mgL,1.79,FALSE,NA,186
7/4/2024,2024,27,5,42.002583,-82.578633,Bottom,7,DOC,mgL,1.81,FALSE,NA,186
7/4/2024,2024,27,6,42.0222,-82.669683,Surface,1,DOC,mgL,1.88,FALSE,NA,186
7/4/2024,2024,27,6,42.0222,-82.669683,Bottom,7,DOC,mgL,1.77,FALSE,NA,186
7/4/2024,2024,27,7,41.99605,-82.7179,Surface,1,DOC,mgL,1.97,FALSE,NA,186
7/4/2024,2024,27,7,41.99605,-82.7179,Bottom,9,DOC,mgL,1.8,FALSE,NA,186
7/19/2024,2024,29,2,41.971783,-82.488083,Surface,1,DOC,mgL,1.79,FALSE,NA,201
7/19/2024,2024,29,2,41.971783,-82.488083,Bottom,10,DOC,mgL,1.77,FALSE,NA,201
7/19/2024,2024,29,4,41.8927,-82.525767,Surface,1,DOC,mgL,1.82,FALSE,NA,201
7/19/2024,2024,29,4,41.8927,-82.525767,Bottom,10,DOC,mgL,1.9,FALSE,NA,201
7/19/2024,2024,29,5,42.002583,-82.578633,Surface,1,DOC,mgL,1.81,FALSE,NA,201
7/19/2024,2024,29,5,42.002583,-82.578633,Bottom,7,DOC,mgL,1.88,FALSE,NA,201
7/19/2024,2024,29,6,42.0222,-82.669683,Surface,1,DOC,mgL,1.64,FALSE,NA,201
7/19/2024,2024,29,6,42.0222,-82.669683,Bottom,7,DOC,mgL,1.82,FALSE,NA,201
7/19/2024,2024,29,7,41.99605,-82.7179,Surface,1,DOC,mgL,1.7,FALSE,NA,201
7/19/2024,2024,29,7,41.99605,-82.7179,Bottom,9,DOC,mgL,1.79,FALSE,NA,201
8/4/2024,2024,32,2,41.971783,-82.488083,Surface,1,DOC,mgL,2.57,FALSE,NA,217
8/4/2024,2024,32,2,41.971783,-82.488083,Bottom,10,DOC,mgL,2.6,FALSE,NA,217
8/4/2024,2024,32,4,41.8927,-82.525767,Surface,1,DOC,mgL,1.96,FALSE,NA,217
8/4/2024,2024,32,4,41.8927,-82.525767,Bottom,10,DOC,mgL,1.91,FALSE,NA,217
8/4/2024,2024,32,5,42.002583,-82.578633,Surface,1,DOC,mgL,1.94,FALSE,NA,217
8/4/2024,2024,32,5,42.002583,-82.578633,Bottom,7,DOC,mgL,1.14,FALSE,NA,217
8/4/2024,2024,32,6,42.0222,-82.669683,Surface,1,DOC,mgL,1.84,FALSE,NA,217
8/4/2024,2024,32,6,42.0222,-82.669683,Bottom,7,DOC,mgL,1.95,FALSE,NA,217
8/4/2024,2024,32,7,41.99605,-82.7179,Surface,1,DOC,mgL,1.89,FALSE,NA,217
8/4/2024,2024,32,7,41.99605,-82.7179,Bottom,9,DOC,mgL,1.84,FALSE,NA,217
8/13/2024,2024,33,2,41.971783,-82.488083,Surface,1,DOC,mgL,2.21,FALSE,NA,226
8/13/2024,2024,33,2,41.971783,-82.488083,Bottom,10,DOC,mgL,1.98,FALSE,NA,226
8/13/2024,2024,33,4,41.8927,-82.525767,Surface,1,DOC,mgL,2.97,FALSE,NA,226
8/13/2024,2024,33,4,41.8927,-82.525767,Bottom,10,DOC,mgL,1.8,FALSE,NA,226
8/13/2024,2024,33,5,42.002583,-82.578633,Surface,1,DOC,mgL,4.37,FALSE,NA,226
8/13/2024,2024,33,5,42.002583,-82.578633,Bottom,7,DOC,mgL,2.07,FALSE,NA,226
8/13/2024,2024,33,6,42.0222,-82.669683,Surface,1,DOC,mgL,1.87,FALSE,NA,226
8/13/2024,2024,33,6,42.0222,-82.669683,Bottom,7,DOC,mgL,1.91,FALSE,NA,226
8/13/2024,2024,33,7,41.99605,-82.7179,Surface,1,DOC,mgL,4.14,FALSE,NA,226
8/13/2024,2024,33,7,41.99605,-82.7179,Bottom,9,DOC,mgL,2.09,FALSE,NA,226
8/22/2024,2024,34,2,41.971783,-82.488083,Surface,1,DOC,mgL,2.02,FALSE,NA,235
8/22/2024,2024,34,2,41.971783,-82.488083,Bottom,10,DOC,mgL,2.13,FALSE,NA,235
8/22/2024,2024,34,4,41.8927,-82.525767,Surface,1,DOC,mgL,2.13,FALSE,NA,235
8/22/2024,2024,34,4,41.8927,-82.525767,Bottom,10,DOC,mgL,2.13,FALSE,NA,235
8/22/2024,2024,34,5,42.002583,-82.578633,Surface,1,DOC,mgL,2.08,FALSE,NA,235
8/22/2024,2024,34,5,42.002583,-82.578633,Bottom,7,DOC,mgL,2.2,FALSE,NA,235
8/22/2024,2024,34,6,42.0222,-82.669683,Surface,1,DOC,mgL,3.65,FALSE,NA,235
8/22/2024,2024,34,6,42.0222,-82.669683,Bottom,7,DOC,mgL,2.22,FALSE,NA,235
8/22/2024,2024,34,7,41.99605,-82.7179,Surface,1,DOC,mgL,2.53,FALSE,NA,235
8/22/2024,2024,34,7,41.99605,-82.7179,Bottom,9,DOC,mgL,2.09,FALSE,NA,235
9/3/2024,2024,36,5,42.002583,-82.578633,Surface,1,DOC,mgL,1.93,FALSE,NA,247
9/3/2024,2024,36,5,42.002583,-82.578633,Bottom,7,DOC,mgL,2.1,FALSE,NA,247
9/3/2024,2024,36,6,42.0222,-82.669683,Surface,1,DOC,mgL,2.05,FALSE,NA,247
9/3/2024,2024,36,6,42.0222,-82.669683,Bottom,7,DOC,mgL,2.07,FALSE,NA,247
9/3/2024,2024,36,7,41.99605,-82.7179,Surface,1,DOC,mgL,1.96,FALSE,NA,247
9/3/2024,2024,36,7,41.99605,-82.7179,Bottom,9,DOC,mgL,16.26,FALSE,NA,247
9/11/2024,2024,37,2,41.971783,-82.488083,Surface,1,DOC,mgL,1.97,FALSE,NA,255
9/11/2024,2024,37,2,41.971783,-82.488083,Bottom,10,DOC,mgL,2.19,FALSE,NA,255
9/11/2024,2024,37,4,41.8927,-82.525767,Surface,1,DOC,mgL,14.03,FALSE,NA,255
9/11/2024,2024,37,4,41.8927,-82.525767,Bottom,10,DOC,mgL,1.97,FALSE,NA,255
9/11/2024,2024,37,5,42.002583,-82.578633,Surface,1,DOC,mgL,3.01,FALSE,NA,255
9/11/2024,2024,37,5,42.002583,-82.578633,Bottom,7,DOC,mgL,3.45,FALSE,NA,255
9/11/2024,2024,37,6,42.0222,-82.669683,Surface,1,DOC,mgL,1.92,FALSE,NA,255
9/11/2024,2024,37,6,42.0222,-82.669683,Bottom,7,DOC,mgL,3.08,FALSE,NA,255
9/11/2024,2024,37,7,41.99605,-82.7179,Surface,1,DOC,mgL,1.86,FALSE,NA,255
9/11/2024,2024,37,7,41.99605,-82.7179,Bottom,9,DOC,mgL,1.89,FALSE,NA,255
10/1/2024,2024,40,2,41.971783,-82.488083,Surface,1,DOC,mgL,1.81,FALSE,NA,275
10/1/2024,2024,40,2,41.971783,-82.488083,Bottom,10,DOC,mgL,2.13,FALSE,NA,275
10/1/2024,2024,40,4,41.8927,-82.525767,Surface,1,DOC,mgL,2.38,FALSE,NA,275
10/1/2024,2024,40,4,41.8927,-82.525767,Bottom,10,DOC,mgL,3.72,FALSE,NA,275
10/1/2024,2024,40,5,42.002583,-82.578633,Surface,1,DOC,mgL,2.04,FALSE,NA,275
10/1/2024,2024,40,5,42.002583,-82.578633,Bottom,7,DOC,mgL,2.39,FALSE,NA,275
10/1/2024,2024,40,6,42.0222,-82.669683,Surface,1,DOC,mgL,2.12,FALSE,NA,275
10/1/2024,2024,40,6,42.0222,-82.669683,Bottom,7,DOC,mgL,1.89,FALSE,NA,275
10/1/2024,2024,40,7,41.99605,-82.7179,Surface,1,DOC,mgL,3.32,FALSE,NA,275
10/1/2024,2024,40,7,41.99605,-82.7179,Bottom,1,DOC,mgL,2.56,FALSE,NA,275
5/16/2022,2022,21,2,41.913017,-82.7367,Surface,1,NH4,ugL,13.55,FALSE,NA,136
5/16/2022,2022,21,2,41.913017,-82.7367,Bottom,11,NH4,ugL,13.35,FALSE,NA,136
5/16/2022,2022,21,4,41.8927,-82.5258,Surface,1,NH4,ugL,13.65,FALSE,NA,136
5/16/2022,2022,21,4,41.8927,-82.5258,Bottom,8,NH4,ugL,13.26,FALSE,NA,136
5/16/2022,2022,21,5,42.002583,-82.5786,Surface,1,NH4,ugL,11.59,FALSE,NA,136
5/16/2022,2022,21,5,42.002583,-82.5786,Bottom,8.5,NH4,ugL,13.95,FALSE,NA,136
5/16/2022,2022,21,6,42.0222,-82.6697,Surface,1,NH4,ugL,13.85,FALSE,NA,136
5/16/2022,2022,21,6,42.0222,-82.6697,Bottom,8,NH4,ugL,14.63,FALSE,NA,136
5/16/2022,2022,21,7,41.99605,-82.7179,Surface,1,NH4,ugL,13.55,FALSE,NA,136
5/16/2022,2022,21,7,41.99605,-82.7179,Bottom,9.5,NH4,ugL,15.22,FALSE,NA,136
5/28/2022,2022,22,2,41.913017,-82.7367,Surface,1,NH4,ugL,17.47,FALSE,NA,148
5/28/2022,2022,22,2,41.913017,-82.7367,Bottom,11,NH4,ugL,16.69,FALSE,NA,148
5/28/2022,2022,22,4,41.8927,-82.5258,Surface,1,NH4,ugL,17.47,TRUE,NA,148
5/28/2022,2022,22,4,41.8927,-82.5258,Bottom,8,NH4,ugL,16,FALSE,NA,148
5/28/2022,2022,22,5,42.002583,-82.5786,Surface,1,NH4,ugL,39.34,FALSE,NA,148
5/28/2022,2022,22,5,42.002583,-82.5786,Bottom,8.5,NH4,ugL,16,FALSE,NA,148
5/28/2022,2022,22,6,42.0222,-82.6697,Surface,1,NH4,ugL,22.18,TRUE,NA,148
5/28/2022,2022,22,6,42.0222,-82.6697,Bottom,8,NH4,ugL,16.79,FALSE,NA,148
5/28/2022,2022,22,7,41.99605,-82.7179,Surface,1,NH4,ugL,23.85,FALSE,NA,148
5/28/2022,2022,22,7,41.99605,-82.7179,Bottom,9.5,NH4,ugL,17.67,FALSE,NA,148
6/9/2022,2022,24,2,41.913017,-82.7367,Surface,1,NH4,ugL,16.1,FALSE,NA,160
6/9/2022,2022,24,2,41.913017,-82.7367,Bottom,11,NH4,ugL,18.94,FALSE,NA,160
6/9/2022,2022,24,4,41.8927,-82.5258,Surface,1,NH4,ugL,22.18,TRUE,NA,160
6/9/2022,2022,24,4,41.8927,-82.5258,Bottom,8,NH4,ugL,15.91,FALSE,NA,160
6/9/2022,2022,24,5,42.002583,-82.5786,Surface,1,NH4,ugL,15.32,FALSE,NA,160
6/9/2022,2022,24,5,42.002583,-82.5786,Bottom,8.5,NH4,ugL,13.55,FALSE,NA,160
6/9/2022,2022,24,6,42.0222,-82.6697,Surface,1,NH4,ugL,18.16,FALSE,NA,160
6/9/2022,2022,24,6,42.0222,-82.6697,Bottom,8,NH4,ugL,23.94,FALSE,NA,160
6/9/2022,2022,24,7,41.99605,-82.7179,Surface,1,NH4,ugL,17.67,FALSE,NA,160
6/9/2022,2022,24,7,41.99605,-82.7179,Bottom,9.5,NH4,ugL,16,FALSE,NA,160
6/24/2022,2022,26,2,41.913017,-82.7367,Surface,1,NH4,ugL,16.1,TRUE,NA,175
6/24/2022,2022,26,2,41.913017,-82.7367,Bottom,11,NH4,ugL,12.28,FALSE,NA,175
6/24/2022,2022,26,4,41.8927,-82.5258,Surface,1,NH4,ugL,13.65,FALSE,NA,175
6/24/2022,2022,26,4,41.8927,-82.5258,Bottom,8,NH4,ugL,22.57,FALSE,NA,175
6/24/2022,2022,26,5,42.002583,-82.5786,Surface,1,NH4,ugL,17.77,FALSE,NA,175
6/24/2022,2022,26,5,42.002583,-82.5786,Bottom,8.5,NH4,ugL,17.28,FALSE,NA,175
6/24/2022,2022,26,6,42.0222,-82.6697,Surface,1,NH4,ugL,12.28,FALSE,NA,175
6/24/2022,2022,26,6,42.0222,-82.6697,Bottom,8,NH4,ugL,21.1,FALSE,NA,175
6/24/2022,2022,26,7,41.99605,-82.7179,Surface,1,NH4,ugL,11.98,FALSE,NA,175
6/24/2022,2022,26,7,41.99605,-82.7179,Bottom,9.5,NH4,ugL,15.12,FALSE,NA,175
7/7/2022,2022,28,2,41.913017,-82.7367,Surface,1,NH4,ugL,13.65,FALSE,NA,188
7/7/2022,2022,28,2,41.913017,-82.7367,Bottom,11,NH4,ugL,17.18,FALSE,NA,188
7/7/2022,2022,28,4,41.8927,-82.5258,Surface,1,NH4,ugL,11.1,FALSE,NA,188
7/7/2022,2022,28,4,41.8927,-82.5258,Bottom,8,NH4,ugL,13.06,FALSE,NA,188
7/7/2022,2022,28,5,42.002583,-82.5786,Surface,1,NH4,ugL,13.06,FALSE,NA,188
7/7/2022,2022,28,5,42.002583,-82.5786,Bottom,8.5,NH4,ugL,13.75,FALSE,NA,188
7/7/2022,2022,28,6,42.0222,-82.6697,Surface,1,NH4,ugL,12.08,FALSE,NA,188
7/7/2022,2022,28,6,42.0222,-82.6697,Bottom,8,NH4,ugL,11.69,FALSE,NA,188
7/7/2022,2022,28,7,41.99605,-82.7179,Surface,1,NH4,ugL,11.69,FALSE,NA,188
7/7/2022,2022,28,7,41.99605,-82.7179,Bottom,9.5,NH4,ugL,13.85,FALSE,NA,188
7/26/2022,2022,31,2,41.913017,-82.7367,Surface,1,NH4,ugL,14.63,FALSE,NA,207
7/26/2022,2022,31,2,41.913017,-82.7367,Bottom,11,NH4,ugL,13.45,FALSE,NA,207
7/26/2022,2022,31,4,41.8927,-82.5258,Surface,1,NH4,ugL,11.4,FALSE,NA,207
7/26/2022,2022,31,4,41.8927,-82.5258,Bottom,8,NH4,ugL,11.79,FALSE,NA,207
7/26/2022,2022,31,5,42.002583,-82.5786,Surface,1,NH4,ugL,10.9,FALSE,NA,207
7/26/2022,2022,31,5,42.002583,-82.5786,Bottom,8.5,NH4,ugL,26.3,FALSE,NA,207
7/26/2022,2022,31,6,42.0222,-82.6697,Surface,1,NH4,ugL,12.37,FALSE,NA,207
7/26/2022,2022,31,6,42.0222,-82.6697,Bottom,8,NH4,ugL,15.81,FALSE,NA,207
7/26/2022,2022,31,7,41.99605,-82.7179,Surface,1,NH4,ugL,12.77,FALSE,NA,207
7/26/2022,2022,31,7,41.99605,-82.7179,Bottom,9.5,NH4,ugL,44.63,FALSE,NA,207
8/5/2022,2022,32,5,42.002583,-82.5786,Surface,1,NH4,ugL,18.32,FALSE,NA,217
8/5/2022,2022,32,5,42.002583,-82.5786,Bottom,8.5,NH4,ugL,36.78,FALSE,NA,217
8/5/2022,2022,32,6,42.0222,-82.6697,Surface,1,NH4,ugL,15.2,FALSE,NA,217
8/5/2022,2022,32,6,42.0222,-82.6697,Bottom,8,NH4,ugL,10.7,FALSE,NA,217
8/5/2022,2022,32,7,41.99605,-82.7179,Surface,1,NH4,ugL,29.4,FALSE,NA,217
8/5/2022,2022,32,7,41.99605,-82.7179,Bottom,9.5,NH4,ugL,33.9,FALSE,NA,217
8/9/2022,2022,33,2,41.913017,-82.7367,Surface,1,NH4,ugL,13.47,FALSE,NA,221
8/9/2022,2022,33,2,41.913017,-82.7367,Bottom,11,NH4,ugL,19.24,FALSE,NA,221
8/9/2022,2022,33,4,41.8927,-82.5258,Surface,1,NH4,ugL,10.91,FALSE,NA,221
8/9/2022,2022,33,4,41.8927,-82.5258,Bottom,8,NH4,ugL,25.12,FALSE,NA,221
8/9/2022,2022,33,5,42.002583,-82.5786,Surface,1,NH4,ugL,11.49,FALSE,NA,221
8/9/2022,2022,33,5,42.002583,-82.5786,Bottom,8.5,NH4,ugL,28.16,TRUE,NA,221
8/9/2022,2022,33,6,42.0222,-82.6697,Surface,1,NH4,ugL,11.79,FALSE,NA,221
8/9/2022,2022,33,6,42.0222,-82.6697,Bottom,8,NH4,ugL,22.67,FALSE,NA,221
8/9/2022,2022,33,7,41.99605,-82.7179,Surface,1,NH4,ugL,14.85,FALSE,NA,221
8/9/2022,2022,33,7,41.99605,-82.7179,Bottom,9.5,NH4,ugL,56.41,FALSE,NA,221
8/17/2022,2022,34,2,41.913017,-82.7367,Surface,1,NH4,ugL,16.69,TRUE,NA,229
8/17/2022,2022,34,2,41.913017,-82.7367,Bottom,11,NH4,ugL,13.55,FALSE,NA,229
8/17/2022,2022,34,4,41.8927,-82.5258,Surface,1,NH4,ugL,12.87,FALSE,NA,229
8/17/2022,2022,34,4,41.8927,-82.5258,Bottom,8,NH4,ugL,15.71,FALSE,NA,229
8/17/2022,2022,34,5,42.002583,-82.5786,Surface,1,NH4,ugL,17.28,FALSE,NA,229
8/17/2022,2022,34,5,42.002583,-82.5786,Bottom,8.5,NH4,ugL,40.8,FALSE,NA,229
8/17/2022,2022,34,6,42.0222,-82.6697,Surface,1,NH4,ugL,66.69,FALSE,NA,229
8/17/2022,2022,34,6,42.0222,-82.6697,Bottom,8,NH4,ugL,28.75,TRUE,NA,229
8/17/2022,2022,34,7,41.99605,-82.7179,Surface,1,NH4,ugL,26.98,TRUE,NA,229
8/17/2022,2022,34,7,41.99605,-82.7179,Bottom,9.5,NH4,ugL,22.87,FALSE,NA,229
8/23/2022,2022,35,2,41.913017,-82.7367,Surface,1,NH4,ugL,12.77,FALSE,NA,235
8/23/2022,2022,35,2,41.913017,-82.7367,Bottom,11,NH4,ugL,15.41,FALSE,NA,235
8/23/2022,2022,35,4,41.8927,-82.5258,Surface,1,NH4,ugL,14.04,FALSE,NA,235
8/23/2022,2022,35,4,41.8927,-82.5258,Bottom,8,NH4,ugL,17.47,FALSE,NA,235
8/23/2022,2022,35,5,42.002583,-82.5786,Surface,1,NH4,ugL,15.91,FALSE,NA,235
8/23/2022,2022,35,5,42.002583,-82.5786,Bottom,8.5,NH4,ugL,66.2,TRUE,NA,235
8/23/2022,2022,35,6,42.0222,-82.6697,Surface,1,NH4,ugL,21.4,TRUE,NA,235
8/23/2022,2022,35,6,42.0222,-82.6697,Bottom,8,NH4,ugL,18.65,FALSE,NA,235
8/23/2022,2022,35,7,41.99605,-82.7179,Surface,1,NH4,ugL,28.16,FALSE,NA,235
8/23/2022,2022,35,7,41.99605,-82.7179,Bottom,9.5,NH4,ugL,17.28,FALSE,NA,235
9/1/2022,2022,36,2,41.913017,-82.7367,Surface,1,NH4,ugL,17.27,FALSE,NA,244
9/1/2022,2022,36,2,41.913017,-82.7367,Bottom,11,NH4,ugL,13.35,FALSE,NA,244
9/1/2022,2022,36,4,41.8927,-82.5258,Surface,1,NH4,ugL,17.47,FALSE,NA,244
9/1/2022,2022,36,4,41.8927,-82.5258,Bottom,8,NH4,ugL,22.77,TRUE,NA,244
9/1/2022,2022,36,5,42.002583,-82.5786,Surface,1,NH4,ugL,13.75,FALSE,NA,244
9/1/2022,2022,36,5,42.002583,-82.5786,Bottom,8.5,NH4,ugL,15.9,FALSE,NA,244
9/1/2022,2022,36,6,42.0222,-82.6697,Surface,1,NH4,ugL,14.83,FALSE,NA,244
9/1/2022,2022,36,6,42.0222,-82.6697,Bottom,8,NH4,ugL,15.22,FALSE,NA,244
9/1/2022,2022,36,7,41.99605,-82.7179,Surface,1,NH4,ugL,14.53,FALSE,NA,244
9/6/2022,2022,37,2,41.913017,-82.7367,Surface,1,NH4,ugL,19.43,FALSE,NA,249
9/6/2022,2022,37,2,41.913017,-82.7367,Bottom,11,NH4,ugL,27.57,FALSE,NA,249
9/6/2022,2022,37,4,41.8927,-82.5258,Surface,1,NH4,ugL,13.85,FALSE,NA,249
9/6/2022,2022,37,4,41.8927,-82.5258,Bottom,8,NH4,ugL,12.37,FALSE,NA,249
9/6/2022,2022,37,5,42.002583,-82.5786,Surface,1,NH4,ugL,17.96,FALSE,NA,249
9/6/2022,2022,37,5,42.002583,-82.5786,Bottom,8.5,NH4,ugL,23.36,FALSE,NA,249
9/6/2022,2022,37,6,42.0222,-82.6697,Surface,1,NH4,ugL,13.65,FALSE,NA,249
9/6/2022,2022,37,7,41.99605,-82.7179,Surface,1,NH4,ugL,41.49,TRUE,NA,249
9/6/2022,2022,37,7,41.99605,-82.7179,Bottom,9.5,NH4,ugL,25.91,FALSE,NA,249
9/23/2022,2022,39,2,41.913017,-82.7367,Surface,1,NH4,ugL,9.63,FALSE,NA,266
9/23/2022,2022,39,2,41.913017,-82.7367,Bottom,11,NH4,ugL,15.31,FALSE,NA,266
9/23/2022,2022,39,4,41.8927,-82.5258,Surface,1,NH4,ugL,17.47,FALSE,NA,266
9/23/2022,2022,39,4,41.8927,-82.5258,Bottom,8,NH4,ugL,24.14,FALSE,NA,266
9/23/2022,2022,39,5,42.002583,-82.5786,Surface,1,NH4,ugL,14.53,FALSE,NA,266
9/23/2022,2022,39,5,42.002583,-82.5786,Bottom,8.5,NH4,ugL,14.92,FALSE,NA,266
9/23/2022,2022,39,6,42.0222,-82.6697,Surface,1,NH4,ugL,18.06,FALSE,NA,266
9/23/2022,2022,39,6,42.0222,-82.6697,Bottom,8,NH4,ugL,17.18,FALSE,NA,266
9/23/2022,2022,39,7,41.99605,-82.7179,Surface,1,NH4,ugL,13.46,FALSE,NA,266
9/23/2022,2022,39,7,41.99605,-82.7179,Bottom,9.5,NH4,ugL,14.24,FALSE,NA,266
5/18/2023,2023,20,4,41.8927,-82.525767,Surface,1,NH4,ugL,8.62,FALSE,NA,138
5/18/2023,2023,20,4,41.8927,-82.525767,Bottom,9.8,NH4,ugL,23.14,FALSE,NA,138
5/18/2023,2023,20,5,42.002583,-82.578633,Surface,1,NH4,ugL,43.51,FALSE,NA,138
5/18/2023,2023,20,5,42.002583,-82.578633,Bottom,8.1,NH4,ugL,16.12,FALSE,NA,138
5/30/2023,2023,22,2,41.913017,-82.73665,Surface,1,NH4,ugL,5.45,FALSE,NA,150
5/30/2023,2023,22,2,41.913017,-82.73665,Bottom,10.9,NH4,ugL,24.68,TRUE,NA,150
5/30/2023,2023,22,4,41.8927,-82.525767,Bottom,9.8,NH4,ugL,20.44,FALSE,NA,150
5/30/2023,2023,22,5,42.002583,-82.578633,Surface,1,NH4,ugL,11.7,TRUE,NA,150
5/30/2023,2023,22,6,42.0222,-82.669683,Surface,1,NH4,ugL,17.08,FALSE,NA,150
5/30/2023,2023,22,6,42.0222,-82.669683,Bottom,7.9,NH4,ugL,19.48,FALSE,NA,150
5/30/2023,2023,22,7,41.99605,-82.7179,Surface,1,NH4,ugL,47.17,TRUE,NA,150
5/30/2023,2023,22,7,41.99605,-82.7179,Bottom,9.5,NH4,ugL,19.39,FALSE,NA,150
6/11/2023,2023,24,2,41.913017,-82.73665,Surface,1,NH4,ugL,7.28,FALSE,NA,162
6/11/2023,2023,24,2,41.913017,-82.73665,Bottom,10.9,NH4,ugL,75.04,TRUE,NA,162
6/11/2023,2023,24,5,42.002583,-82.578633,Surface,1,NH4,ugL,82.63,TRUE,NA,162
6/11/2023,2023,24,5,42.002583,-82.578633,Bottom,8.1,NH4,ugL,16.12,TRUE,NA,162
6/11/2023,2023,24,6,42.0222,-82.669683,Surface,1,NH4,ugL,11.6,FALSE,NA,162
6/11/2023,2023,24,6,42.0222,-82.669683,Bottom,7.9,NH4,ugL,15.55,FALSE,NA,162
6/11/2023,2023,24,7,41.99605,-82.7179,Surface,1,NH4,ugL,33.81,FALSE,NA,162
6/11/2023,2023,24,7,41.99605,-82.7179,Bottom,9.5,NH4,ugL,35.44,FALSE,NA,162
6/23/2023,2023,25,2,41.913017,-82.73665,Surface,1,NH4,ugL,39.09,TRUE,NA,174
6/23/2023,2023,25,2,41.913017,-82.73665,Bottom,10.9,NH4,ugL,17.08,FALSE,NA,174
6/23/2023,2023,25,4,41.8927,-82.525767,Surface,1,NH4,ugL,65.14,FALSE,NA,174
6/23/2023,2023,25,4,41.8927,-82.525767,Bottom,9.8,NH4,ugL,94.46,FALSE,NA,174
6/23/2023,2023,25,5,42.002583,-82.578633,Surface,1,NH4,ugL,69.95,TRUE,NA,174
6/23/2023,2023,25,5,42.002583,-82.578633,Bottom,8.1,NH4,ugL,31.4,FALSE,NA,174
6/23/2023,2023,25,6,42.0222,-82.669683,Surface,1,NH4,ugL,37.84,TRUE,NA,174
6/23/2023,2023,25,6,42.0222,-82.669683,Bottom,7.9,NH4,ugL,15.35,TRUE,NA,174
6/23/2023,2023,25,7,41.99605,-82.7179,Surface,1,NH4,ugL,170.39,FALSE,NA,174
6/23/2023,2023,25,7,41.99605,-82.7179,Bottom,9.5,NH4,ugL,93.97,FALSE,NA,174
7/10/2023,2023,28,2,41.913017,-82.73665,Bottom,10.9,NH4,ugL,42.36,FALSE,NA,191
7/10/2023,2023,28,4,41.8927,-82.525767,Bottom,9.8,NH4,ugL,46.3,TRUE,NA,191
7/10/2023,2023,28,5,42.002583,-82.578633,Surface,1,NH4,ugL,54.95,FALSE,NA,191
7/10/2023,2023,28,5,42.002583,-82.578633,Bottom,8.1,NH4,ugL,133.86,FALSE,NA,191
7/10/2023,2023,28,6,42.0222,-82.669683,Surface,1,NH4,ugL,137.81,FALSE,NA,191
7/10/2023,2023,28,6,42.0222,-82.669683,Bottom,7.9,NH4,ugL,34.58,FALSE,NA,191
7/10/2023,2023,28,7,41.99605,-82.7179,Surface,1,NH4,ugL,12.47,FALSE,NA,191
7/10/2023,2023,28,7,41.99605,-82.7179,Bottom,9.5,NH4,ugL,37.36,FALSE,NA,191
7/19/2023,2023,29,2,41.913017,-82.73665,Surface,1,NH4,ugL,5.64,TRUE,NA,200
7/19/2023,2023,29,2,41.913017,-82.73665,Bottom,10.9,NH4,ugL,33.13,FALSE,NA,200
7/19/2023,2023,29,4,41.8927,-82.525767,Surface,1,NH4,ugL,13.33,FALSE,NA,200
7/19/2023,2023,29,4,41.8927,-82.525767,Bottom,9.8,NH4,ugL,16.02,FALSE,NA,200
7/19/2023,2023,29,5,42.002583,-82.578633,Surface,1,NH4,ugL,13.53,TRUE,NA,200
7/19/2023,2023,29,5,42.002583,-82.578633,Bottom,8.1,NH4,ugL,86.19,FALSE,NA,200
7/19/2023,2023,29,6,42.0222,-82.669683,Surface,1,NH4,ugL,24.29,FALSE,NA,200
7/19/2023,2023,29,6,42.0222,-82.669683,Bottom,7.9,NH4,ugL,54.86,FALSE,NA,200
7/19/2023,2023,29,7,41.99605,-82.7179,Surface,1,NH4,ugL,17.76,FALSE,NA,200
7/19/2023,2023,29,7,41.99605,-82.7179,Bottom,9.5,NH4,ugL,11.7,FALSE,NA,200
7/25/2023,2023,30,2,41.913017,-82.73665,Surface,1,NH4,ugL,15.54,FALSE,NA,206
7/25/2023,2023,30,2,41.913017,-82.73665,Bottom,10.9,NH4,ugL,91.29,FALSE,NA,206
7/25/2023,2023,30,4,41.8927,-82.525767,Surface,1,NH4,ugL,148.66,FALSE,NA,206
7/25/2023,2023,30,4,41.8927,-82.525767,Bottom,9.8,NH4,ugL,51.88,TRUE,NA,206
7/25/2023,2023,30,5,42.002583,-82.578633,Surface,1,NH4,ugL,127.14,FALSE,NA,206
7/25/2023,2023,30,5,42.002583,-82.578633,Bottom,8.1,NH4,ugL,19.29,FALSE,NA,206
7/25/2023,2023,30,6,42.0222,-82.669683,Surface,1,NH4,ugL,52.45,FALSE,NA,206
7/25/2023,2023,30,6,42.0222,-82.669683,Bottom,7.9,NH4,ugL,64.37,FALSE,NA,206
7/25/2023,2023,30,7,41.99605,-82.7179,Surface,1,NH4,ugL,28.81,FALSE,NA,206
7/25/2023,2023,30,7,41.99605,-82.7179,Bottom,9.5,NH4,ugL,102.34,FALSE,NA,206
8/1/2023,2023,31,2,41.913017,-82.73665,Surface,1,NH4,ugL,3.72,FALSE,NA,213
8/1/2023,2023,31,2,41.913017,-82.73665,Bottom,10.9,NH4,ugL,55.14,FALSE,NA,213
8/1/2023,2023,31,4,41.8927,-82.525767,Surface,1,NH4,ugL,30.63,FALSE,NA,213
8/1/2023,2023,31,5,42.002583,-82.578633,Surface,1,NH4,ugL,6.22,TRUE,NA,213
8/1/2023,2023,31,5,42.002583,-82.578633,Bottom,8.1,NH4,ugL,30.63,TRUE,NA,213
8/1/2023,2023,31,6,42.0222,-82.669683,Bottom,7.9,NH4,ugL,20.06,FALSE,NA,213
8/16/2023,2023,33,2,41.913017,-82.73665,Surface,1,NH4,ugL,8.14,FALSE,NA,228
8/16/2023,2023,33,2,41.913017,-82.73665,Bottom,10.9,NH4,ugL,20.74,FALSE,NA,228
8/16/2023,2023,33,4,41.8927,-82.525767,Surface,1,NH4,ugL,23.42,FALSE,NA,228
8/16/2023,2023,33,4,41.8927,-82.525767,Bottom,9.8,NH4,ugL,48.22,FALSE,NA,228
8/16/2023,2023,33,5,42.002583,-82.578633,Surface,1,NH4,ugL,25.15,FALSE,NA,228
8/16/2023,2023,33,5,42.002583,-82.578633,Bottom,8.1,NH4,ugL,19.97,FALSE,NA,228
8/16/2023,2023,33,7,41.99605,-82.7179,Surface,1,NH4,ugL,57.83,FALSE,NA,228
8/28/2023,2023,35,2,41.913017,-82.73665,Surface,1,NH4,ugL,15.26,FALSE,NA,240
8/28/2023,2023,35,2,41.913017,-82.73665,Bottom,10.9,NH4,ugL,8.53,TRUE,NA,240
8/28/2023,2023,35,4,41.8927,-82.525767,Surface,1,NH4,ugL,1.99,FALSE,NA,240
8/28/2023,2023,35,4,41.8927,-82.525767,Bottom,9.8,NH4,ugL,21.5,FALSE,NA,240
8/28/2023,2023,35,5,42.002583,-82.578633,Surface,1,NH4,ugL,42.36,TRUE,NA,240
8/28/2023,2023,35,5,42.002583,-82.578633,Bottom,8.1,NH4,ugL,36.31,TRUE,NA,240
8/28/2023,2023,35,6,42.0222,-82.669683,Surface,1,NH4,ugL,16.5,TRUE,NA,240
8/28/2023,2023,35,6,42.0222,-82.669683,Bottom,7.9,NH4,ugL,13.04,FALSE,NA,240
8/28/2023,2023,35,7,41.99605,-82.7179,Surface,1,NH4,ugL,14.87,TRUE,NA,240
8/28/2023,2023,35,7,41.99605,-82.7179,Bottom,9.5,NH4,ugL,17.27,TRUE,NA,240
9/15/2023,2023,37,2,41.913017,-82.73665,Surface,1,NH4,ugL,4.87,FALSE,NA,258
9/15/2023,2023,37,2,41.913017,-82.73665,Bottom,10.9,NH4,ugL,7.09,FALSE,NA,258
9/15/2023,2023,37,4,41.8927,-82.525767,Surface,1,NH4,ugL,5.93,FALSE,NA,258
9/15/2023,2023,37,4,41.8927,-82.525767,Bottom,9.8,NH4,ugL,13.72,TRUE,NA,258
9/15/2023,2023,37,5,42.002583,-82.578633,Surface,1,NH4,ugL,9.39,TRUE,NA,258
9/15/2023,2023,37,5,42.002583,-82.578633,Bottom,8.1,NH4,ugL,8.43,FALSE,NA,258
9/15/2023,2023,37,6,42.0222,-82.669683,Surface,1,NH4,ugL,11.8,TRUE,NA,258
9/15/2023,2023,37,6,42.0222,-82.669683,Bottom,7.9,NH4,ugL,8.72,FALSE,NA,258
9/15/2023,2023,37,7,41.99605,-82.7179,Surface,1,NH4,ugL,10.83,FALSE,NA,258
9/15/2023,2023,37,7,41.99605,-82.7179,Bottom,9.5,NH4,ugL,19.2,TRUE,NA,258
9/23/2023,2023,38,2,41.913017,-82.73665,Surface,1,NH4,ugL,3.91,TRUE,NA,266
9/23/2023,2023,38,2,41.913017,-82.73665,Bottom,10.9,NH4,ugL,7.76,FALSE,NA,266
9/23/2023,2023,38,4,41.8927,-82.525767,Surface,1,NH4,ugL,2.09,FALSE,NA,266
9/23/2023,2023,38,7,41.99605,-82.7179,Bottom,9.5,NH4,ugL,23.71,TRUE,NA,266
10/3/2023,2023,40,2,41.913017,-82.73665,Surface,1,NH4,ugL,7.08,TRUE,NA,276
10/3/2023,2023,40,2,41.913017,-82.73665,Bottom,10.9,NH4,ugL,16.32,FALSE,NA,276
10/3/2023,2023,40,4,41.8927,-82.525767,Surface,1,NH4,ugL,45.24,TRUE,NA,276
10/3/2023,2023,40,4,41.8927,-82.525767,Bottom,9.8,NH4,ugL,55.24,FALSE,NA,276
10/3/2023,2023,40,5,42.002583,-82.578633,Surface,1,NH4,ugL,7.66,TRUE,NA,276
10/3/2023,2023,40,6,42.0222,-82.669683,Surface,1,NH4,ugL,17.37,TRUE,NA,276
10/3/2023,2023,40,6,42.0222,-82.669683,Bottom,7.9,NH4,ugL,15.45,TRUE,NA,276
10/3/2023,2023,40,7,41.99605,-82.7179,Bottom,9.5,NH4,ugL,4.88,TRUE,NA,276
5/16/2024,2024,20,6,42.0222,-82.669683,Surface,1,NH4,ugL,11.72,TRUE,NA,137
5/16/2024,2024,20,6,42.0222,-82.669683,Bottom,7,NH4,ugL,1.43,FALSE,NA,137
5/16/2024,2024,20,7,41.99605,-82.7179,Surface,1,NH4,ugL,15.36,TRUE,NA,137
5/16/2024,2024,20,7,41.99605,-82.7179,Bottom,9,NH4,ugL,20.74,FALSE,NA,137
5/23/2024,2024,21,4,41.8927,-82.525767,Surface,1,NH4,ugL,33.49,FALSE,NA,144
5/23/2024,2024,21,4,41.8927,-82.525767,Bottom,10,NH4,ugL,9.81,TRUE,NA,144
5/31/2024,2024,22,2,41.971783,-82.488083,Surface,1,NH4,ugL,11.45,TRUE,NA,152
5/31/2024,2024,22,2,41.971783,-82.488083,Bottom,10,NH4,ugL,11.36,TRUE,NA,152
5/31/2024,2024,22,4,41.8927,-82.525767,Surface,1,NH4,ugL,11.81,FALSE,NA,152
5/31/2024,2024,22,4,41.8927,-82.525767,Bottom,10,NH4,ugL,18.92,FALSE,NA,152
5/31/2024,2024,22,5,42.002583,-82.578633,Surface,1,NH4,ugL,12.08,FALSE,NA,152
5/31/2024,2024,22,5,42.002583,-82.578633,Bottom,7,NH4,ugL,34.58,FALSE,NA,152
5/31/2024,2024,22,6,42.0222,-82.669683,Surface,1,NH4,ugL,23.11,FALSE,NA,152
5/31/2024,2024,22,6,42.0222,-82.669683,Bottom,7,NH4,ugL,35.95,FALSE,NA,152
5/31/2024,2024,22,7,41.99605,-82.7179,Surface,1,NH4,ugL,6.07,TRUE,NA,152
5/31/2024,2024,22,7,41.99605,-82.7179,Bottom,9,NH4,ugL,16.82,FALSE,NA,152
6/19/2024,2024,25,2,41.971783,-82.488083,Surface,1,NH4,ugL,21.1,FALSE,NA,171
6/19/2024,2024,25,2,41.971783,-82.488083,Bottom,10,NH4,ugL,26.57,FALSE,NA,171
6/19/2024,2024,25,4,41.8927,-82.525767,Surface,1,NH4,ugL,15.55,FALSE,NA,171
6/19/2024,2024,25,4,41.8927,-82.525767,Bottom,10,NH4,ugL,39.5,FALSE,NA,171
6/19/2024,2024,25,5,42.002583,-82.578633,Surface,1,NH4,ugL,6.89,TRUE,NA,171
6/19/2024,2024,25,5,42.002583,-82.578633,Bottom,7,NH4,ugL,8.62,TRUE,NA,171
6/19/2024,2024,25,6,42.0222,-82.669683,Bottom,7,NH4,ugL,13.91,FALSE,NA,171
6/19/2024,2024,25,7,41.99605,-82.7179,Surface,1,NH4,ugL,2.98,TRUE,NA,171
6/19/2024,2024,25,7,41.99605,-82.7179,Bottom,9,NH4,ugL,14.27,FALSE,NA,171
7/4/2024,2024,27,2,41.971783,-82.488083,Surface,1,NH4,ugL,32.67,TRUE,NA,186
7/4/2024,2024,27,2,41.971783,-82.488083,Bottom,10,NH4,ugL,10.45,TRUE,NA,186
7/4/2024,2024,27,4,41.8927,-82.525767,Surface,1,NH4,ugL,0.88,TRUE,NA,186
7/4/2024,2024,27,4,41.8927,-82.525767,Bottom,10,NH4,ugL,23.56,TRUE,NA,186
7/4/2024,2024,27,5,42.002583,-82.578633,Surface,1,NH4,ugL,9.99,TRUE,NA,186
7/4/2024,2024,27,5,42.002583,-82.578633,Bottom,7,NH4,ugL,7.53,TRUE,NA,186
7/4/2024,2024,27,6,42.0222,-82.669683,Surface,1,NH4,ugL,33.76,TRUE,NA,186
7/4/2024,2024,27,6,42.0222,-82.669683,Bottom,7,NH4,ugL,14.54,TRUE,NA,186
7/4/2024,2024,27,7,41.99605,-82.7179,Surface,1,NH4,ugL,4.98,TRUE,NA,186
7/4/2024,2024,27,7,41.99605,-82.7179,Bottom,9,NH4,ugL,31.94,TRUE,NA,186
7/19/2024,2024,29,2,41.971783,-82.488083,Surface,1,NH4,ugL,13.54,TRUE,NA,201
7/19/2024,2024,29,2,41.971783,-82.488083,Bottom,10,NH4,ugL,28.66,TRUE,NA,201
7/19/2024,2024,29,4,41.8927,-82.525767,Surface,1,NH4,ugL,8.08,TRUE,NA,201
7/19/2024,2024,29,4,41.8927,-82.525767,Bottom,10,NH4,ugL,15.64,TRUE,NA,201
7/19/2024,2024,29,5,42.002583,-82.578633,Surface,1,NH4,ugL,23.02,TRUE,NA,201
7/19/2024,2024,29,5,42.002583,-82.578633,Bottom,7,NH4,ugL,17.28,TRUE,NA,201
7/19/2024,2024,29,6,42.0222,-82.669683,Surface,1,NH4,ugL,18.92,TRUE,NA,201
7/19/2024,2024,29,6,42.0222,-82.669683,Bottom,7,NH4,ugL,4.25,FALSE,NA,201
7/19/2024,2024,29,7,41.99605,-82.7179,Surface,1,NH4,ugL,8.53,TRUE,NA,201
7/19/2024,2024,29,7,41.99605,-82.7179,Bottom,9,NH4,ugL,10.72,TRUE,NA,201
8/4/2024,2024,32,2,41.971783,-82.488083,Surface,1,NH4,ugL,27.02,FALSE,NA,217
8/4/2024,2024,32,2,41.971783,-82.488083,Bottom,10,NH4,ugL,18.83,TRUE,NA,217
8/4/2024,2024,32,4,41.8927,-82.525767,Surface,1,NH4,ugL,37.41,FALSE,NA,217
8/4/2024,2024,32,4,41.8927,-82.525767,Bottom,10,NH4,ugL,60.09,FALSE,NA,217
8/4/2024,2024,32,5,42.002583,-82.578633,Surface,1,NH4,ugL,49.61,TRUE,NA,217
8/4/2024,2024,32,5,42.002583,-82.578633,Bottom,7,NH4,ugL,12.9,FALSE,NA,217
8/4/2024,2024,32,6,42.0222,-82.669683,Surface,1,NH4,ugL,33.49,FALSE,NA,217
8/4/2024,2024,32,6,42.0222,-82.669683,Bottom,7,NH4,ugL,39.87,FALSE,NA,217
8/4/2024,2024,32,7,41.99605,-82.7179,Surface,1,NH4,ugL,53.35,TRUE,NA,217
8/4/2024,2024,32,7,41.99605,-82.7179,Bottom,9,NH4,ugL,117.3,FALSE,NA,217
8/13/2024,2024,33,2,41.971783,-82.488083,Surface,1,NH4,ugL,-4.68,FALSE,NA,226
8/13/2024,2024,33,2,41.971783,-82.488083,Bottom,10,NH4,ugL,9.17,TRUE,NA,226
8/13/2024,2024,33,4,41.8927,-82.525767,Surface,1,NH4,ugL,31.31,FALSE,NA,226
8/13/2024,2024,33,4,41.8927,-82.525767,Bottom,10,NH4,ugL,4.43,TRUE,NA,226
8/13/2024,2024,33,5,42.002583,-82.578633,Surface,1,NH4,ugL,38.77,FALSE,NA,226
8/13/2024,2024,33,5,42.002583,-82.578633,Bottom,7,NH4,ugL,8.9,TRUE,NA,226
8/13/2024,2024,33,6,42.0222,-82.669683,Surface,1,NH4,ugL,11.17,FALSE,NA,226
8/13/2024,2024,33,6,42.0222,-82.669683,Bottom,7,NH4,ugL,12.27,TRUE,NA,226
8/13/2024,2024,33,7,41.99605,-82.7179,Surface,1,NH4,ugL,27.39,TRUE,NA,226
8/13/2024,2024,33,7,41.99605,-82.7179,Bottom,9,NH4,ugL,14.73,FALSE,NA,226
8/22/2024,2024,34,2,41.971783,-82.488083,Surface,1,NH4,ugL,16,FALSE,NA,235
8/22/2024,2024,34,2,41.971783,-82.488083,Bottom,10,NH4,ugL,24.2,FALSE,NA,235
8/22/2024,2024,34,4,41.8927,-82.525767,Surface,1,NH4,ugL,41.33,FALSE,NA,235
8/22/2024,2024,34,4,41.8927,-82.525767,Bottom,10,NH4,ugL,2.61,TRUE,NA,235
8/22/2024,2024,34,5,42.002583,-82.578633,Surface,1,NH4,ugL,15.55,FALSE,NA,235
8/22/2024,2024,34,5,42.002583,-82.578633,Bottom,7,NH4,ugL,23.38,FALSE,NA,235
8/22/2024,2024,34,6,42.0222,-82.669683,Surface,1,NH4,ugL,9.35,FALSE,NA,235
8/22/2024,2024,34,6,42.0222,-82.669683,Bottom,7,NH4,ugL,22.56,FALSE,NA,235
8/22/2024,2024,34,7,41.99605,-82.7179,Surface,1,NH4,ugL,23.84,FALSE,NA,235
8/22/2024,2024,34,7,41.99605,-82.7179,Bottom,9,NH4,ugL,11.63,FALSE,NA,235
9/3/2024,2024,36,5,42.002583,-82.578633,Surface,1,NH4,ugL,13.63,FALSE,NA,247
9/3/2024,2024,36,5,42.002583,-82.578633,Bottom,7,NH4,ugL,33.95,FALSE,NA,247
9/3/2024,2024,36,6,42.0222,-82.669683,Surface,1,NH4,ugL,40.87,FALSE,NA,247
9/3/2024,2024,36,6,42.0222,-82.669683,Bottom,7,NH4,ugL,13.63,TRUE,NA,247
9/3/2024,2024,36,7,41.99605,-82.7179,Surface,1,NH4,ugL,38.77,TRUE,NA,247
9/3/2024,2024,36,7,41.99605,-82.7179,Bottom,9,NH4,ugL,145.62,FALSE,NA,247
9/11/2024,2024,37,2,41.971783,-82.488083,Surface,1,NH4,ugL,44.15,FALSE,NA,255
9/11/2024,2024,37,2,41.971783,-82.488083,Bottom,10,NH4,ugL,-0.12,FALSE,NA,255
9/11/2024,2024,37,4,41.8927,-82.525767,Surface,1,NH4,ugL,20.56,TRUE,NA,255
9/11/2024,2024,37,4,41.8927,-82.525767,Bottom,10,NH4,ugL,44.06,FALSE,NA,255
9/11/2024,2024,37,5,42.002583,-82.578633,Surface,1,NH4,ugL,18.92,FALSE,NA,255
9/11/2024,2024,37,5,42.002583,-82.578633,Bottom,7,NH4,ugL,10.17,FALSE,NA,255
9/11/2024,2024,37,6,42.0222,-82.669683,Surface,1,NH4,ugL,7.26,FALSE,NA,255
9/11/2024,2024,37,6,42.0222,-82.669683,Bottom,7,NH4,ugL,2.16,TRUE,NA,255
9/11/2024,2024,37,7,41.99605,-82.7179,Surface,1,NH4,ugL,7.26,TRUE,NA,255
9/11/2024,2024,37,7,41.99605,-82.7179,Bottom,9,NH4,ugL,21.56,FALSE,NA,255
10/1/2024,2024,40,2,41.971783,-82.488083,Surface,1,NH4,ugL,20.37,FALSE,NA,275
10/1/2024,2024,40,2,41.971783,-82.488083,Bottom,10,NH4,ugL,70.02,TRUE,NA,275
10/1/2024,2024,40,4,41.8927,-82.525767,Surface,1,NH4,ugL,69.75,FALSE,NA,275
10/1/2024,2024,40,4,41.8927,-82.525767,Bottom,10,NH4,ugL,6.16,FALSE,NA,275
10/1/2024,2024,40,5,42.002583,-82.578633,Surface,1,NH4,ugL,18.92,FALSE,NA,275
10/1/2024,2024,40,5,42.002583,-82.578633,Bottom,7,NH4,ugL,61.91,FALSE,NA,275
10/1/2024,2024,40,6,42.0222,-82.669683,Surface,1,NH4,ugL,45.97,TRUE,NA,275
10/1/2024,2024,40,6,42.0222,-82.669683,Bottom,7,NH4,ugL,23.93,FALSE,NA,275
10/1/2024,2024,40,7,41.99605,-82.7179,Surface,1,NH4,ugL,27.02,FALSE,NA,275
5/16/2022,2022,21,2,41.913017,-82.7367,Surface,1,NO3,ugL,645.87,FALSE,NA,136
5/16/2022,2022,21,2,41.913017,-82.7367,Bottom,11,NO3,ugL,817.96,FALSE,NA,136
5/16/2022,2022,21,4,41.8927,-82.5258,Surface,1,NO3,ugL,192.16,FALSE,NA,136
5/16/2022,2022,21,4,41.8927,-82.5258,Bottom,8,NO3,ugL,347.45,FALSE,NA,136
5/16/2022,2022,21,5,42.002583,-82.5786,Surface,1,NO3,ugL,362.36,FALSE,NA,136
5/16/2022,2022,21,5,42.002583,-82.5786,Bottom,8.5,NO3,ugL,360.69,FALSE,NA,136
5/16/2022,2022,21,6,42.0222,-82.6697,Surface,1,NO3,ugL,381.78,FALSE,NA,136
5/16/2022,2022,21,6,42.0222,-82.6697,Bottom,8,NO3,ugL,355.16,FALSE,NA,136
5/16/2022,2022,21,7,41.99605,-82.7179,Surface,1,NO3,ugL,557.03,FALSE,NA,136
5/16/2022,2022,21,7,41.99605,-82.7179,Bottom,9.5,NO3,ugL,492.19,FALSE,NA,136
5/28/2022,2022,22,2,41.913017,-82.7367,Surface,1,NO3,ugL,555.86,FALSE,NA,148
5/28/2022,2022,22,2,41.913017,-82.7367,Bottom,11,NO3,ugL,541.4,FALSE,NA,148
5/28/2022,2022,22,4,41.8927,-82.5258,Surface,1,NO3,ugL,461.14,FALSE,NA,148
5/28/2022,2022,22,4,41.8927,-82.5258,Bottom,8,NO3,ugL,450.2,FALSE,NA,148
5/28/2022,2022,22,5,42.002583,-82.5786,Surface,1,NO3,ugL,377.67,FALSE,NA,148
5/28/2022,2022,22,5,42.002583,-82.5786,Bottom,8.5,NO3,ugL,379.58,FALSE,NA,148
5/28/2022,2022,22,6,42.0222,-82.6697,Surface,1,NO3,ugL,398.93,FALSE,NA,148
5/28/2022,2022,22,6,42.0222,-82.6697,Bottom,8,NO3,ugL,428.4,FALSE,NA,148
5/28/2022,2022,22,7,41.99605,-82.7179,Surface,1,NO3,ugL,417.37,FALSE,NA,148
5/28/2022,2022,22,7,41.99605,-82.7179,Bottom,9.5,NO3,ugL,500.56,FALSE,NA,148
6/9/2022,2022,24,2,41.913017,-82.7367,Surface,1,NO3,ugL,491.38,FALSE,NA,160
6/9/2022,2022,24,2,41.913017,-82.7367,Bottom,11,NO3,ugL,497.84,FALSE,NA,160
6/9/2022,2022,24,4,41.8927,-82.5258,Surface,1,NO3,ugL,481.31,FALSE,NA,160
6/9/2022,2022,24,4,41.8927,-82.5258,Bottom,8,NO3,ugL,477.67,FALSE,NA,160
6/9/2022,2022,24,5,42.002583,-82.5786,Surface,1,NO3,ugL,439.29,FALSE,NA,160
6/9/2022,2022,24,5,42.002583,-82.5786,Bottom,8.5,NO3,ugL,409.39,FALSE,NA,160
6/9/2022,2022,24,6,42.0222,-82.6697,Surface,1,NO3,ugL,408.29,FALSE,NA,160
6/9/2022,2022,24,6,42.0222,-82.6697,Bottom,8,NO3,ugL,412.52,FALSE,NA,160
6/9/2022,2022,24,7,41.99605,-82.7179,Surface,1,NO3,ugL,388.66,FALSE,NA,160
6/9/2022,2022,24,7,41.99605,-82.7179,Bottom,9.5,NO3,ugL,399.38,FALSE,NA,160
6/24/2022,2022,26,2,41.913017,-82.7367,Surface,1,NO3,ugL,168.68,FALSE,NA,175
6/24/2022,2022,26,2,41.913017,-82.7367,Bottom,11,NO3,ugL,263.99,FALSE,NA,175
6/24/2022,2022,26,4,41.8927,-82.5258,Surface,1,NO3,ugL,251.29,FALSE,NA,175
6/24/2022,2022,26,4,41.8927,-82.5258,Bottom,8,NO3,ugL,262.51,FALSE,NA,175
6/24/2022,2022,26,5,42.002583,-82.5786,Surface,1,NO3,ugL,245.8,FALSE,NA,175
6/24/2022,2022,26,5,42.002583,-82.5786,Bottom,8.5,NO3,ugL,252.17,TRUE,NA,175
6/24/2022,2022,26,6,42.0222,-82.6697,Surface,1,NO3,ugL,197.37,FALSE,NA,175
6/24/2022,2022,26,6,42.0222,-82.6697,Bottom,8,NO3,ugL,250.48,FALSE,NA,175
6/24/2022,2022,26,7,41.99605,-82.7179,Surface,1,NO3,ugL,251.75,FALSE,NA,175
6/24/2022,2022,26,7,41.99605,-82.7179,Bottom,9.5,NO3,ugL,127.08,FALSE,NA,175
7/7/2022,2022,28,2,41.913017,-82.7367,Surface,1,NO3,ugL,264.43,FALSE,NA,188
7/7/2022,2022,28,2,41.913017,-82.7367,Bottom,11,NO3,ugL,242.12,FALSE,NA,188
7/7/2022,2022,28,4,41.8927,-82.5258,Surface,1,NO3,ugL,198.08,FALSE,NA,188
7/7/2022,2022,28,4,41.8927,-82.5258,Bottom,8,NO3,ugL,197.21,FALSE,NA,188
7/7/2022,2022,28,5,42.002583,-82.5786,Surface,1,NO3,ugL,197.93,FALSE,NA,188
7/7/2022,2022,28,5,42.002583,-82.5786,Bottom,8.5,NO3,ugL,187.01,FALSE,NA,188
7/7/2022,2022,28,6,42.0222,-82.6697,Surface,1,NO3,ugL,197.29,FALSE,NA,188
7/7/2022,2022,28,6,42.0222,-82.6697,Bottom,8,NO3,ugL,198.02,FALSE,NA,188
7/7/2022,2022,28,7,41.99605,-82.7179,Surface,1,NO3,ugL,197.32,FALSE,NA,188
7/7/2022,2022,28,7,41.99605,-82.7179,Bottom,9.5,NO3,ugL,197.74,FALSE,NA,188
7/26/2022,2022,31,2,41.913017,-82.7367,Surface,1,NO3,ugL,317.02,FALSE,NA,207
7/26/2022,2022,31,2,41.913017,-82.7367,Bottom,11,NO3,ugL,309.46,FALSE,NA,207
7/26/2022,2022,31,4,41.8927,-82.5258,Surface,1,NO3,ugL,95.02,FALSE,NA,207
7/26/2022,2022,31,4,41.8927,-82.5258,Bottom,8,NO3,ugL,100.29,FALSE,NA,207
7/26/2022,2022,31,5,42.002583,-82.5786,Surface,1,NO3,ugL,151.25,FALSE,NA,207
7/26/2022,2022,31,5,42.002583,-82.5786,Bottom,8.5,NO3,ugL,129.65,FALSE,NA,207
7/26/2022,2022,31,6,42.0222,-82.6697,Surface,1,NO3,ugL,145.92,FALSE,NA,207
7/26/2022,2022,31,6,42.0222,-82.6697,Bottom,8,NO3,ugL,146.97,FALSE,NA,207
7/26/2022,2022,31,7,41.99605,-82.7179,Surface,1,NO3,ugL,141.19,FALSE,NA,207
7/26/2022,2022,31,7,41.99605,-82.7179,Bottom,9.5,NO3,ugL,149.36,FALSE,NA,207
8/5/2022,2022,32,5,42.002583,-82.5786,Surface,1,NO3,ugL,94.94,FALSE,NA,217
8/5/2022,2022,32,5,42.002583,-82.5786,Bottom,8.5,NO3,ugL,107.17,FALSE,NA,217
8/5/2022,2022,32,6,42.0222,-82.6697,Surface,1,NO3,ugL,115.82,FALSE,NA,217
8/5/2022,2022,32,6,42.0222,-82.6697,Bottom,8,NO3,ugL,124.96,FALSE,NA,217
8/5/2022,2022,32,7,41.99605,-82.7179,Surface,1,NO3,ugL,158.45,TRUE,NA,217
8/5/2022,2022,32,7,41.99605,-82.7179,Bottom,9.5,NO3,ugL,89.75,FALSE,NA,217
8/9/2022,2022,33,2,41.913017,-82.7367,Surface,1,NO3,ugL,93.46,FALSE,NA,221
8/9/2022,2022,33,2,41.913017,-82.7367,Bottom,11,NO3,ugL,101.86,FALSE,NA,221
8/9/2022,2022,33,4,41.8927,-82.5258,Surface,1,NO3,ugL,104.95,FALSE,NA,221
8/9/2022,2022,33,4,41.8927,-82.5258,Bottom,8,NO3,ugL,85.3,FALSE,NA,221
8/9/2022,2022,33,5,42.002583,-82.5786,Surface,1,NO3,ugL,78.51,FALSE,NA,221
8/9/2022,2022,33,5,42.002583,-82.5786,Bottom,8.5,NO3,ugL,113.22,FALSE,NA,221
8/9/2022,2022,33,6,42.0222,-82.6697,Surface,1,NO3,ugL,121.75,FALSE,NA,221
8/9/2022,2022,33,6,42.0222,-82.6697,Bottom,8,NO3,ugL,112.48,FALSE,NA,221
8/9/2022,2022,33,7,41.99605,-82.7179,Surface,1,NO3,ugL,110.14,FALSE,NA,221
8/9/2022,2022,33,7,41.99605,-82.7179,Bottom,9.5,NO3,ugL,86.29,FALSE,NA,221
8/17/2022,2022,34,2,41.913017,-82.7367,Surface,1,NO3,ugL,85.11,FALSE,NA,229
8/17/2022,2022,34,2,41.913017,-82.7367,Bottom,11,NO3,ugL,21.38,TRUE,NA,229
8/17/2022,2022,34,4,41.8927,-82.5258,Surface,1,NO3,ugL,81.09,FALSE,NA,229
8/17/2022,2022,34,4,41.8927,-82.5258,Bottom,8,NO3,ugL,96.64,FALSE,NA,229
8/17/2022,2022,34,5,42.002583,-82.5786,Surface,1,NO3,ugL,104.29,FALSE,NA,229
8/17/2022,2022,34,5,42.002583,-82.5786,Bottom,8.5,NO3,ugL,82.6,FALSE,NA,229
8/17/2022,2022,34,6,42.0222,-82.6697,Surface,1,NO3,ugL,139.22,FALSE,NA,229
8/17/2022,2022,34,6,42.0222,-82.6697,Bottom,8,NO3,ugL,114.83,FALSE,NA,229
8/17/2022,2022,34,7,41.99605,-82.7179,Surface,1,NO3,ugL,135.87,FALSE,NA,229
8/17/2022,2022,34,7,41.99605,-82.7179,Bottom,9.5,NO3,ugL,133.27,FALSE,NA,229
8/23/2022,2022,35,2,41.913017,-82.7367,Surface,1,NO3,ugL,39.62,TRUE,NA,235
8/23/2022,2022,35,2,41.913017,-82.7367,Bottom,11,NO3,ugL,63.25,FALSE,NA,235
8/23/2022,2022,35,4,41.8927,-82.5258,Surface,1,NO3,ugL,38.18,FALSE,NA,235
8/23/2022,2022,35,4,41.8927,-82.5258,Bottom,8,NO3,ugL,41.37,TRUE,NA,235
8/23/2022,2022,35,5,42.002583,-82.5786,Surface,1,NO3,ugL,98.36,FALSE,NA,235
8/23/2022,2022,35,5,42.002583,-82.5786,Bottom,8.5,NO3,ugL,50.13,FALSE,NA,235
8/23/2022,2022,35,6,42.0222,-82.6697,Surface,1,NO3,ugL,82.87,FALSE,NA,235
8/23/2022,2022,35,6,42.0222,-82.6697,Bottom,8,NO3,ugL,75.5,FALSE,NA,235
8/23/2022,2022,35,7,41.99605,-82.7179,Surface,1,NO3,ugL,89.23,FALSE,NA,235
8/23/2022,2022,35,7,41.99605,-82.7179,Bottom,9.5,NO3,ugL,69.91,FALSE,NA,235
9/1/2022,2022,36,2,41.913017,-82.7367,Surface,1,NO3,ugL,-24.55,FALSE,NA,244
9/1/2022,2022,36,2,41.913017,-82.7367,Bottom,11,NO3,ugL,0.38,TRUE,NA,244
9/1/2022,2022,36,4,41.8927,-82.5258,Surface,1,NO3,ugL,37.45,FALSE,NA,244
9/1/2022,2022,36,4,41.8927,-82.5258,Bottom,8,NO3,ugL,55.01,FALSE,NA,244
9/1/2022,2022,36,5,42.002583,-82.5786,Surface,1,NO3,ugL,27.1,TRUE,NA,244
9/1/2022,2022,36,5,42.002583,-82.5786,Bottom,8.5,NO3,ugL,65.39,FALSE,NA,244
9/1/2022,2022,36,6,42.0222,-82.6697,Surface,1,NO3,ugL,49.97,TRUE,NA,244
9/1/2022,2022,36,6,42.0222,-82.6697,Bottom,8,NO3,ugL,38.09,FALSE,NA,244
9/1/2022,2022,36,7,41.99605,-82.7179,Surface,1,NO3,ugL,25.46,TRUE,NA,244
9/1/2022,2022,36,7,41.99605,-82.7179,Bottom,9.5,NO3,ugL,-163.26,FALSE,NA,244
9/6/2022,2022,37,4,41.8927,-82.5258,Surface,1,NO3,ugL,-40.34,FALSE,NA,249
9/6/2022,2022,37,4,41.8927,-82.5258,Bottom,8,NO3,ugL,-35.51,FALSE,NA,249
9/6/2022,2022,37,5,42.002583,-82.5786,Surface,1,NO3,ugL,-6.6,FALSE,NA,249
9/6/2022,2022,37,5,42.002583,-82.5786,Bottom,8.5,NO3,ugL,1.93,TRUE,NA,249
9/6/2022,2022,37,6,42.0222,-82.6697,Surface,1,NO3,ugL,6.3,TRUE,NA,249
9/6/2022,2022,37,6,42.0222,-82.6697,Bottom,8,NO3,ugL,-9.22,FALSE,NA,249
9/8/2022,2022,37,2,41.913017,-82.7367,Surface,1,NO3,ugL,-51.47,FALSE,NA,251
9/8/2022,2022,37,2,41.913017,-82.7367,Bottom,11,NO3,ugL,-36.04,FALSE,NA,251
9/8/2022,2022,37,7,41.99605,-82.7179,Surface,1,NO3,ugL,1.32,TRUE,NA,251
9/8/2022,2022,37,7,41.99605,-82.7179,Bottom,9.5,NO3,ugL,-35.59,FALSE,NA,251
9/23/2022,2022,39,2,41.913017,-82.7367,Bottom,11,NO3,ugL,49.9,FALSE,NA,266
9/23/2022,2022,39,4,41.8927,-82.5258,Surface,1,NO3,ugL,-5.13,FALSE,NA,266
9/23/2022,2022,39,4,41.8927,-82.5258,Bottom,8,NO3,ugL,-8.8,FALSE,NA,266
9/23/2022,2022,39,5,42.002583,-82.5786,Surface,1,NO3,ugL,17.78,TRUE,NA,266
9/23/2022,2022,39,5,42.002583,-82.5786,Bottom,8.5,NO3,ugL,15.27,TRUE,NA,266
9/23/2022,2022,39,6,42.0222,-82.6697,Surface,1,NO3,ugL,39.75,FALSE,NA,266
9/23/2022,2022,39,6,42.0222,-82.6697,Bottom,8,NO3,ugL,56.71,FALSE,NA,266
9/23/2022,2022,39,7,41.99605,-82.7179,Surface,1,NO3,ugL,61.11,FALSE,NA,266
9/23/2022,2022,39,7,41.99605,-82.7179,Bottom,9.5,NO3,ugL,59.86,FALSE,NA,266
5/18/2023,2023,20,4,41.8927,-82.525767,Surface,1,NO3,ugL,368.22,FALSE,NA,138
5/18/2023,2023,20,4,41.8927,-82.525767,Bottom,9.8,NO3,ugL,376.81,FALSE,NA,138
5/18/2023,2023,20,5,42.002583,-82.578633,Surface,1,NO3,ugL,579.77,FALSE,NA,138
5/18/2023,2023,20,5,42.002583,-82.578633,Bottom,8.1,NO3,ugL,582.04,FALSE,NA,138
5/30/2023,2023,22,2,41.913017,-82.73665,Surface,1,NO3,ugL,700.73,FALSE,NA,150
5/30/2023,2023,22,2,41.913017,-82.73665,Bottom,10.9,NO3,ugL,850.39,FALSE,NA,150
5/30/2023,2023,22,4,41.8927,-82.525767,Surface,1,NO3,ugL,611.48,FALSE,NA,150
5/30/2023,2023,22,4,41.8927,-82.525767,Bottom,9.8,NO3,ugL,693.59,FALSE,NA,150
5/30/2023,2023,22,5,42.002583,-82.578633,Surface,1,NO3,ugL,573.08,FALSE,NA,150
5/30/2023,2023,22,5,42.002583,-82.578633,Bottom,8.1,NO3,ugL,613.45,FALSE,NA,150
5/30/2023,2023,22,6,42.0222,-82.669683,Surface,1,NO3,ugL,709.85,FALSE,NA,150
5/30/2023,2023,22,6,42.0222,-82.669683,Bottom,7.9,NO3,ugL,633.93,FALSE,NA,150
5/30/2023,2023,22,7,41.99605,-82.7179,Surface,1,NO3,ugL,841.52,FALSE,NA,150
5/30/2023,2023,22,7,41.99605,-82.7179,Bottom,9.5,NO3,ugL,825.27,FALSE,NA,150
6/11/2023,2023,24,2,41.913017,-82.73665,Surface,1,NO3,ugL,449.36,FALSE,NA,162
6/11/2023,2023,24,2,41.913017,-82.73665,Bottom,10.9,NO3,ugL,486.81,FALSE,NA,162
6/11/2023,2023,24,5,42.002583,-82.578633,Surface,1,NO3,ugL,567.48,FALSE,NA,162
6/11/2023,2023,24,5,42.002583,-82.578633,Bottom,8.1,NO3,ugL,570.16,FALSE,NA,162
6/11/2023,2023,24,6,42.0222,-82.669683,Surface,1,NO3,ugL,511.98,FALSE,NA,162
6/11/2023,2023,24,6,42.0222,-82.669683,Bottom,7.9,NO3,ugL,493.69,FALSE,NA,162
6/11/2023,2023,24,7,41.99605,-82.7179,Surface,1,NO3,ugL,495.38,FALSE,NA,162
6/11/2023,2023,24,7,41.99605,-82.7179,Bottom,9.5,NO3,ugL,480.73,FALSE,NA,162
6/23/2023,2023,25,2,41.913017,-82.73665,Surface,1,NO3,ugL,226.12,FALSE,NA,174
6/23/2023,2023,25,2,41.913017,-82.73665,Bottom,10.9,NO3,ugL,468.79,FALSE,NA,174
6/23/2023,2023,25,4,41.8927,-82.525767,Surface,1,NO3,ugL,393.43,FALSE,NA,174
6/23/2023,2023,25,4,41.8927,-82.525767,Bottom,9.8,NO3,ugL,325.07,FALSE,NA,174
6/23/2023,2023,25,5,42.002583,-82.578633,Surface,1,NO3,ugL,394.01,FALSE,NA,174
6/23/2023,2023,25,5,42.002583,-82.578633,Bottom,8.1,NO3,ugL,453.65,FALSE,NA,174
6/23/2023,2023,25,6,42.0222,-82.669683,Surface,1,NO3,ugL,422.03,FALSE,NA,174
6/23/2023,2023,25,6,42.0222,-82.669683,Bottom,7.9,NO3,ugL,226.31,FALSE,NA,174
6/23/2023,2023,25,7,41.99605,-82.7179,Surface,1,NO3,ugL,447.49,FALSE,NA,174
6/23/2023,2023,25,7,41.99605,-82.7179,Bottom,9.5,NO3,ugL,431.04,FALSE,NA,174
7/10/2023,2023,28,2,41.913017,-82.73665,Surface,1,NO3,ugL,301.52,FALSE,NA,191
7/10/2023,2023,28,2,41.913017,-82.73665,Bottom,10.9,NO3,ugL,321.95,FALSE,NA,191
7/10/2023,2023,28,4,41.8927,-82.525767,Bottom,9.8,NO3,ugL,349.06,FALSE,NA,191
7/10/2023,2023,28,5,42.002583,-82.578633,Surface,1,NO3,ugL,357.83,FALSE,NA,191
7/10/2023,2023,28,5,42.002583,-82.578633,Bottom,8.1,NO3,ugL,305.94,FALSE,NA,191
7/10/2023,2023,28,6,42.0222,-82.669683,Surface,1,NO3,ugL,90.18,TRUE,NA,191
7/10/2023,2023,28,6,42.0222,-82.669683,Bottom,7.9,NO3,ugL,294.41,FALSE,NA,191
7/10/2023,2023,28,7,41.99605,-82.7179,Surface,1,NO3,ugL,251.44,TRUE,NA,191
7/10/2023,2023,28,7,41.99605,-82.7179,Bottom,9.5,NO3,ugL,295.1,FALSE,NA,191
7/19/2023,2023,29,2,41.913017,-82.73665,Surface,1,NO3,ugL,291.79,FALSE,NA,200
7/19/2023,2023,29,2,41.913017,-82.73665,Bottom,10.9,NO3,ugL,264.49,FALSE,NA,200
7/19/2023,2023,29,4,41.8927,-82.525767,Surface,1,NO3,ugL,310.24,FALSE,NA,200
7/19/2023,2023,29,4,41.8927,-82.525767,Bottom,9.8,NO3,ugL,248.63,FALSE,NA,200
7/19/2023,2023,29,5,42.002583,-82.578633,Surface,1,NO3,ugL,259.58,FALSE,NA,200
7/19/2023,2023,29,5,42.002583,-82.578633,Bottom,8.1,NO3,ugL,274.48,FALSE,NA,200
7/19/2023,2023,29,6,42.0222,-82.669683,Surface,1,NO3,ugL,225.61,FALSE,NA,200
7/19/2023,2023,29,6,42.0222,-82.669683,Bottom,7.9,NO3,ugL,187.49,FALSE,NA,200
7/19/2023,2023,29,7,41.99605,-82.7179,Surface,1,NO3,ugL,227.62,FALSE,NA,200
7/19/2023,2023,29,7,41.99605,-82.7179,Bottom,9.5,NO3,ugL,252.66,TRUE,NA,200
7/25/2023,2023,30,2,41.913017,-82.73665,Surface,1,NO3,ugL,176.75,FALSE,NA,206
7/25/2023,2023,30,2,41.913017,-82.73665,Bottom,10.9,NO3,ugL,240.29,FALSE,NA,206
7/25/2023,2023,30,4,41.8927,-82.525767,Surface,1,NO3,ugL,170.04,FALSE,NA,206
7/25/2023,2023,30,4,41.8927,-82.525767,Bottom,9.8,NO3,ugL,85.57,FALSE,NA,206
7/25/2023,2023,30,5,42.002583,-82.578633,Surface,1,NO3,ugL,160.93,FALSE,NA,206
7/25/2023,2023,30,5,42.002583,-82.578633,Bottom,8.1,NO3,ugL,148.17,FALSE,NA,206
7/25/2023,2023,30,6,42.0222,-82.669683,Surface,1,NO3,ugL,147.74,FALSE,NA,206
7/25/2023,2023,30,6,42.0222,-82.669683,Bottom,7.9,NO3,ugL,152.24,FALSE,NA,206
7/25/2023,2023,30,7,41.99605,-82.7179,Surface,1,NO3,ugL,127.97,FALSE,NA,206
7/25/2023,2023,30,7,41.99605,-82.7179,Bottom,9.5,NO3,ugL,98.47,FALSE,NA,206
8/1/2023,2023,31,2,41.913017,-82.73665,Surface,1,NO3,ugL,151.06,FALSE,NA,213
8/1/2023,2023,31,2,41.913017,-82.73665,Bottom,10.9,NO3,ugL,225.86,FALSE,NA,213
8/1/2023,2023,31,4,41.8927,-82.525767,Surface,1,NO3,ugL,130,TRUE,NA,213
8/1/2023,2023,31,4,41.8927,-82.525767,Bottom,9.8,NO3,ugL,107.51,TRUE,NA,213
8/1/2023,2023,31,5,42.002583,-82.578633,Surface,1,NO3,ugL,87.88,FALSE,NA,213
8/1/2023,2023,31,5,42.002583,-82.578633,Bottom,8.1,NO3,ugL,137.33,FALSE,NA,213
8/1/2023,2023,31,6,42.0222,-82.669683,Surface,1,NO3,ugL,111.87,FALSE,NA,213
8/1/2023,2023,31,6,42.0222,-82.669683,Bottom,7.9,NO3,ugL,101.94,TRUE,NA,213
8/1/2023,2023,31,7,41.99605,-82.7179,Surface,1,NO3,ugL,165.06,FALSE,NA,213
8/1/2023,2023,31,7,41.99605,-82.7179,Bottom,9.5,NO3,ugL,168.15,FALSE,NA,213
8/16/2023,2023,33,2,41.913017,-82.73665,Surface,1,NO3,ugL,200.07,FALSE,NA,228
8/16/2023,2023,33,2,41.913017,-82.73665,Bottom,10.9,NO3,ugL,202.05,FALSE,NA,228
8/16/2023,2023,33,4,41.8927,-82.525767,Surface,1,NO3,ugL,153.71,FALSE,NA,228
8/16/2023,2023,33,4,41.8927,-82.525767,Bottom,9.8,NO3,ugL,101.99,TRUE,NA,228
8/16/2023,2023,33,5,42.002583,-82.578633,Surface,1,NO3,ugL,68,FALSE,NA,228
8/16/2023,2023,33,5,42.002583,-82.578633,Bottom,8.1,NO3,ugL,67.56,FALSE,NA,228
8/16/2023,2023,33,6,42.0222,-82.669683,Surface,1,NO3,ugL,77.77,TRUE,NA,228
8/16/2023,2023,33,6,42.0222,-82.669683,Bottom,7.9,NO3,ugL,61.15,FALSE,NA,228
8/16/2023,2023,33,7,41.99605,-82.7179,Surface,1,NO3,ugL,95.26,FALSE,NA,228
8/16/2023,2023,33,7,41.99605,-82.7179,Bottom,9.5,NO3,ugL,71.31,FALSE,NA,228
8/28/2023,2023,35,2,41.913017,-82.73665,Surface,1,NO3,ugL,270.68,FALSE,NA,240
8/28/2023,2023,35,2,41.913017,-82.73665,Bottom,10.9,NO3,ugL,269.54,FALSE,NA,240
8/28/2023,2023,35,4,41.8927,-82.525767,Surface,1,NO3,ugL,103.23,FALSE,NA,240
8/28/2023,2023,35,4,41.8927,-82.525767,Bottom,9.8,NO3,ugL,116.22,FALSE,NA,240
8/28/2023,2023,35,5,42.002583,-82.578633,Surface,1,NO3,ugL,136.74,FALSE,NA,240
8/28/2023,2023,35,5,42.002583,-82.578633,Bottom,8.1,NO3,ugL,131.15,FALSE,NA,240
8/28/2023,2023,35,6,42.0222,-82.669683,Surface,1,NO3,ugL,310.57,FALSE,NA,240
8/28/2023,2023,35,6,42.0222,-82.669683,Bottom,7.9,NO3,ugL,286.64,FALSE,NA,240
8/28/2023,2023,35,7,41.99605,-82.7179,Bottom,9.5,NO3,ugL,261.72,FALSE,NA,240
9/15/2023,2023,37,2,41.913017,-82.73665,Surface,1,NO3,ugL,198.27,FALSE,NA,258
9/15/2023,2023,37,2,41.913017,-82.73665,Bottom,10.9,NO3,ugL,232.26,FALSE,NA,258
9/15/2023,2023,37,4,41.8927,-82.525767,Surface,1,NO3,ugL,159.61,FALSE,NA,258
9/15/2023,2023,37,4,41.8927,-82.525767,Bottom,9.8,NO3,ugL,150.1,FALSE,NA,258
9/15/2023,2023,37,5,42.002583,-82.578633,Surface,1,NO3,ugL,216.06,FALSE,NA,258
9/15/2023,2023,37,5,42.002583,-82.578633,Bottom,8.1,NO3,ugL,209.61,FALSE,NA,258
9/15/2023,2023,37,6,42.0222,-82.669683,Surface,1,NO3,ugL,225.51,FALSE,NA,258
9/15/2023,2023,37,6,42.0222,-82.669683,Bottom,7.9,NO3,ugL,199.43,FALSE,NA,258
9/15/2023,2023,37,7,41.99605,-82.7179,Surface,1,NO3,ugL,180.51,FALSE,NA,258
9/15/2023,2023,37,7,41.99605,-82.7179,Bottom,9.5,NO3,ugL,203.72,TRUE,NA,258
9/23/2023,2023,38,2,41.913017,-82.73665,Surface,1,NO3,ugL,256.4,FALSE,NA,266
9/23/2023,2023,38,2,41.913017,-82.73665,Bottom,10.9,NO3,ugL,227.22,TRUE,NA,266
9/23/2023,2023,38,4,41.8927,-82.525767,Surface,1,NO3,ugL,118.33,TRUE,NA,266
9/23/2023,2023,38,4,41.8927,-82.525767,Bottom,9.8,NO3,ugL,125.63,FALSE,NA,266
9/23/2023,2023,38,5,42.002583,-82.578633,Surface,1,NO3,ugL,179.9,FALSE,NA,266
9/23/2023,2023,38,5,42.002583,-82.578633,Bottom,8.1,NO3,ugL,171.88,FALSE,NA,266
9/23/2023,2023,38,6,42.0222,-82.669683,Surface,1,NO3,ugL,224.97,FALSE,NA,266
9/23/2023,2023,38,6,42.0222,-82.669683,Bottom,7.9,NO3,ugL,222.12,FALSE,NA,266
9/23/2023,2023,38,7,41.99605,-82.7179,Surface,1,NO3,ugL,195.9,FALSE,NA,266
9/23/2023,2023,38,7,41.99605,-82.7179,Bottom,9.5,NO3,ugL,211.06,FALSE,NA,266
10/3/2023,2023,40,2,41.913017,-82.73665,Surface,1,NO3,ugL,180.45,FALSE,NA,276
10/3/2023,2023,40,2,41.913017,-82.73665,Bottom,10.9,NO3,ugL,224.4,FALSE,NA,276
10/3/2023,2023,40,4,41.8927,-82.525767,Surface,1,NO3,ugL,104.94,FALSE,NA,276
10/3/2023,2023,40,4,41.8927,-82.525767,Bottom,9.8,NO3,ugL,141.07,FALSE,NA,276
10/3/2023,2023,40,5,42.002583,-82.578633,Surface,1,NO3,ugL,149.62,FALSE,NA,276
10/3/2023,2023,40,6,42.0222,-82.669683,Surface,1,NO3,ugL,107.22,FALSE,NA,276
10/3/2023,2023,40,6,42.0222,-82.669683,Bottom,7.9,NO3,ugL,168.09,FALSE,NA,276
10/3/2023,2023,40,7,41.99605,-82.7179,Surface,1,NO3,ugL,162.84,FALSE,NA,276
10/3/2023,2023,40,7,41.99605,-82.7179,Bottom,9.5,NO3,ugL,203.65,FALSE,NA,276
5/16/2024,2024,20,6,42.0222,-82.669683,Surface,1,NO3,ugl,515.31,FALSE,NA,137
5/16/2024,2024,20,6,42.0222,-82.669683,Bottom,7,NO3,ugl,-0.08,FALSE,NA,137
5/16/2024,2024,20,7,41.99605,-82.7179,Surface,1,NO3,ugl,514.99,FALSE,NA,137
5/16/2024,2024,20,7,41.99605,-82.7179,Bottom,9,NO3,ugl,482.46,FALSE,NA,137
5/23/2024,2024,21,4,41.8927,-82.525767,Surface,1,NO3,ugl,397.97,FALSE,NA,144
5/23/2024,2024,21,4,41.8927,-82.525767,Bottom,10,NO3,ugl,366.81,FALSE,NA,144
5/31/2024,2024,22,2,41.971783,-82.488083,Surface,1,NO3,ugl,470.37,FALSE,NA,152
5/31/2024,2024,22,2,41.971783,-82.488083,Bottom,10,NO3,ugl,483.15,FALSE,NA,152
5/31/2024,2024,22,4,41.8927,-82.525767,Surface,1,NO3,ugl,484.95,FALSE,NA,152
5/31/2024,2024,22,4,41.8927,-82.525767,Bottom,10,NO3,ugl,451.24,FALSE,NA,152
5/31/2024,2024,22,5,42.002583,-82.578633,Surface,1,NO3,ugl,495.82,FALSE,NA,152
5/31/2024,2024,22,5,42.002583,-82.578633,Bottom,7,NO3,ugl,430.54,FALSE,NA,152
5/31/2024,2024,22,6,42.0222,-82.669683,Surface,1,NO3,ugl,555.9,FALSE,NA,152
5/31/2024,2024,22,6,42.0222,-82.669683,Bottom,7,NO3,ugl,493.72,FALSE,NA,152
5/31/2024,2024,22,7,41.99605,-82.7179,Surface,1,NO3,ugl,481.03,FALSE,NA,152
5/31/2024,2024,22,7,41.99605,-82.7179,Bottom,9,NO3,ugl,589.36,FALSE,NA,152
6/19/2024,2024,25,2,41.971783,-82.488083,Surface,1,NO3,ugl,385.56,FALSE,NA,171
6/19/2024,2024,25,2,41.971783,-82.488083,Bottom,10,NO3,ugl,430.12,FALSE,NA,171
6/19/2024,2024,25,4,41.8927,-82.525767,Surface,1,NO3,ugl,462.95,FALSE,NA,171
6/19/2024,2024,25,4,41.8927,-82.525767,Bottom,10,NO3,ugl,435.61,FALSE,NA,171
6/19/2024,2024,25,5,42.002583,-82.578633,Surface,1,NO3,ugl,433.32,FALSE,NA,171
6/19/2024,2024,25,5,42.002583,-82.578633,Bottom,7,NO3,ugl,414.94,FALSE,NA,171
6/19/2024,2024,25,6,42.0222,-82.669683,Bottom,7,NO3,ugl,423.96,FALSE,NA,171
6/19/2024,2024,25,7,41.99605,-82.7179,Surface,1,NO3,ugl,380.5,FALSE,NA,171
6/19/2024,2024,25,7,41.99605,-82.7179,Bottom,9,NO3,ugl,417.07,FALSE,NA,171
7/4/2024,2024,27,2,41.971783,-82.488083,Surface,1,NO3,ugl,371.58,FALSE,NA,186
7/4/2024,2024,27,2,41.971783,-82.488083,Bottom,10,NO3,ugl,378.77,FALSE,NA,186
7/4/2024,2024,27,4,41.8927,-82.525767,Surface,1,NO3,ugl,395.39,FALSE,NA,186
7/4/2024,2024,27,4,41.8927,-82.525767,Bottom,10,NO3,ugl,347.27,FALSE,NA,186
7/4/2024,2024,27,5,42.002583,-82.578633,Surface,1,NO3,ugl,323.14,FALSE,NA,186
7/4/2024,2024,27,5,42.002583,-82.578633,Bottom,7,NO3,ugl,350.72,FALSE,NA,186
7/4/2024,2024,27,6,42.0222,-82.669683,Surface,1,NO3,ugl,371.3,FALSE,NA,186
7/4/2024,2024,27,6,42.0222,-82.669683,Bottom,7,NO3,ugl,336.58,FALSE,NA,186
7/4/2024,2024,27,7,41.99605,-82.7179,Surface,1,NO3,ugl,355.57,FALSE,NA,186
7/4/2024,2024,27,7,41.99605,-82.7179,Bottom,9,NO3,ugl,316.49,FALSE,NA,186
7/19/2024,2024,29,2,41.971783,-82.488083,Surface,1,NO3,ugl,274.15,FALSE,NA,201
7/19/2024,2024,29,2,41.971783,-82.488083,Bottom,10,NO3,ugl,299.46,FALSE,NA,201
7/19/2024,2024,29,4,41.8927,-82.525767,Surface,1,NO3,ugl,290.94,FALSE,NA,201
7/19/2024,2024,29,4,41.8927,-82.525767,Bottom,10,NO3,ugl,327.24,FALSE,NA,201
7/19/2024,2024,29,5,42.002583,-82.578633,Surface,1,NO3,ugl,283.56,FALSE,NA,201
7/19/2024,2024,29,5,42.002583,-82.578633,Bottom,7,NO3,ugl,292.67,FALSE,NA,201
7/19/2024,2024,29,6,42.0222,-82.669683,Surface,1,NO3,ugl,272.55,FALSE,NA,201
7/19/2024,2024,29,6,42.0222,-82.669683,Bottom,7,NO3,ugl,282.63,FALSE,NA,201
7/19/2024,2024,29,7,41.99605,-82.7179,Surface,1,NO3,ugl,293.85,FALSE,NA,201
7/19/2024,2024,29,7,41.99605,-82.7179,Bottom,9,NO3,ugl,397.53,FALSE,NA,201
8/4/2024,2024,32,2,41.971783,-82.488083,Surface,1,NO3,ugl,187.07,FALSE,NA,217
8/4/2024,2024,32,2,41.971783,-82.488083,Bottom,10,NO3,ugl,188.49,FALSE,NA,217
8/4/2024,2024,32,4,41.8927,-82.525767,Surface,1,NO3,ugl,144.84,FALSE,NA,217
8/4/2024,2024,32,4,41.8927,-82.525767,Bottom,10,NO3,ugl,215.73,FALSE,NA,217
8/4/2024,2024,32,5,42.002583,-82.578633,Surface,1,NO3,ugl,155.87,FALSE,NA,217
8/4/2024,2024,32,5,42.002583,-82.578633,Bottom,7,NO3,ugl,113.27,FALSE,NA,217
8/4/2024,2024,32,6,42.0222,-82.669683,Surface,1,NO3,ugl,215.35,FALSE,NA,217
8/4/2024,2024,32,6,42.0222,-82.669683,Bottom,7,NO3,ugl,208.84,FALSE,NA,217
8/4/2024,2024,32,7,41.99605,-82.7179,Surface,1,NO3,ugl,210.38,FALSE,NA,217
8/4/2024,2024,32,7,41.99605,-82.7179,Bottom,9,NO3,ugl,230.02,FALSE,NA,217
8/13/2024,2024,33,2,41.971783,-82.488083,Surface,1,NO3,ugl,222.99,FALSE,NA,226
8/13/2024,2024,33,2,41.971783,-82.488083,Bottom,10,NO3,ugl,228.65,FALSE,NA,226
8/13/2024,2024,33,4,41.8927,-82.525767,Surface,1,NO3,ugl,152.05,FALSE,NA,226
8/13/2024,2024,33,4,41.8927,-82.525767,Bottom,10,NO3,ugl,166.19,FALSE,NA,226
8/13/2024,2024,33,5,42.002583,-82.578633,Surface,1,NO3,ugl,201.45,FALSE,NA,226
8/13/2024,2024,33,5,42.002583,-82.578633,Bottom,7,NO3,ugl,357.98,FALSE,NA,226
8/13/2024,2024,33,6,42.0222,-82.669683,Surface,1,NO3,ugl,226.58,FALSE,NA,226
8/13/2024,2024,33,6,42.0222,-82.669683,Bottom,7,NO3,ugl,257.59,FALSE,NA,226
8/13/2024,2024,33,7,41.99605,-82.7179,Surface,1,NO3,ugl,229.76,FALSE,NA,226
8/13/2024,2024,33,7,41.99605,-82.7179,Bottom,9,NO3,ugl,384.64,FALSE,NA,226
8/22/2024,2024,34,2,41.971783,-82.488083,Surface,1,NO3,ugl,230.29,FALSE,NA,235
8/22/2024,2024,34,2,41.971783,-82.488083,Bottom,10,NO3,ugl,229.36,FALSE,NA,235
8/22/2024,2024,34,4,41.8927,-82.525767,Surface,1,NO3,ugl,373.68,FALSE,NA,235
8/22/2024,2024,34,4,41.8927,-82.525767,Bottom,10,NO3,ugl,219.03,FALSE,NA,235
8/22/2024,2024,34,5,42.002583,-82.578633,Surface,1,NO3,ugl,190.93,FALSE,NA,235
8/22/2024,2024,34,5,42.002583,-82.578633,Bottom,7,NO3,ugl,200.72,FALSE,NA,235
8/22/2024,2024,34,6,42.0222,-82.669683,Surface,1,NO3,ugl,476.79,FALSE,NA,235
8/22/2024,2024,34,6,42.0222,-82.669683,Bottom,7,NO3,ugl,344.12,FALSE,NA,235
8/22/2024,2024,34,7,41.99605,-82.7179,Surface,1,NO3,ugl,349.52,FALSE,NA,235
8/22/2024,2024,34,7,41.99605,-82.7179,Bottom,9,NO3,ugl,327.85,FALSE,NA,235
9/3/2024,2024,36,5,42.002583,-82.578633,Surface,1,NO3,ugl,287.28,FALSE,NA,247
9/3/2024,2024,36,5,42.002583,-82.578633,Bottom,7,NO3,ugl,263.59,FALSE,NA,247
9/3/2024,2024,36,6,42.0222,-82.669683,Surface,1,NO3,ugl,268.44,FALSE,NA,247
9/3/2024,2024,36,6,42.0222,-82.669683,Bottom,7,NO3,ugl,268.6,FALSE,NA,247
9/3/2024,2024,36,7,41.99605,-82.7179,Surface,1,NO3,ugl,217.31,FALSE,NA,247
9/3/2024,2024,36,7,41.99605,-82.7179,Bottom,9,NO3,ugl,224.71,FALSE,NA,247
9/11/2024,2024,37,2,41.971783,-82.488083,Surface,1,NO3,ugl,137.63,FALSE,NA,255
9/11/2024,2024,37,2,41.971783,-82.488083,Bottom,10,NO3,ugl,202.42,FALSE,NA,255
9/11/2024,2024,37,4,41.8927,-82.525767,Surface,1,NO3,ugl,228.65,FALSE,NA,255
9/11/2024,2024,37,4,41.8927,-82.525767,Bottom,10,NO3,ugl,230.3,FALSE,NA,255
9/11/2024,2024,37,5,42.002583,-82.578633,Surface,1,NO3,ugl,228.68,FALSE,NA,255
9/11/2024,2024,37,5,42.002583,-82.578633,Bottom,7,NO3,ugl,230.05,FALSE,NA,255
9/11/2024,2024,37,6,42.0222,-82.669683,Surface,1,NO3,ugl,195.14,FALSE,NA,255
9/11/2024,2024,37,6,42.0222,-82.669683,Bottom,7,NO3,ugl,213.06,FALSE,NA,255
9/11/2024,2024,37,7,41.99605,-82.7179,Surface,1,NO3,ugl,195.3,FALSE,NA,255
9/11/2024,2024,37,7,41.99605,-82.7179,Bottom,9,NO3,ugl,213.66,FALSE,NA,255
10/1/2024,2024,40,2,41.971783,-82.488083,Surface,1,NO3,ugl,166.63,FALSE,NA,275
10/1/2024,2024,40,2,41.971783,-82.488083,Bottom,10,NO3,ugl,162,FALSE,NA,275
10/1/2024,2024,40,4,41.8927,-82.525767,Surface,1,NO3,ugl,185.81,FALSE,NA,275
10/1/2024,2024,40,4,41.8927,-82.525767,Bottom,10,NO3,ugl,172.29,FALSE,NA,275
10/1/2024,2024,40,5,42.002583,-82.578633,Surface,1,NO3,ugl,156.52,FALSE,NA,275
10/1/2024,2024,40,5,42.002583,-82.578633,Bottom,7,NO3,ugl,177.68,FALSE,NA,275
10/1/2024,2024,40,6,42.0222,-82.669683,Bottom,7,NO3,ugl,200.27,FALSE,NA,275
10/1/2024,2024,40,7,41.99605,-82.7179,Surface,1,NO3,ugl,229.59,FALSE,NA,275
10/1/2024,2024,40,7,41.99605,-82.7179,Bottom,9,NO3,ugl,193.83,FALSE,NA,275
5/30/2023,2023,22,2,41.913017,-82.73665,Surface,1,pH,pH,8.52,FALSE,NA,150
5/30/2023,2023,22,2,41.913017,-82.73665,Bottom,10.9,pH,pH,8.4,FALSE,NA,150
5/30/2023,2023,22,4,41.8927,-82.525767,Surface,1,pH,pH,8.81,FALSE,NA,150
5/30/2023,2023,22,4,41.8927,-82.525767,Bottom,9.8,pH,pH,8.65,FALSE,NA,150
5/30/2023,2023,22,5,42.002583,-82.578633,Surface,1,pH,pH,8.96,FALSE,NA,150
5/30/2023,2023,22,5,42.002583,-82.578633,Bottom,8.1,pH,pH,8.74,FALSE,NA,150
5/30/2023,2023,22,6,42.0222,-82.669683,Surface,1,pH,pH,8.63,FALSE,NA,150
5/30/2023,2023,22,6,42.0222,-82.669683,Bottom,7.9,pH,pH,8.7,FALSE,NA,150
5/30/2023,2023,22,7,41.99605,-82.7179,Surface,1,pH,pH,8.6,FALSE,NA,150
5/30/2023,2023,22,7,41.99605,-82.7179,Bottom,9.5,pH,pH,8.42,FALSE,NA,150
6/11/2023,2023,24,2,41.913017,-82.73665,Surface,1,pH,pH,8.72,FALSE,NA,162
6/11/2023,2023,24,2,41.913017,-82.73665,Bottom,11,pH,pH,8.47,FALSE,NA,162
6/11/2023,2023,24,5,42.002583,-82.578633,Surface,1,pH,pH,8.75,FALSE,NA,162
6/11/2023,2023,24,5,42.002583,-82.578633,Bottom,8,pH,pH,8.68,FALSE,NA,162
6/11/2023,2023,24,6,42.0222,-82.669683,Surface,1,pH,pH,8.7,FALSE,NA,162
6/11/2023,2023,24,6,42.0222,-82.669683,Bottom,8,pH,pH,8.6,FALSE,NA,162
6/11/2023,2023,24,7,41.99605,-82.7179,Surface,1,pH,pH,8.62,FALSE,NA,162
6/11/2023,2023,24,7,41.99605,-82.7179,Bottom,9.5,pH,pH,8.4,FALSE,NA,162
6/23/2023,2023,25,2,41.913017,-82.73665,Surface,1,pH,pH,8.63,FALSE,NA,174
6/23/2023,2023,25,2,41.913017,-82.73665,Bottom,10.5,pH,pH,8.61,FALSE,NA,174
6/23/2023,2023,25,4,41.8927,-82.525767,Surface,1,pH,pH,8.21,FALSE,NA,174
6/23/2023,2023,25,4,41.8927,-82.525767,Bottom,8.5,pH,pH,8.67,FALSE,NA,174
6/23/2023,2023,25,5,42.002583,-82.578633,Surface,1,pH,pH,8.83,FALSE,NA,174
6/23/2023,2023,25,5,42.002583,-82.578633,Bottom,7.5,pH,pH,8.79,FALSE,NA,174
6/23/2023,2023,25,6,42.0222,-82.669683,Surface,1,pH,pH,8.49,FALSE,NA,174
6/23/2023,2023,25,6,42.0222,-82.669683,Bottom,7,pH,pH,8.52,FALSE,NA,174
6/23/2023,2023,25,7,41.99605,-82.7179,Surface,1,pH,pH,8.6,FALSE,NA,174
6/23/2023,2023,25,7,41.99605,-82.7179,Bottom,9,pH,pH,8.62,FALSE,NA,174
7/10/2023,2023,28,2,41.913017,-82.73665,Surface,1,pH,pH,8.6,FALSE,NA,191
7/10/2023,2023,28,2,41.913017,-82.73665,Bottom,10.5,pH,pH,8.25,FALSE,NA,191
7/10/2023,2023,28,4,41.8927,-82.525767,Surface,1,pH,pH,8.59,FALSE,NA,191
7/10/2023,2023,28,4,41.8927,-82.525767,Bottom,8.5,pH,pH,8.6,FALSE,NA,191
7/10/2023,2023,28,5,42.002583,-82.578633,Surface,1,pH,pH,8.61,FALSE,NA,191
7/10/2023,2023,28,5,42.002583,-82.578633,Bottom,7.5,pH,pH,7.94,FALSE,NA,191
7/10/2023,2023,28,6,42.0222,-82.669683,Surface,1,pH,pH,8.55,FALSE,NA,191
7/10/2023,2023,28,6,42.0222,-82.669683,Bottom,7,pH,pH,7.83,FALSE,NA,191
7/10/2023,2023,28,7,41.99605,-82.7179,Surface,1,pH,pH,8.54,FALSE,NA,191
7/10/2023,2023,28,7,41.99605,-82.7179,Bottom,9,pH,pH,8.28,FALSE,NA,191
7/17/2023,2023,29,2,41.913017,-82.73665,Surface,1,pH,pH,8.48,FALSE,NA,198
7/17/2023,2023,29,2,41.913017,-82.73665,Bottom,10.5,pH,pH,8.37,FALSE,NA,198
7/17/2023,2023,29,4,41.8927,-82.525767,Surface,1,pH,pH,8.44,FALSE,NA,198
7/17/2023,2023,29,4,41.8927,-82.525767,Bottom,8.5,pH,pH,8.36,FALSE,NA,198
7/17/2023,2023,29,5,42.002583,-82.578633,Surface,1,pH,pH,8.51,FALSE,NA,198
7/17/2023,2023,29,5,42.002583,-82.578633,Bottom,7.5,pH,pH,8.34,FALSE,NA,198
7/17/2023,2023,29,6,42.0222,-82.669683,Surface,1,pH,pH,8.54,FALSE,NA,198
7/17/2023,2023,29,6,42.0222,-82.669683,Bottom,7,pH,pH,8.29,FALSE,NA,198
7/17/2023,2023,29,7,41.99605,-82.7179,Surface,1,pH,pH,8.59,FALSE,NA,198
7/17/2023,2023,29,7,41.99605,-82.7179,Bottom,9,pH,pH,8.47,FALSE,NA,198
7/25/2023,2023,30,2,41.913017,-82.73665,Surface,1,pH,pH,8.44,FALSE,NA,206
7/25/2023,2023,30,2,41.913017,-82.73665,Bottom,10.5,pH,pH,8.23,FALSE,NA,206
7/25/2023,2023,30,4,41.8927,-82.525767,Surface,1,pH,pH,8.6,FALSE,NA,206
7/25/2023,2023,30,4,41.8927,-82.525767,Bottom,8.5,pH,pH,8.01,FALSE,NA,206
7/25/2023,2023,30,5,42.002583,-82.578633,Surface,1,pH,pH,8.46,FALSE,NA,206
7/25/2023,2023,30,5,42.002583,-82.578633,Bottom,7.5,pH,pH,8.46,FALSE,NA,206
7/25/2023,2023,30,6,42.0222,-82.669683,Surface,1,pH,pH,8.6,FALSE,NA,206
7/25/2023,2023,30,6,42.0222,-82.669683,Bottom,7,pH,pH,8.32,FALSE,NA,206
7/25/2023,2023,30,7,41.99605,-82.7179,Surface,1,pH,pH,8.63,FALSE,NA,206
7/25/2023,2023,30,7,41.99605,-82.7179,Bottom,9,pH,pH,8.57,FALSE,NA,206
8/1/2023,2023,31,2,41.913017,-82.73665,Surface,1,pH,pH,8.36,FALSE,NA,213
8/1/2023,2023,31,2,41.913017,-82.73665,Bottom,10.5,pH,pH,8.33,FALSE,NA,213
8/1/2023,2023,31,4,41.8927,-82.525767,Surface,1,pH,pH,8.48,FALSE,NA,213
8/1/2023,2023,31,4,41.8927,-82.525767,Bottom,8.5,pH,pH,7.94,FALSE,NA,213
8/1/2023,2023,31,5,42.002583,-82.578633,Surface,1,pH,pH,8.56,FALSE,NA,213
8/1/2023,2023,31,5,42.002583,-82.578633,Bottom,7.5,pH,pH,7.66,FALSE,NA,213
8/1/2023,2023,31,6,42.0222,-82.669683,Surface,1,pH,pH,8.56,FALSE,NA,213
8/1/2023,2023,31,6,42.0222,-82.669683,Bottom,7,pH,pH,8.49,FALSE,NA,213
8/1/2023,2023,31,7,41.99605,-82.7179,Surface,1,pH,pH,8.54,FALSE,NA,213
8/1/2023,2023,31,7,41.99605,-82.7179,Bottom,9,pH,pH,8.5,FALSE,NA,213
8/16/2023,2023,33,2,41.913017,-82.73665,Surface,1,pH,pH,8.43,FALSE,NA,228
8/16/2023,2023,33,2,41.913017,-82.73665,Bottom,10.5,pH,pH,8.39,FALSE,NA,228
8/16/2023,2023,33,4,41.8927,-82.525767,Surface,1,pH,pH,8.27,FALSE,NA,228
8/16/2023,2023,33,4,41.8927,-82.525767,Bottom,8.6,pH,pH,8.1,FALSE,NA,228
8/16/2023,2023,33,5,42.002583,-82.578633,Surface,1,pH,pH,8.6,FALSE,NA,228
8/16/2023,2023,33,5,42.002583,-82.578633,Bottom,7.8,pH,pH,8.31,FALSE,NA,228
8/16/2023,2023,33,6,42.0222,-82.669683,Surface,1,pH,pH,8.54,FALSE,NA,228
8/16/2023,2023,33,6,42.0222,-82.669683,Bottom,7,pH,pH,8.51,FALSE,NA,228
8/16/2023,2023,33,7,41.99605,-82.7179,Surface,1,pH,pH,8.63,FALSE,NA,228
8/16/2023,2023,33,7,41.99605,-82.7179,Bottom,10,pH,pH,8.57,FALSE,NA,228
8/28/2023,2023,35,2,41.913017,-82.73665,Surface,1,pH,pH,8.5,FALSE,NA,240
8/28/2023,2023,35,2,41.913017,-82.73665,Bottom,10.5,pH,pH,8.44,FALSE,NA,240
8/28/2023,2023,35,4,41.8927,-82.525767,Surface,1,pH,pH,8.59,FALSE,NA,240
8/28/2023,2023,35,4,41.8927,-82.525767,Bottom,8.6,pH,pH,8.48,FALSE,NA,240
8/28/2023,2023,35,5,42.002583,-82.578633,Surface,1,pH,pH,8.55,FALSE,NA,240
8/28/2023,2023,35,5,42.002583,-82.578633,Bottom,7.8,pH,pH,8.51,FALSE,NA,240
8/28/2023,2023,35,6,42.0222,-82.669683,Surface,1,pH,pH,8.29,FALSE,NA,240
8/28/2023,2023,35,6,42.0222,-82.669683,Bottom,7,pH,pH,8.25,FALSE,NA,240
8/28/2023,2023,35,7,41.99605,-82.7179,Surface,1,pH,pH,8.52,FALSE,NA,240
8/28/2023,2023,35,7,41.99605,-82.7179,Bottom,9,pH,pH,8.5,FALSE,NA,240
9/15/2023,2023,37,2,41.913017,-82.73665,Surface,1,pH,pH,8.4,FALSE,NA,258
9/15/2023,2023,37,2,41.913017,-82.73665,Bottom,11,pH,pH,8.41,FALSE,NA,258
9/15/2023,2023,37,4,41.8927,-82.525767,Surface,1,pH,pH,8.55,FALSE,NA,258
9/15/2023,2023,37,4,41.8927,-82.525767,Bottom,9,pH,pH,8.56,FALSE,NA,258
9/15/2023,2023,37,5,42.002583,-82.578633,Surface,1,pH,pH,8.63,FALSE,NA,258
9/15/2023,2023,37,5,42.002583,-82.578633,Bottom,8,pH,pH,8.62,FALSE,NA,258
9/15/2023,2023,37,6,42.0222,-82.669683,Surface,1,pH,pH,8.52,FALSE,NA,258
9/15/2023,2023,37,6,42.0222,-82.669683,Bottom,7.5,pH,pH,8.52,FALSE,NA,258
9/15/2023,2023,37,7,41.99605,-82.7179,Surface,1,pH,pH,8.64,FALSE,NA,258
9/15/2023,2023,37,7,41.99605,-82.7179,Bottom,9,pH,pH,8.61,FALSE,NA,258
5/16/2024,2024,20,4,41.8927,-82.525767,Surface,1,pH,pH,8.29,FALSE,NA,137
5/16/2024,2024,20,4,41.8927,-82.525767,Bottom,10,pH,pH,8.08,FALSE,NA,137
5/23/2024,2024,21,6,42.0222,-82.669683,Surface,1,pH,pH,8.1,FALSE,NA,144
5/23/2024,2024,21,6,42.0222,-82.669683,Bottom,7,pH,pH,8.13,FALSE,NA,144
5/23/2024,2024,21,7,41.99605,-82.7179,Surface,1,pH,pH,8.24,FALSE,NA,144
5/23/2024,2024,21,7,41.99605,-82.7179,Bottom,9,pH,pH,8.19,FALSE,NA,144
5/31/2024,2024,22,2,41.971783,-82.488083,Surface,1,pH,pH,8.11,FALSE,NA,152
5/31/2024,2024,22,2,41.971783,-82.488083,Bottom,10,pH,pH,7.93,FALSE,NA,152
5/31/2024,2024,22,4,41.8927,-82.525767,Surface,1,pH,pH,8.32,FALSE,NA,152
5/31/2024,2024,22,4,41.8927,-82.525767,Bottom,10,pH,pH,8.02,FALSE,NA,152
5/31/2024,2024,22,5,42.002583,-82.578633,Surface,1,pH,pH,8.08,FALSE,NA,152
5/31/2024,2024,22,5,42.002583,-82.578633,Bottom,7,pH,pH,7.93,FALSE,NA,152
5/31/2024,2024,22,6,42.0222,-82.669683,Surface,1,pH,pH,8.02,FALSE,NA,152
5/31/2024,2024,22,6,42.0222,-82.669683,Bottom,7,pH,pH,7.93,FALSE,NA,152
5/31/2024,2024,22,7,41.99605,-82.7179,Surface,1,pH,pH,8.21,FALSE,NA,152
5/31/2024,2024,22,7,41.99605,-82.7179,Bottom,9,pH,pH,8,FALSE,NA,152
6/19/2024,2024,25,2,41.971783,-82.488083,Surface,1,pH,pH,8.23,FALSE,NA,171
6/19/2024,2024,25,2,41.971783,-82.488083,Bottom,10,pH,pH,8.06,FALSE,NA,171
6/19/2024,2024,25,4,41.8927,-82.525767,Surface,1,pH,pH,8.34,FALSE,NA,171
6/19/2024,2024,25,4,41.8927,-82.525767,Bottom,10,pH,pH,7.95,FALSE,NA,171
6/19/2024,2024,25,5,42.002583,-82.578633,Surface,1,pH,pH,8.54,FALSE,NA,171
6/19/2024,2024,25,5,42.002583,-82.578633,Bottom,7,pH,pH,8.49,FALSE,NA,171
6/19/2024,2024,25,6,42.0222,-82.669683,Surface,1,pH,pH,8.37,FALSE,NA,171
6/19/2024,2024,25,6,42.0222,-82.669683,Bottom,7,pH,pH,8.18,FALSE,NA,171
6/19/2024,2024,25,7,41.99605,-82.7179,Surface,1,pH,pH,8.25,FALSE,NA,171
6/19/2024,2024,25,7,41.99605,-82.7179,Bottom,9,pH,pH,7.99,FALSE,NA,171
7/4/2024,2024,27,2,41.971783,-82.488083,Surface,1,pH,pH,8.27,FALSE,NA,186
7/4/2024,2024,27,2,41.971783,-82.488083,Bottom,10,pH,pH,8.22,FALSE,NA,186
7/4/2024,2024,27,4,41.8927,-82.525767,Surface,1,pH,pH,8.28,FALSE,NA,186
7/4/2024,2024,27,4,41.8927,-82.525767,Bottom,10,pH,pH,7.97,FALSE,NA,186
7/4/2024,2024,27,5,42.002583,-82.578633,Surface,1,pH,pH,8.39,FALSE,NA,186
7/4/2024,2024,27,5,42.002583,-82.578633,Bottom,7,pH,pH,8.27,FALSE,NA,186
7/4/2024,2024,27,6,42.0222,-82.669683,Surface,1,pH,pH,8.24,FALSE,NA,186
7/4/2024,2024,27,6,42.0222,-82.669683,Bottom,7,pH,pH,8.2,FALSE,NA,186
7/4/2024,2024,27,7,41.99605,-82.7179,Surface,1,pH,pH,8.37,FALSE,NA,186
7/4/2024,2024,27,7,41.99605,-82.7179,Bottom,9,pH,pH,8.18,FALSE,NA,186
7/19/2024,2024,29,2,41.971783,-82.488083,Surface,1,pH,pH,8.37,FALSE,NA,201
7/19/2024,2024,29,2,41.971783,-82.488083,Bottom,10,pH,pH,8.21,FALSE,NA,201
7/19/2024,2024,29,4,41.8927,-82.525767,Surface,1,pH,pH,8.34,FALSE,NA,201
7/19/2024,2024,29,4,41.8927,-82.525767,Bottom,10,pH,pH,8.3,FALSE,NA,201
7/19/2024,2024,29,5,42.002583,-82.578633,Surface,1,pH,pH,8.22,FALSE,NA,201
7/19/2024,2024,29,5,42.002583,-82.578633,Bottom,7,pH,pH,7.67,FALSE,NA,201
7/19/2024,2024,29,6,42.0222,-82.669683,Surface,1,pH,pH,8.27,FALSE,NA,201
7/19/2024,2024,29,6,42.0222,-82.669683,Bottom,7,pH,pH,8.24,FALSE,NA,201
7/19/2024,2024,29,7,41.99605,-82.7179,Surface,1,pH,pH,8.36,FALSE,NA,201
7/19/2024,2024,29,7,41.99605,-82.7179,Bottom,9,pH,pH,8.33,FALSE,NA,201
8/4/2024,2024,32,2,41.971783,-82.488083,Surface,1,pH,pH,8.54,FALSE,NA,217
8/4/2024,2024,32,2,41.971783,-82.488083,Bottom,10,pH,pH,8.41,FALSE,NA,217
8/4/2024,2024,32,4,41.8927,-82.525767,Surface,1,pH,pH,8.44,FALSE,NA,217
8/4/2024,2024,32,4,41.8927,-82.525767,Bottom,10,pH,pH,8.32,FALSE,NA,217
8/4/2024,2024,32,5,42.002583,-82.578633,Surface,1,pH,pH,8.54,FALSE,NA,217
8/4/2024,2024,32,5,42.002583,-82.578633,Bottom,7,pH,pH,7.68,FALSE,NA,217
8/4/2024,2024,32,6,42.0222,-82.669683,Surface,1,pH,pH,8.59,FALSE,NA,217
8/4/2024,2024,32,6,42.0222,-82.669683,Bottom,7,pH,pH,8.15,FALSE,NA,217
8/4/2024,2024,32,7,41.99605,-82.7179,Surface,1,pH,pH,8.54,FALSE,NA,217
8/4/2024,2024,32,7,41.99605,-82.7179,Bottom,9,pH,pH,8.4,FALSE,NA,217
8/13/2024,2024,33,2,41.971783,-82.488083,Surface,1,pH,pH,8.58,FALSE,NA,226
8/13/2024,2024,33,2,41.971783,-82.488083,Bottom,10,pH,pH,8.35,FALSE,NA,226
8/13/2024,2024,33,4,41.8927,-82.525767,Surface,1,pH,pH,8.49,FALSE,NA,226
8/13/2024,2024,33,4,41.8927,-82.525767,Bottom,10,pH,pH,8.24,FALSE,NA,226
8/13/2024,2024,33,5,42.002583,-82.578633,Surface,1,pH,pH,8.68,FALSE,NA,226
8/13/2024,2024,33,5,42.002583,-82.578633,Bottom,7,pH,pH,8.59,FALSE,NA,226
8/13/2024,2024,33,6,42.0222,-82.669683,Surface,1,pH,pH,8.53,FALSE,NA,226
8/13/2024,2024,33,6,42.0222,-82.669683,Bottom,7,pH,pH,8.41,FALSE,NA,226
8/13/2024,2024,33,7,41.99605,-82.7179,Surface,1,pH,pH,8.57,FALSE,NA,226
8/13/2024,2024,33,7,41.99605,-82.7179,Bottom,9,pH,pH,8.38,FALSE,NA,226
8/22/2024,2024,34,2,41.971783,-82.488083,Surface,1,pH,pH,8.69,FALSE,NA,235
8/22/2024,2024,34,2,41.971783,-82.488083,Bottom,10,pH,pH,8.63,FALSE,NA,235
8/22/2024,2024,34,4,41.8927,-82.525767,Surface,1,pH,pH,8.75,FALSE,NA,235
8/22/2024,2024,34,4,41.8927,-82.525767,Bottom,10,pH,pH,8.67,FALSE,NA,235
8/22/2024,2024,34,5,42.002583,-82.578633,Surface,1,pH,pH,8.82,FALSE,NA,235
8/22/2024,2024,34,5,42.002583,-82.578633,Bottom,7,pH,pH,8.75,FALSE,NA,235
8/22/2024,2024,34,6,42.0222,-82.669683,Surface,1,pH,pH,8.65,FALSE,NA,235
8/22/2024,2024,34,6,42.0222,-82.669683,Bottom,7,pH,pH,8.63,FALSE,NA,235
8/22/2024,2024,34,7,41.99605,-82.7179,Surface,1,pH,pH,8.59,FALSE,NA,235
8/22/2024,2024,34,7,41.99605,-82.7179,Bottom,9,pH,pH,8.54,FALSE,NA,235
9/3/2024,2024,36,5,42.002583,-82.578633,Surface,1,pH,pH,8.55,FALSE,NA,247
9/3/2024,2024,36,5,42.002583,-82.578633,Bottom,7,pH,pH,8.55,FALSE,NA,247
9/3/2024,2024,36,6,42.0222,-82.669683,Surface,1,pH,pH,8.49,FALSE,NA,247
9/3/2024,2024,36,6,42.0222,-82.669683,Bottom,7,pH,pH,8.48,FALSE,NA,247
9/3/2024,2024,36,7,41.99605,-82.7179,Surface,1,pH,pH,8.41,FALSE,NA,247
9/3/2024,2024,36,7,41.99605,-82.7179,Bottom,9,pH,pH,8.38,FALSE,NA,247
9/11/2024,2024,37,2,41.971783,-82.488083,Surface,1,pH,pH,8.42,FALSE,NA,255
9/11/2024,2024,37,2,41.971783,-82.488083,Bottom,10,pH,pH,8.17,FALSE,NA,255
9/11/2024,2024,37,4,41.8927,-82.525767,Surface,1,pH,pH,8.52,FALSE,NA,255
9/11/2024,2024,37,4,41.8927,-82.525767,Bottom,10,pH,pH,8.37,FALSE,NA,255
9/11/2024,2024,37,5,42.002583,-82.578633,Surface,1,pH,pH,8.73,FALSE,NA,255
9/11/2024,2024,37,5,42.002583,-82.578633,Bottom,7,pH,pH,8.41,FALSE,NA,255
9/11/2024,2024,37,6,42.0222,-82.669683,Surface,1,pH,pH,8.41,FALSE,NA,255
9/11/2024,2024,37,6,42.0222,-82.669683,Bottom,7,pH,pH,8.26,FALSE,NA,255
9/11/2024,2024,37,7,41.99605,-82.7179,Surface,1,pH,pH,8.38,FALSE,NA,255
9/11/2024,2024,37,7,41.99605,-82.7179,Bottom,9,pH,pH,8.15,FALSE,NA,255
10/1/2024,2024,40,2,41.971783,-82.488083,Surface,1,pH,pH,8.25,FALSE,NA,275
10/1/2024,2024,40,2,41.971783,-82.488083,Bottom,10,pH,pH,8.24,FALSE,NA,275
10/1/2024,2024,40,4,41.8927,-82.525767,Surface,1,pH,pH,8.28,FALSE,NA,275
10/1/2024,2024,40,4,41.8927,-82.525767,Bottom,10,pH,pH,8.26,FALSE,NA,275
10/1/2024,2024,40,5,42.002583,-82.578633,Surface,1,pH,pH,8.37,FALSE,NA,275
10/1/2024,2024,40,5,42.002583,-82.578633,Bottom,7,pH,pH,8.34,FALSE,NA,275
10/1/2024,2024,40,6,42.0222,-82.669683,Surface,1,pH,pH,8.36,FALSE,NA,275
10/1/2024,2024,40,6,42.0222,-82.669683,Bottom,7,pH,pH,8.35,FALSE,NA,275
10/1/2024,2024,40,7,41.99605,-82.7179,Surface,1,pH,pH,8.21,FALSE,NA,275
10/1/2024,2024,40,7,41.99605,-82.7179,Bottom,9,pH,pH,8.2,FALSE,NA,275
8/9/2022,2022,33,2,41.913017,-82.7367,Surface,1,PP,ugL,24.98,FALSE,NA,221
8/9/2022,2022,33,2,41.913017,-82.7367,Bottom,11,PP,ugL,30.69,FALSE,NA,221
8/9/2022,2022,33,4,41.8927,-82.5258,Surface,1,PP,ugL,17.66,FALSE,NA,221
8/9/2022,2022,33,4,41.8927,-82.5258,Bottom,8,PP,ugL,27.02,FALSE,NA,221
8/9/2022,2022,33,5,42.002583,-82.5786,Surface,1,PP,ugL,53.36,FALSE,NA,221
8/9/2022,2022,33,5,42.002583,-82.5786,Bottom,8.5,PP,ugL,39.22,FALSE,NA,221
8/9/2022,2022,33,6,42.0222,-82.6697,Surface,1,PP,ugL,39.72,FALSE,NA,221
8/9/2022,2022,33,6,42.0222,-82.6697,Bottom,8,PP,ugL,42.29,FALSE,NA,221
8/9/2022,2022,33,7,41.99605,-82.7179,Surface,1,PP,ugL,27.13,FALSE,NA,221
8/9/2022,2022,33,7,41.99605,-82.7179,Bottom,9.5,PP,ugL,57.97,FALSE,NA,221
8/17/2022,2022,34,2,41.913017,-82.7367,Surface,1,PP,ugL,38.08,FALSE,NA,229
8/17/2022,2022,34,2,41.913017,-82.7367,Bottom,11,PP,ugL,45.13,FALSE,NA,229
8/17/2022,2022,34,4,41.8927,-82.5258,Surface,1,PP,ugL,30.68,FALSE,NA,229
8/17/2022,2022,34,4,41.8927,-82.5258,Bottom,8,PP,ugL,30.95,FALSE,NA,229
8/17/2022,2022,34,5,42.002583,-82.5786,Surface,1,PP,ugL,33.15,FALSE,NA,229
8/17/2022,2022,34,5,42.002583,-82.5786,Bottom,8.5,PP,ugL,34.87,FALSE,NA,229
8/17/2022,2022,34,6,42.0222,-82.6697,Surface,1,PP,ugL,33.1,FALSE,NA,229
8/17/2022,2022,34,6,42.0222,-82.6697,Bottom,8,PP,ugL,33.44,FALSE,NA,229
8/17/2022,2022,34,7,41.99605,-82.7179,Surface,1,PP,ugL,25.49,FALSE,NA,229
8/17/2022,2022,34,7,41.99605,-82.7179,Bottom,9.5,PP,ugL,31.72,FALSE,NA,229
8/23/2022,2022,35,2,41.913017,-82.7367,Surface,1,PP,ugL,26.22,FALSE,NA,235
8/23/2022,2022,35,2,41.913017,-82.7367,Bottom,11,PP,ugL,33.02,FALSE,NA,235
8/23/2022,2022,35,4,41.8927,-82.5258,Surface,1,PP,ugL,26.57,FALSE,NA,235
8/23/2022,2022,35,4,41.8927,-82.5258,Bottom,8,PP,ugL,32.12,FALSE,NA,235
8/23/2022,2022,35,5,42.002583,-82.5786,Surface,1,PP,ugL,33.06,FALSE,NA,235
8/23/2022,2022,35,5,42.002583,-82.5786,Bottom,8.5,PP,ugL,79.78,TRUE,NA,235
8/23/2022,2022,35,6,42.0222,-82.6697,Surface,1,PP,ugL,28.72,FALSE,NA,235
8/23/2022,2022,35,6,42.0222,-82.6697,Bottom,8,PP,ugL,31.91,FALSE,NA,235
8/23/2022,2022,35,7,41.99605,-82.7179,Surface,1,PP,ugL,31.01,FALSE,NA,235
8/23/2022,2022,35,7,41.99605,-82.7179,Bottom,9.5,PP,ugL,37.75,FALSE,NA,235
9/1/2022,2022,36,2,41.913017,-82.7367,Surface,1,PP,ugL,42.83,FALSE,NA,244
9/1/2022,2022,36,2,41.913017,-82.7367,Bottom,11,PP,ugL,63.96,FALSE,NA,244
9/1/2022,2022,36,4,41.8927,-82.5258,Surface,1,PP,ugL,38.36,FALSE,NA,244
9/1/2022,2022,36,4,41.8927,-82.5258,Bottom,8,PP,ugL,45.07,TRUE,NA,244
9/1/2022,2022,36,5,42.002583,-82.5786,Surface,1,PP,ugL,58.57,FALSE,NA,244
9/1/2022,2022,36,5,42.002583,-82.5786,Bottom,8.5,PP,ugL,67.78,FALSE,NA,244
9/1/2022,2022,36,6,42.0222,-82.6697,Surface,1,PP,ugL,41.18,FALSE,NA,244
9/1/2022,2022,36,6,42.0222,-82.6697,Bottom,8,PP,ugL,45.65,FALSE,NA,244
9/1/2022,2022,36,7,41.99605,-82.7179,Surface,1,PP,ugL,46.97,FALSE,NA,244
9/1/2022,2022,36,7,41.99605,-82.7179,Bottom,9.5,PP,ugL,47.54,FALSE,NA,244
9/6/2022,2022,37,2,41.913017,-82.7367,Surface,1,PP,ugL,32.93,FALSE,NA,249
9/6/2022,2022,37,2,41.913017,-82.7367,Bottom,11,PP,ugL,21.23,TRUE,NA,249
9/6/2022,2022,37,4,41.8927,-82.5258,Surface,1,PP,ugL,30.45,TRUE,NA,249
9/6/2022,2022,37,4,41.8927,-82.5258,Bottom,8,PP,ugL,42.54,FALSE,NA,249
9/6/2022,2022,37,5,42.002583,-82.5786,Surface,1,PP,ugL,35.06,FALSE,NA,249
9/6/2022,2022,37,5,42.002583,-82.5786,Bottom,8.5,PP,ugL,58.76,FALSE,NA,249
9/6/2022,2022,37,6,42.0222,-82.6697,Surface,1,PP,ugL,54.57,TRUE,NA,249
9/6/2022,2022,37,6,42.0222,-82.6697,Bottom,8,PP,ugL,37.26,TRUE,NA,249
9/6/2022,2022,37,7,41.99605,-82.7179,Surface,1,PP,ugL,27.35,FALSE,NA,249
9/6/2022,2022,37,7,41.99605,-82.7179,Bottom,9.5,PP,ugL,32.95,TRUE,NA,249
9/23/2022,2022,39,2,41.913017,-82.7367,Bottom,11,PP,ugL,0,FALSE,NA,266
9/23/2022,2022,39,4,41.8927,-82.5258,Surface,1,PP,ugL,0,FALSE,NA,266
9/23/2022,2022,39,4,41.8927,-82.5258,Bottom,8,PP,ugL,0,FALSE,NA,266
9/23/2022,2022,39,5,42.002583,-82.5786,Surface,1,PP,ugL,0,FALSE,NA,266
9/23/2022,2022,39,5,42.002583,-82.5786,Bottom,8.5,PP,ugL,0,FALSE,NA,266
9/23/2022,2022,39,6,42.0222,-82.6697,Surface,1,PP,ugL,0,FALSE,NA,266
9/23/2022,2022,39,6,42.0222,-82.6697,Bottom,8,PP,ugL,0,FALSE,NA,266
9/23/2022,2022,39,7,41.99605,-82.7179,Surface,1,PP,ugL,0,FALSE,NA,266
9/23/2022,2022,39,7,41.99605,-82.7179,Bottom,9.5,PP,ugL,0,FALSE,NA,266
5/18/2023,2023,20,4,41.8927,-82.525767,Surface,1,PP,ugL,5.84,FALSE,NA,138
5/18/2023,2023,20,5,42.002583,-82.578633,Surface,1,PP,ugL,7.41,FALSE,NA,138
5/30/2023,2023,22,2,41.913017,-82.73665,Surface,1,PP,ugL,7.01,FALSE,NA,150
5/30/2023,2023,22,2,41.913017,-82.73665,Bottom,10.9,PP,ugL,12.17,FALSE,NA,150
5/30/2023,2023,22,4,41.8927,-82.525767,Surface,1,PP,ugL,5.37,FALSE,NA,150
5/30/2023,2023,22,4,41.8927,-82.525767,Bottom,9.8,PP,ugL,6.31,FALSE,NA,150
5/30/2023,2023,22,5,42.002583,-82.578633,Surface,1,PP,ugL,5.14,FALSE,NA,150
5/30/2023,2023,22,5,42.002583,-82.578633,Bottom,8.1,PP,ugL,9.24,FALSE,NA,150
5/30/2023,2023,22,6,42.0222,-82.669683,Surface,1,PP,ugL,6.65,FALSE,NA,150
5/30/2023,2023,22,6,42.0222,-82.669683,Bottom,7.9,PP,ugL,11.58,FALSE,NA,150
5/30/2023,2023,22,7,41.99605,-82.7179,Surface,1,PP,ugL,7.02,FALSE,NA,150
5/30/2023,2023,22,7,41.99605,-82.7179,Bottom,9.5,PP,ugL,9.62,FALSE,NA,150
6/11/2023,2023,24,2,41.913017,-82.73665,Surface,1,PP,ugL,8.29,FALSE,NA,162
6/11/2023,2023,24,2,41.913017,-82.73665,Bottom,10.9,PP,ugL,9.77,FALSE,NA,162
6/11/2023,2023,24,5,42.002583,-82.578633,Surface,1,PP,ugL,8.51,FALSE,NA,162
6/11/2023,2023,24,5,42.002583,-82.578633,Bottom,8.1,PP,ugL,9.39,FALSE,NA,162
6/11/2023,2023,24,6,42.0222,-82.669683,Surface,1,PP,ugL,8.6,FALSE,NA,162
6/11/2023,2023,24,6,42.0222,-82.669683,Bottom,7.9,PP,ugL,8.7,FALSE,NA,162
6/11/2023,2023,24,7,41.99605,-82.7179,Surface,1,PP,ugL,6.96,FALSE,NA,162
6/11/2023,2023,24,7,41.99605,-82.7179,Bottom,9.5,PP,ugL,9.57,FALSE,NA,162
6/23/2023,2023,25,2,41.913017,-82.73665,Surface,1,PP,ugL,26.24,TRUE,NA,174
6/23/2023,2023,25,2,41.913017,-82.73665,Bottom,10.9,PP,ugL,24.48,TRUE,NA,174
6/23/2023,2023,25,4,41.8927,-82.525767,Surface,1,PP,ugL,23.66,TRUE,NA,174
6/23/2023,2023,25,4,41.8927,-82.525767,Bottom,9.8,PP,ugL,38.23,TRUE,NA,174
6/23/2023,2023,25,5,42.002583,-82.578633,Surface,1,PP,ugL,20.41,TRUE,NA,174
6/23/2023,2023,25,5,42.002583,-82.578633,Bottom,8.1,PP,ugL,44.9,TRUE,NA,174
6/23/2023,2023,25,6,42.0222,-82.669683,Surface,1,PP,ugL,18.49,TRUE,NA,174
6/23/2023,2023,25,7,41.99605,-82.7179,Surface,1,PP,ugL,20.83,TRUE,NA,174
6/23/2023,2023,25,7,41.99605,-82.7179,Bottom,9.5,PP,ugL,29.09,TRUE,NA,174
7/10/2023,2023,28,2,41.913017,-82.73665,Surface,1,PP,ugL,17.94,TRUE,NA,191
7/10/2023,2023,28,2,41.913017,-82.73665,Bottom,10.9,PP,ugL,28.84,TRUE,NA,191
7/10/2023,2023,28,4,41.8927,-82.525767,Surface,1,PP,ugL,24.47,TRUE,NA,191
7/10/2023,2023,28,4,41.8927,-82.525767,Bottom,9.8,PP,ugL,26.3,TRUE,NA,191
7/10/2023,2023,28,5,42.002583,-82.578633,Surface,1,PP,ugL,26.8,TRUE,NA,191
7/10/2023,2023,28,5,42.002583,-82.578633,Bottom,8.1,PP,ugL,42.78,TRUE,NA,191
7/10/2023,2023,28,6,42.0222,-82.669683,Surface,1,PP,ugL,22.51,TRUE,NA,191
7/10/2023,2023,28,6,42.0222,-82.669683,Bottom,7.9,PP,ugL,24.4,TRUE,NA,191
7/10/2023,2023,28,7,41.99605,-82.7179,Surface,1,PP,ugL,22.52,TRUE,NA,191
7/10/2023,2023,28,7,41.99605,-82.7179,Bottom,9.5,PP,ugL,23.59,TRUE,NA,191
7/19/2023,2023,29,2,41.913017,-82.73665,Surface,1,PP,ugL,32.08,TRUE,NA,200
7/19/2023,2023,29,2,41.913017,-82.73665,Bottom,10.9,PP,ugL,31.21,TRUE,NA,200
7/19/2023,2023,29,4,41.8927,-82.525767,Surface,1,PP,ugL,24.74,TRUE,NA,200
7/19/2023,2023,29,4,41.8927,-82.525767,Bottom,9.8,PP,ugL,29.5,TRUE,NA,200
7/19/2023,2023,29,5,42.002583,-82.578633,Surface,1,PP,ugL,30.86,TRUE,NA,200
7/19/2023,2023,29,5,42.002583,-82.578633,Bottom,8.1,PP,ugL,36.35,TRUE,NA,200
7/19/2023,2023,29,6,42.0222,-82.669683,Surface,1,PP,ugL,26.27,TRUE,NA,200
7/19/2023,2023,29,6,42.0222,-82.669683,Bottom,7.9,PP,ugL,56.8,TRUE,NA,200
7/19/2023,2023,29,7,41.99605,-82.7179,Surface,1,PP,ugL,31.78,TRUE,NA,200
7/19/2023,2023,29,7,41.99605,-82.7179,Bottom,9.5,PP,ugL,29.33,TRUE,NA,200
7/25/2023,2023,30,2,41.913017,-82.73665,Surface,1,PP,ugL,28.32,TRUE,NA,206
7/25/2023,2023,30,2,41.913017,-82.73665,Bottom,10.9,PP,ugL,30.81,TRUE,NA,206
7/25/2023,2023,30,4,41.8927,-82.525767,Surface,1,PP,ugL,24.67,TRUE,NA,206
7/25/2023,2023,30,4,41.8927,-82.525767,Bottom,9.8,PP,ugL,20.67,TRUE,NA,206
7/25/2023,2023,30,5,42.002583,-82.578633,Surface,1,PP,ugL,25.04,TRUE,NA,206
7/25/2023,2023,30,5,42.002583,-82.578633,Bottom,8.1,PP,ugL,30.59,TRUE,NA,206
7/25/2023,2023,30,6,42.0222,-82.669683,Surface,1,PP,ugL,8.57,FALSE,NA,206
7/25/2023,2023,30,7,41.99605,-82.7179,Surface,1,PP,ugL,8.73,FALSE,NA,206
7/25/2023,2023,30,7,41.99605,-82.7179,Bottom,9.5,PP,ugL,12.38,FALSE,NA,206
8/1/2023,2023,31,2,41.913017,-82.73665,Surface,1,PP,ugL,33.3,TRUE,NA,213
8/1/2023,2023,31,2,41.913017,-82.73665,Bottom,10.9,PP,ugL,33.63,TRUE,NA,213
8/1/2023,2023,31,4,41.8927,-82.525767,Surface,1,PP,ugL,28.03,TRUE,NA,213
8/1/2023,2023,31,4,41.8927,-82.525767,Bottom,9.8,PP,ugL,49.72,TRUE,NA,213
8/1/2023,2023,31,5,42.002583,-82.578633,Surface,1,PP,ugL,30.76,TRUE,NA,213
8/1/2023,2023,31,5,42.002583,-82.578633,Bottom,8.1,PP,ugL,43.77,TRUE,NA,213
8/1/2023,2023,31,6,42.0222,-82.669683,Surface,1,PP,ugL,32.27,TRUE,NA,213
8/1/2023,2023,31,6,42.0222,-82.669683,Bottom,7.9,PP,ugL,37.9,TRUE,NA,213
8/1/2023,2023,31,7,41.99605,-82.7179,Surface,1,PP,ugL,32.8,TRUE,NA,213
8/1/2023,2023,31,7,41.99605,-82.7179,Bottom,9.5,PP,ugL,39.79,TRUE,NA,213
8/16/2023,2023,33,2,41.913017,-82.73665,Surface,1,PP,ugL,33.24,TRUE,NA,228
8/16/2023,2023,33,2,41.913017,-82.73665,Bottom,10.9,PP,ugL,41.88,TRUE,NA,228
8/16/2023,2023,33,4,41.8927,-82.525767,Surface,1,PP,ugL,24.54,TRUE,NA,228
8/16/2023,2023,33,4,41.8927,-82.525767,Bottom,9.8,PP,ugL,59.32,TRUE,NA,228
8/16/2023,2023,33,5,42.002583,-82.578633,Surface,1,PP,ugL,54.76,TRUE,NA,228
8/16/2023,2023,33,5,42.002583,-82.578633,Bottom,8.1,PP,ugL,56.34,TRUE,NA,228
8/16/2023,2023,33,6,42.0222,-82.669683,Surface,1,PP,ugL,38.37,TRUE,NA,228
8/16/2023,2023,33,6,42.0222,-82.669683,Bottom,7.9,PP,ugL,48.4,TRUE,NA,228
8/16/2023,2023,33,7,41.99605,-82.7179,Surface,1,PP,ugL,47.28,TRUE,NA,228
8/16/2023,2023,33,7,41.99605,-82.7179,Bottom,9.5,PP,ugL,55.85,TRUE,NA,228
8/28/2023,2023,35,2,41.913017,-82.73665,Surface,1,PP,ugL,11.04,FALSE,NA,240
8/28/2023,2023,35,2,41.913017,-82.73665,Bottom,10.9,PP,ugL,14.22,FALSE,NA,240
8/28/2023,2023,35,4,41.8927,-82.525767,Surface,1,PP,ugL,15.86,FALSE,NA,240
8/28/2023,2023,35,4,41.8927,-82.525767,Bottom,9.8,PP,ugL,22.1,FALSE,NA,240
8/28/2023,2023,35,5,42.002583,-82.578633,Surface,1,PP,ugL,24.29,FALSE,NA,240
8/28/2023,2023,35,5,42.002583,-82.578633,Bottom,8.1,PP,ugL,25.97,FALSE,NA,240
8/28/2023,2023,35,6,42.0222,-82.669683,Surface,1,PP,ugL,22.61,FALSE,NA,240
8/28/2023,2023,35,6,42.0222,-82.669683,Bottom,7.9,PP,ugL,24.68,FALSE,NA,240
8/28/2023,2023,35,7,41.99605,-82.7179,Surface,1,PP,ugL,11.48,FALSE,NA,240
8/28/2023,2023,35,7,41.99605,-82.7179,Bottom,9.5,PP,ugL,17.48,FALSE,NA,240
9/15/2023,2023,37,2,41.913017,-82.73665,Surface,1,PP,ugL,12.67,FALSE,NA,258
9/15/2023,2023,37,2,41.913017,-82.73665,Bottom,10.9,PP,ugL,14.77,FALSE,NA,258
9/15/2023,2023,37,4,41.8927,-82.525767,Surface,1,PP,ugL,12.56,TRUE,NA,258
9/15/2023,2023,37,4,41.8927,-82.525767,Bottom,9.8,PP,ugL,15.02,FALSE,NA,258
9/15/2023,2023,37,5,42.002583,-82.578633,Surface,1,PP,ugL,14.72,FALSE,NA,258
9/15/2023,2023,37,5,42.002583,-82.578633,Bottom,8.1,PP,ugL,20.9,FALSE,NA,258
9/15/2023,2023,37,6,42.0222,-82.669683,Surface,1,PP,ugL,13.11,TRUE,NA,258
9/15/2023,2023,37,6,42.0222,-82.669683,Bottom,7.9,PP,ugL,16.44,FALSE,NA,258
9/15/2023,2023,37,7,41.99605,-82.7179,Surface,1,PP,ugL,14.57,FALSE,NA,258
9/15/2023,2023,37,7,41.99605,-82.7179,Bottom,9.5,PP,ugL,18.13,FALSE,NA,258
9/23/2023,2023,38,2,41.913017,-82.73665,Surface,1,PP,ugL,10.66,FALSE,NA,266
9/23/2023,2023,38,2,41.913017,-82.73665,Bottom,10.9,PP,ugL,14.81,TRUE,NA,266
9/23/2023,2023,38,4,41.8927,-82.525767,Surface,1,PP,ugL,12.29,TRUE,NA,266
9/23/2023,2023,38,4,41.8927,-82.525767,Bottom,9.8,PP,ugL,49.7,FALSE,NA,266
9/23/2023,2023,38,5,42.002583,-82.578633,Surface,1,PP,ugL,12.07,TRUE,NA,266
9/23/2023,2023,38,5,42.002583,-82.578633,Bottom,8.1,PP,ugL,18.31,FALSE,NA,266
9/23/2023,2023,38,6,42.0222,-82.669683,Surface,1,PP,ugL,11.48,FALSE,NA,266
9/23/2023,2023,38,6,42.0222,-82.669683,Bottom,7.9,PP,ugL,15.77,FALSE,NA,266
9/23/2023,2023,38,7,41.99605,-82.7179,Surface,1,PP,ugL,10.86,TRUE,NA,266
9/23/2023,2023,38,7,41.99605,-82.7179,Bottom,9.5,PP,ugL,15.65,FALSE,NA,266
10/3/2023,2023,40,2,41.913017,-82.73665,Surface,1,PP,ugL,14.2,TRUE,NA,276
10/3/2023,2023,40,2,41.913017,-82.73665,Bottom,10.9,PP,ugL,10.74,FALSE,NA,276
10/3/2023,2023,40,4,41.8927,-82.525767,Surface,1,PP,ugL,13.21,FALSE,NA,276
10/3/2023,2023,40,4,41.8927,-82.525767,Bottom,9.8,PP,ugL,15.01,FALSE,NA,276
10/3/2023,2023,40,5,42.002583,-82.578633,Surface,1,PP,ugL,13.01,TRUE,NA,276
10/3/2023,2023,40,5,42.002583,-82.578633,Bottom,8.1,PP,ugL,15.11,TRUE,NA,276
10/3/2023,2023,40,6,42.0222,-82.669683,Surface,1,PP,ugL,10.99,TRUE,NA,276
10/3/2023,2023,40,7,41.99605,-82.7179,Surface,1,PP,ugL,12.36,TRUE,NA,276
10/3/2023,2023,40,7,41.99605,-82.7179,Bottom,9.5,PP,ugL,12.86,FALSE,NA,276
5/31/2024,2024,22,2,41.971783,-82.488083,Surface,1,PP,ugL,8.48,TRUE,NA,152
5/31/2024,2024,22,2,41.971783,-82.488083,Bottom,10,PP,ugL,12.7,TRUE,NA,152
5/31/2024,2024,22,4,41.8927,-82.525767,Surface,1,PP,ugL,14.09,FALSE,NA,152
5/31/2024,2024,22,4,41.8927,-82.525767,Bottom,10,PP,ugL,12.3,FALSE,NA,152
5/31/2024,2024,22,5,42.002583,-82.578633,Surface,1,PP,ugL,10.93,FALSE,NA,152
5/31/2024,2024,22,5,42.002583,-82.578633,Bottom,7,PP,ugL,14.69,FALSE,NA,152
5/31/2024,2024,22,6,42.0222,-82.669683,Surface,1,PP,ugL,12.22,TRUE,NA,152
5/31/2024,2024,22,6,42.0222,-82.669683,Bottom,7,PP,ugL,11.98,TRUE,NA,152
5/31/2024,2024,22,7,41.99605,-82.7179,Surface,1,PP,ugL,13.62,TRUE,NA,152
5/31/2024,2024,22,7,41.99605,-82.7179,Bottom,9,PP,ugL,13.16,FALSE,NA,152
6/19/2024,2024,25,2,41.971783,-82.488083,Surface,1,PP,ugL,8.2,TRUE,NA,171
6/19/2024,2024,25,2,41.971783,-82.488083,Bottom,10,PP,ugL,11.57,TRUE,NA,171
6/19/2024,2024,25,4,41.8927,-82.525767,Surface,1,PP,ugL,11.92,TRUE,NA,171
6/19/2024,2024,25,4,41.8927,-82.525767,Bottom,10,PP,ugL,11.63,FALSE,NA,171
6/19/2024,2024,25,5,42.002583,-82.578633,Surface,1,PP,ugL,12.93,TRUE,NA,171
6/19/2024,2024,25,5,42.002583,-82.578633,Bottom,7,PP,ugL,12.42,TRUE,NA,171
6/19/2024,2024,25,6,42.0222,-82.669683,Bottom,7,PP,ugL,10.69,FALSE,NA,171
6/19/2024,2024,25,7,41.99605,-82.7179,Surface,1,PP,ugL,9.64,TRUE,NA,171
6/19/2024,2024,25,7,41.99605,-82.7179,Bottom,9,PP,ugL,10.8,TRUE,NA,171
7/4/2024,2024,27,2,41.971783,-82.488083,Surface,1,PP,ugL,8.69,TRUE,NA,186
7/4/2024,2024,27,2,41.971783,-82.488083,Bottom,10,PP,ugL,11.02,FALSE,NA,186
7/4/2024,2024,27,4,41.8927,-82.525767,Surface,1,PP,ugL,10.56,FALSE,NA,186
7/4/2024,2024,27,4,41.8927,-82.525767,Bottom,10,PP,ugL,10.31,FALSE,NA,186
7/4/2024,2024,27,5,42.002583,-82.578633,Surface,1,PP,ugL,15.01,FALSE,NA,186
7/4/2024,2024,27,5,42.002583,-82.578633,Bottom,7,PP,ugL,14.1,FALSE,NA,186
7/4/2024,2024,27,6,42.0222,-82.669683,Surface,1,PP,ugL,11.28,FALSE,NA,186
7/4/2024,2024,27,6,42.0222,-82.669683,Bottom,7,PP,ugL,13.44,FALSE,NA,186
7/4/2024,2024,27,7,41.99605,-82.7179,Surface,1,PP,ugL,9.38,FALSE,NA,186
7/4/2024,2024,27,7,41.99605,-82.7179,Bottom,9,PP,ugL,14.29,FALSE,NA,186
7/19/2024,2024,29,2,41.971783,-82.488083,Surface,1,PP,ugL,10.47,TRUE,NA,201
7/19/2024,2024,29,2,41.971783,-82.488083,Bottom,10,PP,ugL,12.79,TRUE,NA,201
7/19/2024,2024,29,4,41.8927,-82.525767,Surface,1,PP,ugL,11.56,TRUE,NA,201
7/19/2024,2024,29,4,41.8927,-82.525767,Bottom,10,PP,ugL,12.67,TRUE,NA,201
7/19/2024,2024,29,5,42.002583,-82.578633,Surface,1,PP,ugL,11.91,TRUE,NA,201
7/19/2024,2024,29,5,42.002583,-82.578633,Bottom,7,PP,ugL,20.11,FALSE,NA,201
7/19/2024,2024,29,6,42.0222,-82.669683,Surface,1,PP,ugL,12.76,TRUE,NA,201
7/19/2024,2024,29,7,41.99605,-82.7179,Surface,1,PP,ugL,12.1,TRUE,NA,201
7/19/2024,2024,29,7,41.99605,-82.7179,Bottom,9,PP,ugL,15.01,TRUE,NA,201
8/4/2024,2024,32,2,41.971783,-82.488083,Surface,1,PP,ugL,11.89,FALSE,NA,217
8/4/2024,2024,32,2,41.971783,-82.488083,Bottom,10,PP,ugL,11.23,FALSE,NA,217
8/4/2024,2024,32,4,41.8927,-82.525767,Surface,1,PP,ugL,8.78,TRUE,NA,217
8/4/2024,2024,32,5,42.002583,-82.578633,Surface,1,PP,ugL,10.76,FALSE,NA,217
8/4/2024,2024,32,5,42.002583,-82.578633,Bottom,7,PP,ugL,12.57,TRUE,NA,217
8/4/2024,2024,32,6,42.0222,-82.669683,Surface,1,PP,ugL,12.07,TRUE,NA,217
8/4/2024,2024,32,6,42.0222,-82.669683,Bottom,7,PP,ugL,15.56,FALSE,NA,217
8/4/2024,2024,32,7,41.99605,-82.7179,Surface,1,PP,ugL,15.76,FALSE,NA,217
8/4/2024,2024,32,7,41.99605,-82.7179,Bottom,9,PP,ugL,8.06,FALSE,NA,217
8/13/2024,2024,33,2,41.971783,-82.488083,Surface,1,PP,ugL,7.86,TRUE,NA,226
8/13/2024,2024,33,2,41.971783,-82.488083,Bottom,10,PP,ugL,11.92,TRUE,NA,226
8/13/2024,2024,33,4,41.8927,-82.525767,Surface,1,PP,ugL,8.36,FALSE,NA,226
8/13/2024,2024,33,4,41.8927,-82.525767,Bottom,10,PP,ugL,11.68,FALSE,NA,226
8/13/2024,2024,33,5,42.002583,-82.578633,Surface,1,PP,ugL,12.01,FALSE,NA,226
8/13/2024,2024,33,5,42.002583,-82.578633,Bottom,7,PP,ugL,15.33,FALSE,NA,226
8/13/2024,2024,33,6,42.0222,-82.669683,Surface,1,PP,ugL,10.05,FALSE,NA,226
8/13/2024,2024,33,6,42.0222,-82.669683,Bottom,7,PP,ugL,15.15,FALSE,NA,226
8/13/2024,2024,33,7,41.99605,-82.7179,Surface,1,PP,ugL,9.43,TRUE,NA,226
8/13/2024,2024,33,7,41.99605,-82.7179,Bottom,9,PP,ugL,15.2,FALSE,NA,226
8/22/2024,2024,34,2,41.971783,-82.488083,Surface,1,PP,ugL,12.65,FALSE,NA,235
8/22/2024,2024,34,2,41.971783,-82.488083,Bottom,10,PP,ugL,12.15,FALSE,NA,235
8/22/2024,2024,34,4,41.8927,-82.525767,Surface,1,PP,ugL,11.44,FALSE,NA,235
8/22/2024,2024,34,4,41.8927,-82.525767,Bottom,10,PP,ugL,14.48,FALSE,NA,235
8/22/2024,2024,34,5,42.002583,-82.578633,Surface,1,PP,ugL,16.56,FALSE,NA,235
8/22/2024,2024,34,5,42.002583,-82.578633,Bottom,7,PP,ugL,16.99,FALSE,NA,235
8/22/2024,2024,34,6,42.0222,-82.669683,Surface,1,PP,ugL,11.11,FALSE,NA,235
8/22/2024,2024,34,6,42.0222,-82.669683,Bottom,7,PP,ugL,12.86,FALSE,NA,235
8/22/2024,2024,34,7,41.99605,-82.7179,Surface,1,PP,ugL,9.16,FALSE,NA,235
8/22/2024,2024,34,7,41.99605,-82.7179,Bottom,9,PP,ugL,10.03,FALSE,NA,235
9/3/2024,2024,36,5,42.002583,-82.578633,Surface,1,PP,ugL,14.27,FALSE,NA,247
9/3/2024,2024,36,5,42.002583,-82.578633,Bottom,7,PP,ugL,12.5,TRUE,NA,247
9/3/2024,2024,36,6,42.0222,-82.669683,Surface,1,PP,ugL,9.03,FALSE,NA,247
9/3/2024,2024,36,6,42.0222,-82.669683,Bottom,7,PP,ugL,10.27,FALSE,NA,247
9/3/2024,2024,36,7,41.99605,-82.7179,Surface,1,PP,ugL,7.62,FALSE,NA,247
9/3/2024,2024,36,7,41.99605,-82.7179,Bottom,9,PP,ugL,9.78,FALSE,NA,247
9/11/2024,2024,37,2,41.971783,-82.488083,Surface,1,PP,ugL,12.81,FALSE,NA,255
9/11/2024,2024,37,2,41.971783,-82.488083,Bottom,10,PP,ugL,13.93,FALSE,NA,255
9/11/2024,2024,37,4,41.8927,-82.525767,Surface,1,PP,ugL,10.84,FALSE,NA,255
9/11/2024,2024,37,4,41.8927,-82.525767,Bottom,10,PP,ugL,13.53,FALSE,NA,255
9/11/2024,2024,37,5,42.002583,-82.578633,Surface,1,PP,ugL,15.35,FALSE,NA,255
9/11/2024,2024,37,5,42.002583,-82.578633,Bottom,7,PP,ugL,21.23,FALSE,NA,255
9/11/2024,2024,37,6,42.0222,-82.669683,Surface,1,PP,ugL,9.21,TRUE,NA,255
9/11/2024,2024,37,6,42.0222,-82.669683,Bottom,7,PP,ugL,13.11,FALSE,NA,255
9/11/2024,2024,37,7,41.99605,-82.7179,Surface,1,PP,ugL,6.94,TRUE,NA,255
9/11/2024,2024,37,7,41.99605,-82.7179,Bottom,9,PP,ugL,10.3,FALSE,NA,255
10/1/2024,2024,40,2,41.971783,-82.488083,Surface,1,PP,ugL,15.2,FALSE,NA,275
10/1/2024,2024,40,2,41.971783,-82.488083,Bottom,10,PP,ugL,17.37,FALSE,NA,275
10/1/2024,2024,40,4,41.8927,-82.525767,Surface,1,PP,ugL,11.93,FALSE,NA,275
10/1/2024,2024,40,4,41.8927,-82.525767,Bottom,10,PP,ugL,15.49,FALSE,NA,275
10/1/2024,2024,40,5,42.002583,-82.578633,Surface,1,PP,ugL,14.42,FALSE,NA,275
10/1/2024,2024,40,5,42.002583,-82.578633,Bottom,7,PP,ugL,17.56,FALSE,NA,275
10/1/2024,2024,40,6,42.0222,-82.669683,Surface,1,PP,ugL,13.69,FALSE,NA,275
10/1/2024,2024,40,6,42.0222,-82.669683,Bottom,7,PP,ugL,18.95,FALSE,NA,275
10/1/2024,2024,40,7,41.99605,-82.7179,Surface,1,PP,ugL,9.29,FALSE,NA,275
10/1/2024,2024,40,7,41.99605,-82.7179,Bottom,9,PP,ugL,10.03,FALSE,NA,275
5/30/2023,2023,22,2,41.913017,-82.73665,Surface,1,PRESSURE,mmHg,747.9,FALSE,NA,150
5/30/2023,2023,22,2,41.913017,-82.73665,Bottom,10.9,PRESSURE,mmHg,747.9,FALSE,NA,150
5/30/2023,2023,22,4,41.8927,-82.525767,Surface,1,PRESSURE,mmHg,747.9,FALSE,NA,150
5/30/2023,2023,22,4,41.8927,-82.525767,Bottom,9.8,PRESSURE,mmHg,747.8,FALSE,NA,150
5/30/2023,2023,22,5,42.002583,-82.578633,Surface,1,PRESSURE,mmHg,747.7,FALSE,NA,150
5/30/2023,2023,22,5,42.002583,-82.578633,Bottom,8.1,PRESSURE,mmHg,747.6,FALSE,NA,150
5/30/2023,2023,22,6,42.0222,-82.669683,Surface,1,PRESSURE,mmHg,748.2,FALSE,NA,150
5/30/2023,2023,22,6,42.0222,-82.669683,Bottom,7.9,PRESSURE,mmHg,748.1,FALSE,NA,150
5/30/2023,2023,22,7,41.99605,-82.7179,Surface,1,PRESSURE,mmHg,748.9,FALSE,NA,150
5/30/2023,2023,22,7,41.99605,-82.7179,Bottom,9.5,PRESSURE,mmHg,748.1,FALSE,NA,150
6/11/2023,2023,24,2,41.913017,-82.73665,Surface,1,PRESSURE,mmHg,740.3,FALSE,NA,162
6/11/2023,2023,24,2,41.913017,-82.73665,Bottom,11,PRESSURE,mmHg,740.2,FALSE,NA,162
6/11/2023,2023,24,5,42.002583,-82.578633,Surface,1,PRESSURE,mmHg,740.3,FALSE,NA,162
6/11/2023,2023,24,5,42.002583,-82.578633,Bottom,8,PRESSURE,mmHg,740.4,FALSE,NA,162
6/11/2023,2023,24,6,42.0222,-82.669683,Surface,1,PRESSURE,mmHg,740.7,FALSE,NA,162
6/11/2023,2023,24,6,42.0222,-82.669683,Bottom,8,PRESSURE,mmHg,740.7,FALSE,NA,162
6/11/2023,2023,24,7,41.99605,-82.7179,Surface,1,PRESSURE,mmHg,740.5,FALSE,NA,162
6/11/2023,2023,24,7,41.99605,-82.7179,Bottom,9.5,PRESSURE,mmHg,740.7,FALSE,NA,162
6/23/2023,2023,25,2,41.913017,-82.73665,Surface,1,PRESSURE,mmHg,744.6,FALSE,NA,174
6/23/2023,2023,25,2,41.913017,-82.73665,Bottom,10.5,PRESSURE,mmHg,744.6,FALSE,NA,174
6/23/2023,2023,25,4,41.8927,-82.525767,Surface,1,PRESSURE,mmHg,744.5,FALSE,NA,174
6/23/2023,2023,25,4,41.8927,-82.525767,Bottom,8.5,PRESSURE,mmHg,744.5,FALSE,NA,174
6/23/2023,2023,25,5,42.002583,-82.578633,Surface,1,PRESSURE,mmHg,744.6,FALSE,NA,174
6/23/2023,2023,25,5,42.002583,-82.578633,Bottom,7.5,PRESSURE,mmHg,744.6,FALSE,NA,174
6/23/2023,2023,25,6,42.0222,-82.669683,Surface,1,PRESSURE,mmHg,744.6,FALSE,NA,174
6/23/2023,2023,25,6,42.0222,-82.669683,Bottom,7,PRESSURE,mmHg,744.6,FALSE,NA,174
6/23/2023,2023,25,7,41.99605,-82.7179,Surface,1,PRESSURE,mmHg,744.6,FALSE,NA,174
6/23/2023,2023,25,7,41.99605,-82.7179,Bottom,9,PRESSURE,mmHg,744.6,FALSE,NA,174
7/10/2023,2023,28,2,41.913017,-82.73665,Surface,1,PRESSURE,mmHg,744.5,FALSE,NA,191
7/10/2023,2023,28,2,41.913017,-82.73665,Bottom,10.5,PRESSURE,mmHg,744.5,FALSE,NA,191
7/10/2023,2023,28,4,41.8927,-82.525767,Surface,1,PRESSURE,mmHg,744.5,FALSE,NA,191
7/10/2023,2023,28,4,41.8927,-82.525767,Bottom,8.5,PRESSURE,mmHg,744.6,FALSE,NA,191
7/10/2023,2023,28,5,42.002583,-82.578633,Surface,1,PRESSURE,mmHg,744.1,FALSE,NA,191
7/10/2023,2023,28,5,42.002583,-82.578633,Bottom,7.5,PRESSURE,mmHg,744.2,FALSE,NA,191
7/10/2023,2023,28,6,42.0222,-82.669683,Surface,1,PRESSURE,mmHg,744.4,FALSE,NA,191
7/10/2023,2023,28,6,42.0222,-82.669683,Bottom,7,PRESSURE,mmHg,744.5,FALSE,NA,191
7/10/2023,2023,28,7,41.99605,-82.7179,Surface,1,PRESSURE,mmHg,744.5,FALSE,NA,191
7/10/2023,2023,28,7,41.99605,-82.7179,Bottom,9,PRESSURE,mmHg,744.3,FALSE,NA,191
7/17/2023,2023,29,2,41.913017,-82.73665,Surface,1,PRESSURE,mmHg,747.9,FALSE,NA,198
7/17/2023,2023,29,2,41.913017,-82.73665,Bottom,10.5,PRESSURE,mmHg,747.9,FALSE,NA,198
7/17/2023,2023,29,4,41.8927,-82.525767,Surface,1,PRESSURE,mmHg,747.9,FALSE,NA,198
7/17/2023,2023,29,4,41.8927,-82.525767,Bottom,8.5,PRESSURE,mmHg,747.8,FALSE,NA,198
7/17/2023,2023,29,5,42.002583,-82.578633,Surface,1,PRESSURE,mmHg,747.9,FALSE,NA,198
7/17/2023,2023,29,5,42.002583,-82.578633,Bottom,7.5,PRESSURE,mmHg,747.9,FALSE,NA,198
7/17/2023,2023,29,6,42.0222,-82.669683,Surface,1,PRESSURE,mmHg,747.5,FALSE,NA,198
7/17/2023,2023,29,6,42.0222,-82.669683,Bottom,7,PRESSURE,mmHg,747.6,FALSE,NA,198
7/17/2023,2023,29,7,41.99605,-82.7179,Surface,1,PRESSURE,mmHg,747.7,FALSE,NA,198
7/17/2023,2023,29,7,41.99605,-82.7179,Bottom,9,PRESSURE,mmHg,747.6,FALSE,NA,198
7/25/2023,2023,30,2,41.913017,-82.73665,Surface,1,PRESSURE,mmHg,747.9,FALSE,NA,206
7/25/2023,2023,30,2,41.913017,-82.73665,Bottom,10.5,PRESSURE,mmHg,748,FALSE,NA,206
7/25/2023,2023,30,4,41.8927,-82.525767,Surface,1,PRESSURE,mmHg,748.1,FALSE,NA,206
7/25/2023,2023,30,4,41.8927,-82.525767,Bottom,8.5,PRESSURE,mmHg,748.3,FALSE,NA,206
7/25/2023,2023,30,5,42.002583,-82.578633,Surface,1,PRESSURE,mmHg,748.2,FALSE,NA,206
7/25/2023,2023,30,5,42.002583,-82.578633,Bottom,7.5,PRESSURE,mmHg,748.9,FALSE,NA,206
7/25/2023,2023,30,6,42.0222,-82.669683,Surface,1,PRESSURE,mmHg,748.9,FALSE,NA,206
7/25/2023,2023,30,6,42.0222,-82.669683,Bottom,7,PRESSURE,mmHg,748.9,FALSE,NA,206
7/25/2023,2023,30,7,41.99605,-82.7179,Surface,1,PRESSURE,mmHg,747.9,FALSE,NA,206
7/25/2023,2023,30,7,41.99605,-82.7179,Bottom,9,PRESSURE,mmHg,747.9,FALSE,NA,206
8/1/2023,2023,31,2,41.913017,-82.73665,Surface,1,PRESSURE,mmHg,751.4,FALSE,NA,213
8/1/2023,2023,31,2,41.913017,-82.73665,Bottom,10.5,PRESSURE,mmHg,751.3,FALSE,NA,213
8/1/2023,2023,31,4,41.8927,-82.525767,Surface,1,PRESSURE,mmHg,751.2,FALSE,NA,213
8/1/2023,2023,31,4,41.8927,-82.525767,Bottom,8.5,PRESSURE,mmHg,751.2,FALSE,NA,213
8/1/2023,2023,31,5,42.002583,-82.578633,Surface,1,PRESSURE,mmHg,751.3,FALSE,NA,213
8/1/2023,2023,31,5,42.002583,-82.578633,Bottom,7.5,PRESSURE,mmHg,751.2,FALSE,NA,213
8/1/2023,2023,31,6,42.0222,-82.669683,Surface,1,PRESSURE,mmHg,751.5,FALSE,NA,213
8/1/2023,2023,31,6,42.0222,-82.669683,Bottom,7,PRESSURE,mmHg,751.5,FALSE,NA,213
8/1/2023,2023,31,7,41.99605,-82.7179,Surface,1,PRESSURE,mmHg,751.4,FALSE,NA,213
8/1/2023,2023,31,7,41.99605,-82.7179,Bottom,9,PRESSURE,mmHg,751.4,FALSE,NA,213
8/16/2023,2023,33,2,41.913017,-82.73665,Surface,1,PRESSURE,mmHg,746.8,FALSE,NA,228
8/16/2023,2023,33,2,41.913017,-82.73665,Bottom,10.5,PRESSURE,mmHg,746.7,FALSE,NA,228
8/16/2023,2023,33,4,41.8927,-82.525767,Surface,1,PRESSURE,mmHg,746.7,FALSE,NA,228
8/16/2023,2023,33,4,41.8927,-82.525767,Bottom,8.6,PRESSURE,mmHg,746.7,FALSE,NA,228
8/16/2023,2023,33,5,42.002583,-82.578633,Surface,1,PRESSURE,mmHg,746.7,FALSE,NA,228
8/16/2023,2023,33,5,42.002583,-82.578633,Bottom,7.8,PRESSURE,mmHg,746.7,FALSE,NA,228
8/16/2023,2023,33,6,42.0222,-82.669683,Surface,1,PRESSURE,mmHg,746.7,FALSE,NA,228
8/16/2023,2023,33,6,42.0222,-82.669683,Bottom,7,PRESSURE,mmHg,746.6,FALSE,NA,228
8/16/2023,2023,33,7,41.99605,-82.7179,Surface,1,PRESSURE,mmHg,746.6,FALSE,NA,228
8/16/2023,2023,33,7,41.99605,-82.7179,Bottom,10,PRESSURE,mmHg,746.5,FALSE,NA,228
8/28/2023,2023,35,2,41.913017,-82.73665,Surface,1,PRESSURE,mmHg,747,FALSE,NA,240
8/28/2023,2023,35,2,41.913017,-82.73665,Bottom,10.5,PRESSURE,mmHg,747,FALSE,NA,240
8/28/2023,2023,35,4,41.8927,-82.525767,Surface,1,PRESSURE,mmHg,747,FALSE,NA,240
8/28/2023,2023,35,4,41.8927,-82.525767,Bottom,8.6,PRESSURE,mmHg,747,FALSE,NA,240
8/28/2023,2023,35,5,42.002583,-82.578633,Surface,1,PRESSURE,mmHg,746.9,FALSE,NA,240
8/28/2023,2023,35,5,42.002583,-82.578633,Bottom,7.8,PRESSURE,mmHg,746.8,FALSE,NA,240
8/28/2023,2023,35,6,42.0222,-82.669683,Surface,1,PRESSURE,mmHg,747.1,FALSE,NA,240
8/28/2023,2023,35,6,42.0222,-82.669683,Bottom,7,PRESSURE,mmHg,747.3,FALSE,NA,240
8/28/2023,2023,35,7,41.99605,-82.7179,Surface,1,PRESSURE,mmHg,747.1,FALSE,NA,240
8/28/2023,2023,35,7,41.99605,-82.7179,Bottom,9,PRESSURE,mmHg,747,FALSE,NA,240
9/15/2023,2023,37,2,41.913017,-82.73665,Surface,1,PRESSURE,mmHg,751.5,FALSE,NA,258
9/15/2023,2023,37,2,41.913017,-82.73665,Bottom,11,PRESSURE,mmHg,751.4,FALSE,NA,258
9/15/2023,2023,37,4,41.8927,-82.525767,Surface,1,PRESSURE,mmHg,751.4,FALSE,NA,258
9/15/2023,2023,37,4,41.8927,-82.525767,Bottom,9,PRESSURE,mmHg,751.5,FALSE,NA,258
9/15/2023,2023,37,5,42.002583,-82.578633,Surface,1,PRESSURE,mmHg,751.3,FALSE,NA,258
9/15/2023,2023,37,5,42.002583,-82.578633,Bottom,8,PRESSURE,mmHg,751.2,FALSE,NA,258
9/15/2023,2023,37,6,42.0222,-82.669683,Surface,1,PRESSURE,mmHg,751.5,FALSE,NA,258
9/15/2023,2023,37,6,42.0222,-82.669683,Bottom,7.5,PRESSURE,mmHg,751.5,FALSE,NA,258
9/15/2023,2023,37,7,41.99605,-82.7179,Surface,1,PRESSURE,mmHg,751.5,FALSE,NA,258
9/15/2023,2023,37,7,41.99605,-82.7179,Bottom,9,PRESSURE,mmHg,751.4,FALSE,NA,258
5/16/2024,2024,20,4,41.8927,-82.525767,Surface,1,PRESSURE,mmHg,745.2,FALSE,NA,137
5/16/2024,2024,20,4,41.8927,-82.525767,Bottom,10,PRESSURE,mmHg,745.2,FALSE,NA,137
5/23/2024,2024,21,6,42.0222,-82.669683,Surface,1,PRESSURE,mmHg,743.1,FALSE,NA,144
5/23/2024,2024,21,6,42.0222,-82.669683,Bottom,7,PRESSURE,mmHg,743.1,FALSE,NA,144
5/23/2024,2024,21,7,41.99605,-82.7179,Surface,1,PRESSURE,mmHg,743.3,FALSE,NA,144
5/23/2024,2024,21,7,41.99605,-82.7179,Bottom,9,PRESSURE,mmHg,743.4,FALSE,NA,144
5/31/2024,2024,22,2,41.971783,-82.488083,Surface,1,PRESSURE,mmHg,753,FALSE,NA,152
5/31/2024,2024,22,2,41.971783,-82.488083,Bottom,10,PRESSURE,mmHg,753.8,FALSE,NA,152
5/31/2024,2024,22,4,41.8927,-82.525767,Surface,1,PRESSURE,mmHg,750,FALSE,NA,152
5/31/2024,2024,22,4,41.8927,-82.525767,Bottom,10,PRESSURE,mmHg,754,FALSE,NA,152
5/31/2024,2024,22,5,42.002583,-82.578633,Surface,1,PRESSURE,mmHg,753.6,FALSE,NA,152
5/31/2024,2024,22,5,42.002583,-82.578633,Bottom,7,PRESSURE,mmHg,753.6,FALSE,NA,152
5/31/2024,2024,22,6,42.0222,-82.669683,Surface,1,PRESSURE,mmHg,753.6,FALSE,NA,152
5/31/2024,2024,22,6,42.0222,-82.669683,Bottom,7,PRESSURE,mmHg,753.6,FALSE,NA,152
5/31/2024,2024,22,7,41.99605,-82.7179,Surface,1,PRESSURE,mmHg,753.6,FALSE,NA,152
5/31/2024,2024,22,7,41.99605,-82.7179,Bottom,9,PRESSURE,mmHg,753.6,FALSE,NA,152
6/19/2024,2024,25,2,41.971783,-82.488083,Surface,1,PRESSURE,mmHg,752,FALSE,NA,171
6/19/2024,2024,25,2,41.971783,-82.488083,Bottom,10,PRESSURE,mmHg,752,FALSE,NA,171
6/19/2024,2024,25,4,41.8927,-82.525767,Surface,1,PRESSURE,mmHg,752,FALSE,NA,171
6/19/2024,2024,25,4,41.8927,-82.525767,Bottom,10,PRESSURE,mmHg,752,FALSE,NA,171
6/19/2024,2024,25,5,42.002583,-82.578633,Surface,1,PRESSURE,mmHg,752,FALSE,NA,171
6/19/2024,2024,25,5,42.002583,-82.578633,Bottom,7,PRESSURE,mmHg,752,FALSE,NA,171
6/19/2024,2024,25,6,42.0222,-82.669683,Surface,1,PRESSURE,mmHg,752,FALSE,NA,171
6/19/2024,2024,25,6,42.0222,-82.669683,Bottom,7,PRESSURE,mmHg,752,FALSE,NA,171
6/19/2024,2024,25,7,41.99605,-82.7179,Surface,1,PRESSURE,mmHg,752,FALSE,NA,171
6/19/2024,2024,25,7,41.99605,-82.7179,Bottom,9,PRESSURE,mmHg,752,FALSE,NA,171
7/4/2024,2024,27,2,41.971783,-82.488083,Surface,1,PRESSURE,mmHg,744,FALSE,NA,186
7/4/2024,2024,27,2,41.971783,-82.488083,Bottom,10,PRESSURE,mmHg,744,FALSE,NA,186
7/4/2024,2024,27,4,41.8927,-82.525767,Surface,1,PRESSURE,mmHg,744,FALSE,NA,186
7/4/2024,2024,27,4,41.8927,-82.525767,Bottom,10,PRESSURE,mmHg,744.2,FALSE,NA,186
7/4/2024,2024,27,5,42.002583,-82.578633,Surface,1,PRESSURE,mmHg,744.4,FALSE,NA,186
7/4/2024,2024,27,5,42.002583,-82.578633,Bottom,7,PRESSURE,mmHg,744.4,FALSE,NA,186
7/4/2024,2024,27,6,42.0222,-82.669683,Surface,1,PRESSURE,mmHg,744.3,FALSE,NA,186
7/4/2024,2024,27,6,42.0222,-82.669683,Bottom,7,PRESSURE,mmHg,744.3,FALSE,NA,186
7/4/2024,2024,27,7,41.99605,-82.7179,Surface,1,PRESSURE,mmHg,744,FALSE,NA,186
7/4/2024,2024,27,7,41.99605,-82.7179,Bottom,9,PRESSURE,mmHg,744,FALSE,NA,186
7/19/2024,2024,29,2,41.971783,-82.488083,Surface,1,PRESSURE,mmHg,751.3,FALSE,NA,201
7/19/2024,2024,29,2,41.971783,-82.488083,Bottom,10,PRESSURE,mmHg,751.2,FALSE,NA,201
7/19/2024,2024,29,4,41.8927,-82.525767,Surface,1,PRESSURE,mmHg,751.2,FALSE,NA,201
7/19/2024,2024,29,4,41.8927,-82.525767,Bottom,10,PRESSURE,mmHg,751.1,FALSE,NA,201
7/19/2024,2024,29,5,42.002583,-82.578633,Surface,1,PRESSURE,mmHg,751.1,FALSE,NA,201
7/19/2024,2024,29,5,42.002583,-82.578633,Bottom,7,PRESSURE,mmHg,751.2,FALSE,NA,201
7/19/2024,2024,29,6,42.0222,-82.669683,Surface,1,PRESSURE,mmHg,751.3,FALSE,NA,201
7/19/2024,2024,29,6,42.0222,-82.669683,Bottom,7,PRESSURE,mmHg,751.3,FALSE,NA,201
7/19/2024,2024,29,7,41.99605,-82.7179,Surface,1,PRESSURE,mmHg,751.3,FALSE,NA,201
7/19/2024,2024,29,7,41.99605,-82.7179,Bottom,9,PRESSURE,mmHg,751.2,FALSE,NA,201
8/4/2024,2024,32,2,41.971783,-82.488083,Surface,1,PRESSURE,mmHg,746.9,FALSE,NA,217
8/4/2024,2024,32,2,41.971783,-82.488083,Bottom,10,PRESSURE,mmHg,745.9,FALSE,NA,217
8/4/2024,2024,32,4,41.8927,-82.525767,Surface,1,PRESSURE,mmHg,746.1,FALSE,NA,217
8/4/2024,2024,32,4,41.8927,-82.525767,Bottom,10,PRESSURE,mmHg,746.1,FALSE,NA,217
8/4/2024,2024,32,5,42.002583,-82.578633,Surface,1,PRESSURE,mmHg,746.3,FALSE,NA,217
8/4/2024,2024,32,5,42.002583,-82.578633,Bottom,7,PRESSURE,mmHg,746.4,FALSE,NA,217
8/4/2024,2024,32,6,42.0222,-82.669683,Surface,1,PRESSURE,mmHg,745.7,FALSE,NA,217
8/4/2024,2024,32,6,42.0222,-82.669683,Bottom,7,PRESSURE,mmHg,745.8,FALSE,NA,217
8/4/2024,2024,32,7,41.99605,-82.7179,Surface,1,PRESSURE,mmHg,745.6,FALSE,NA,217
8/4/2024,2024,32,7,41.99605,-82.7179,Bottom,9,PRESSURE,mmHg,745.9,FALSE,NA,217
8/13/2024,2024,33,2,41.971783,-82.488083,Surface,1,PRESSURE,mmHg,749.4,FALSE,NA,226
8/13/2024,2024,33,2,41.971783,-82.488083,Bottom,10,PRESSURE,mmHg,749.3,FALSE,NA,226
8/13/2024,2024,33,4,41.8927,-82.525767,Surface,1,PRESSURE,mmHg,749.4,FALSE,NA,226
8/13/2024,2024,33,4,41.8927,-82.525767,Bottom,10,PRESSURE,mmHg,749.5,FALSE,NA,226
8/13/2024,2024,33,5,42.002583,-82.578633,Surface,1,PRESSURE,mmHg,749.5,FALSE,NA,226
8/13/2024,2024,33,5,42.002583,-82.578633,Bottom,7,PRESSURE,mmHg,749.5,FALSE,NA,226
8/13/2024,2024,33,6,42.0222,-82.669683,Surface,1,PRESSURE,mmHg,749,FALSE,NA,226
8/13/2024,2024,33,6,42.0222,-82.669683,Bottom,7,PRESSURE,mmHg,749,FALSE,NA,226
8/13/2024,2024,33,7,41.99605,-82.7179,Surface,1,PRESSURE,mmHg,749.1,FALSE,NA,226
8/13/2024,2024,33,7,41.99605,-82.7179,Bottom,9,PRESSURE,mmHg,749.1,FALSE,NA,226
8/22/2024,2024,34,2,41.971783,-82.488083,Surface,1,PRESSURE,mmHg,753.5,FALSE,NA,235
8/22/2024,2024,34,2,41.971783,-82.488083,Bottom,10,PRESSURE,mmHg,753.4,FALSE,NA,235
8/22/2024,2024,34,4,41.8927,-82.525767,Surface,1,PRESSURE,mmHg,753.7,FALSE,NA,235
8/22/2024,2024,34,4,41.8927,-82.525767,Bottom,10,PRESSURE,mmHg,753.6,FALSE,NA,235
8/22/2024,2024,34,5,42.002583,-82.578633,Surface,1,PRESSURE,mmHg,753.6,FALSE,NA,235
8/22/2024,2024,34,5,42.002583,-82.578633,Bottom,7,PRESSURE,mmHg,753.6,FALSE,NA,235
8/22/2024,2024,34,6,42.0222,-82.669683,Surface,1,PRESSURE,mmHg,753.4,FALSE,NA,235
8/22/2024,2024,34,6,42.0222,-82.669683,Bottom,7,PRESSURE,mmHg,753.4,FALSE,NA,235
8/22/2024,2024,34,7,41.99605,-82.7179,Surface,1,PRESSURE,mmHg,753.3,FALSE,NA,235
8/22/2024,2024,34,7,41.99605,-82.7179,Bottom,9,PRESSURE,mmHg,753.4,FALSE,NA,235
9/3/2024,2024,36,5,42.002583,-82.578633,Surface,1,PRESSURE,mmHg,755.5,FALSE,NA,247
9/3/2024,2024,36,5,42.002583,-82.578633,Bottom,7,PRESSURE,mmHg,755.5,FALSE,NA,247
9/3/2024,2024,36,6,42.0222,-82.669683,Surface,1,PRESSURE,mmHg,755.1,FALSE,NA,247
9/3/2024,2024,36,6,42.0222,-82.669683,Bottom,7,PRESSURE,mmHg,755.1,FALSE,NA,247
9/3/2024,2024,36,7,41.99605,-82.7179,Surface,1,PRESSURE,mmHg,755.2,FALSE,NA,247
9/3/2024,2024,36,7,41.99605,-82.7179,Bottom,9,PRESSURE,mmHg,755.3,FALSE,NA,247
9/11/2024,2024,37,2,41.971783,-82.488083,Surface,1,PRESSURE,mmHg,749.1,FALSE,NA,255
9/11/2024,2024,37,2,41.971783,-82.488083,Bottom,10,PRESSURE,mmHg,749.9,FALSE,NA,255
9/11/2024,2024,37,4,41.8927,-82.525767,Surface,1,PRESSURE,mmHg,750.1,FALSE,NA,255
9/11/2024,2024,37,4,41.8927,-82.525767,Bottom,10,PRESSURE,mmHg,750,FALSE,NA,255
9/11/2024,2024,37,5,42.002583,-82.578633,Surface,1,PRESSURE,mmHg,750,FALSE,NA,255
9/11/2024,2024,37,5,42.002583,-82.578633,Bottom,7,PRESSURE,mmHg,750.1,FALSE,NA,255
9/11/2024,2024,37,6,42.0222,-82.669683,Surface,1,PRESSURE,mmHg,749.8,FALSE,NA,255
9/11/2024,2024,37,6,42.0222,-82.669683,Bottom,7,PRESSURE,mmHg,749.8,FALSE,NA,255
9/11/2024,2024,37,7,41.99605,-82.7179,Surface,1,PRESSURE,mmHg,749.8,FALSE,NA,255
9/11/2024,2024,37,7,41.99605,-82.7179,Bottom,9,PRESSURE,mmHg,749.7,FALSE,NA,255
10/1/2024,2024,40,2,41.971783,-82.488083,Surface,1,PRESSURE,mmHg,744.9,FALSE,NA,275
10/1/2024,2024,40,2,41.971783,-82.488083,Bottom,10,PRESSURE,mmHg,745,FALSE,NA,275
10/1/2024,2024,40,4,41.8927,-82.525767,Surface,1,PRESSURE,mmHg,745.2,FALSE,NA,275
10/1/2024,2024,40,4,41.8927,-82.525767,Bottom,10,PRESSURE,mmHg,745.2,FALSE,NA,275
10/1/2024,2024,40,5,42.002583,-82.578633,Surface,1,PRESSURE,mmHg,745.1,FALSE,NA,275
10/1/2024,2024,40,5,42.002583,-82.578633,Bottom,7,PRESSURE,mmHg,745.1,FALSE,NA,275
10/1/2024,2024,40,6,42.0222,-82.669683,Surface,1,PRESSURE,mmHg,745,FALSE,NA,275
10/1/2024,2024,40,6,42.0222,-82.669683,Bottom,7,PRESSURE,mmHg,745,FALSE,NA,275
10/1/2024,2024,40,7,41.99605,-82.7179,Surface,1,PRESSURE,mmHg,745,FALSE,NA,275
10/1/2024,2024,40,7,41.99605,-82.7179,Bottom,9,PRESSURE,mmHg,744.9,FALSE,NA,275
5/30/2023,2023,22,2,41.913017,-82.73665,Surface,1,SECCHI,m,2.5,FALSE,NA,150
5/30/2023,2023,22,4,41.8927,-82.525767,Surface,1,SECCHI,m,3,FALSE,NA,150
5/30/2023,2023,22,5,42.002583,-82.578633,Surface,1,SECCHI,m,3,FALSE,NA,150
5/30/2023,2023,22,6,42.0222,-82.669683,Surface,1,SECCHI,m,3.5,FALSE,NA,150
5/30/2023,2023,22,7,41.99605,-82.7179,Surface,1,SECCHI,m,3.5,FALSE,NA,150
6/11/2023,2023,24,2,41.913017,-82.73665,Surface,1,SECCHI,m,2.5,FALSE,NA,162
6/11/2023,2023,24,5,42.002583,-82.578633,Surface,1,SECCHI,m,2.5,FALSE,NA,162
6/11/2023,2023,24,6,42.0222,-82.669683,Surface,1,SECCHI,m,3.1,FALSE,NA,162
6/11/2023,2023,24,7,41.99605,-82.7179,Surface,1,SECCHI,m,3,FALSE,NA,162
6/23/2023,2023,25,2,41.913017,-82.73665,Surface,1,SECCHI,m,2.5,FALSE,NA,174
6/23/2023,2023,25,4,41.8927,-82.525767,Surface,1,SECCHI,m,3,FALSE,NA,174
6/23/2023,2023,25,5,42.002583,-82.578633,Surface,1,SECCHI,m,2.75,FALSE,NA,174
6/23/2023,2023,25,6,42.0222,-82.669683,Surface,1,SECCHI,m,3,FALSE,NA,174
6/23/2023,2023,25,7,41.99605,-82.7179,Surface,1,SECCHI,m,2.75,FALSE,NA,174
7/10/2023,2023,28,2,41.913017,-82.73665,Surface,1,SECCHI,m,3.5,FALSE,NA,191
7/10/2023,2023,28,4,41.8927,-82.525767,Surface,1,SECCHI,m,3,FALSE,NA,191
7/10/2023,2023,28,5,42.002583,-82.578633,Surface,1,SECCHI,m,3,FALSE,NA,191
7/10/2023,2023,28,6,42.0222,-82.669683,Surface,1,SECCHI,m,3.5,FALSE,NA,191
7/10/2023,2023,28,7,41.99605,-82.7179,Surface,1,SECCHI,m,3,FALSE,NA,191
7/17/2023,2023,29,2,41.913017,-82.73665,Surface,1,SECCHI,m,3,FALSE,NA,198
7/17/2023,2023,29,4,41.8927,-82.525767,Surface,1,SECCHI,m,3.5,FALSE,NA,198
7/17/2023,2023,29,5,42.002583,-82.578633,Surface,1,SECCHI,m,3,FALSE,NA,198
7/17/2023,2023,29,6,42.0222,-82.669683,Surface,1,SECCHI,m,3,FALSE,NA,198
7/17/2023,2023,29,7,41.99605,-82.7179,Surface,1,SECCHI,m,3,FALSE,NA,198
7/25/2023,2023,30,2,41.913017,-82.73665,Surface,1,SECCHI,m,3.5,FALSE,NA,206
7/25/2023,2023,30,4,41.8927,-82.525767,Surface,1,SECCHI,m,3.5,FALSE,NA,206
7/25/2023,2023,30,5,42.002583,-82.578633,Surface,1,SECCHI,m,3.5,FALSE,NA,206
7/25/2023,2023,30,6,42.0222,-82.669683,Surface,1,SECCHI,m,3,FALSE,NA,206
7/25/2023,2023,30,7,41.99605,-82.7179,Surface,1,SECCHI,m,3.5,FALSE,NA,206
8/1/2023,2023,31,2,41.913017,-82.73665,Surface,1,SECCHI,m,2,FALSE,NA,213
8/1/2023,2023,31,4,41.8927,-82.525767,Surface,1,SECCHI,m,2.5,FALSE,NA,213
8/1/2023,2023,31,5,42.002583,-82.578633,Surface,1,SECCHI,m,3,FALSE,NA,213
8/1/2023,2023,31,6,42.0222,-82.669683,Surface,1,SECCHI,m,2.5,FALSE,NA,213
8/1/2023,2023,31,7,41.99605,-82.7179,Surface,1,SECCHI,m,2.5,FALSE,NA,213
8/16/2023,2023,33,2,41.913017,-82.73665,Surface,1,SECCHI,m,2.5,FALSE,NA,228
8/16/2023,2023,33,4,41.8927,-82.525767,Surface,1,SECCHI,m,3.5,FALSE,NA,228
8/16/2023,2023,33,5,42.002583,-82.578633,Surface,1,SECCHI,m,2,FALSE,NA,228
8/16/2023,2023,33,6,42.0222,-82.669683,Surface,1,SECCHI,m,2.5,FALSE,NA,228
8/16/2023,2023,33,7,41.99605,-82.7179,Surface,1,SECCHI,m,2.25,FALSE,NA,228
8/28/2023,2023,35,2,41.913017,-82.73665,Surface,1,SECCHI,m,2.3,FALSE,NA,240
8/28/2023,2023,35,4,41.8927,-82.525767,Surface,1,SECCHI,m,1.75,FALSE,NA,240
8/28/2023,2023,35,5,42.002583,-82.578633,Surface,1,SECCHI,m,1.25,FALSE,NA,240
8/28/2023,2023,35,6,42.0222,-82.669683,Surface,1,SECCHI,m,1.75,FALSE,NA,240
8/28/2023,2023,35,7,41.99605,-82.7179,Surface,1,SECCHI,m,2.1,FALSE,NA,240
9/15/2023,2023,37,2,41.913017,-82.73665,Surface,1,SECCHI,m,2.5,FALSE,NA,258
9/15/2023,2023,37,4,41.8927,-82.525767,Surface,1,SECCHI,m,2.5,FALSE,NA,258
9/15/2023,2023,37,5,42.002583,-82.578633,Surface,1,SECCHI,m,2,FALSE,NA,258
9/15/2023,2023,37,6,42.0222,-82.669683,Surface,1,SECCHI,m,2,FALSE,NA,258
9/15/2023,2023,37,7,41.99605,-82.7179,Surface,1,SECCHI,m,2,FALSE,NA,258
5/31/2024,2024,22,2,41.971783,-82.488083,Surface,1,SECCHI,m,1.9,FALSE,NA,152
5/31/2024,2024,22,4,41.8927,-82.525767,Surface,1,SECCHI,m,1.25,FALSE,NA,152
5/31/2024,2024,22,5,42.002583,-82.578633,Surface,1,SECCHI,m,2.6,FALSE,NA,152
5/31/2024,2024,22,6,42.0222,-82.669683,Surface,1,SECCHI,m,1.6,FALSE,NA,152
5/31/2024,2024,22,7,41.99605,-82.7179,Surface,1,SECCHI,m,1.6,FALSE,NA,152
6/19/2024,2024,25,2,41.971783,-82.488083,Surface,1,SECCHI,m,3.5,FALSE,NA,171
6/19/2024,2024,25,4,41.8927,-82.525767,Surface,1,SECCHI,m,3.5,FALSE,NA,171
6/19/2024,2024,25,5,42.002583,-82.578633,Surface,1,SECCHI,m,2.5,FALSE,NA,171
6/19/2024,2024,25,6,42.0222,-82.669683,Surface,1,SECCHI,m,4,FALSE,NA,171
6/19/2024,2024,25,7,41.99605,-82.7179,Surface,1,SECCHI,m,3.5,FALSE,NA,171
7/4/2024,2024,27,2,41.971783,-82.488083,Surface,1,SECCHI,m,4.5,FALSE,NA,186
7/4/2024,2024,27,4,41.8927,-82.525767,Surface,1,SECCHI,m,4.5,FALSE,NA,186
7/4/2024,2024,27,5,42.002583,-82.578633,Surface,1,SECCHI,m,2.5,FALSE,NA,186
7/4/2024,2024,27,6,42.0222,-82.669683,Surface,1,SECCHI,m,3.5,FALSE,NA,186
7/4/2024,2024,27,7,41.99605,-82.7179,Surface,1,SECCHI,m,4.5,FALSE,NA,186
7/19/2024,2024,29,2,41.971783,-82.488083,Surface,1,SECCHI,m,3.5,FALSE,NA,201
7/19/2024,2024,29,4,41.8927,-82.525767,Surface,1,SECCHI,m,3.6,FALSE,NA,201
7/19/2024,2024,29,5,42.002583,-82.578633,Surface,1,SECCHI,m,2.5,FALSE,NA,201
7/19/2024,2024,29,6,42.0222,-82.669683,Surface,1,SECCHI,m,3.6,FALSE,NA,201
7/19/2024,2024,29,7,41.99605,-82.7179,Surface,1,SECCHI,m,3.8,FALSE,NA,201
8/4/2024,2024,32,2,41.971783,-82.488083,Surface,1,SECCHI,m,3,FALSE,NA,217
8/4/2024,2024,32,4,41.8927,-82.525767,Surface,1,SECCHI,m,3,FALSE,NA,217
8/4/2024,2024,32,5,42.002583,-82.578633,Surface,1,SECCHI,m,2.4,FALSE,NA,217
8/4/2024,2024,32,6,42.0222,-82.669683,Surface,1,SECCHI,m,2.1,FALSE,NA,217
8/4/2024,2024,32,7,41.99605,-82.7179,Surface,1,SECCHI,m,3,FALSE,NA,217
8/13/2024,2024,33,2,41.971783,-82.488083,Surface,1,SECCHI,m,2.4,FALSE,NA,226
8/13/2024,2024,33,4,41.8927,-82.525767,Surface,1,SECCHI,m,2.8,FALSE,NA,226
8/13/2024,2024,33,5,42.002583,-82.578633,Surface,1,SECCHI,m,2,FALSE,NA,226
8/13/2024,2024,33,6,42.0222,-82.669683,Surface,1,SECCHI,m,2.4,FALSE,NA,226
8/13/2024,2024,33,7,41.99605,-82.7179,Surface,1,SECCHI,m,2.6,FALSE,NA,226
8/22/2024,2024,34,2,41.971783,-82.488083,Surface,1,SECCHI,m,2,FALSE,NA,235
8/22/2024,2024,34,4,41.8927,-82.525767,Surface,1,SECCHI,m,2.4,FALSE,NA,235
8/22/2024,2024,34,5,42.002583,-82.578633,Surface,1,SECCHI,m,1.6,FALSE,NA,235
8/22/2024,2024,34,6,42.0222,-82.669683,Surface,1,SECCHI,m,2.2,FALSE,NA,235
8/22/2024,2024,34,7,41.99605,-82.7179,Surface,1,SECCHI,m,2.5,FALSE,NA,235
9/3/2024,2024,36,5,42.002583,-82.578633,Surface,1,SECCHI,m,1.5,FALSE,NA,247
9/3/2024,2024,36,6,42.0222,-82.669683,Surface,1,SECCHI,m,2.2,FALSE,NA,247
9/3/2024,2024,36,7,41.99605,-82.7179,Surface,1,SECCHI,m,2.2,FALSE,NA,247
9/11/2024,2024,37,2,41.971783,-82.488083,Surface,1,SECCHI,m,1.5,FALSE,NA,255
9/11/2024,2024,37,4,41.8927,-82.525767,Surface,1,SECCHI,m,3,FALSE,NA,255
9/11/2024,2024,37,5,42.002583,-82.578633,Surface,1,SECCHI,m,1.9,FALSE,NA,255
9/11/2024,2024,37,6,42.0222,-82.669683,Surface,1,SECCHI,m,2.4,FALSE,NA,255
9/11/2024,2024,37,7,41.99605,-82.7179,Surface,1,SECCHI,m,2.2,FALSE,NA,255
10/1/2024,2024,40,2,41.971783,-82.488083,Surface,1,SECCHI,m,1.4,FALSE,NA,275
10/1/2024,2024,40,4,41.8927,-82.525767,Surface,1,SECCHI,m,1.8,FALSE,NA,275
10/1/2024,2024,40,5,42.002583,-82.578633,Surface,1,SECCHI,m,1.5,FALSE,NA,275
10/1/2024,2024,40,6,42.0222,-82.669683,Surface,1,SECCHI,m,1.6,FALSE,NA,275
10/1/2024,2024,40,7,41.99605,-82.7179,Surface,1,SECCHI,m,1.7,FALSE,NA,275
8/17/2022,2022,34,2,41.913017,-82.7367,Surface,1,SES_C,mgL,0.48,TRUE,NA,229
8/17/2022,2022,34,2,41.913017,-82.7367,Bottom,11,SES_C,mgL,0.66,FALSE,NA,229
8/17/2022,2022,34,4,41.8927,-82.5258,Surface,1,SES_C,mgL,0.37,FALSE,NA,229
8/17/2022,2022,34,4,41.8927,-82.5258,Bottom,8,SES_C,mgL,0.39,FALSE,NA,229
8/17/2022,2022,34,5,42.002583,-82.5786,Surface,1,SES_C,mgL,0.31,TRUE,NA,229
8/17/2022,2022,34,5,42.002583,-82.5786,Bottom,8.5,SES_C,mgL,0.33,FALSE,NA,229
8/17/2022,2022,34,6,42.0222,-82.6697,Surface,1,SES_C,mgL,0.29,FALSE,NA,229
8/17/2022,2022,34,6,42.0222,-82.6697,Bottom,8,SES_C,mgL,0.31,TRUE,NA,229
8/17/2022,2022,34,7,41.99605,-82.7179,Surface,1,SES_C,mgL,0.24,FALSE,NA,229
8/17/2022,2022,34,7,41.99605,-82.7179,Bottom,9.5,SES_C,mgL,0.3,TRUE,NA,229
8/23/2022,2022,35,2,41.913017,-82.7367,Surface,1,SES_C,mgL,0.49,FALSE,NA,235
8/23/2022,2022,35,2,41.913017,-82.7367,Bottom,11,SES_C,mgL,0.51,FALSE,NA,235
8/23/2022,2022,35,4,41.8927,-82.5258,Surface,1,SES_C,mgL,0.47,FALSE,NA,235
8/23/2022,2022,35,4,41.8927,-82.5258,Bottom,8,SES_C,mgL,0.44,FALSE,NA,235
8/23/2022,2022,35,5,42.002583,-82.5786,Surface,1,SES_C,mgL,0.36,FALSE,NA,235
8/23/2022,2022,35,5,42.002583,-82.5786,Bottom,8.5,SES_C,mgL,1.27,FALSE,NA,235
8/23/2022,2022,35,6,42.0222,-82.6697,Surface,1,SES_C,mgL,0.43,TRUE,NA,235
8/23/2022,2022,35,6,42.0222,-82.6697,Bottom,8,SES_C,mgL,0.43,FALSE,NA,235
8/23/2022,2022,35,7,41.99605,-82.7179,Surface,1,SES_C,mgL,0.42,FALSE,NA,235
8/23/2022,2022,35,7,41.99605,-82.7179,Bottom,9.5,SES_C,mgL,0.48,FALSE,NA,235
5/18/2023,2023,20,4,41.8927,-82.525767,Surface,1,SES_C,mgL,0.55,FALSE,NA,138
5/18/2023,2023,20,4,41.8927,-82.525767,Bottom,9.8,SES_C,mgL,0.69,FALSE,NA,138
5/18/2023,2023,20,5,42.002583,-82.578633,Surface,1,SES_C,mgL,0.65,FALSE,NA,138
5/18/2023,2023,20,5,42.002583,-82.578633,Bottom,8.1,SES_C,mgL,0.68,FALSE,NA,138
6/23/2023,2023,25,5,42.002583,-82.578633,Bottom,8.1,SES_C,mgL,2.88,FALSE,NA,174
6/23/2023,2023,25,6,42.0222,-82.669683,Surface,1,SES_C,mgL,0.41,FALSE,NA,174
6/23/2023,2023,25,7,41.99605,-82.7179,Surface,1,SES_C,mgL,0.37,FALSE,NA,174
6/23/2023,2023,25,7,41.99605,-82.7179,Bottom,9.5,SES_C,mgL,0.44,FALSE,NA,174
7/10/2023,2023,28,2,41.913017,-82.73665,Surface,1,SES_C,mgL,0.35,FALSE,NA,191
7/10/2023,2023,28,2,41.913017,-82.73665,Bottom,10.9,SES_C,mgL,0.35,FALSE,NA,191
7/10/2023,2023,28,4,41.8927,-82.525767,Surface,1,SES_C,mgL,0.38,FALSE,NA,191
7/10/2023,2023,28,4,41.8927,-82.525767,Bottom,9.8,SES_C,mgL,0.38,FALSE,NA,191
7/10/2023,2023,28,5,42.002583,-82.578633,Surface,1,SES_C,mgL,0.4,FALSE,NA,191
7/10/2023,2023,28,5,42.002583,-82.578633,Bottom,8.1,SES_C,mgL,0.5,FALSE,NA,191
7/10/2023,2023,28,6,42.0222,-82.669683,Surface,1,SES_C,mgL,0.35,FALSE,NA,191
7/10/2023,2023,28,6,42.0222,-82.669683,Bottom,7.9,SES_C,mgL,0.37,FALSE,NA,191
7/10/2023,2023,28,7,41.99605,-82.7179,Surface,1,SES_C,mgL,0.37,FALSE,NA,191
7/10/2023,2023,28,7,41.99605,-82.7179,Bottom,9.5,SES_C,mgL,0.34,FALSE,NA,191
7/19/2023,2023,29,2,41.913017,-82.73665,Surface,1,SES_C,mgL,0.52,FALSE,NA,200
7/19/2023,2023,29,2,41.913017,-82.73665,Bottom,10.9,SES_C,mgL,0.55,FALSE,NA,200
7/19/2023,2023,29,4,41.8927,-82.525767,Surface,1,SES_C,mgL,0.39,FALSE,NA,200
7/19/2023,2023,29,4,41.8927,-82.525767,Bottom,9.8,SES_C,mgL,0.47,FALSE,NA,200
7/19/2023,2023,29,5,42.002583,-82.578633,Surface,1,SES_C,mgL,0.44,FALSE,NA,200
7/19/2023,2023,29,5,42.002583,-82.578633,Bottom,8.1,SES_C,mgL,0.44,FALSE,NA,200
7/19/2023,2023,29,6,42.0222,-82.669683,Surface,1,SES_C,mgL,0.33,FALSE,NA,200
7/19/2023,2023,29,6,42.0222,-82.669683,Bottom,7.9,SES_C,mgL,0.67,FALSE,NA,200
7/19/2023,2023,29,7,41.99605,-82.7179,Surface,1,SES_C,mgL,0.3,FALSE,NA,200
7/19/2023,2023,29,7,41.99605,-82.7179,Bottom,9.5,SES_C,mgL,0.38,FALSE,NA,200
7/25/2023,2023,30,2,41.913017,-82.73665,Surface,1,SES_C,mgL,0.43,FALSE,NA,206
7/25/2023,2023,30,2,41.913017,-82.73665,Bottom,10.9,SES_C,mgL,0.33,FALSE,NA,206
7/25/2023,2023,30,4,41.8927,-82.525767,Surface,1,SES_C,mgL,0.39,FALSE,NA,206
7/25/2023,2023,30,4,41.8927,-82.525767,Bottom,9.8,SES_C,mgL,0.28,FALSE,NA,206
7/25/2023,2023,30,5,42.002583,-82.578633,Surface,1,SES_C,mgL,0.32,FALSE,NA,206
7/25/2023,2023,30,5,42.002583,-82.578633,Bottom,8.1,SES_C,mgL,0.4,FALSE,NA,206
7/25/2023,2023,30,6,42.0222,-82.669683,Surface,1,SES_C,mgL,0.33,FALSE,NA,206
7/25/2023,2023,30,7,41.99605,-82.7179,Surface,1,SES_C,mgL,0.37,FALSE,NA,206
7/25/2023,2023,30,7,41.99605,-82.7179,Bottom,9.5,SES_C,mgL,0.44,FALSE,NA,206
8/1/2023,2023,31,2,41.913017,-82.73665,Surface,1,SES_C,mgL,0.34,FALSE,NA,213
8/1/2023,2023,31,2,41.913017,-82.73665,Bottom,10.9,SES_C,mgL,0.34,FALSE,NA,213
8/1/2023,2023,31,4,41.8927,-82.525767,Surface,1,SES_C,mgL,0.32,FALSE,NA,213
8/1/2023,2023,31,4,41.8927,-82.525767,Bottom,9.8,SES_C,mgL,0.64,FALSE,NA,213
8/1/2023,2023,31,5,42.002583,-82.578633,Surface,1,SES_C,mgL,0.33,FALSE,NA,213
8/1/2023,2023,31,5,42.002583,-82.578633,Bottom,8.1,SES_C,mgL,0.49,FALSE,NA,213
8/1/2023,2023,31,6,42.0222,-82.669683,Surface,1,SES_C,mgL,0.39,FALSE,NA,213
8/1/2023,2023,31,6,42.0222,-82.669683,Bottom,7.9,SES_C,mgL,0.45,FALSE,NA,213
8/1/2023,2023,31,7,41.99605,-82.7179,Surface,1,SES_C,mgL,0.45,FALSE,NA,213
8/1/2023,2023,31,7,41.99605,-82.7179,Bottom,9.5,SES_C,mgL,0.45,FALSE,NA,213
8/16/2023,2023,33,2,41.913017,-82.73665,Surface,1,SES_C,mgL,0.37,FALSE,NA,228
8/16/2023,2023,33,2,41.913017,-82.73665,Bottom,10.9,SES_C,mgL,0.45,FALSE,NA,228
8/16/2023,2023,33,4,41.8927,-82.525767,Surface,1,SES_C,mgL,0.32,FALSE,NA,228
8/16/2023,2023,33,4,41.8927,-82.525767,Bottom,9.8,SES_C,mgL,0.73,FALSE,NA,228
8/16/2023,2023,33,5,42.002583,-82.578633,Surface,1,SES_C,mgL,0.47,FALSE,NA,228
8/16/2023,2023,33,5,42.002583,-82.578633,Bottom,8.1,SES_C,mgL,0.86,FALSE,NA,228
8/16/2023,2023,33,6,42.0222,-82.669683,Surface,1,SES_C,mgL,0.56,FALSE,NA,228
8/16/2023,2023,33,6,42.0222,-82.669683,Bottom,7.9,SES_C,mgL,0.65,FALSE,NA,228
8/16/2023,2023,33,7,41.99605,-82.7179,Surface,1,SES_C,mgL,0.55,FALSE,NA,228
8/16/2023,2023,33,7,41.99605,-82.7179,Bottom,9.5,SES_C,mgL,0.7,FALSE,NA,228
8/28/2023,2023,35,2,41.913017,-82.73665,Surface,1,SES_C,mgL,0.58,FALSE,NA,240
8/28/2023,2023,35,2,41.913017,-82.73665,Bottom,10.9,SES_C,mgL,0.73,FALSE,NA,240
8/28/2023,2023,35,4,41.8927,-82.525767,Surface,1,SES_C,mgL,0.72,FALSE,NA,240
8/28/2023,2023,35,4,41.8927,-82.525767,Bottom,9.8,SES_C,mgL,0.87,FALSE,NA,240
8/28/2023,2023,35,5,42.002583,-82.578633,Surface,1,SES_C,mgL,0.8,FALSE,NA,240
8/28/2023,2023,35,5,42.002583,-82.578633,Bottom,8.1,SES_C,mgL,1.03,FALSE,NA,240
8/28/2023,2023,35,6,42.0222,-82.669683,Surface,1,SES_C,mgL,0.71,FALSE,NA,240
8/28/2023,2023,35,6,42.0222,-82.669683,Bottom,7.9,SES_C,mgL,0.82,TRUE,NA,240
8/28/2023,2023,35,7,41.99605,-82.7179,Surface,1,SES_C,mgL,0.58,FALSE,NA,240
8/28/2023,2023,35,7,41.99605,-82.7179,Bottom,9.5,SES_C,mgL,0.69,FALSE,NA,240
9/15/2023,2023,37,2,41.913017,-82.73665,Surface,1,SES_C,mgL,0.79,FALSE,NA,258
9/15/2023,2023,37,2,41.913017,-82.73665,Bottom,10.9,SES_C,mgL,0.98,FALSE,NA,258
9/15/2023,2023,37,4,41.8927,-82.525767,Surface,1,SES_C,mgL,0.79,FALSE,NA,258
9/15/2023,2023,37,4,41.8927,-82.525767,Bottom,9.8,SES_C,mgL,1.04,FALSE,NA,258
9/15/2023,2023,37,5,42.002583,-82.578633,Surface,1,SES_C,mgL,0.81,FALSE,NA,258
9/15/2023,2023,37,5,42.002583,-82.578633,Bottom,8.1,SES_C,mgL,1.27,FALSE,NA,258
9/15/2023,2023,37,6,42.0222,-82.669683,Surface,1,SES_C,mgL,0.83,FALSE,NA,258
9/15/2023,2023,37,6,42.0222,-82.669683,Bottom,7.9,SES_C,mgL,0.99,FALSE,NA,258
9/15/2023,2023,37,7,41.99605,-82.7179,Surface,1,SES_C,mgL,0.88,FALSE,NA,258
9/15/2023,2023,37,7,41.99605,-82.7179,Bottom,9.5,SES_C,mgL,1.03,FALSE,NA,258
9/23/2023,2023,38,2,41.913017,-82.73665,Surface,1,SES_C,mgL,0.9,FALSE,NA,266
9/23/2023,2023,38,2,41.913017,-82.73665,Bottom,10.9,SES_C,mgL,1.06,FALSE,NA,266
9/23/2023,2023,38,4,41.8927,-82.525767,Surface,1,SES_C,mgL,1.06,FALSE,NA,266
9/23/2023,2023,38,4,41.8927,-82.525767,Bottom,9.8,SES_C,mgL,2.17,FALSE,NA,266
9/23/2023,2023,38,5,42.002583,-82.578633,Surface,1,SES_C,mgL,1.26,TRUE,NA,266
9/23/2023,2023,38,5,42.002583,-82.578633,Bottom,8.1,SES_C,mgL,1.27,FALSE,NA,266
9/23/2023,2023,38,6,42.0222,-82.669683,Surface,1,SES_C,mgL,1.09,FALSE,NA,266
9/23/2023,2023,38,6,42.0222,-82.669683,Bottom,7.9,SES_C,mgL,1.05,FALSE,NA,266
9/23/2023,2023,38,7,41.99605,-82.7179,Surface,1,SES_C,mgL,1,FALSE,NA,266
9/23/2023,2023,38,7,41.99605,-82.7179,Bottom,9.5,SES_C,mgL,1.06,FALSE,NA,266
10/3/2023,2023,40,2,41.913017,-82.73665,Surface,1,SES_C,mgL,0.93,FALSE,NA,276
10/3/2023,2023,40,2,41.913017,-82.73665,Bottom,10.9,SES_C,mgL,0.89,FALSE,NA,276
10/3/2023,2023,40,4,41.8927,-82.525767,Surface,1,SES_C,mgL,1.08,FALSE,NA,276
10/3/2023,2023,40,4,41.8927,-82.525767,Bottom,9.8,SES_C,mgL,0.94,FALSE,NA,276
10/3/2023,2023,40,5,42.002583,-82.578633,Surface,1,SES_C,mgL,0.96,FALSE,NA,276
10/3/2023,2023,40,5,42.002583,-82.578633,Bottom,8.1,SES_C,mgL,0.96,FALSE,NA,276
10/3/2023,2023,40,6,42.0222,-82.669683,Surface,1,SES_C,mgL,0.9,FALSE,NA,276
10/3/2023,2023,40,7,41.99605,-82.7179,Surface,1,SES_C,mgL,0.84,FALSE,NA,276
10/3/2023,2023,40,7,41.99605,-82.7179,Bottom,9.5,SES_C,mgL,1.03,FALSE,NA,276
8/17/2022,2022,34,2,41.913017,-82.7367,Surface,1,SES_N,mgL,0.1,FALSE,NA,229
8/17/2022,2022,34,2,41.913017,-82.7367,Bottom,11,SES_N,mgL,0.14,FALSE,NA,229
8/17/2022,2022,34,4,41.8927,-82.5258,Surface,1,SES_N,mgL,0.08,TRUE,NA,229
8/17/2022,2022,34,4,41.8927,-82.5258,Bottom,8,SES_N,mgL,0.08,TRUE,NA,229
8/17/2022,2022,34,5,42.002583,-82.5786,Surface,1,SES_N,mgL,0.06,FALSE,NA,229
8/17/2022,2022,34,5,42.002583,-82.5786,Bottom,8.5,SES_N,mgL,0.12,TRUE,NA,229
8/17/2022,2022,34,6,42.0222,-82.6697,Surface,1,SES_N,mgL,0.08,TRUE,NA,229
8/17/2022,2022,34,6,42.0222,-82.6697,Bottom,8,SES_N,mgL,0.08,TRUE,NA,229
8/17/2022,2022,34,7,41.99605,-82.7179,Surface,1,SES_N,mgL,0.05,FALSE,NA,229
8/17/2022,2022,34,7,41.99605,-82.7179,Bottom,9.5,SES_N,mgL,0.09,TRUE,NA,229
8/23/2022,2022,35,2,41.913017,-82.7367,Surface,1,SES_N,mgL,0.08,FALSE,NA,235
8/23/2022,2022,35,2,41.913017,-82.7367,Bottom,11,SES_N,mgL,0.08,FALSE,NA,235
8/23/2022,2022,35,4,41.8927,-82.5258,Surface,1,SES_N,mgL,0.09,TRUE,NA,235
8/23/2022,2022,35,4,41.8927,-82.5258,Bottom,8,SES_N,mgL,0.07,FALSE,NA,235
8/23/2022,2022,35,5,42.002583,-82.5786,Surface,1,SES_N,mgL,0.06,FALSE,NA,235
8/23/2022,2022,35,5,42.002583,-82.5786,Bottom,8.5,SES_N,mgL,0.16,FALSE,NA,235
8/23/2022,2022,35,6,42.0222,-82.6697,Surface,1,SES_N,mgL,0.09,TRUE,NA,235
8/23/2022,2022,35,6,42.0222,-82.6697,Bottom,8,SES_N,mgL,0.08,FALSE,NA,235
8/23/2022,2022,35,7,41.99605,-82.7179,Surface,1,SES_N,mgL,0.06,FALSE,NA,235
8/23/2022,2022,35,7,41.99605,-82.7179,Bottom,9.5,SES_N,mgL,0.08,FALSE,NA,235
5/18/2023,2023,20,4,41.8927,-82.525767,Surface,1,SES_N,mgL,0.05,TRUE,NA,138
5/18/2023,2023,20,4,41.8927,-82.525767,Bottom,9.8,SES_N,mgL,0.06,TRUE,NA,138
5/18/2023,2023,20,5,42.002583,-82.578633,Surface,1,SES_N,mgL,0.08,TRUE,NA,138
5/18/2023,2023,20,5,42.002583,-82.578633,Bottom,8.1,SES_N,mgL,0.07,TRUE,NA,138
6/23/2023,2023,25,5,42.002583,-82.578633,Bottom,8.1,SES_N,mgL,0.25,FALSE,NA,174
6/23/2023,2023,25,6,42.0222,-82.669683,Surface,1,SES_N,mgL,0.05,FALSE,NA,174
6/23/2023,2023,25,7,41.99605,-82.7179,Surface,1,SES_N,mgL,0.06,FALSE,NA,174
6/23/2023,2023,25,7,41.99605,-82.7179,Bottom,9.5,SES_N,mgL,0.07,FALSE,NA,174
7/10/2023,2023,28,2,41.913017,-82.73665,Surface,1,SES_N,mgL,0.05,FALSE,NA,191
7/10/2023,2023,28,2,41.913017,-82.73665,Bottom,10.9,SES_N,mgL,0.05,FALSE,NA,191
7/10/2023,2023,28,4,41.8927,-82.525767,Surface,1,SES_N,mgL,0.08,FALSE,NA,191
7/10/2023,2023,28,4,41.8927,-82.525767,Bottom,9.8,SES_N,mgL,0.08,FALSE,NA,191
7/10/2023,2023,28,5,42.002583,-82.578633,Surface,1,SES_N,mgL,0.11,FALSE,NA,191
7/10/2023,2023,28,5,42.002583,-82.578633,Bottom,8.1,SES_N,mgL,0.11,FALSE,NA,191
7/10/2023,2023,28,6,42.0222,-82.669683,Surface,1,SES_N,mgL,0.05,FALSE,NA,191
7/10/2023,2023,28,6,42.0222,-82.669683,Bottom,7.9,SES_N,mgL,0.07,FALSE,NA,191
7/10/2023,2023,28,7,41.99605,-82.7179,Surface,1,SES_N,mgL,0.06,FALSE,NA,191
7/10/2023,2023,28,7,41.99605,-82.7179,Bottom,9.5,SES_N,mgL,0.08,FALSE,NA,191
7/19/2023,2023,29,2,41.913017,-82.73665,Surface,1,SES_N,mgL,0.06,FALSE,NA,200
7/19/2023,2023,29,2,41.913017,-82.73665,Bottom,10.9,SES_N,mgL,0.09,FALSE,NA,200
7/19/2023,2023,29,4,41.8927,-82.525767,Surface,1,SES_N,mgL,0.05,FALSE,NA,200
7/19/2023,2023,29,4,41.8927,-82.525767,Bottom,9.8,SES_N,mgL,0.07,FALSE,NA,200
7/19/2023,2023,29,5,42.002583,-82.578633,Surface,1,SES_N,mgL,0.06,FALSE,NA,200
7/19/2023,2023,29,5,42.002583,-82.578633,Bottom,8.1,SES_N,mgL,0.12,FALSE,NA,200
7/19/2023,2023,29,6,42.0222,-82.669683,Surface,1,SES_N,mgL,0.07,FALSE,NA,200
7/19/2023,2023,29,6,42.0222,-82.669683,Bottom,7.9,SES_N,mgL,0.14,FALSE,NA,200
7/19/2023,2023,29,7,41.99605,-82.7179,Surface,1,SES_N,mgL,0.07,FALSE,NA,200
7/19/2023,2023,29,7,41.99605,-82.7179,Bottom,9.5,SES_N,mgL,0.08,FALSE,NA,200
7/25/2023,2023,30,2,41.913017,-82.73665,Surface,1,SES_N,mgL,0.05,FALSE,NA,206
7/25/2023,2023,30,2,41.913017,-82.73665,Bottom,10.9,SES_N,mgL,0.08,FALSE,NA,206
7/25/2023,2023,30,4,41.8927,-82.525767,Surface,1,SES_N,mgL,0.09,FALSE,NA,206
7/25/2023,2023,30,4,41.8927,-82.525767,Bottom,9.8,SES_N,mgL,0.06,FALSE,NA,206
7/25/2023,2023,30,5,42.002583,-82.578633,Surface,1,SES_N,mgL,0.07,FALSE,NA,206
7/25/2023,2023,30,5,42.002583,-82.578633,Bottom,8.1,SES_N,mgL,0.09,FALSE,NA,206
7/25/2023,2023,30,6,42.0222,-82.669683,Surface,1,SES_N,mgL,0.06,FALSE,NA,206
7/25/2023,2023,30,7,41.99605,-82.7179,Surface,1,SES_N,mgL,0.06,FALSE,NA,206
7/25/2023,2023,30,7,41.99605,-82.7179,Bottom,9.5,SES_N,mgL,0.12,FALSE,NA,206
8/1/2023,2023,31,2,41.913017,-82.73665,Surface,1,SES_N,mgL,0.08,FALSE,NA,213
8/1/2023,2023,31,2,41.913017,-82.73665,Bottom,10.9,SES_N,mgL,0.07,FALSE,NA,213
8/1/2023,2023,31,4,41.8927,-82.525767,Surface,1,SES_N,mgL,0.08,FALSE,NA,213
8/1/2023,2023,31,4,41.8927,-82.525767,Bottom,9.8,SES_N,mgL,0.15,FALSE,NA,213
8/1/2023,2023,31,5,42.002583,-82.578633,Surface,1,SES_N,mgL,0.07,FALSE,NA,213
8/1/2023,2023,31,5,42.002583,-82.578633,Bottom,8.1,SES_N,mgL,0.11,FALSE,NA,213
8/1/2023,2023,31,6,42.0222,-82.669683,Surface,1,SES_N,mgL,0.08,FALSE,NA,213
8/1/2023,2023,31,6,42.0222,-82.669683,Bottom,7.9,SES_N,mgL,0.13,FALSE,NA,213
8/1/2023,2023,31,7,41.99605,-82.7179,Surface,1,SES_N,mgL,0.1,FALSE,NA,213
8/1/2023,2023,31,7,41.99605,-82.7179,Bottom,9.5,SES_N,mgL,0.12,FALSE,NA,213
8/16/2023,2023,33,2,41.913017,-82.73665,Surface,1,SES_N,mgL,0.08,FALSE,NA,228
8/16/2023,2023,33,2,41.913017,-82.73665,Bottom,10.9,SES_N,mgL,0.11,FALSE,NA,228
8/16/2023,2023,33,4,41.8927,-82.525767,Surface,1,SES_N,mgL,0.05,FALSE,NA,228
8/16/2023,2023,33,4,41.8927,-82.525767,Bottom,9.8,SES_N,mgL,0.12,FALSE,NA,228
8/16/2023,2023,33,5,42.002583,-82.578633,Surface,1,SES_N,mgL,0.13,FALSE,NA,228
8/16/2023,2023,33,5,42.002583,-82.578633,Bottom,8.1,SES_N,mgL,0.17,FALSE,NA,228
8/16/2023,2023,33,6,42.0222,-82.669683,Surface,1,SES_N,mgL,0.09,TRUE,NA,228
8/16/2023,2023,33,6,42.0222,-82.669683,Bottom,7.9,SES_N,mgL,0.12,TRUE,NA,228
8/16/2023,2023,33,7,41.99605,-82.7179,Surface,1,SES_N,mgL,0.13,FALSE,NA,228
8/16/2023,2023,33,7,41.99605,-82.7179,Bottom,9.5,SES_N,mgL,0.12,TRUE,NA,228
8/28/2023,2023,35,2,41.913017,-82.73665,Surface,1,SES_N,mgL,0.07,FALSE,NA,240
8/28/2023,2023,35,2,41.913017,-82.73665,Bottom,10.9,SES_N,mgL,0.09,FALSE,NA,240
8/28/2023,2023,35,4,41.8927,-82.525767,Surface,1,SES_N,mgL,0.11,TRUE,NA,240
8/28/2023,2023,35,4,41.8927,-82.525767,Bottom,9.8,SES_N,mgL,0.11,TRUE,NA,240
8/28/2023,2023,35,5,42.002583,-82.578633,Surface,1,SES_N,mgL,0.12,FALSE,NA,240
8/28/2023,2023,35,5,42.002583,-82.578633,Bottom,8.1,SES_N,mgL,0.16,FALSE,NA,240
8/28/2023,2023,35,6,42.0222,-82.669683,Surface,1,SES_N,mgL,0.09,FALSE,NA,240
8/28/2023,2023,35,6,42.0222,-82.669683,Bottom,7.9,SES_N,mgL,0.11,FALSE,NA,240
8/28/2023,2023,35,7,41.99605,-82.7179,Surface,1,SES_N,mgL,0.07,FALSE,NA,240
8/28/2023,2023,35,7,41.99605,-82.7179,Bottom,9.5,SES_N,mgL,0.09,FALSE,NA,240
9/15/2023,2023,37,2,41.913017,-82.73665,Surface,1,SES_N,mgL,0.11,FALSE,NA,258
9/15/2023,2023,37,2,41.913017,-82.73665,Bottom,10.9,SES_N,mgL,0.11,FALSE,NA,258
9/15/2023,2023,37,4,41.8927,-82.525767,Surface,1,SES_N,mgL,0.12,TRUE,NA,258
9/15/2023,2023,37,4,41.8927,-82.525767,Bottom,9.8,SES_N,mgL,0.14,TRUE,NA,258
9/15/2023,2023,37,5,42.002583,-82.578633,Surface,1,SES_N,mgL,0.14,FALSE,NA,258
9/15/2023,2023,37,5,42.002583,-82.578633,Bottom,8.1,SES_N,mgL,0.18,TRUE,NA,258
9/15/2023,2023,37,6,42.0222,-82.669683,Surface,1,SES_N,mgL,0.1,TRUE,NA,258
9/15/2023,2023,37,6,42.0222,-82.669683,Bottom,7.9,SES_N,mgL,0.16,FALSE,NA,258
9/15/2023,2023,37,7,41.99605,-82.7179,Surface,1,SES_N,mgL,0.13,FALSE,NA,258
9/15/2023,2023,37,7,41.99605,-82.7179,Bottom,9.5,SES_N,mgL,0.16,FALSE,NA,258
9/23/2023,2023,38,2,41.913017,-82.73665,Surface,1,SES_N,mgL,0.1,FALSE,NA,266
9/23/2023,2023,38,2,41.913017,-82.73665,Bottom,10.9,SES_N,mgL,0.12,FALSE,NA,266
9/23/2023,2023,38,4,41.8927,-82.525767,Surface,1,SES_N,mgL,0.1,TRUE,NA,266
9/23/2023,2023,38,4,41.8927,-82.525767,Bottom,9.8,SES_N,mgL,0.31,FALSE,NA,266
9/23/2023,2023,38,5,42.002583,-82.578633,Surface,1,SES_N,mgL,0.12,FALSE,NA,266
9/23/2023,2023,38,5,42.002583,-82.578633,Bottom,8.1,SES_N,mgL,0.17,FALSE,NA,266
9/23/2023,2023,38,6,42.0222,-82.669683,Surface,1,SES_N,mgL,0.1,FALSE,NA,266
9/23/2023,2023,38,6,42.0222,-82.669683,Bottom,7.9,SES_N,mgL,0.13,FALSE,NA,266
9/23/2023,2023,38,7,41.99605,-82.7179,Surface,1,SES_N,mgL,0.1,TRUE,NA,266
9/23/2023,2023,38,7,41.99605,-82.7179,Bottom,9.5,SES_N,mgL,0.13,FALSE,NA,266
10/3/2023,2023,40,2,41.913017,-82.73665,Surface,1,SES_N,mgL,0.14,FALSE,NA,276
10/3/2023,2023,40,2,41.913017,-82.73665,Bottom,10.9,SES_N,mgL,0.08,TRUE,NA,276
10/3/2023,2023,40,4,41.8927,-82.525767,Surface,1,SES_N,mgL,0.08,FALSE,NA,276
10/3/2023,2023,40,4,41.8927,-82.525767,Bottom,9.8,SES_N,mgL,0.11,FALSE,NA,276
10/3/2023,2023,40,5,42.002583,-82.578633,Surface,1,SES_N,mgL,0.08,FALSE,NA,276
10/3/2023,2023,40,5,42.002583,-82.578633,Bottom,8.1,SES_N,mgL,0.14,FALSE,NA,276
10/3/2023,2023,40,6,42.0222,-82.669683,Surface,1,SES_N,mgL,0.09,FALSE,NA,276
10/3/2023,2023,40,7,41.99605,-82.7179,Surface,1,SES_N,mgL,0.07,FALSE,NA,276
10/3/2023,2023,40,7,41.99605,-82.7179,Bottom,9.5,SES_N,mgL,0.13,FALSE,NA,276
5/16/2022,2022,21,2,41.913017,-82.7367,Surface,1,SRP,ugL,3.26,FALSE,NA,136
5/16/2022,2022,21,2,41.913017,-82.7367,Bottom,11,SRP,ugL,4.3,FALSE,NA,136
5/16/2022,2022,21,4,41.8927,-82.5258,Surface,1,SRP,ugL,3.45,FALSE,NA,136
5/16/2022,2022,21,4,41.8927,-82.5258,Bottom,8,SRP,ugL,2.69,FALSE,NA,136
5/16/2022,2022,21,5,42.002583,-82.5786,Surface,1,SRP,ugL,1.87,FALSE,NA,136
5/16/2022,2022,21,5,42.002583,-82.5786,Bottom,8.5,SRP,ugL,5.42,FALSE,NA,136
5/16/2022,2022,21,6,42.0222,-82.6697,Surface,1,SRP,ugL,7.02,FALSE,NA,136
5/16/2022,2022,21,6,42.0222,-82.6697,Bottom,8,SRP,ugL,4.47,FALSE,NA,136
5/16/2022,2022,21,7,41.99605,-82.7179,Surface,1,SRP,ugL,2.89,FALSE,NA,136
5/16/2022,2022,21,7,41.99605,-82.7179,Bottom,9.5,SRP,ugL,3.35,TRUE,NA,136
5/28/2022,2022,22,2,41.913017,-82.7367,Surface,1,SRP,ugL,1.95,FALSE,NA,148
5/28/2022,2022,22,2,41.913017,-82.7367,Bottom,11,SRP,ugL,1.8,TRUE,NA,148
5/28/2022,2022,22,4,41.8927,-82.5258,Surface,1,SRP,ugL,1.82,TRUE,NA,148
5/28/2022,2022,22,4,41.8927,-82.5258,Bottom,8,SRP,ugL,1.8,TRUE,NA,148
5/28/2022,2022,22,5,42.002583,-82.5786,Surface,1,SRP,ugL,3.61,FALSE,NA,148
5/28/2022,2022,22,5,42.002583,-82.5786,Bottom,8.5,SRP,ugL,4.74,FALSE,NA,148
5/28/2022,2022,22,6,42.0222,-82.6697,Surface,1,SRP,ugL,7.02,FALSE,NA,148
5/28/2022,2022,22,6,42.0222,-82.6697,Bottom,8,SRP,ugL,4.47,FALSE,NA,148
5/28/2022,2022,22,7,41.99605,-82.7179,Surface,1,SRP,ugL,5.47,TRUE,NA,148
5/28/2022,2022,22,7,41.99605,-82.7179,Bottom,9.5,SRP,ugL,6.04,FALSE,NA,148
6/9/2022,2022,24,2,41.913017,-82.7367,Surface,1,SRP,ugL,5.64,FALSE,NA,160
6/9/2022,2022,24,2,41.913017,-82.7367,Bottom,11,SRP,ugL,5.5,FALSE,NA,160
6/9/2022,2022,24,4,41.8927,-82.5258,Surface,1,SRP,ugL,3.59,FALSE,NA,160
6/9/2022,2022,24,4,41.8927,-82.5258,Bottom,8,SRP,ugL,3.5,FALSE,NA,160
6/9/2022,2022,24,5,42.002583,-82.5786,Surface,1,SRP,ugL,2.8,FALSE,NA,160
6/9/2022,2022,24,5,42.002583,-82.5786,Bottom,8.5,SRP,ugL,2.2,TRUE,NA,160
6/9/2022,2022,24,6,42.0222,-82.6697,Surface,1,SRP,ugL,3.43,FALSE,NA,160
6/9/2022,2022,24,6,42.0222,-82.6697,Bottom,8,SRP,ugL,5.69,FALSE,NA,160
6/9/2022,2022,24,7,41.99605,-82.7179,Surface,1,SRP,ugL,2.94,TRUE,NA,160
6/9/2022,2022,24,7,41.99605,-82.7179,Bottom,9.5,SRP,ugL,3.27,FALSE,NA,160
6/24/2022,2022,26,2,41.913017,-82.7367,Surface,1,SRP,ugL,3.03,FALSE,NA,175
6/24/2022,2022,26,2,41.913017,-82.7367,Bottom,11,SRP,ugL,3.81,FALSE,NA,175
6/24/2022,2022,26,4,41.8927,-82.5258,Surface,1,SRP,ugL,2.61,FALSE,NA,175
6/24/2022,2022,26,4,41.8927,-82.5258,Bottom,8,SRP,ugL,5.14,FALSE,NA,175
6/24/2022,2022,26,5,42.002583,-82.5786,Surface,1,SRP,ugL,3.69,FALSE,NA,175
6/24/2022,2022,26,5,42.002583,-82.5786,Bottom,8.5,SRP,ugL,11.27,FALSE,NA,175
6/24/2022,2022,26,6,42.0222,-82.6697,Surface,1,SRP,ugL,2.04,FALSE,NA,175
6/24/2022,2022,26,6,42.0222,-82.6697,Bottom,8,SRP,ugL,6.64,FALSE,NA,175
6/24/2022,2022,26,7,41.99605,-82.7179,Surface,1,SRP,ugL,2.25,FALSE,NA,175
6/24/2022,2022,26,7,41.99605,-82.7179,Bottom,9.5,SRP,ugL,4.95,FALSE,NA,175
7/7/2022,2022,28,2,41.913017,-82.7367,Surface,1,SRP,ugL,8.88,FALSE,NA,188
7/7/2022,2022,28,2,41.913017,-82.7367,Bottom,11,SRP,ugL,14.79,FALSE,NA,188
7/7/2022,2022,28,4,41.8927,-82.5258,Surface,1,SRP,ugL,2.67,FALSE,NA,188
7/7/2022,2022,28,4,41.8927,-82.5258,Bottom,8,SRP,ugL,6.47,FALSE,NA,188
7/7/2022,2022,28,5,42.002583,-82.5786,Surface,1,SRP,ugL,4.22,FALSE,NA,188
7/7/2022,2022,28,5,42.002583,-82.5786,Bottom,8.5,SRP,ugL,17.59,FALSE,NA,188
7/7/2022,2022,28,6,42.0222,-82.6697,Surface,1,SRP,ugL,3.31,TRUE,NA,188
7/7/2022,2022,28,6,42.0222,-82.6697,Bottom,8,SRP,ugL,3.24,FALSE,NA,188
7/7/2022,2022,28,7,41.99605,-82.7179,Surface,1,SRP,ugL,3.08,FALSE,NA,188
7/7/2022,2022,28,7,41.99605,-82.7179,Bottom,9.5,SRP,ugL,11.6,FALSE,NA,188
7/26/2022,2022,31,2,41.913017,-82.7367,Surface,1,SRP,ugL,7.87,FALSE,NA,207
7/26/2022,2022,31,2,41.913017,-82.7367,Bottom,11,SRP,ugL,6.73,FALSE,NA,207
7/26/2022,2022,31,4,41.8927,-82.5258,Surface,1,SRP,ugL,4.74,FALSE,NA,207
7/26/2022,2022,31,4,41.8927,-82.5258,Bottom,8,SRP,ugL,2.77,TRUE,NA,207
7/26/2022,2022,31,5,42.002583,-82.5786,Surface,1,SRP,ugL,8.46,FALSE,NA,207
7/26/2022,2022,31,5,42.002583,-82.5786,Bottom,8.5,SRP,ugL,1.85,FALSE,NA,207
7/26/2022,2022,31,6,42.0222,-82.6697,Surface,1,SRP,ugL,6.15,FALSE,NA,207
7/26/2022,2022,31,6,42.0222,-82.6697,Bottom,8,SRP,ugL,2.2,FALSE,NA,207
7/26/2022,2022,31,7,41.99605,-82.7179,Surface,1,SRP,ugL,5.26,FALSE,NA,207
7/26/2022,2022,31,7,41.99605,-82.7179,Bottom,9.5,SRP,ugL,5.88,FALSE,NA,207
8/5/2022,2022,32,5,42.002583,-82.5786,Surface,1,SRP,ugL,2.26,FALSE,NA,217
8/5/2022,2022,32,5,42.002583,-82.5786,Bottom,8.5,SRP,ugL,1.88,FALSE,NA,217
8/5/2022,2022,32,6,42.0222,-82.6697,Surface,1,SRP,ugL,1.66,FALSE,NA,217
8/5/2022,2022,32,6,42.0222,-82.6697,Bottom,8,SRP,ugL,1.63,FALSE,NA,217
8/5/2022,2022,32,7,41.99605,-82.7179,Surface,1,SRP,ugL,1.93,FALSE,NA,217
8/5/2022,2022,32,7,41.99605,-82.7179,Bottom,9.5,SRP,ugL,2.18,FALSE,NA,217
8/9/2022,2022,33,2,41.913017,-82.7367,Surface,1,SRP,ugL,1.52,FALSE,NA,221
8/9/2022,2022,33,2,41.913017,-82.7367,Bottom,11,SRP,ugL,1.36,FALSE,NA,221
8/9/2022,2022,33,4,41.8927,-82.5258,Surface,1,SRP,ugL,2.53,FALSE,NA,221
8/9/2022,2022,33,4,41.8927,-82.5258,Bottom,8,SRP,ugL,1.98,FALSE,NA,221
8/9/2022,2022,33,5,42.002583,-82.5786,Surface,1,SRP,ugL,9.59,FALSE,NA,221
8/9/2022,2022,33,5,42.002583,-82.5786,Bottom,8.5,SRP,ugL,6.91,FALSE,NA,221
8/9/2022,2022,33,6,42.0222,-82.6697,Surface,1,SRP,ugL,9.01,FALSE,NA,221
8/9/2022,2022,33,6,42.0222,-82.6697,Bottom,8,SRP,ugL,11.72,FALSE,NA,221
8/9/2022,2022,33,7,41.99605,-82.7179,Surface,1,SRP,ugL,5.03,FALSE,NA,221
8/9/2022,2022,33,7,41.99605,-82.7179,Bottom,9.5,SRP,ugL,9.75,FALSE,NA,221
8/17/2022,2022,34,2,41.913017,-82.7367,Surface,1,SRP,ugL,0.76,TRUE,NA,229
8/17/2022,2022,34,2,41.913017,-82.7367,Bottom,11,SRP,ugL,1.09,TRUE,NA,229
8/17/2022,2022,34,4,41.8927,-82.5258,Surface,1,SRP,ugL,3.7,TRUE,NA,229
8/17/2022,2022,34,4,41.8927,-82.5258,Bottom,8,SRP,ugL,3.45,TRUE,NA,229
8/17/2022,2022,34,5,42.002583,-82.5786,Surface,1,SRP,ugL,0.72,FALSE,NA,229
8/17/2022,2022,34,5,42.002583,-82.5786,Bottom,8.5,SRP,ugL,0.3,FALSE,NA,229
8/17/2022,2022,34,6,42.0222,-82.6697,Surface,1,SRP,ugL,0.64,TRUE,NA,229
8/17/2022,2022,34,6,42.0222,-82.6697,Bottom,8,SRP,ugL,1.33,TRUE,NA,229
8/17/2022,2022,34,7,41.99605,-82.7179,Surface,1,SRP,ugL,1.36,FALSE,NA,229
8/17/2022,2022,34,7,41.99605,-82.7179,Bottom,9.5,SRP,ugL,0.87,TRUE,NA,229
8/23/2022,2022,35,2,41.913017,-82.7367,Surface,1,SRP,ugL,2.23,TRUE,NA,235
8/23/2022,2022,35,2,41.913017,-82.7367,Bottom,11,SRP,ugL,2.93,TRUE,NA,235
8/23/2022,2022,35,4,41.8927,-82.5258,Surface,1,SRP,ugL,0.49,TRUE,NA,235
8/23/2022,2022,35,4,41.8927,-82.5258,Bottom,8,SRP,ugL,1.03,TRUE,NA,235
8/23/2022,2022,35,5,42.002583,-82.5786,Surface,1,SRP,ugL,0.49,FALSE,NA,235
8/23/2022,2022,35,5,42.002583,-82.5786,Bottom,8.5,SRP,ugL,1.77,TRUE,NA,235
8/23/2022,2022,35,6,42.0222,-82.6697,Surface,1,SRP,ugL,1.28,FALSE,NA,235
8/23/2022,2022,35,6,42.0222,-82.6697,Bottom,8,SRP,ugL,1.87,FALSE,NA,235
8/23/2022,2022,35,7,41.99605,-82.7179,Surface,1,SRP,ugL,2.31,FALSE,NA,235
8/23/2022,2022,35,7,41.99605,-82.7179,Bottom,9.5,SRP,ugL,1.49,TRUE,NA,235
9/1/2022,2022,36,2,41.913017,-82.7367,Surface,1,SRP,ugL,3.11,FALSE,NA,244
9/1/2022,2022,36,2,41.913017,-82.7367,Bottom,11,SRP,ugL,4.33,TRUE,NA,244
9/1/2022,2022,36,4,41.8927,-82.5258,Surface,1,SRP,ugL,2.56,FALSE,NA,244
9/1/2022,2022,36,4,41.8927,-82.5258,Bottom,8,SRP,ugL,2.92,TRUE,NA,244
9/1/2022,2022,36,5,42.002583,-82.5786,Surface,1,SRP,ugL,3.62,FALSE,NA,244
9/1/2022,2022,36,5,42.002583,-82.5786,Bottom,8.5,SRP,ugL,4.25,FALSE,NA,244
9/1/2022,2022,36,6,42.0222,-82.6697,Surface,1,SRP,ugL,2.18,FALSE,NA,244
9/1/2022,2022,36,6,42.0222,-82.6697,Bottom,8,SRP,ugL,1.82,TRUE,NA,244
9/1/2022,2022,36,7,41.99605,-82.7179,Surface,1,SRP,ugL,2.88,TRUE,NA,244
9/1/2022,2022,36,7,41.99605,-82.7179,Bottom,9.5,SRP,ugL,2.29,FALSE,NA,244
9/6/2022,2022,37,4,41.8927,-82.5258,Surface,1,SRP,ugL,9.48,TRUE,NA,249
9/6/2022,2022,37,4,41.8927,-82.5258,Bottom,8,SRP,ugL,29.36,TRUE,NA,249
9/6/2022,2022,37,5,42.002583,-82.5786,Surface,1,SRP,ugL,14.62,TRUE,NA,249
9/6/2022,2022,37,5,42.002583,-82.5786,Bottom,8.5,SRP,ugL,2.39,FALSE,NA,249
9/6/2022,2022,37,6,42.0222,-82.6697,Surface,1,SRP,ugL,4.38,TRUE,NA,249
9/6/2022,2022,37,6,42.0222,-82.6697,Bottom,8,SRP,ugL,4.35,TRUE,NA,249
9/8/2022,2022,37,2,41.913017,-82.7367,Surface,1,SRP,ugL,2.99,TRUE,NA,251
9/8/2022,2022,37,2,41.913017,-82.7367,Bottom,11,SRP,ugL,21.32,TRUE,NA,251
9/8/2022,2022,37,7,41.99605,-82.7179,Surface,1,SRP,ugL,1.77,TRUE,NA,251
9/8/2022,2022,37,7,41.99605,-82.7179,Bottom,9.5,SRP,ugL,2.56,FALSE,NA,251
9/23/2022,2022,39,2,41.913017,-82.7367,Bottom,11,SRP,ugL,3.1,FALSE,NA,266
9/23/2022,2022,39,4,41.8927,-82.5258,Surface,1,SRP,ugL,2.69,TRUE,NA,266
9/23/2022,2022,39,4,41.8927,-82.5258,Bottom,8,SRP,ugL,2.86,FALSE,NA,266
9/23/2022,2022,39,5,42.002583,-82.5786,Surface,1,SRP,ugL,1.66,FALSE,NA,266
9/23/2022,2022,39,5,42.002583,-82.5786,Bottom,8.5,SRP,ugL,1.98,FALSE,NA,266
9/23/2022,2022,39,6,42.0222,-82.6697,Surface,1,SRP,ugL,3.14,TRUE,NA,266
9/23/2022,2022,39,6,42.0222,-82.6697,Bottom,8,SRP,ugL,3.04,TRUE,NA,266
9/23/2022,2022,39,7,41.99605,-82.7179,Surface,1,SRP,ugL,1.84,TRUE,NA,266
9/23/2022,2022,39,7,41.99605,-82.7179,Bottom,9.5,SRP,ugL,1.99,FALSE,NA,266
5/30/2023,2023,22,2,41.913017,-82.73665,Bottom,10.9,SRP,ugL,1.27,FALSE,NA,150
5/30/2023,2023,22,4,41.8927,-82.525767,Surface,1,SRP,ugL,0.79,FALSE,NA,150
5/30/2023,2023,22,4,41.8927,-82.525767,Bottom,9.8,SRP,ugL,0.87,FALSE,NA,150
5/30/2023,2023,22,5,42.002583,-82.578633,Surface,1,SRP,ugL,1.09,FALSE,NA,150
5/30/2023,2023,22,5,42.002583,-82.578633,Bottom,8.1,SRP,ugL,0.9,FALSE,NA,150
5/30/2023,2023,22,6,42.0222,-82.669683,Surface,1,SRP,ugL,1.53,FALSE,NA,150
5/30/2023,2023,22,6,42.0222,-82.669683,Bottom,7.9,SRP,ugL,1.02,TRUE,NA,150
5/30/2023,2023,22,7,41.99605,-82.7179,Surface,1,SRP,ugL,2.2,FALSE,NA,150
5/30/2023,2023,22,7,41.99605,-82.7179,Bottom,9.5,SRP,ugL,1.33,TRUE,NA,150
6/11/2023,2023,24,2,41.913017,-82.73665,Surface,1,SRP,ugL,0.6,TRUE,NA,162
6/11/2023,2023,24,2,41.913017,-82.73665,Bottom,10.9,SRP,ugL,0.54,FALSE,NA,162
6/11/2023,2023,24,5,42.002583,-82.578633,Surface,1,SRP,ugL,0.6,TRUE,NA,162
6/11/2023,2023,24,5,42.002583,-82.578633,Bottom,8.1,SRP,ugL,0.67,FALSE,NA,162
6/11/2023,2023,24,6,42.0222,-82.669683,Surface,1,SRP,ugL,0.91,TRUE,NA,162
6/11/2023,2023,24,6,42.0222,-82.669683,Bottom,7.9,SRP,ugL,0.61,FALSE,NA,162
6/11/2023,2023,24,7,41.99605,-82.7179,Surface,1,SRP,ugL,0.6,FALSE,NA,162
6/11/2023,2023,24,7,41.99605,-82.7179,Bottom,9.5,SRP,ugL,1.42,FALSE,NA,162
6/23/2023,2023,25,2,41.913017,-82.73665,Surface,1,SRP,ugL,0.85,TRUE,NA,174
6/23/2023,2023,25,2,41.913017,-82.73665,Bottom,10.9,SRP,ugL,0.64,FALSE,NA,174
6/23/2023,2023,25,4,41.8927,-82.525767,Surface,1,SRP,ugL,0.87,FALSE,NA,174
6/23/2023,2023,25,4,41.8927,-82.525767,Bottom,9.8,SRP,ugL,1.29,TRUE,NA,174
6/23/2023,2023,25,5,42.002583,-82.578633,Surface,1,SRP,ugL,0.54,TRUE,NA,174
6/23/2023,2023,25,5,42.002583,-82.578633,Bottom,8.1,SRP,ugL,1,FALSE,NA,174
6/23/2023,2023,25,6,42.0222,-82.669683,Surface,1,SRP,ugL,0.58,TRUE,NA,174
6/23/2023,2023,25,6,42.0222,-82.669683,Bottom,7.9,SRP,ugL,0.97,TRUE,NA,174
6/23/2023,2023,25,7,41.99605,-82.7179,Surface,1,SRP,ugL,0.7,FALSE,NA,174
6/23/2023,2023,25,7,41.99605,-82.7179,Bottom,9.5,SRP,ugL,1.59,TRUE,NA,174
7/10/2023,2023,28,2,41.913017,-82.73665,Surface,1,SRP,ugL,0.81,FALSE,NA,191
7/10/2023,2023,28,2,41.913017,-82.73665,Bottom,10.9,SRP,ugL,0.99,TRUE,NA,191
7/10/2023,2023,28,4,41.8927,-82.525767,Surface,1,SRP,ugL,0.85,TRUE,NA,191
7/10/2023,2023,28,4,41.8927,-82.525767,Bottom,9.8,SRP,ugL,1.43,TRUE,NA,191
7/10/2023,2023,28,5,42.002583,-82.578633,Surface,1,SRP,ugL,0.93,TRUE,NA,191
7/10/2023,2023,28,5,42.002583,-82.578633,Bottom,8.1,SRP,ugL,0.76,TRUE,NA,191
7/10/2023,2023,28,6,42.0222,-82.669683,Surface,1,SRP,ugL,0.72,TRUE,NA,191
7/10/2023,2023,28,6,42.0222,-82.669683,Bottom,7.9,SRP,ugL,0.82,TRUE,NA,191
7/10/2023,2023,28,7,41.99605,-82.7179,Surface,1,SRP,ugL,1.06,TRUE,NA,191
7/10/2023,2023,28,7,41.99605,-82.7179,Bottom,9.5,SRP,ugL,1.49,TRUE,NA,191
7/19/2023,2023,29,2,41.913017,-82.73665,Surface,1,SRP,ugL,0.73,FALSE,NA,200
7/19/2023,2023,29,2,41.913017,-82.73665,Bottom,10.9,SRP,ugL,1.97,TRUE,NA,200
7/19/2023,2023,29,4,41.8927,-82.525767,Surface,1,SRP,ugL,0.64,FALSE,NA,200
7/19/2023,2023,29,4,41.8927,-82.525767,Bottom,9.8,SRP,ugL,0.91,TRUE,NA,200
7/19/2023,2023,29,5,42.002583,-82.578633,Surface,1,SRP,ugL,0.57,TRUE,NA,200
7/19/2023,2023,29,5,42.002583,-82.578633,Bottom,8.1,SRP,ugL,0.93,FALSE,NA,200
7/19/2023,2023,29,6,42.0222,-82.669683,Surface,1,SRP,ugL,1.14,TRUE,NA,200
7/19/2023,2023,29,6,42.0222,-82.669683,Bottom,7.9,SRP,ugL,1.76,FALSE,NA,200
7/19/2023,2023,29,7,41.99605,-82.7179,Surface,1,SRP,ugL,1.42,TRUE,NA,200
7/19/2023,2023,29,7,41.99605,-82.7179,Bottom,9.5,SRP,ugL,0.75,FALSE,NA,200
7/25/2023,2023,30,2,41.913017,-82.73665,Surface,1,SRP,ugL,1.7,TRUE,NA,206
7/25/2023,2023,30,2,41.913017,-82.73665,Bottom,10.9,SRP,ugL,1.12,FALSE,NA,206
7/25/2023,2023,30,4,41.8927,-82.525767,Surface,1,SRP,ugL,0.93,FALSE,NA,206
7/25/2023,2023,30,4,41.8927,-82.525767,Bottom,9.8,SRP,ugL,0.81,FALSE,NA,206
7/25/2023,2023,30,5,42.002583,-82.578633,Surface,1,SRP,ugL,0.75,TRUE,NA,206
7/25/2023,2023,30,5,42.002583,-82.578633,Bottom,8.1,SRP,ugL,3.1,TRUE,NA,206
7/25/2023,2023,30,6,42.0222,-82.669683,Surface,1,SRP,ugL,5.56,TRUE,NA,206
7/25/2023,2023,30,6,42.0222,-82.669683,Bottom,7.9,SRP,ugL,0.67,FALSE,NA,206
7/25/2023,2023,30,7,41.99605,-82.7179,Surface,1,SRP,ugL,1.17,TRUE,NA,206
7/25/2023,2023,30,7,41.99605,-82.7179,Bottom,9.5,SRP,ugL,1.2,TRUE,NA,206
8/1/2023,2023,31,2,41.913017,-82.73665,Surface,1,SRP,ugL,1,TRUE,NA,213
8/1/2023,2023,31,2,41.913017,-82.73665,Bottom,10.9,SRP,ugL,0.78,FALSE,NA,213
8/1/2023,2023,31,4,41.8927,-82.525767,Surface,1,SRP,ugL,0.45,TRUE,NA,213
8/1/2023,2023,31,4,41.8927,-82.525767,Bottom,9.8,SRP,ugL,0.34,FALSE,NA,213
8/1/2023,2023,31,5,42.002583,-82.578633,Surface,1,SRP,ugL,0.3,TRUE,NA,213
8/1/2023,2023,31,5,42.002583,-82.578633,Bottom,8.1,SRP,ugL,1.09,FALSE,NA,213
8/1/2023,2023,31,6,42.0222,-82.669683,Surface,1,SRP,ugL,0.72,FALSE,NA,213
8/1/2023,2023,31,6,42.0222,-82.669683,Bottom,7.9,SRP,ugL,0.91,TRUE,NA,213
8/1/2023,2023,31,7,41.99605,-82.7179,Surface,1,SRP,ugL,1.48,FALSE,NA,213
8/1/2023,2023,31,7,41.99605,-82.7179,Bottom,9.5,SRP,ugL,0.91,FALSE,NA,213
8/16/2023,2023,33,2,41.913017,-82.73665,Surface,1,SRP,ugL,1.38,TRUE,NA,228
8/16/2023,2023,33,2,41.913017,-82.73665,Bottom,10.9,SRP,ugL,1.2,FALSE,NA,228
8/16/2023,2023,33,4,41.8927,-82.525767,Surface,1,SRP,ugL,1.45,FALSE,NA,228
8/16/2023,2023,33,4,41.8927,-82.525767,Bottom,9.8,SRP,ugL,36.7,TRUE,NA,228
8/16/2023,2023,33,5,42.002583,-82.578633,Surface,1,SRP,ugL,2.69,FALSE,NA,228
8/16/2023,2023,33,5,42.002583,-82.578633,Bottom,8.1,SRP,ugL,0.91,TRUE,NA,228
8/16/2023,2023,33,6,42.0222,-82.669683,Surface,1,SRP,ugL,1.08,TRUE,NA,228
8/16/2023,2023,33,6,42.0222,-82.669683,Bottom,7.9,SRP,ugL,1.12,FALSE,NA,228
8/16/2023,2023,33,7,41.99605,-82.7179,Surface,1,SRP,ugL,0.84,FALSE,NA,228
8/16/2023,2023,33,7,41.99605,-82.7179,Bottom,9.5,SRP,ugL,0.85,TRUE,NA,228
8/28/2023,2023,35,2,41.913017,-82.73665,Surface,1,SRP,ugL,1.38,TRUE,NA,240
8/28/2023,2023,35,2,41.913017,-82.73665,Bottom,10.9,SRP,ugL,1.72,FALSE,NA,240
8/28/2023,2023,35,4,41.8927,-82.525767,Surface,1,SRP,ugL,1.45,FALSE,NA,240
8/28/2023,2023,35,4,41.8927,-82.525767,Bottom,9.8,SRP,ugL,2.39,FALSE,NA,240
8/28/2023,2023,35,5,42.002583,-82.578633,Surface,1,SRP,ugL,2.41,FALSE,NA,240
8/28/2023,2023,35,5,42.002583,-82.578633,Bottom,8.1,SRP,ugL,2.09,TRUE,NA,240
8/28/2023,2023,35,6,42.0222,-82.669683,Surface,1,SRP,ugL,3.91,TRUE,NA,240
8/28/2023,2023,35,6,42.0222,-82.669683,Bottom,7.9,SRP,ugL,1.68,FALSE,NA,240
8/28/2023,2023,35,7,41.99605,-82.7179,Bottom,9.5,SRP,ugL,2.57,TRUE,NA,240
9/15/2023,2023,37,2,41.913017,-82.73665,Surface,1,SRP,ugL,1.63,FALSE,NA,258
9/15/2023,2023,37,2,41.913017,-82.73665,Bottom,10.9,SRP,ugL,1.55,TRUE,NA,258
9/15/2023,2023,37,4,41.8927,-82.525767,Surface,1,SRP,ugL,1.64,TRUE,NA,258
9/15/2023,2023,37,4,41.8927,-82.525767,Bottom,9.8,SRP,ugL,1.24,TRUE,NA,258
9/15/2023,2023,37,5,42.002583,-82.578633,Surface,1,SRP,ugL,1.42,FALSE,NA,258
9/15/2023,2023,37,5,42.002583,-82.578633,Bottom,8.1,SRP,ugL,1.41,FALSE,NA,258
9/15/2023,2023,37,6,42.0222,-82.669683,Surface,1,SRP,ugL,0.75,FALSE,NA,258
9/15/2023,2023,37,6,42.0222,-82.669683,Bottom,7.9,SRP,ugL,1.5,FALSE,NA,258
9/15/2023,2023,37,7,41.99605,-82.7179,Surface,1,SRP,ugL,1.38,FALSE,NA,258
9/15/2023,2023,37,7,41.99605,-82.7179,Bottom,9.5,SRP,ugL,1.03,FALSE,NA,258
9/23/2023,2023,38,2,41.913017,-82.73665,Surface,1,SRP,ugL,2.42,FALSE,NA,266
9/23/2023,2023,38,2,41.913017,-82.73665,Bottom,10.9,SRP,ugL,0.9,FALSE,NA,266
9/23/2023,2023,38,4,41.8927,-82.525767,Surface,1,SRP,ugL,0.9,FALSE,NA,266
9/23/2023,2023,38,4,41.8927,-82.525767,Bottom,9.8,SRP,ugL,1.59,FALSE,NA,266
9/23/2023,2023,38,5,42.002583,-82.578633,Surface,1,SRP,ugL,1.11,FALSE,NA,266
9/23/2023,2023,38,5,42.002583,-82.578633,Bottom,8.1,SRP,ugL,1.12,FALSE,NA,266
9/23/2023,2023,38,6,42.0222,-82.669683,Surface,1,SRP,ugL,1.03,FALSE,NA,266
9/23/2023,2023,38,6,42.0222,-82.669683,Bottom,7.9,SRP,ugL,1.02,TRUE,NA,266
9/23/2023,2023,38,7,41.99605,-82.7179,Surface,1,SRP,ugL,1.08,FALSE,NA,266
9/23/2023,2023,38,7,41.99605,-82.7179,Bottom,9.5,SRP,ugL,1.51,FALSE,NA,266
10/3/2023,2023,40,2,41.913017,-82.73665,Surface,1,SRP,ugL,1.45,FALSE,NA,276
10/3/2023,2023,40,2,41.913017,-82.73665,Bottom,10.9,SRP,ugL,1.26,FALSE,NA,276
10/3/2023,2023,40,4,41.8927,-82.525767,Surface,1,SRP,ugL,1.73,FALSE,NA,276
10/3/2023,2023,40,4,41.8927,-82.525767,Bottom,9.8,SRP,ugL,1.59,TRUE,NA,276
10/3/2023,2023,40,5,42.002583,-82.578633,Surface,1,SRP,ugL,1.69,FALSE,NA,276
10/3/2023,2023,40,5,42.002583,-82.578633,Bottom,8.1,SRP,ugL,2.26,FALSE,NA,276
10/3/2023,2023,40,6,42.0222,-82.669683,Surface,1,SRP,ugL,1.24,FALSE,NA,276
10/3/2023,2023,40,6,42.0222,-82.669683,Bottom,7.9,SRP,ugL,1.68,TRUE,NA,276
10/3/2023,2023,40,7,41.99605,-82.7179,Surface,1,SRP,ugL,1.06,FALSE,NA,276
10/3/2023,2023,40,7,41.99605,-82.7179,Bottom,9.5,SRP,ugL,1.42,FALSE,NA,276
5/16/2024,2024,20,6,42.0222,-82.669683,Bottom,7,SRP,ugL,1.35,FALSE,NA,137
5/16/2024,2024,20,7,41.99605,-82.7179,Surface,1,SRP,ugL,2.12,TRUE,NA,137
5/16/2024,2024,20,7,41.99605,-82.7179,Bottom,9,SRP,ugL,4.43,FALSE,NA,137
5/23/2024,2024,21,4,41.8927,-82.525767,Surface,1,SRP,ugL,1.24,TRUE,NA,144
5/23/2024,2024,21,4,41.8927,-82.525767,Bottom,10,SRP,ugL,1.9,FALSE,NA,144
5/31/2024,2024,22,2,41.971783,-82.488083,Surface,1,SRP,ugL,0.51,TRUE,NA,152
5/31/2024,2024,22,2,41.971783,-82.488083,Bottom,10,SRP,ugL,2.92,FALSE,NA,152
5/31/2024,2024,22,4,41.8927,-82.525767,Surface,1,SRP,ugL,2.24,TRUE,NA,152
5/31/2024,2024,22,4,41.8927,-82.525767,Bottom,10,SRP,ugL,4.9,FALSE,NA,152
5/31/2024,2024,22,5,42.002583,-82.578633,Surface,1,SRP,ugL,2.95,TRUE,NA,152
5/31/2024,2024,22,5,42.002583,-82.578633,Bottom,7,SRP,ugL,3.4,FALSE,NA,152
5/31/2024,2024,22,6,42.0222,-82.669683,Surface,1,SRP,ugL,3.71,TRUE,NA,152
5/31/2024,2024,22,6,42.0222,-82.669683,Bottom,7,SRP,ugL,3.54,FALSE,NA,152
5/31/2024,2024,22,7,41.99605,-82.7179,Surface,1,SRP,ugL,1.91,TRUE,NA,152
5/31/2024,2024,22,7,41.99605,-82.7179,Bottom,9,SRP,ugL,2.13,FALSE,NA,152
6/19/2024,2024,25,2,41.971783,-82.488083,Surface,1,SRP,ugL,0.67,TRUE,NA,171
6/19/2024,2024,25,2,41.971783,-82.488083,Bottom,10,SRP,ugL,4.35,FALSE,NA,171
6/19/2024,2024,25,4,41.8927,-82.525767,Surface,1,SRP,ugL,1.25,TRUE,NA,171
6/19/2024,2024,25,4,41.8927,-82.525767,Bottom,10,SRP,ugL,2.94,FALSE,NA,171
6/19/2024,2024,25,5,42.002583,-82.578633,Surface,1,SRP,ugL,0.88,FALSE,NA,171
6/19/2024,2024,25,5,42.002583,-82.578633,Bottom,7,SRP,ugL,5.34,TRUE,NA,171
6/19/2024,2024,25,6,42.0222,-82.669683,Bottom,7,SRP,ugL,1.79,FALSE,NA,171
6/19/2024,2024,25,7,41.99605,-82.7179,Surface,1,SRP,ugL,2.58,FALSE,NA,171
6/19/2024,2024,25,7,41.99605,-82.7179,Bottom,9,SRP,ugL,1.93,FALSE,NA,171
7/4/2024,2024,27,2,41.971783,-82.488083,Surface,1,SRP,ugL,2.55,TRUE,NA,186
7/4/2024,2024,27,2,41.971783,-82.488083,Bottom,10,SRP,ugL,2.59,TRUE,NA,186
7/4/2024,2024,27,4,41.8927,-82.525767,Surface,1,SRP,ugL,2.41,FALSE,NA,186
7/4/2024,2024,27,4,41.8927,-82.525767,Bottom,10,SRP,ugL,3.47,FALSE,NA,186
7/4/2024,2024,27,5,42.002583,-82.578633,Surface,1,SRP,ugL,1.73,TRUE,NA,186
7/4/2024,2024,27,5,42.002583,-82.578633,Bottom,7,SRP,ugL,1.3,TRUE,NA,186
7/4/2024,2024,27,6,42.0222,-82.669683,Surface,1,SRP,ugL,5.27,FALSE,NA,186
7/4/2024,2024,27,6,42.0222,-82.669683,Bottom,7,SRP,ugL,3.13,TRUE,NA,186
7/4/2024,2024,27,7,41.99605,-82.7179,Surface,1,SRP,ugL,1.88,TRUE,NA,186
7/4/2024,2024,27,7,41.99605,-82.7179,Bottom,9,SRP,ugL,1.93,FALSE,NA,186
7/19/2024,2024,29,2,41.971783,-82.488083,Surface,1,SRP,ugL,1.15,TRUE,NA,201
7/19/2024,2024,29,2,41.971783,-82.488083,Bottom,10,SRP,ugL,17.64,FALSE,NA,201
7/19/2024,2024,29,4,41.8927,-82.525767,Surface,1,SRP,ugL,6.79,FALSE,NA,201
7/19/2024,2024,29,4,41.8927,-82.525767,Bottom,10,SRP,ugL,2.67,TRUE,NA,201
7/19/2024,2024,29,5,42.002583,-82.578633,Surface,1,SRP,ugL,0.67,FALSE,NA,201
7/19/2024,2024,29,5,42.002583,-82.578633,Bottom,7,SRP,ugL,3.82,FALSE,NA,201
7/19/2024,2024,29,6,42.0222,-82.669683,Surface,1,SRP,ugL,4.05,FALSE,NA,201
7/19/2024,2024,29,6,42.0222,-82.669683,Bottom,7,SRP,ugL,5.26,FALSE,NA,201
7/19/2024,2024,29,7,41.99605,-82.7179,Surface,1,SRP,ugL,1.28,TRUE,NA,201
7/19/2024,2024,29,7,41.99605,-82.7179,Bottom,9,SRP,ugL,3.23,TRUE,NA,201
8/4/2024,2024,32,2,41.971783,-82.488083,Surface,1,SRP,ugL,0.81,TRUE,NA,217
8/4/2024,2024,32,2,41.971783,-82.488083,Bottom,10,SRP,ugL,2.43,FALSE,NA,217
8/4/2024,2024,32,4,41.8927,-82.525767,Surface,1,SRP,ugL,3.28,TRUE,NA,217
8/4/2024,2024,32,4,41.8927,-82.525767,Bottom,10,SRP,ugL,1.26,TRUE,NA,217
8/4/2024,2024,32,5,42.002583,-82.578633,Surface,1,SRP,ugL,5.65,TRUE,NA,217
8/4/2024,2024,32,5,42.002583,-82.578633,Bottom,7,SRP,ugL,1.28,TRUE,NA,217
8/4/2024,2024,32,6,42.0222,-82.669683,Surface,1,SRP,ugL,1.06,FALSE,NA,217
8/4/2024,2024,32,6,42.0222,-82.669683,Bottom,7,SRP,ugL,3.38,TRUE,NA,217
8/4/2024,2024,32,7,41.99605,-82.7179,Surface,1,SRP,ugL,4.55,FALSE,NA,217
8/4/2024,2024,32,7,41.99605,-82.7179,Bottom,9,SRP,ugL,3.13,FALSE,NA,217
8/13/2024,2024,33,2,41.971783,-82.488083,Surface,1,SRP,ugL,7.26,TRUE,NA,226
8/13/2024,2024,33,2,41.971783,-82.488083,Bottom,10,SRP,ugL,2.78,FALSE,NA,226
8/13/2024,2024,33,4,41.8927,-82.525767,Surface,1,SRP,ugL,2.03,TRUE,NA,226
8/13/2024,2024,33,4,41.8927,-82.525767,Bottom,10,SRP,ugL,5.96,FALSE,NA,226
8/13/2024,2024,33,5,42.002583,-82.578633,Surface,1,SRP,ugL,3.67,TRUE,NA,226
8/13/2024,2024,33,5,42.002583,-82.578633,Bottom,7,SRP,ugL,2.5,TRUE,NA,226
8/13/2024,2024,33,6,42.0222,-82.669683,Surface,1,SRP,ugL,2.07,TRUE,NA,226
8/13/2024,2024,33,6,42.0222,-82.669683,Bottom,7,SRP,ugL,1.83,TRUE,NA,226
8/13/2024,2024,33,7,41.99605,-82.7179,Surface,1,SRP,ugL,2.49,TRUE,NA,226
8/13/2024,2024,33,7,41.99605,-82.7179,Bottom,9,SRP,ugL,2.79,TRUE,NA,226
8/22/2024,2024,34,2,41.971783,-82.488083,Surface,1,SRP,ugL,1.59,FALSE,NA,235
8/22/2024,2024,34,2,41.971783,-82.488083,Bottom,10,SRP,ugL,2,FALSE,NA,235
8/22/2024,2024,34,4,41.8927,-82.525767,Surface,1,SRP,ugL,2.68,FALSE,NA,235
8/22/2024,2024,34,4,41.8927,-82.525767,Bottom,10,SRP,ugL,3.17,TRUE,NA,235
8/22/2024,2024,34,5,42.002583,-82.578633,Surface,1,SRP,ugL,2.11,FALSE,NA,235
8/22/2024,2024,34,5,42.002583,-82.578633,Bottom,7,SRP,ugL,2.65,FALSE,NA,235
8/22/2024,2024,34,6,42.0222,-82.669683,Surface,1,SRP,ugL,1.79,FALSE,NA,235
8/22/2024,2024,34,6,42.0222,-82.669683,Bottom,7,SRP,ugL,1.95,TRUE,NA,235
8/22/2024,2024,34,7,41.99605,-82.7179,Surface,1,SRP,ugL,2.86,TRUE,NA,235
8/22/2024,2024,34,7,41.99605,-82.7179,Bottom,9,SRP,ugL,1.94,FALSE,NA,235
9/3/2024,2024,36,5,42.002583,-82.578633,Surface,1,SRP,ugL,1.97,FALSE,NA,247
9/3/2024,2024,36,5,42.002583,-82.578633,Bottom,7,SRP,ugL,2.46,TRUE,NA,247
9/3/2024,2024,36,6,42.0222,-82.669683,Surface,1,SRP,ugL,2.01,FALSE,NA,247
9/3/2024,2024,36,6,42.0222,-82.669683,Bottom,7,SRP,ugL,1.91,FALSE,NA,247
9/3/2024,2024,36,7,41.99605,-82.7179,Surface,1,SRP,ugL,1.73,FALSE,NA,247
9/3/2024,2024,36,7,41.99605,-82.7179,Bottom,9,SRP,ugL,1.94,FALSE,NA,247
9/11/2024,2024,37,2,41.971783,-82.488083,Surface,1,SRP,ugL,4.5,TRUE,NA,255
9/11/2024,2024,37,2,41.971783,-82.488083,Bottom,10,SRP,ugL,3.4,TRUE,NA,255
9/11/2024,2024,37,4,41.8927,-82.525767,Surface,1,SRP,ugL,2.67,TRUE,NA,255
9/11/2024,2024,37,4,41.8927,-82.525767,Bottom,10,SRP,ugL,2.97,FALSE,NA,255
9/11/2024,2024,37,5,42.002583,-82.578633,Surface,1,SRP,ugL,2.84,FALSE,NA,255
9/11/2024,2024,37,5,42.002583,-82.578633,Bottom,7,SRP,ugL,2.5,TRUE,NA,255
9/11/2024,2024,37,6,42.0222,-82.669683,Surface,1,SRP,ugL,1.97,FALSE,NA,255
9/11/2024,2024,37,6,42.0222,-82.669683,Bottom,7,SRP,ugL,2.85,TRUE,NA,255
9/11/2024,2024,37,7,41.99605,-82.7179,Surface,1,SRP,ugL,2.01,TRUE,NA,255
9/11/2024,2024,37,7,41.99605,-82.7179,Bottom,9,SRP,ugL,3.16,FALSE,NA,255
10/1/2024,2024,40,2,41.971783,-82.488083,Surface,1,SRP,ugL,3.66,TRUE,NA,275
10/1/2024,2024,40,2,41.971783,-82.488083,Bottom,10,SRP,ugL,5.05,TRUE,NA,275
10/1/2024,2024,40,4,41.8927,-82.525767,Surface,1,SRP,ugL,1.94,FALSE,NA,275
10/1/2024,2024,40,4,41.8927,-82.525767,Bottom,10,SRP,ugL,5.52,FALSE,NA,275
10/1/2024,2024,40,5,42.002583,-82.578633,Surface,1,SRP,ugL,2.37,FALSE,NA,275
10/1/2024,2024,40,5,42.002583,-82.578633,Bottom,7,SRP,ugL,4.36,TRUE,NA,275
10/1/2024,2024,40,6,42.0222,-82.669683,Bottom,7,SRP,ugL,10.4,FALSE,NA,275
10/1/2024,2024,40,7,41.99605,-82.7179,Surface,1,SRP,ugL,3.78,FALSE,NA,275
10/1/2024,2024,40,7,41.99605,-82.7179,Bottom,9,SRP,ugL,3.86,TRUE,NA,275
5/16/2022,2022,21,2,41.913017,-82.7367,Surface,1,TDN,ugL,813.57,FALSE,NA,136
5/16/2022,2022,21,2,41.913017,-82.7367,Bottom,11,TDN,ugL,947.58,FALSE,NA,136
5/16/2022,2022,21,4,41.8927,-82.5258,Surface,1,TDN,ugL,425.98,TRUE,NA,136
5/16/2022,2022,21,4,41.8927,-82.5258,Bottom,8,TDN,ugL,477.84,FALSE,NA,136
5/16/2022,2022,21,5,42.002583,-82.5786,Surface,1,TDN,ugL,483.61,FALSE,NA,136
5/16/2022,2022,21,5,42.002583,-82.5786,Bottom,8.5,TDN,ugL,572.95,FALSE,NA,136
5/16/2022,2022,21,6,42.0222,-82.6697,Surface,1,TDN,ugL,490.81,FALSE,NA,136
5/16/2022,2022,21,6,42.0222,-82.6697,Bottom,8,TDN,ugL,454.79,FALSE,NA,136
5/16/2022,2022,21,7,41.99605,-82.7179,Surface,1,TDN,ugL,632.02,FALSE,NA,136
5/16/2022,2022,21,7,41.99605,-82.7179,Bottom,9.5,TDN,ugL,453.35,TRUE,NA,136
5/28/2022,2022,22,2,41.913017,-82.7367,Surface,1,TDN,ugL,659.4,FALSE,NA,148
5/28/2022,2022,22,2,41.913017,-82.7367,Bottom,11,TDN,ugL,652.19,FALSE,NA,148
5/28/2022,2022,22,4,41.8927,-82.5258,Surface,1,TDN,ugL,554.21,FALSE,NA,148
5/28/2022,2022,22,4,41.8927,-82.5258,Bottom,8,TDN,ugL,534.04,FALSE,NA,148
5/28/2022,2022,22,5,42.002583,-82.5786,Surface,1,TDN,ugL,596,FALSE,NA,148
5/28/2022,2022,22,5,42.002583,-82.5786,Bottom,8.5,TDN,ugL,476.41,FALSE,NA,148
5/28/2022,2022,22,6,42.0222,-82.6697,Surface,1,TDN,ugL,539.8,FALSE,NA,148
5/28/2022,2022,22,6,42.0222,-82.6697,Bottom,8,TDN,ugL,320.79,TRUE,NA,148
5/28/2022,2022,22,7,41.99605,-82.7179,Surface,1,TDN,ugL,496.58,TRUE,NA,148
5/28/2022,2022,22,7,41.99605,-82.7179,Bottom,9.5,TDN,ugL,361.13,TRUE,NA,148
6/9/2022,2022,24,2,41.913017,-82.7367,Surface,1,TDN,ugL,575.83,FALSE,NA,160
6/9/2022,2022,24,2,41.913017,-82.7367,Bottom,11,TDN,ugL,657.96,TRUE,NA,160
6/9/2022,2022,24,4,41.8927,-82.5258,Surface,1,TDN,ugL,591.68,FALSE,NA,160
6/9/2022,2022,24,4,41.8927,-82.5258,Bottom,8,TDN,ugL,587.35,FALSE,NA,160
6/9/2022,2022,24,5,42.002583,-82.5786,Surface,1,TDN,ugL,568.62,FALSE,NA,160
6/9/2022,2022,24,5,42.002583,-82.5786,Bottom,8.5,TDN,ugL,523.96,FALSE,NA,160
6/9/2022,2022,24,6,42.0222,-82.6697,Surface,1,TDN,ugL,564.3,FALSE,NA,160
6/9/2022,2022,24,6,42.0222,-82.6697,Bottom,8,TDN,ugL,744.41,FALSE,NA,160
6/9/2022,2022,24,7,41.99605,-82.7179,Surface,1,TDN,ugL,479.29,FALSE,NA,160
6/9/2022,2022,24,7,41.99605,-82.7179,Bottom,9.5,TDN,ugL,443.27,FALSE,NA,160
6/24/2022,2022,26,2,41.913017,-82.7367,Surface,1,TDN,ugL,255.55,FALSE,NA,175
6/24/2022,2022,26,2,41.913017,-82.7367,Bottom,11,TDN,ugL,378.02,FALSE,NA,175
6/24/2022,2022,26,4,41.8927,-82.5258,Surface,1,TDN,ugL,333.56,FALSE,NA,175
6/24/2022,2022,26,4,41.8927,-82.5258,Bottom,8,TDN,ugL,420.14,FALSE,NA,175
6/24/2022,2022,26,5,42.002583,-82.5786,Surface,1,TDN,ugL,469.76,FALSE,NA,175
6/24/2022,2022,26,5,42.002583,-82.5786,Bottom,8.5,TDN,ugL,428.56,FALSE,NA,175
6/24/2022,2022,26,6,42.0222,-82.6697,Surface,1,TDN,ugL,274.51,FALSE,NA,175
6/24/2022,2022,26,6,42.0222,-82.6697,Bottom,8,TDN,ugL,387.82,FALSE,NA,175
6/24/2022,2022,26,7,41.99605,-82.7179,Surface,1,TDN,ugL,318.22,FALSE,NA,175
6/24/2022,2022,26,7,41.99605,-82.7179,Bottom,9.5,TDN,ugL,176.04,FALSE,NA,175
7/7/2022,2022,28,2,41.913017,-82.7367,Surface,1,TDN,ugL,420.66,FALSE,NA,188
7/7/2022,2022,28,2,41.913017,-82.7367,Bottom,11,TDN,ugL,363.25,FALSE,NA,188
7/7/2022,2022,28,4,41.8927,-82.5258,Surface,1,TDN,ugL,331.56,FALSE,NA,188
7/7/2022,2022,28,4,41.8927,-82.5258,Bottom,8,TDN,ugL,342.11,FALSE,NA,188
7/7/2022,2022,28,5,42.002583,-82.5786,Surface,1,TDN,ugL,321.46,FALSE,NA,188
7/7/2022,2022,28,5,42.002583,-82.5786,Bottom,8.5,TDN,ugL,334.28,FALSE,NA,188
7/7/2022,2022,28,6,42.0222,-82.6697,Surface,1,TDN,ugL,304.63,FALSE,NA,188
7/7/2022,2022,28,6,42.0222,-82.6697,Bottom,8,TDN,ugL,301.43,FALSE,NA,188
7/7/2022,2022,28,7,41.99605,-82.7179,Surface,1,TDN,ugL,263.72,FALSE,NA,188
7/7/2022,2022,28,7,41.99605,-82.7179,Bottom,9.5,TDN,ugL,308.04,FALSE,NA,188
7/26/2022,2022,31,2,41.913017,-82.7367,Surface,1,TDN,ugL,477.28,FALSE,NA,207
7/26/2022,2022,31,2,41.913017,-82.7367,Bottom,11,TDN,ugL,444.3,FALSE,NA,207
7/26/2022,2022,31,4,41.8927,-82.5258,Surface,1,TDN,ugL,177.88,FALSE,NA,207
7/26/2022,2022,31,4,41.8927,-82.5258,Bottom,8,TDN,ugL,169.16,FALSE,NA,207
7/26/2022,2022,31,5,42.002583,-82.5786,Surface,1,TDN,ugL,267.18,FALSE,NA,207
7/26/2022,2022,31,5,42.002583,-82.5786,Bottom,8.5,TDN,ugL,305.58,FALSE,NA,207
7/26/2022,2022,31,6,42.0222,-82.6697,Surface,1,TDN,ugL,268.9,FALSE,NA,207
7/26/2022,2022,31,6,42.0222,-82.6697,Bottom,8,TDN,ugL,280.08,FALSE,NA,207
7/26/2022,2022,31,7,41.99605,-82.7179,Surface,1,TDN,ugL,206.78,TRUE,NA,207
7/26/2022,2022,31,7,41.99605,-82.7179,Bottom,9.5,TDN,ugL,368.95,FALSE,NA,207
8/5/2022,2022,32,5,42.002583,-82.5786,Surface,1,TDN,ugL,176.92,FALSE,NA,217
8/5/2022,2022,32,5,42.002583,-82.5786,Bottom,8.5,TDN,ugL,172.64,FALSE,NA,217
8/5/2022,2022,32,6,42.0222,-82.6697,Surface,1,TDN,ugL,174.63,FALSE,NA,217
8/5/2022,2022,32,6,42.0222,-82.6697,Bottom,8,TDN,ugL,272.35,TRUE,NA,217
8/5/2022,2022,32,7,41.99605,-82.7179,Surface,1,TDN,ugL,278.84,FALSE,NA,217
8/5/2022,2022,32,7,41.99605,-82.7179,Bottom,9.5,TDN,ugL,176.66,FALSE,NA,217
8/9/2022,2022,33,2,41.913017,-82.7367,Surface,1,TDN,ugL,178.02,FALSE,NA,221
8/9/2022,2022,33,2,41.913017,-82.7367,Bottom,11,TDN,ugL,199.92,TRUE,NA,221
8/9/2022,2022,33,4,41.8927,-82.5258,Surface,1,TDN,ugL,174.3,FALSE,NA,221
8/9/2022,2022,33,4,41.8927,-82.5258,Bottom,8,TDN,ugL,234.06,TRUE,NA,221
8/9/2022,2022,33,5,42.002583,-82.5786,Surface,1,TDN,ugL,158.05,FALSE,NA,221
8/9/2022,2022,33,5,42.002583,-82.5786,Bottom,8.5,TDN,ugL,177.03,FALSE,NA,221
8/9/2022,2022,33,6,42.0222,-82.6697,Surface,1,TDN,ugL,199.37,TRUE,NA,221
8/9/2022,2022,33,6,42.0222,-82.6697,Bottom,8,TDN,ugL,174.18,FALSE,NA,221
8/9/2022,2022,33,7,41.99605,-82.7179,Surface,1,TDN,ugL,174.87,FALSE,NA,221
8/9/2022,2022,33,7,41.99605,-82.7179,Bottom,9.5,TDN,ugL,223.51,TRUE,NA,221
8/17/2022,2022,34,2,41.913017,-82.7367,Surface,1,TDN,ugL,367.74,FALSE,NA,229
8/17/2022,2022,34,2,41.913017,-82.7367,Bottom,11,TDN,ugL,269.56,TRUE,NA,229
8/17/2022,2022,34,4,41.8927,-82.5258,Surface,1,TDN,ugL,316.07,FALSE,NA,229
8/17/2022,2022,34,4,41.8927,-82.5258,Bottom,8,TDN,ugL,338.04,FALSE,NA,229
8/17/2022,2022,34,5,42.002583,-82.5786,Surface,1,TDN,ugL,399.03,FALSE,NA,229
8/17/2022,2022,34,5,42.002583,-82.5786,Bottom,8.5,TDN,ugL,438.7,FALSE,NA,229
8/17/2022,2022,34,6,42.0222,-82.6697,Surface,1,TDN,ugL,672.45,TRUE,NA,229
8/17/2022,2022,34,6,42.0222,-82.6697,Bottom,8,TDN,ugL,419.42,FALSE,NA,229
8/17/2022,2022,34,7,41.99605,-82.7179,Surface,1,TDN,ugL,374.24,FALSE,NA,229
8/17/2022,2022,34,7,41.99605,-82.7179,Bottom,9.5,TDN,ugL,370.08,FALSE,NA,229
8/23/2022,2022,35,2,41.913017,-82.7367,Surface,1,TDN,ugL,247.66,TRUE,NA,235
8/23/2022,2022,35,2,41.913017,-82.7367,Bottom,11,TDN,ugL,230.48,TRUE,NA,235
8/23/2022,2022,35,4,41.8927,-82.5258,Surface,1,TDN,ugL,225.95,TRUE,NA,235
8/23/2022,2022,35,4,41.8927,-82.5258,Bottom,8,TDN,ugL,302.49,FALSE,NA,235
8/23/2022,2022,35,5,42.002583,-82.5786,Surface,1,TDN,ugL,317.19,FALSE,NA,235
8/23/2022,2022,35,5,42.002583,-82.5786,Bottom,8.5,TDN,ugL,414.19,FALSE,NA,235
8/23/2022,2022,35,6,42.0222,-82.6697,Surface,1,TDN,ugL,336.06,FALSE,NA,235
8/23/2022,2022,35,6,42.0222,-82.6697,Bottom,8,TDN,ugL,296.1,FALSE,NA,235
8/23/2022,2022,35,7,41.99605,-82.7179,Surface,1,TDN,ugL,415.08,TRUE,NA,235
8/23/2022,2022,35,7,41.99605,-82.7179,Bottom,9.5,TDN,ugL,272.68,FALSE,NA,235
9/1/2022,2022,36,2,41.913017,-82.7367,Surface,1,TDN,ugL,176.73,FALSE,NA,244
9/1/2022,2022,36,2,41.913017,-82.7367,Bottom,11,TDN,ugL,175.81,FALSE,NA,244
9/1/2022,2022,36,4,41.8927,-82.5258,Surface,1,TDN,ugL,293.87,FALSE,NA,244
9/1/2022,2022,36,4,41.8927,-82.5258,Bottom,8,TDN,ugL,175.17,FALSE,NA,244
9/1/2022,2022,36,5,42.002583,-82.5786,Surface,1,TDN,ugL,176,FALSE,NA,244
9/1/2022,2022,36,5,42.002583,-82.5786,Bottom,8.5,TDN,ugL,314.92,FALSE,NA,244
9/1/2022,2022,36,6,42.0222,-82.6697,Surface,1,TDN,ugL,241.88,TRUE,NA,244
9/1/2022,2022,36,6,42.0222,-82.6697,Bottom,8,TDN,ugL,176.99,FALSE,NA,244
9/1/2022,2022,36,7,41.99605,-82.7179,Surface,1,TDN,ugL,176.9,FALSE,NA,244
9/1/2022,2022,36,7,41.99605,-82.7179,Bottom,9.5,TDN,ugL,177.54,FALSE,NA,244
9/6/2022,2022,37,4,41.8927,-82.5258,Surface,1,TDN,ugL,177.64,FALSE,NA,249
9/6/2022,2022,37,4,41.8927,-82.5258,Bottom,8,TDN,ugL,177.31,FALSE,NA,249
9/6/2022,2022,37,5,42.002583,-82.5786,Surface,1,TDN,ugL,177.37,FALSE,NA,249
9/6/2022,2022,37,5,42.002583,-82.5786,Bottom,8.5,TDN,ugL,297.67,FALSE,NA,249
9/6/2022,2022,37,6,42.0222,-82.6697,Surface,1,TDN,ugL,173.15,FALSE,NA,249
9/6/2022,2022,37,6,42.0222,-82.6697,Bottom,8,TDN,ugL,174.05,FALSE,NA,249
9/8/2022,2022,37,2,41.913017,-82.7367,Surface,1,TDN,ugL,286.25,FALSE,NA,251
9/8/2022,2022,37,2,41.913017,-82.7367,Bottom,11,TDN,ugL,342.74,FALSE,NA,251
9/8/2022,2022,37,7,41.99605,-82.7179,Surface,1,TDN,ugL,176.24,FALSE,NA,251
9/8/2022,2022,37,7,41.99605,-82.7179,Bottom,9.5,TDN,ugL,310.9,FALSE,NA,251
9/23/2022,2022,39,2,41.913017,-82.7367,Bottom,11,TDN,ugL,177.65,FALSE,NA,266
9/23/2022,2022,39,4,41.8927,-82.5258,Surface,1,TDN,ugL,163.95,FALSE,NA,266
9/23/2022,2022,39,4,41.8927,-82.5258,Bottom,8,TDN,ugL,158.44,FALSE,NA,266
9/23/2022,2022,39,5,42.002583,-82.5786,Surface,1,TDN,ugL,146.52,FALSE,NA,266
9/23/2022,2022,39,5,42.002583,-82.5786,Bottom,8.5,TDN,ugL,142.76,TRUE,NA,266
9/23/2022,2022,39,6,42.0222,-82.6697,Surface,1,TDN,ugL,211.51,TRUE,NA,266
9/23/2022,2022,39,6,42.0222,-82.6697,Bottom,8,TDN,ugL,177.18,FALSE,NA,266
9/23/2022,2022,39,7,41.99605,-82.7179,Surface,1,TDN,ugL,205.46,TRUE,NA,266
9/23/2022,2022,39,7,41.99605,-82.7179,Bottom,9.5,TDN,ugL,162.33,FALSE,NA,266
5/18/2023,2023,20,4,41.8927,-82.525767,Surface,1,TDN,ugL,512.63,FALSE,NA,138
5/18/2023,2023,20,4,41.8927,-82.525767,Bottom,9.8,TDN,ugL,513.05,FALSE,NA,138
5/18/2023,2023,20,5,42.002583,-82.578633,Surface,1,TDN,ugL,716.05,FALSE,NA,138
5/18/2023,2023,20,5,42.002583,-82.578633,Bottom,8.1,TDN,ugL,711.5,FALSE,NA,138
5/30/2023,2023,22,2,41.913017,-82.73665,Surface,1,TDN,ugL,838.65,FALSE,NA,150
5/30/2023,2023,22,2,41.913017,-82.73665,Bottom,10.9,TDN,ugL,1058.84,FALSE,NA,150
5/30/2023,2023,22,4,41.8927,-82.525767,Surface,1,TDN,ugL,703.44,FALSE,NA,150
5/30/2023,2023,22,4,41.8927,-82.525767,Bottom,9.8,TDN,ugL,882.71,FALSE,NA,150
5/30/2023,2023,22,5,42.002583,-82.578633,Surface,1,TDN,ugL,688.2,FALSE,NA,150
5/30/2023,2023,22,5,42.002583,-82.578633,Bottom,8.1,TDN,ugL,767.89,FALSE,NA,150
5/30/2023,2023,22,6,42.0222,-82.669683,Surface,1,TDN,ugL,878.82,FALSE,NA,150
5/30/2023,2023,22,6,42.0222,-82.669683,Bottom,7.9,TDN,ugL,782.55,FALSE,NA,150
5/30/2023,2023,22,7,41.99605,-82.7179,Surface,1,TDN,ugL,981.68,FALSE,NA,150
5/30/2023,2023,22,7,41.99605,-82.7179,Bottom,9.5,TDN,ugL,961.4,FALSE,NA,150
6/11/2023,2023,24,2,41.913017,-82.73665,Surface,1,TDN,ugL,645.28,FALSE,NA,162
6/11/2023,2023,24,2,41.913017,-82.73665,Bottom,10.9,TDN,ugL,648.24,FALSE,NA,162
6/11/2023,2023,24,5,42.002583,-82.578633,Surface,1,TDN,ugL,706.25,FALSE,NA,162
6/11/2023,2023,24,5,42.002583,-82.578633,Bottom,8.1,TDN,ugL,721.59,FALSE,NA,162
6/11/2023,2023,24,6,42.0222,-82.669683,Surface,1,TDN,ugL,661.09,FALSE,NA,162
6/11/2023,2023,24,6,42.0222,-82.669683,Bottom,7.9,TDN,ugL,642.49,FALSE,NA,162
6/11/2023,2023,24,7,41.99605,-82.7179,Surface,1,TDN,ugL,623.19,FALSE,NA,162
6/11/2023,2023,24,7,41.99605,-82.7179,Bottom,9.5,TDN,ugL,669.09,FALSE,NA,162
6/23/2023,2023,25,2,41.913017,-82.73665,Surface,1,TDN,ugL,350.18,FALSE,NA,174
6/23/2023,2023,25,2,41.913017,-82.73665,Bottom,10.9,TDN,ugL,599.89,FALSE,NA,174
6/23/2023,2023,25,4,41.8927,-82.525767,Surface,1,TDN,ugL,529.04,FALSE,NA,174
6/23/2023,2023,25,4,41.8927,-82.525767,Bottom,9.8,TDN,ugL,692.83,FALSE,NA,174
6/23/2023,2023,25,5,42.002583,-82.578633,Surface,1,TDN,ugL,684.59,TRUE,NA,174
6/23/2023,2023,25,5,42.002583,-82.578633,Bottom,8.1,TDN,ugL,650.99,FALSE,NA,174
6/23/2023,2023,25,6,42.0222,-82.669683,Surface,1,TDN,ugL,585.07,FALSE,NA,174
6/23/2023,2023,25,6,42.0222,-82.669683,Bottom,7.9,TDN,ugL,381.65,FALSE,NA,174
6/23/2023,2023,25,7,41.99605,-82.7179,Surface,1,TDN,ugL,577.86,FALSE,NA,174
6/23/2023,2023,25,7,41.99605,-82.7179,Bottom,9.5,TDN,ugL,650.74,FALSE,NA,174
7/10/2023,2023,28,2,41.913017,-82.73665,Surface,1,TDN,ugL,517.74,FALSE,NA,191
7/10/2023,2023,28,2,41.913017,-82.73665,Bottom,10.9,TDN,ugL,512.65,FALSE,NA,191
7/10/2023,2023,28,4,41.8927,-82.525767,Bottom,9.8,TDN,ugL,553.25,FALSE,NA,191
7/10/2023,2023,28,5,42.002583,-82.578633,Surface,1,TDN,ugL,528.28,FALSE,NA,191
7/10/2023,2023,28,5,42.002583,-82.578633,Bottom,8.1,TDN,ugL,457.92,TRUE,NA,191
7/10/2023,2023,28,6,42.0222,-82.669683,Surface,1,TDN,ugL,468.91,FALSE,NA,191
7/10/2023,2023,28,6,42.0222,-82.669683,Bottom,7.9,TDN,ugL,399.03,TRUE,NA,191
7/10/2023,2023,28,7,41.99605,-82.7179,Surface,1,TDN,ugL,411.07,FALSE,NA,191
7/10/2023,2023,28,7,41.99605,-82.7179,Bottom,9.5,TDN,ugL,479.19,TRUE,NA,191
7/19/2023,2023,29,2,41.913017,-82.73665,Surface,1,TDN,ugL,415.92,FALSE,NA,200
7/19/2023,2023,29,2,41.913017,-82.73665,Bottom,10.9,TDN,ugL,534.85,FALSE,NA,200
7/19/2023,2023,29,4,41.8927,-82.525767,Surface,1,TDN,ugL,427.6,FALSE,NA,200
7/19/2023,2023,29,4,41.8927,-82.525767,Bottom,9.8,TDN,ugL,496.29,FALSE,NA,200
7/19/2023,2023,29,5,42.002583,-82.578633,Surface,1,TDN,ugL,373.44,FALSE,NA,200
7/19/2023,2023,29,5,42.002583,-82.578633,Bottom,8.1,TDN,ugL,492.34,FALSE,NA,200
7/19/2023,2023,29,6,42.0222,-82.669683,Surface,1,TDN,ugL,396.35,FALSE,NA,200
7/19/2023,2023,29,6,42.0222,-82.669683,Bottom,7.9,TDN,ugL,635.14,FALSE,NA,200
7/19/2023,2023,29,7,41.99605,-82.7179,Surface,1,TDN,ugL,394.98,FALSE,NA,200
7/19/2023,2023,29,7,41.99605,-82.7179,Bottom,9.5,TDN,ugL,412.44,FALSE,NA,200
7/25/2023,2023,30,2,41.913017,-82.73665,Surface,1,TDN,ugL,356.64,FALSE,NA,206
7/25/2023,2023,30,4,41.8927,-82.525767,Surface,1,TDN,ugL,402.23,FALSE,NA,206
7/25/2023,2023,30,4,41.8927,-82.525767,Bottom,9.8,TDN,ugL,255.34,FALSE,NA,206
7/25/2023,2023,30,5,42.002583,-82.578633,Surface,1,TDN,ugL,376.58,FALSE,NA,206
7/25/2023,2023,30,5,42.002583,-82.578633,Bottom,8.1,TDN,ugL,298.28,FALSE,NA,206
7/25/2023,2023,30,6,42.0222,-82.669683,Surface,1,TDN,ugL,346.29,FALSE,NA,206
7/25/2023,2023,30,6,42.0222,-82.669683,Bottom,7.9,TDN,ugL,439.96,FALSE,NA,206
7/25/2023,2023,30,7,41.99605,-82.7179,Surface,1,TDN,ugL,319.29,FALSE,NA,206
7/25/2023,2023,30,7,41.99605,-82.7179,Bottom,9.5,TDN,ugL,292.36,TRUE,NA,206
8/1/2023,2023,31,2,41.913017,-82.73665,Surface,1,TDN,ugL,286.98,FALSE,NA,213
8/1/2023,2023,31,2,41.913017,-82.73665,Bottom,10.9,TDN,ugL,429.29,FALSE,NA,213
8/1/2023,2023,31,4,41.8927,-82.525767,Surface,1,TDN,ugL,318.98,FALSE,NA,213
8/1/2023,2023,31,4,41.8927,-82.525767,Bottom,9.8,TDN,ugL,327.19,FALSE,NA,213
8/1/2023,2023,31,5,42.002583,-82.578633,Surface,1,TDN,ugL,200.02,FALSE,NA,213
8/1/2023,2023,31,5,42.002583,-82.578633,Bottom,8.1,TDN,ugL,369.89,FALSE,NA,213
8/1/2023,2023,31,6,42.0222,-82.669683,Surface,1,TDN,ugL,248.29,FALSE,NA,213
8/1/2023,2023,31,6,42.0222,-82.669683,Bottom,7.9,TDN,ugL,370.62,TRUE,NA,213
8/1/2023,2023,31,7,41.99605,-82.7179,Surface,1,TDN,ugL,343.72,FALSE,NA,213
8/1/2023,2023,31,7,41.99605,-82.7179,Bottom,9.5,TDN,ugL,295.07,TRUE,NA,213
8/16/2023,2023,33,2,41.913017,-82.73665,Surface,1,TDN,ugL,390.63,TRUE,NA,228
8/16/2023,2023,33,2,41.913017,-82.73665,Bottom,10.9,TDN,ugL,450.01,TRUE,NA,228
8/16/2023,2023,33,4,41.8927,-82.525767,Surface,1,TDN,ugL,175.15,TRUE,NA,228
8/16/2023,2023,33,4,41.8927,-82.525767,Bottom,9.8,TDN,ugL,385.31,TRUE,NA,228
8/16/2023,2023,33,5,42.002583,-82.578633,Surface,1,TDN,ugL,254.01,FALSE,NA,228
8/16/2023,2023,33,5,42.002583,-82.578633,Bottom,8.1,TDN,ugL,289.56,FALSE,NA,228
8/16/2023,2023,33,6,42.0222,-82.669683,Surface,1,TDN,ugL,249.65,FALSE,NA,228
8/16/2023,2023,33,6,42.0222,-82.669683,Bottom,7.9,TDN,ugL,352.6,FALSE,NA,228
8/16/2023,2023,33,7,41.99605,-82.7179,Surface,1,TDN,ugL,242.04,FALSE,NA,228
8/16/2023,2023,33,7,41.99605,-82.7179,Bottom,9.5,TDN,ugL,256.34,FALSE,NA,228
8/28/2023,2023,35,2,41.913017,-82.73665,Surface,1,TDN,ugL,454.14,FALSE,NA,240
8/28/2023,2023,35,2,41.913017,-82.73665,Bottom,10.9,TDN,ugL,505.76,FALSE,NA,240
8/28/2023,2023,35,4,41.8927,-82.525767,Surface,1,TDN,ugL,250.2,FALSE,NA,240
8/28/2023,2023,35,4,41.8927,-82.525767,Bottom,9.8,TDN,ugL,423.2,FALSE,NA,240
8/28/2023,2023,35,5,42.002583,-82.578633,Surface,1,TDN,ugL,423.38,FALSE,NA,240
8/28/2023,2023,35,5,42.002583,-82.578633,Bottom,8.1,TDN,ugL,-13.4,FALSE,NA,240
8/28/2023,2023,35,6,42.0222,-82.669683,Surface,1,TDN,ugL,485.97,FALSE,NA,240
8/28/2023,2023,35,6,42.0222,-82.669683,Bottom,7.9,TDN,ugL,596.16,FALSE,NA,240
8/28/2023,2023,35,7,41.99605,-82.7179,Bottom,9.5,TDN,ugL,514.12,FALSE,NA,240
9/15/2023,2023,37,2,41.913017,-82.73665,Surface,1,TDN,ugL,361.59,TRUE,NA,258
9/15/2023,2023,37,2,41.913017,-82.73665,Bottom,10.9,TDN,ugL,430.84,FALSE,NA,258
9/15/2023,2023,37,4,41.8927,-82.525767,Surface,1,TDN,ugL,251.58,FALSE,NA,258
9/15/2023,2023,37,4,41.8927,-82.525767,Bottom,9.8,TDN,ugL,379.36,FALSE,NA,258
9/15/2023,2023,37,5,42.002583,-82.578633,Surface,1,TDN,ugL,306.09,TRUE,NA,258
9/15/2023,2023,37,5,42.002583,-82.578633,Bottom,8.1,TDN,ugL,583.93,FALSE,NA,258
9/15/2023,2023,37,6,42.0222,-82.669683,Surface,1,TDN,ugL,457.33,FALSE,NA,258
9/15/2023,2023,37,6,42.0222,-82.669683,Bottom,7.9,TDN,ugL,487.88,FALSE,NA,258
9/15/2023,2023,37,7,41.99605,-82.7179,Surface,1,TDN,ugL,325.61,TRUE,NA,258
9/15/2023,2023,37,7,41.99605,-82.7179,Bottom,9.5,TDN,ugL,416.41,FALSE,NA,258
9/23/2023,2023,38,2,41.913017,-82.73665,Surface,1,TDN,ugL,437.77,FALSE,NA,266
9/23/2023,2023,38,2,41.913017,-82.73665,Bottom,10.9,TDN,ugL,439.74,FALSE,NA,266
9/23/2023,2023,38,4,41.8927,-82.525767,Surface,1,TDN,ugL,427.2,TRUE,NA,266
9/23/2023,2023,38,4,41.8927,-82.525767,Bottom,9.8,TDN,ugL,462.97,FALSE,NA,266
9/23/2023,2023,38,5,42.002583,-82.578633,Surface,1,TDN,ugL,363.41,FALSE,NA,266
9/23/2023,2023,38,5,42.002583,-82.578633,Bottom,8.1,TDN,ugL,417.49,FALSE,NA,266
9/23/2023,2023,38,6,42.0222,-82.669683,Surface,1,TDN,ugL,371.52,FALSE,NA,266
9/23/2023,2023,38,6,42.0222,-82.669683,Bottom,7.9,TDN,ugL,444,FALSE,NA,266
9/23/2023,2023,38,7,41.99605,-82.7179,Surface,1,TDN,ugL,248.91,FALSE,NA,266
9/23/2023,2023,38,7,41.99605,-82.7179,Bottom,9.5,TDN,ugL,384.91,FALSE,NA,266
10/3/2023,2023,40,2,41.913017,-82.73665,Surface,1,TDN,ugL,304.94,TRUE,NA,276
10/3/2023,2023,40,2,41.913017,-82.73665,Bottom,10.9,TDN,ugL,321.52,TRUE,NA,276
10/3/2023,2023,40,4,41.8927,-82.525767,Surface,1,TDN,ugL,251.44,FALSE,NA,276
10/3/2023,2023,40,4,41.8927,-82.525767,Bottom,9.8,TDN,ugL,294.21,TRUE,NA,276
10/3/2023,2023,40,5,42.002583,-82.578633,Surface,1,TDN,ugL,367.74,FALSE,NA,276
10/3/2023,2023,40,5,42.002583,-82.578633,Bottom,8.1,TDN,ugL,393.86,FALSE,NA,276
10/3/2023,2023,40,6,42.0222,-82.669683,Surface,1,TDN,ugL,200.29,FALSE,NA,276
10/3/2023,2023,40,6,42.0222,-82.669683,Bottom,7.9,TDN,ugL,378.91,FALSE,NA,276
10/3/2023,2023,40,7,41.99605,-82.7179,Surface,1,TDN,ugL,252.06,FALSE,NA,276
10/3/2023,2023,40,7,41.99605,-82.7179,Bottom,9.5,TDN,ugL,215.66,TRUE,NA,276
5/16/2024,2024,20,6,42.0222,-82.669683,Bottom,7,TDN,ugl,859.81,FALSE,NA,137
5/16/2024,2024,20,7,41.99605,-82.7179,Surface,1,TDN,ugl,623.31,FALSE,NA,137
5/16/2024,2024,20,7,41.99605,-82.7179,Bottom,9,TDN,ugl,825.22,FALSE,NA,137
5/23/2024,2024,21,4,41.8927,-82.525767,Surface,1,TDN,ugl,662.72,FALSE,NA,144
5/23/2024,2024,21,4,41.8927,-82.525767,Bottom,10,TDN,ugl,537.18,FALSE,NA,144
5/31/2024,2024,22,2,41.971783,-82.488083,Surface,1,TDN,ugl,637.72,FALSE,NA,152
5/31/2024,2024,22,2,41.971783,-82.488083,Bottom,10,TDN,ugl,610.75,FALSE,NA,152
5/31/2024,2024,22,4,41.8927,-82.525767,Surface,1,TDN,ugl,621.04,FALSE,NA,152
5/31/2024,2024,22,4,41.8927,-82.525767,Bottom,10,TDN,ugl,489.42,FALSE,NA,152
5/31/2024,2024,22,5,42.002583,-82.578633,Bottom,7,TDN,ugl,558.87,FALSE,NA,152
5/31/2024,2024,22,6,42.0222,-82.669683,Surface,1,TDN,ugl,798.46,FALSE,NA,152
5/31/2024,2024,22,6,42.0222,-82.669683,Bottom,7,TDN,ugl,650.55,FALSE,NA,152
5/31/2024,2024,22,7,41.99605,-82.7179,Surface,1,TDN,ugl,559.76,FALSE,NA,152
5/31/2024,2024,22,7,41.99605,-82.7179,Bottom,9,TDN,ugl,750.79,FALSE,NA,152
6/19/2024,2024,25,2,41.971783,-82.488083,Surface,1,TDN,ugl,610.66,FALSE,NA,171
6/19/2024,2024,25,2,41.971783,-82.488083,Bottom,10,TDN,ugl,673.86,FALSE,NA,171
6/19/2024,2024,25,4,41.8927,-82.525767,Surface,1,TDN,ugl,622.21,FALSE,NA,171
6/19/2024,2024,25,4,41.8927,-82.525767,Bottom,10,TDN,ugl,647.34,FALSE,NA,171
6/19/2024,2024,25,5,42.002583,-82.578633,Surface,1,TDN,ugl,602.82,FALSE,NA,171
6/19/2024,2024,25,5,42.002583,-82.578633,Bottom,7,TDN,ugl,623.39,FALSE,NA,171
6/19/2024,2024,25,6,42.0222,-82.669683,Bottom,7,TDN,ugl,570.24,FALSE,NA,171
6/19/2024,2024,25,7,41.99605,-82.7179,Surface,1,TDN,ugl,561.05,FALSE,NA,171
6/19/2024,2024,25,7,41.99605,-82.7179,Bottom,9,TDN,ugl,615.4,FALSE,NA,171
7/4/2024,2024,27,2,41.971783,-82.488083,Surface,1,TDN,ugl,509.71,FALSE,NA,186
7/4/2024,2024,27,2,41.971783,-82.488083,Bottom,10,TDN,ugl,524.02,FALSE,NA,186
7/4/2024,2024,27,4,41.8927,-82.525767,Surface,1,TDN,ugl,541.13,FALSE,NA,186
7/4/2024,2024,27,4,41.8927,-82.525767,Bottom,10,TDN,ugl,609.29,FALSE,NA,186
7/4/2024,2024,27,5,42.002583,-82.578633,Surface,1,TDN,ugl,423.58,FALSE,NA,186
7/4/2024,2024,27,5,42.002583,-82.578633,Bottom,7,TDN,ugl,491.04,FALSE,NA,186
7/4/2024,2024,27,7,41.99605,-82.7179,Surface,1,TDN,ugl,636.01,FALSE,NA,186
7/4/2024,2024,27,7,41.99605,-82.7179,Bottom,9,TDN,ugl,618.1,FALSE,NA,186
7/19/2024,2024,29,2,41.971783,-82.488083,Surface,1,TDN,ugl,650.82,FALSE,NA,201
7/19/2024,2024,29,2,41.971783,-82.488083,Bottom,10,TDN,ugl,687.71,FALSE,NA,201
7/19/2024,2024,29,4,41.8927,-82.525767,Surface,1,TDN,ugl,569.4,FALSE,NA,201
7/19/2024,2024,29,5,42.002583,-82.578633,Surface,1,TDN,ugl,595.87,FALSE,NA,201
7/19/2024,2024,29,5,42.002583,-82.578633,Bottom,7,TDN,ugl,705.71,FALSE,NA,201
7/19/2024,2024,29,6,42.0222,-82.669683,Surface,1,TDN,ugl,576.77,FALSE,NA,201
7/19/2024,2024,29,6,42.0222,-82.669683,Bottom,7,TDN,ugl,650.79,FALSE,NA,201
7/19/2024,2024,29,7,41.99605,-82.7179,Bottom,9,TDN,ugl,892.9,FALSE,NA,201
8/4/2024,2024,32,2,41.971783,-82.488083,Surface,1,TDN,ugl,605.24,FALSE,NA,217
8/4/2024,2024,32,2,41.971783,-82.488083,Bottom,10,TDN,ugl,610.71,FALSE,NA,217
8/4/2024,2024,32,4,41.8927,-82.525767,Surface,1,TDN,ugl,488.95,FALSE,NA,217
8/4/2024,2024,32,4,41.8927,-82.525767,Bottom,10,TDN,ugl,554.52,FALSE,NA,217
8/4/2024,2024,32,5,42.002583,-82.578633,Surface,1,TDN,ugl,512.35,FALSE,NA,217
8/4/2024,2024,32,5,42.002583,-82.578633,Bottom,7,TDN,ugl,480.82,FALSE,NA,217
8/4/2024,2024,32,6,42.0222,-82.669683,Surface,1,TDN,ugl,568.92,FALSE,NA,217
8/4/2024,2024,32,6,42.0222,-82.669683,Bottom,7,TDN,ugl,669.72,FALSE,NA,217
8/4/2024,2024,32,7,41.99605,-82.7179,Surface,1,TDN,ugl,739.44,FALSE,NA,217
8/4/2024,2024,32,7,41.99605,-82.7179,Bottom,9,TDN,ugl,524.64,FALSE,NA,217
8/13/2024,2024,33,2,41.971783,-82.488083,Surface,1,TDN,ugl,853.26,FALSE,NA,226
8/13/2024,2024,33,2,41.971783,-82.488083,Bottom,10,TDN,ugl,652.56,FALSE,NA,226
8/13/2024,2024,33,4,41.8927,-82.525767,Surface,1,TDN,ugl,424.33,FALSE,NA,226
8/13/2024,2024,33,4,41.8927,-82.525767,Bottom,10,TDN,ugl,524.93,FALSE,NA,226
8/13/2024,2024,33,5,42.002583,-82.578633,Surface,1,TDN,ugl,450.52,FALSE,NA,226
8/13/2024,2024,33,5,42.002583,-82.578633,Bottom,7,TDN,ugl,683.88,FALSE,NA,226
8/13/2024,2024,33,6,42.0222,-82.669683,Surface,1,TDN,ugl,497.08,FALSE,NA,226
8/13/2024,2024,33,6,42.0222,-82.669683,Bottom,7,TDN,ugl,661.62,FALSE,NA,226
8/13/2024,2024,33,7,41.99605,-82.7179,Bottom,9,TDN,ugl,858.63,FALSE,NA,226
8/22/2024,2024,34,2,41.971783,-82.488083,Surface,1,TDN,ugl,622.24,FALSE,NA,235
8/22/2024,2024,34,2,41.971783,-82.488083,Bottom,10,TDN,ugl,565.84,FALSE,NA,235
8/22/2024,2024,34,4,41.8927,-82.525767,Surface,1,TDN,ugl,636,FALSE,NA,235
8/22/2024,2024,34,4,41.8927,-82.525767,Bottom,10,TDN,ugl,451.71,FALSE,NA,235
8/22/2024,2024,34,5,42.002583,-82.578633,Bottom,7,TDN,ugl,497.89,FALSE,NA,235
8/22/2024,2024,34,6,42.0222,-82.669683,Bottom,7,TDN,ugl,725.12,FALSE,NA,235
8/22/2024,2024,34,7,41.99605,-82.7179,Surface,1,TDN,ugl,624.15,FALSE,NA,235
8/22/2024,2024,34,7,41.99605,-82.7179,Bottom,9,TDN,ugl,693.48,FALSE,NA,235
9/3/2024,2024,36,5,42.002583,-82.578633,Bottom,7,TDN,ugl,606.33,FALSE,NA,247
9/3/2024,2024,36,6,42.0222,-82.669683,Surface,1,TDN,ugl,618.14,FALSE,NA,247
9/3/2024,2024,36,6,42.0222,-82.669683,Bottom,7,TDN,ugl,616.79,FALSE,NA,247
9/11/2024,2024,37,2,41.971783,-82.488083,Surface,1,TDN,ugl,160.53,FALSE,NA,255
9/11/2024,2024,37,2,41.971783,-82.488083,Bottom,10,TDN,ugl,489.63,FALSE,NA,255
9/11/2024,2024,37,4,41.8927,-82.525767,Surface,1,TDN,ugl,565.54,FALSE,NA,255
9/11/2024,2024,37,4,41.8927,-82.525767,Bottom,10,TDN,ugl,596.84,FALSE,NA,255
9/11/2024,2024,37,5,42.002583,-82.578633,Surface,1,TDN,ugl,551.24,FALSE,NA,255
9/11/2024,2024,37,5,42.002583,-82.578633,Bottom,7,TDN,ugl,540.78,FALSE,NA,255
9/11/2024,2024,37,6,42.0222,-82.669683,Surface,1,TDN,ugl,416.03,FALSE,NA,255
9/11/2024,2024,37,6,42.0222,-82.669683,Bottom,7,TDN,ugl,534.93,FALSE,NA,255
9/11/2024,2024,37,7,41.99605,-82.7179,Surface,1,TDN,ugl,405.92,FALSE,NA,255
9/11/2024,2024,37,7,41.99605,-82.7179,Bottom,9,TDN,ugl,475.81,FALSE,NA,255
10/1/2024,2024,40,2,41.971783,-82.488083,Surface,1,TDN,ugl,454.59,FALSE,NA,275
10/1/2024,2024,40,2,41.971783,-82.488083,Bottom,10,TDN,ugl,410.3,FALSE,NA,275
10/1/2024,2024,40,4,41.8927,-82.525767,Surface,1,TDN,ugl,457.44,FALSE,NA,275
10/1/2024,2024,40,4,41.8927,-82.525767,Bottom,10,TDN,ugl,509.9,FALSE,NA,275
10/1/2024,2024,40,5,42.002583,-82.578633,Surface,1,TDN,ugl,409.89,FALSE,NA,275
10/1/2024,2024,40,5,42.002583,-82.578633,Bottom,7,TDN,ugl,524.39,FALSE,NA,275
10/1/2024,2024,40,6,42.0222,-82.669683,Bottom,7,TDN,ugl,695.07,FALSE,NA,275
10/1/2024,2024,40,7,41.99605,-82.7179,Surface,1,TDN,ugl,543.13,FALSE,NA,275
10/1/2024,2024,40,7,41.99605,-82.7179,Bottom,9,TDN,ugl,525.07,FALSE,NA,275
5/16/2022,2022,21,2,41.913017,-82.7367,Surface,1,TDP,ugL,7.76,FALSE,NA,136
5/16/2022,2022,21,2,41.913017,-82.7367,Bottom,11,TDP,ugL,17.56,FALSE,NA,136
5/16/2022,2022,21,4,41.8927,-82.5258,Surface,1,TDP,ugL,11.51,FALSE,NA,136
5/16/2022,2022,21,4,41.8927,-82.5258,Bottom,8,TDP,ugL,9.75,FALSE,NA,136
5/16/2022,2022,21,5,42.002583,-82.5786,Surface,1,TDP,ugL,3.29,FALSE,NA,136
5/16/2022,2022,21,5,42.002583,-82.5786,Bottom,8.5,TDP,ugL,14.56,FALSE,NA,136
5/16/2022,2022,21,6,42.0222,-82.6697,Surface,1,TDP,ugL,13.09,FALSE,NA,136
5/16/2022,2022,21,6,42.0222,-82.6697,Bottom,8,TDP,ugL,11.02,TRUE,NA,136
5/16/2022,2022,21,7,41.99605,-82.7179,Surface,1,TDP,ugL,3.87,FALSE,NA,136
5/16/2022,2022,21,7,41.99605,-82.7179,Bottom,9.5,TDP,ugL,6.89,TRUE,NA,136
5/28/2022,2022,22,2,41.913017,-82.7367,Surface,1,TDP,ugL,5.63,FALSE,NA,148
5/28/2022,2022,22,2,41.913017,-82.7367,Bottom,11,TDP,ugL,4.42,FALSE,NA,148
5/28/2022,2022,22,4,41.8927,-82.5258,Surface,1,TDP,ugL,3.06,FALSE,NA,148
5/28/2022,2022,22,4,41.8927,-82.5258,Bottom,8,TDP,ugL,3.38,TRUE,NA,148
5/28/2022,2022,22,5,42.002583,-82.5786,Surface,1,TDP,ugL,7.59,FALSE,NA,148
5/28/2022,2022,22,5,42.002583,-82.5786,Bottom,8.5,TDP,ugL,7.82,FALSE,NA,148
5/28/2022,2022,22,6,42.0222,-82.6697,Surface,1,TDP,ugL,6.75,FALSE,NA,148
5/28/2022,2022,22,6,42.0222,-82.6697,Bottom,8,TDP,ugL,8.54,TRUE,NA,148
5/28/2022,2022,22,7,41.99605,-82.7179,Surface,1,TDP,ugL,8.48,FALSE,NA,148
5/28/2022,2022,22,7,41.99605,-82.7179,Bottom,9.5,TDP,ugL,9.26,FALSE,NA,148
6/9/2022,2022,24,2,41.913017,-82.7367,Surface,1,TDP,ugL,9.49,FALSE,NA,160
6/9/2022,2022,24,2,41.913017,-82.7367,Bottom,11,TDP,ugL,10.64,FALSE,NA,160
6/9/2022,2022,24,4,41.8927,-82.5258,Surface,1,TDP,ugL,4.93,FALSE,NA,160
6/9/2022,2022,24,4,41.8927,-82.5258,Bottom,8,TDP,ugL,7.41,FALSE,NA,160
6/9/2022,2022,24,5,42.002583,-82.5786,Surface,1,TDP,ugL,7.76,FALSE,NA,160
6/9/2022,2022,24,5,42.002583,-82.5786,Bottom,8.5,TDP,ugL,6.49,TRUE,NA,160
6/9/2022,2022,24,6,42.0222,-82.6697,Surface,1,TDP,ugL,6.12,FALSE,NA,160
6/9/2022,2022,24,6,42.0222,-82.6697,Bottom,8,TDP,ugL,9.55,FALSE,NA,160
6/9/2022,2022,24,7,41.99605,-82.7179,Surface,1,TDP,ugL,2.14,TRUE,NA,160
6/9/2022,2022,24,7,41.99605,-82.7179,Bottom,9.5,TDP,ugL,6.03,FALSE,NA,160
6/24/2022,2022,26,2,41.913017,-82.7367,Surface,1,TDP,ugL,2.63,FALSE,NA,175
6/24/2022,2022,26,2,41.913017,-82.7367,Bottom,11,TDP,ugL,5.37,FALSE,NA,175
6/24/2022,2022,26,4,41.8927,-82.5258,Surface,1,TDP,ugL,3.44,FALSE,NA,175
6/24/2022,2022,26,4,41.8927,-82.5258,Bottom,8,TDP,ugL,6.98,TRUE,NA,175
6/24/2022,2022,26,5,42.002583,-82.5786,Surface,1,TDP,ugL,6.49,TRUE,NA,175
6/24/2022,2022,26,5,42.002583,-82.5786,Bottom,8.5,TDP,ugL,15.37,FALSE,NA,175
6/24/2022,2022,26,6,42.0222,-82.6697,Surface,1,TDP,ugL,2.23,FALSE,NA,175
6/24/2022,2022,26,6,42.0222,-82.6697,Bottom,8,TDP,ugL,7.7,FALSE,NA,175
6/24/2022,2022,26,7,41.99605,-82.7179,Surface,1,TDP,ugL,2.26,TRUE,NA,175
6/24/2022,2022,26,7,41.99605,-82.7179,Bottom,9.5,TDP,ugL,6.21,FALSE,NA,175
7/7/2022,2022,28,2,41.913017,-82.7367,Surface,1,TDP,ugL,13.96,FALSE,NA,188
7/7/2022,2022,28,2,41.913017,-82.7367,Bottom,11,TDP,ugL,23.78,FALSE,NA,188
7/7/2022,2022,28,4,41.8927,-82.5258,Surface,1,TDP,ugL,3.58,TRUE,NA,188
7/7/2022,2022,28,4,41.8927,-82.5258,Bottom,8,TDP,ugL,7.27,FALSE,NA,188
7/7/2022,2022,28,5,42.002583,-82.5786,Surface,1,TDP,ugL,6.32,FALSE,NA,188
7/7/2022,2022,28,5,42.002583,-82.5786,Bottom,8.5,TDP,ugL,22,TRUE,NA,188
7/7/2022,2022,28,6,42.0222,-82.6697,Surface,1,TDP,ugL,3.7,TRUE,NA,188
7/7/2022,2022,28,6,42.0222,-82.6697,Bottom,8,TDP,ugL,3.52,TRUE,NA,188
7/7/2022,2022,28,7,41.99605,-82.7179,Surface,1,TDP,ugL,3.9,FALSE,NA,188
7/7/2022,2022,28,7,41.99605,-82.7179,Bottom,9.5,TDP,ugL,14.16,FALSE,NA,188
7/26/2022,2022,31,2,41.913017,-82.7367,Surface,1,TDP,ugL,9.46,FALSE,NA,207
7/26/2022,2022,31,2,41.913017,-82.7367,Bottom,11,TDP,ugL,9.26,FALSE,NA,207
7/26/2022,2022,31,4,41.8927,-82.5258,Surface,1,TDP,ugL,7.39,FALSE,NA,207
7/26/2022,2022,31,4,41.8927,-82.5258,Bottom,8,TDP,ugL,1.42,FALSE,NA,207
7/26/2022,2022,31,5,42.002583,-82.5786,Surface,1,TDP,ugL,15.74,FALSE,NA,207
7/26/2022,2022,31,5,42.002583,-82.5786,Bottom,8.5,TDP,ugL,1.94,TRUE,NA,207
7/26/2022,2022,31,6,42.0222,-82.6697,Surface,1,TDP,ugL,7.18,FALSE,NA,207
7/26/2022,2022,31,6,42.0222,-82.6697,Bottom,8,TDP,ugL,2.55,FALSE,NA,207
7/26/2022,2022,31,7,41.99605,-82.7179,Surface,1,TDP,ugL,8.34,FALSE,NA,207
7/26/2022,2022,31,7,41.99605,-82.7179,Bottom,9.5,TDP,ugL,8.05,FALSE,NA,207
8/5/2022,2022,32,5,42.002583,-82.5786,Surface,1,TDP,ugL,2.66,TRUE,NA,217
8/5/2022,2022,32,5,42.002583,-82.5786,Bottom,8.5,TDP,ugL,1.45,TRUE,NA,217
8/5/2022,2022,32,6,42.0222,-82.6697,Surface,1,TDP,ugL,0.73,TRUE,NA,217
8/5/2022,2022,32,6,42.0222,-82.6697,Bottom,8,TDP,ugL,0.53,TRUE,NA,217
8/5/2022,2022,32,7,41.99605,-82.7179,Surface,1,TDP,ugL,1.13,FALSE,NA,217
8/5/2022,2022,32,7,41.99605,-82.7179,Bottom,9.5,TDP,ugL,1.39,TRUE,NA,217
8/9/2022,2022,33,2,41.913017,-82.7367,Surface,1,TDP,ugL,1.85,FALSE,NA,221
8/9/2022,2022,33,2,41.913017,-82.7367,Bottom,11,TDP,ugL,1.48,FALSE,NA,221
8/9/2022,2022,33,4,41.8927,-82.5258,Surface,1,TDP,ugL,1.94,FALSE,NA,221
8/9/2022,2022,33,4,41.8927,-82.5258,Bottom,8,TDP,ugL,1.6,FALSE,NA,221
8/9/2022,2022,33,5,42.002583,-82.5786,Surface,1,TDP,ugL,10.93,FALSE,NA,221
8/9/2022,2022,33,5,42.002583,-82.5786,Bottom,8.5,TDP,ugL,7.44,FALSE,NA,221
8/9/2022,2022,33,6,42.0222,-82.6697,Surface,1,TDP,ugL,11.22,FALSE,NA,221
8/9/2022,2022,33,6,42.0222,-82.6697,Bottom,8,TDP,ugL,14.1,FALSE,NA,221
8/9/2022,2022,33,7,41.99605,-82.7179,Surface,1,TDP,ugL,4.59,FALSE,NA,221
8/9/2022,2022,33,7,41.99605,-82.7179,Bottom,9.5,TDP,ugL,11.36,FALSE,NA,221
8/17/2022,2022,34,2,41.913017,-82.7367,Surface,1,TDP,ugL,5.68,TRUE,NA,229
8/17/2022,2022,34,2,41.913017,-82.7367,Bottom,11,TDP,ugL,2.92,FALSE,NA,229
8/17/2022,2022,34,4,41.8927,-82.5258,Surface,1,TDP,ugL,1.91,FALSE,NA,229
8/17/2022,2022,34,4,41.8927,-82.5258,Bottom,8,TDP,ugL,1.62,FALSE,NA,229
8/17/2022,2022,34,5,42.002583,-82.5786,Surface,1,TDP,ugL,6.38,TRUE,NA,229
8/17/2022,2022,34,5,42.002583,-82.5786,Bottom,8.5,TDP,ugL,2.77,TRUE,NA,229
8/17/2022,2022,34,6,42.0222,-82.6697,Surface,1,TDP,ugL,1.31,FALSE,NA,229
8/17/2022,2022,34,6,42.0222,-82.6697,Bottom,8,TDP,ugL,2.75,TRUE,NA,229
8/17/2022,2022,34,7,41.99605,-82.7179,Surface,1,TDP,ugL,2.08,TRUE,NA,229
8/17/2022,2022,34,7,41.99605,-82.7179,Bottom,9.5,TDP,ugL,1.71,TRUE,NA,229
8/23/2022,2022,35,2,41.913017,-82.7367,Surface,1,TDP,ugL,2.06,FALSE,NA,235
8/23/2022,2022,35,2,41.913017,-82.7367,Bottom,11,TDP,ugL,1.59,TRUE,NA,235
8/23/2022,2022,35,4,41.8927,-82.5258,Surface,1,TDP,ugL,2,TRUE,NA,235
8/23/2022,2022,35,4,41.8927,-82.5258,Bottom,8,TDP,ugL,2.08,TRUE,NA,235
8/23/2022,2022,35,5,42.002583,-82.5786,Surface,1,TDP,ugL,2.57,FALSE,NA,235
8/23/2022,2022,35,5,42.002583,-82.5786,Bottom,8.5,TDP,ugL,3.81,TRUE,NA,235
8/23/2022,2022,35,6,42.0222,-82.6697,Surface,1,TDP,ugL,1.22,TRUE,NA,235
8/23/2022,2022,35,6,42.0222,-82.6697,Bottom,8,TDP,ugL,3.7,FALSE,NA,235
8/23/2022,2022,35,7,41.99605,-82.7179,Surface,1,TDP,ugL,2.31,TRUE,NA,235
8/23/2022,2022,35,7,41.99605,-82.7179,Bottom,9.5,TDP,ugL,2.4,TRUE,NA,235
9/1/2022,2022,36,2,41.913017,-82.7367,Surface,1,TDP,ugL,2.86,TRUE,NA,244
9/1/2022,2022,36,2,41.913017,-82.7367,Bottom,11,TDP,ugL,2.17,TRUE,NA,244
9/1/2022,2022,36,4,41.8927,-82.5258,Surface,1,TDP,ugL,2.26,FALSE,NA,244
9/1/2022,2022,36,4,41.8927,-82.5258,Bottom,8,TDP,ugL,2.86,FALSE,NA,244
9/1/2022,2022,36,5,42.002583,-82.5786,Surface,1,TDP,ugL,3.84,TRUE,NA,244
9/1/2022,2022,36,5,42.002583,-82.5786,Bottom,8.5,TDP,ugL,4.59,FALSE,NA,244
9/1/2022,2022,36,6,42.0222,-82.6697,Surface,1,TDP,ugL,1.48,TRUE,NA,244
9/1/2022,2022,36,6,42.0222,-82.6697,Bottom,8,TDP,ugL,2.98,TRUE,NA,244
9/1/2022,2022,36,7,41.99605,-82.7179,Surface,1,TDP,ugL,2.52,FALSE,NA,244
9/1/2022,2022,36,7,41.99605,-82.7179,Bottom,9.5,TDP,ugL,2.14,TRUE,NA,244
9/6/2022,2022,37,4,41.8927,-82.5258,Surface,1,TDP,ugL,4.39,FALSE,NA,249
9/6/2022,2022,37,4,41.8927,-82.5258,Bottom,8,TDP,ugL,3.75,FALSE,NA,249
9/6/2022,2022,37,5,42.002583,-82.5786,Surface,1,TDP,ugL,2.8,FALSE,NA,249
9/6/2022,2022,37,5,42.002583,-82.5786,Bottom,8.5,TDP,ugL,3.61,FALSE,NA,249
9/6/2022,2022,37,6,42.0222,-82.6697,Surface,1,TDP,ugL,2.75,FALSE,NA,249
9/6/2022,2022,37,6,42.0222,-82.6697,Bottom,8,TDP,ugL,2.52,FALSE,NA,249
9/8/2022,2022,37,2,41.913017,-82.7367,Surface,1,TDP,ugL,6.84,FALSE,NA,251
9/8/2022,2022,37,2,41.913017,-82.7367,Bottom,11,TDP,ugL,12.75,FALSE,NA,251
9/8/2022,2022,37,7,41.99605,-82.7179,Surface,1,TDP,ugL,4.1,TRUE,NA,251
9/8/2022,2022,37,7,41.99605,-82.7179,Bottom,9.5,TDP,ugL,9.32,TRUE,NA,251
9/23/2022,2022,39,2,41.913017,-82.7367,Bottom,11,TDP,ugL,2.11,TRUE,NA,266
9/23/2022,2022,39,4,41.8927,-82.5258,Surface,1,TDP,ugL,1.39,TRUE,NA,266
9/23/2022,2022,39,4,41.8927,-82.5258,Bottom,8,TDP,ugL,4.21,TRUE,NA,266
9/23/2022,2022,39,5,42.002583,-82.5786,Surface,1,TDP,ugL,2.17,TRUE,NA,266
9/23/2022,2022,39,5,42.002583,-82.5786,Bottom,8.5,TDP,ugL,1.62,TRUE,NA,266
9/23/2022,2022,39,6,42.0222,-82.6697,Surface,1,TDP,ugL,0.9,TRUE,NA,266
9/23/2022,2022,39,6,42.0222,-82.6697,Bottom,8,TDP,ugL,0.1,TRUE,NA,266
9/23/2022,2022,39,7,41.99605,-82.7179,Surface,1,TDP,ugL,2.17,FALSE,NA,266
9/23/2022,2022,39,7,41.99605,-82.7179,Bottom,9.5,TDP,ugL,2.72,FALSE,NA,266
5/18/2023,2023,20,4,41.8927,-82.525767,Surface,1,TDP,ugL,18.43,FALSE,NA,138
5/18/2023,2023,20,4,41.8927,-82.525767,Bottom,9.8,TDP,ugL,3.84,FALSE,NA,138
5/18/2023,2023,20,5,42.002583,-82.578633,Surface,1,TDP,ugL,5.59,FALSE,NA,138
5/18/2023,2023,20,5,42.002583,-82.578633,Bottom,8.1,TDP,ugL,17.03,FALSE,NA,138
5/30/2023,2023,22,2,41.913017,-82.73665,Surface,1,TDP,ugL,8.86,FALSE,NA,150
5/30/2023,2023,22,2,41.913017,-82.73665,Bottom,10.9,TDP,ugL,3.25,FALSE,NA,150
5/30/2023,2023,22,4,41.8927,-82.525767,Surface,1,TDP,ugL,2.79,FALSE,NA,150
5/30/2023,2023,22,4,41.8927,-82.525767,Bottom,9.8,TDP,ugL,4.89,TRUE,NA,150
5/30/2023,2023,22,5,42.002583,-82.578633,Surface,1,TDP,ugL,4.19,FALSE,NA,150
5/30/2023,2023,22,5,42.002583,-82.578633,Bottom,8.1,TDP,ugL,2.08,FALSE,NA,150
5/30/2023,2023,22,6,42.0222,-82.669683,Surface,1,TDP,ugL,3.95,FALSE,NA,150
5/30/2023,2023,22,6,42.0222,-82.669683,Bottom,7.9,TDP,ugL,7.45,FALSE,NA,150
5/30/2023,2023,22,7,41.99605,-82.7179,Surface,1,TDP,ugL,3.49,FALSE,NA,150
5/30/2023,2023,22,7,41.99605,-82.7179,Bottom,9.5,TDP,ugL,4.89,FALSE,NA,150
6/11/2023,2023,24,2,41.913017,-82.73665,Surface,1,TDP,ugL,5.82,FALSE,NA,162
6/11/2023,2023,24,2,41.913017,-82.73665,Bottom,10.9,TDP,ugL,4.42,FALSE,NA,162
6/11/2023,2023,24,5,42.002583,-82.578633,Surface,1,TDP,ugL,4.42,FALSE,NA,162
6/11/2023,2023,24,5,42.002583,-82.578633,Bottom,8.1,TDP,ugL,5.47,FALSE,NA,162
6/11/2023,2023,24,6,42.0222,-82.669683,Surface,1,TDP,ugL,4.65,FALSE,NA,162
6/11/2023,2023,24,6,42.0222,-82.669683,Bottom,7.9,TDP,ugL,7.45,FALSE,NA,162
6/11/2023,2023,24,7,41.99605,-82.7179,Surface,1,TDP,ugL,3.02,FALSE,NA,162
6/11/2023,2023,24,7,41.99605,-82.7179,Bottom,9.5,TDP,ugL,5.35,FALSE,NA,162
6/23/2023,2023,25,2,41.913017,-82.73665,Surface,1,TDP,ugL,-0.25,FALSE,NA,174
6/23/2023,2023,25,2,41.913017,-82.73665,Bottom,10.9,TDP,ugL,4.89,FALSE,NA,174
6/23/2023,2023,25,4,41.8927,-82.525767,Surface,1,TDP,ugL,11.89,FALSE,NA,174
6/23/2023,2023,25,5,42.002583,-82.578633,Surface,1,TDP,ugL,7.69,FALSE,NA,174
6/23/2023,2023,25,5,42.002583,-82.578633,Bottom,8.1,TDP,ugL,6.52,FALSE,NA,174
6/23/2023,2023,25,6,42.0222,-82.669683,Surface,1,TDP,ugL,4.89,FALSE,NA,174
6/23/2023,2023,25,6,42.0222,-82.669683,Bottom,7.9,TDP,ugL,4.65,FALSE,NA,174
6/23/2023,2023,25,7,41.99605,-82.7179,Surface,1,TDP,ugL,0.92,TRUE,NA,174
6/23/2023,2023,25,7,41.99605,-82.7179,Bottom,9.5,TDP,ugL,2.32,FALSE,NA,174
7/10/2023,2023,28,2,41.913017,-82.73665,Surface,1,TDP,ugL,4.89,FALSE,NA,191
7/10/2023,2023,28,2,41.913017,-82.73665,Bottom,10.9,TDP,ugL,4.19,FALSE,NA,191
7/10/2023,2023,28,4,41.8927,-82.525767,Bottom,9.8,TDP,ugL,3.84,TRUE,NA,191
7/10/2023,2023,28,5,42.002583,-82.578633,Surface,1,TDP,ugL,5.71,TRUE,NA,191
7/10/2023,2023,28,5,42.002583,-82.578633,Bottom,8.1,TDP,ugL,10.26,FALSE,NA,191
7/10/2023,2023,28,6,42.0222,-82.669683,Surface,1,TDP,ugL,4.89,FALSE,NA,191
7/10/2023,2023,28,6,42.0222,-82.669683,Bottom,7.9,TDP,ugL,2.79,FALSE,NA,191
7/10/2023,2023,28,7,41.99605,-82.7179,Surface,1,TDP,ugL,5.59,FALSE,NA,191
7/10/2023,2023,28,7,41.99605,-82.7179,Bottom,9.5,TDP,ugL,4.19,FALSE,NA,191
7/19/2023,2023,29,2,41.913017,-82.73665,Surface,1,TDP,ugL,11.42,FALSE,NA,200
7/19/2023,2023,29,2,41.913017,-82.73665,Bottom,10.9,TDP,ugL,6.29,FALSE,NA,200
7/19/2023,2023,29,4,41.8927,-82.525767,Surface,1,TDP,ugL,7.45,FALSE,NA,200
7/19/2023,2023,29,4,41.8927,-82.525767,Bottom,9.8,TDP,ugL,0.92,FALSE,NA,200
7/19/2023,2023,29,5,42.002583,-82.578633,Surface,1,TDP,ugL,0.68,FALSE,NA,200
7/19/2023,2023,29,5,42.002583,-82.578633,Bottom,8.1,TDP,ugL,11.42,FALSE,NA,200
7/19/2023,2023,29,6,42.0222,-82.669683,Surface,1,TDP,ugL,3.25,FALSE,NA,200
7/19/2023,2023,29,6,42.0222,-82.669683,Bottom,7.9,TDP,ugL,20.3,FALSE,NA,200
7/19/2023,2023,29,7,41.99605,-82.7179,Surface,1,TDP,ugL,4.89,FALSE,NA,200
7/19/2023,2023,29,7,41.99605,-82.7179,Bottom,9.5,TDP,ugL,3.37,TRUE,NA,200
7/25/2023,2023,30,2,41.913017,-82.73665,Surface,1,TDP,ugL,-0.25,FALSE,NA,206
7/25/2023,2023,30,2,41.913017,-82.73665,Bottom,10.9,TDP,ugL,2.08,FALSE,NA,206
7/25/2023,2023,30,4,41.8927,-82.525767,Surface,1,TDP,ugL,9.79,TRUE,NA,206
7/25/2023,2023,30,4,41.8927,-82.525767,Bottom,9.8,TDP,ugL,3.72,FALSE,NA,206
7/25/2023,2023,30,5,42.002583,-82.578633,Surface,1,TDP,ugL,32.67,FALSE,NA,206
7/25/2023,2023,30,5,42.002583,-82.578633,Bottom,8.1,TDP,ugL,0.22,FALSE,NA,206
7/25/2023,2023,30,6,42.0222,-82.669683,Surface,1,TDP,ugL,1.62,FALSE,NA,206
7/25/2023,2023,30,6,42.0222,-82.669683,Bottom,7.9,TDP,ugL,16.33,FALSE,NA,206
7/25/2023,2023,30,7,41.99605,-82.7179,Surface,1,TDP,ugL,0.22,FALSE,NA,206
7/25/2023,2023,30,7,41.99605,-82.7179,Bottom,9.5,TDP,ugL,5.48,TRUE,NA,206
8/1/2023,2023,31,2,41.913017,-82.73665,Surface,1,TDP,ugL,4.89,FALSE,NA,213
8/1/2023,2023,31,2,41.913017,-82.73665,Bottom,10.9,TDP,ugL,6.06,TRUE,NA,213
8/1/2023,2023,31,4,41.8927,-82.525767,Surface,1,TDP,ugL,3.02,FALSE,NA,213
8/1/2023,2023,31,4,41.8927,-82.525767,Bottom,9.8,TDP,ugL,4.65,TRUE,NA,213
8/1/2023,2023,31,5,42.002583,-82.578633,Surface,1,TDP,ugL,8.39,FALSE,NA,213
8/1/2023,2023,31,5,42.002583,-82.578633,Bottom,8.1,TDP,ugL,5.82,FALSE,NA,213
8/1/2023,2023,31,6,42.0222,-82.669683,Surface,1,TDP,ugL,2.08,FALSE,NA,213
8/1/2023,2023,31,6,42.0222,-82.669683,Bottom,7.9,TDP,ugL,6.05,FALSE,NA,213
8/1/2023,2023,31,7,41.99605,-82.7179,Surface,1,TDP,ugL,6.99,FALSE,NA,213
8/1/2023,2023,31,7,41.99605,-82.7179,Bottom,9.5,TDP,ugL,32.67,FALSE,NA,213
8/16/2023,2023,33,2,41.913017,-82.73665,Surface,1,TDP,ugL,6.75,FALSE,NA,228
8/16/2023,2023,33,2,41.913017,-82.73665,Bottom,10.9,TDP,ugL,7.22,FALSE,NA,228
8/16/2023,2023,33,4,41.8927,-82.525767,Surface,1,TDP,ugL,0.22,FALSE,NA,228
8/16/2023,2023,33,4,41.8927,-82.525767,Bottom,9.8,TDP,ugL,16.09,FALSE,NA,228
8/16/2023,2023,33,5,42.002583,-82.578633,Surface,1,TDP,ugL,7.69,FALSE,NA,228
8/16/2023,2023,33,5,42.002583,-82.578633,Bottom,8.1,TDP,ugL,7.69,FALSE,NA,228
8/16/2023,2023,33,6,42.0222,-82.669683,Surface,1,TDP,ugL,7.69,FALSE,NA,228
8/16/2023,2023,33,6,42.0222,-82.669683,Bottom,7.9,TDP,ugL,5.59,FALSE,NA,228
8/16/2023,2023,33,7,41.99605,-82.7179,Surface,1,TDP,ugL,5.82,FALSE,NA,228
8/16/2023,2023,33,7,41.99605,-82.7179,Bottom,9.5,TDP,ugL,2.32,FALSE,NA,228
8/28/2023,2023,35,2,41.913017,-82.73665,Surface,1,TDP,ugL,3.25,FALSE,NA,240
8/28/2023,2023,35,2,41.913017,-82.73665,Bottom,10.9,TDP,ugL,10.49,FALSE,NA,240
8/28/2023,2023,35,4,41.8927,-82.525767,Surface,1,TDP,ugL,6.05,FALSE,NA,240
8/28/2023,2023,35,4,41.8927,-82.525767,Bottom,9.8,TDP,ugL,8.15,FALSE,NA,240
8/28/2023,2023,35,5,42.002583,-82.578633,Surface,1,TDP,ugL,10.96,TRUE,NA,240
8/28/2023,2023,35,5,42.002583,-82.578633,Bottom,8.1,TDP,ugL,37.46,TRUE,NA,240
8/28/2023,2023,35,6,42.0222,-82.669683,Surface,1,TDP,ugL,5.82,FALSE,NA,240
8/28/2023,2023,35,6,42.0222,-82.669683,Bottom,7.9,TDP,ugL,7.69,FALSE,NA,240
8/28/2023,2023,35,7,41.99605,-82.7179,Bottom,9.5,TDP,ugL,16.33,FALSE,NA,240
9/15/2023,2023,37,2,41.913017,-82.73665,Surface,1,TDP,ugL,11.66,TRUE,NA,258
9/15/2023,2023,37,2,41.913017,-82.73665,Bottom,10.9,TDP,ugL,3.61,FALSE,NA,258
9/15/2023,2023,37,4,41.8927,-82.525767,Surface,1,TDP,ugL,9.91,TRUE,NA,258
9/15/2023,2023,37,4,41.8927,-82.525767,Bottom,9.8,TDP,ugL,4.42,FALSE,NA,258
9/15/2023,2023,37,5,42.002583,-82.578633,Surface,1,TDP,ugL,3.25,FALSE,NA,258
9/15/2023,2023,37,5,42.002583,-82.578633,Bottom,8.1,TDP,ugL,7.69,FALSE,NA,258
9/15/2023,2023,37,6,42.0222,-82.669683,Surface,1,TDP,ugL,5.59,FALSE,NA,258
9/15/2023,2023,37,6,42.0222,-82.669683,Bottom,7.9,TDP,ugL,3.25,FALSE,NA,258
9/15/2023,2023,37,7,41.99605,-82.7179,Surface,1,TDP,ugL,3.72,FALSE,NA,258
9/15/2023,2023,37,7,41.99605,-82.7179,Bottom,9.5,TDP,ugL,6.29,FALSE,NA,258
9/23/2023,2023,38,2,41.913017,-82.73665,Surface,1,TDP,ugL,7.92,FALSE,NA,266
9/23/2023,2023,38,2,41.913017,-82.73665,Bottom,10.9,TDP,ugL,4.77,FALSE,NA,266
9/23/2023,2023,38,4,41.8927,-82.525767,Surface,1,TDP,ugL,4.65,FALSE,NA,266
9/23/2023,2023,38,4,41.8927,-82.525767,Bottom,9.8,TDP,ugL,20.3,TRUE,NA,266
9/23/2023,2023,38,5,42.002583,-82.578633,Surface,1,TDP,ugL,5.82,FALSE,NA,266
9/23/2023,2023,38,5,42.002583,-82.578633,Bottom,8.1,TDP,ugL,6.17,FALSE,NA,266
9/23/2023,2023,38,6,42.0222,-82.669683,Surface,1,TDP,ugL,11.19,FALSE,NA,266
9/23/2023,2023,38,6,42.0222,-82.669683,Bottom,7.9,TDP,ugL,6.52,FALSE,NA,266
9/23/2023,2023,38,7,41.99605,-82.7179,Surface,1,TDP,ugL,2.32,FALSE,NA,266
9/23/2023,2023,38,7,41.99605,-82.7179,Bottom,9.5,TDP,ugL,2.55,FALSE,NA,266
10/3/2023,2023,40,2,41.913017,-82.73665,Surface,1,TDP,ugL,6.05,FALSE,NA,276
10/3/2023,2023,40,2,41.913017,-82.73665,Bottom,10.9,TDP,ugL,4.66,FALSE,NA,276
10/3/2023,2023,40,4,41.8927,-82.525767,Surface,1,TDP,ugL,14.7,TRUE,NA,276
10/3/2023,2023,40,4,41.8927,-82.525767,Bottom,9.8,TDP,ugL,7.11,TRUE,NA,276
10/3/2023,2023,40,5,42.002583,-82.578633,Surface,1,TDP,ugL,17.38,TRUE,NA,276
10/3/2023,2023,40,5,42.002583,-82.578633,Bottom,8.1,TDP,ugL,5.71,FALSE,NA,276
10/3/2023,2023,40,6,42.0222,-82.669683,Surface,1,TDP,ugL,6.06,FALSE,NA,276
10/3/2023,2023,40,6,42.0222,-82.669683,Bottom,7.9,TDP,ugL,7.81,TRUE,NA,276
10/3/2023,2023,40,7,41.99605,-82.7179,Surface,1,TDP,ugL,12.01,TRUE,NA,276
10/3/2023,2023,40,7,41.99605,-82.7179,Bottom,9.5,TDP,ugL,3.96,TRUE,NA,276
5/30/2023,2023,22,2,41.913017,-82.73665,Surface,1,TEMP,C,16.8,FALSE,NA,150
5/30/2023,2023,22,2,41.913017,-82.73665,Bottom,10.9,TEMP,C,14.9,FALSE,NA,150
5/30/2023,2023,22,4,41.8927,-82.525767,Surface,1,TEMP,C,16.3,FALSE,NA,150
5/30/2023,2023,22,4,41.8927,-82.525767,Bottom,9.8,TEMP,C,15.1,FALSE,NA,150
5/30/2023,2023,22,5,42.002583,-82.578633,Surface,1,TEMP,C,16.6,FALSE,NA,150
5/30/2023,2023,22,5,42.002583,-82.578633,Bottom,8.1,TEMP,C,14.9,FALSE,NA,150
5/30/2023,2023,22,6,42.0222,-82.669683,Surface,1,TEMP,C,17,FALSE,NA,150
5/30/2023,2023,22,6,42.0222,-82.669683,Bottom,7.9,TEMP,C,16.7,FALSE,NA,150
5/30/2023,2023,22,7,41.99605,-82.7179,Surface,1,TEMP,C,16.9,FALSE,NA,150
5/30/2023,2023,22,7,41.99605,-82.7179,Bottom,9.5,TEMP,C,15.1,FALSE,NA,150
6/11/2023,2023,24,2,41.913017,-82.73665,Surface,1,TEMP,C,19.8,FALSE,NA,162
6/11/2023,2023,24,2,41.913017,-82.73665,Bottom,11,TEMP,C,18.3,FALSE,NA,162
6/11/2023,2023,24,5,42.002583,-82.578633,Surface,1,TEMP,C,19.8,FALSE,NA,162
6/11/2023,2023,24,5,42.002583,-82.578633,Bottom,8,TEMP,C,19.5,FALSE,NA,162
6/11/2023,2023,24,6,42.0222,-82.669683,Surface,1,TEMP,C,19.8,FALSE,NA,162
6/11/2023,2023,24,6,42.0222,-82.669683,Bottom,8,TEMP,C,19.1,FALSE,NA,162
6/11/2023,2023,24,7,41.99605,-82.7179,Surface,1,TEMP,C,19.9,FALSE,NA,162
6/11/2023,2023,24,7,41.99605,-82.7179,Bottom,9.5,TEMP,C,18.7,FALSE,NA,162
6/23/2023,2023,25,2,41.913017,-82.73665,Surface,1,TEMP,C,20.4,FALSE,NA,174
6/23/2023,2023,25,2,41.913017,-82.73665,Bottom,10.5,TEMP,C,20.3,FALSE,NA,174
6/23/2023,2023,25,4,41.8927,-82.525767,Surface,1,TEMP,C,20.5,FALSE,NA,174
6/23/2023,2023,25,4,41.8927,-82.525767,Bottom,8.5,TEMP,C,20.4,FALSE,NA,174
6/23/2023,2023,25,5,42.002583,-82.578633,Surface,1,TEMP,C,20.7,FALSE,NA,174
6/23/2023,2023,25,5,42.002583,-82.578633,Bottom,7.5,TEMP,C,20.7,FALSE,NA,174
6/23/2023,2023,25,6,42.0222,-82.669683,Surface,1,TEMP,C,20.9,FALSE,NA,174
6/23/2023,2023,25,6,42.0222,-82.669683,Bottom,7,TEMP,C,20.9,FALSE,NA,174
6/23/2023,2023,25,7,41.99605,-82.7179,Surface,1,TEMP,C,20.7,FALSE,NA,174
6/23/2023,2023,25,7,41.99605,-82.7179,Bottom,9,TEMP,C,20.7,FALSE,NA,174
7/10/2023,2023,28,2,41.913017,-82.73665,Surface,1,TEMP,C,23.8,FALSE,NA,191
7/10/2023,2023,28,2,41.913017,-82.73665,Bottom,10.5,TEMP,C,22.8,FALSE,NA,191
7/10/2023,2023,28,4,41.8927,-82.525767,Surface,1,TEMP,C,23.8,FALSE,NA,191
7/10/2023,2023,28,4,41.8927,-82.525767,Bottom,8.5,TEMP,C,23.6,FALSE,NA,191
7/10/2023,2023,28,5,42.002583,-82.578633,Surface,1,TEMP,C,24.1,FALSE,NA,191
7/10/2023,2023,28,5,42.002583,-82.578633,Bottom,7.5,TEMP,C,21.1,FALSE,NA,191
7/10/2023,2023,28,6,42.0222,-82.669683,Surface,1,TEMP,C,24.3,FALSE,NA,191
7/10/2023,2023,28,6,42.0222,-82.669683,Bottom,7,TEMP,C,21.6,FALSE,NA,191
7/10/2023,2023,28,7,41.99605,-82.7179,Surface,1,TEMP,C,23.9,FALSE,NA,191
7/10/2023,2023,28,7,41.99605,-82.7179,Bottom,9,TEMP,C,22.8,FALSE,NA,191
7/17/2023,2023,29,2,41.913017,-82.73665,Surface,1,TEMP,C,24.1,FALSE,NA,198
7/17/2023,2023,29,2,41.913017,-82.73665,Bottom,10.5,TEMP,C,23.6,FALSE,NA,198
7/17/2023,2023,29,4,41.8927,-82.525767,Surface,1,TEMP,C,24.2,FALSE,NA,198
7/17/2023,2023,29,4,41.8927,-82.525767,Bottom,8.5,TEMP,C,23.4,FALSE,NA,198
7/17/2023,2023,29,5,42.002583,-82.578633,Surface,1,TEMP,C,24.4,FALSE,NA,198
7/17/2023,2023,29,5,42.002583,-82.578633,Bottom,7.5,TEMP,C,23.7,FALSE,NA,198
7/17/2023,2023,29,6,42.0222,-82.669683,Surface,1,TEMP,C,23.6,FALSE,NA,198
7/17/2023,2023,29,6,42.0222,-82.669683,Bottom,7,TEMP,C,23.4,FALSE,NA,198
7/17/2023,2023,29,7,41.99605,-82.7179,Surface,1,TEMP,C,23.9,FALSE,NA,198
7/17/2023,2023,29,7,41.99605,-82.7179,Bottom,9,TEMP,C,23.5,FALSE,NA,198
7/25/2023,2023,30,2,41.913017,-82.73665,Surface,1,TEMP,C,24.6,FALSE,NA,206
7/25/2023,2023,30,2,41.913017,-82.73665,Bottom,10.5,TEMP,C,24,FALSE,NA,206
7/25/2023,2023,30,4,41.8927,-82.525767,Surface,1,TEMP,C,24.6,FALSE,NA,206
7/25/2023,2023,30,4,41.8927,-82.525767,Bottom,8.5,TEMP,C,22.6,FALSE,NA,206
7/25/2023,2023,30,5,42.002583,-82.578633,Surface,1,TEMP,C,25.1,FALSE,NA,206
7/25/2023,2023,30,5,42.002583,-82.578633,Bottom,7.5,TEMP,C,24.5,FALSE,NA,206
7/25/2023,2023,30,6,42.0222,-82.669683,Surface,1,TEMP,C,24.3,FALSE,NA,206
7/25/2023,2023,30,6,42.0222,-82.669683,Bottom,7,TEMP,C,24,FALSE,NA,206
7/25/2023,2023,30,7,41.99605,-82.7179,Surface,1,TEMP,C,24.4,FALSE,NA,206
7/25/2023,2023,30,7,41.99605,-82.7179,Bottom,9,TEMP,C,24.1,FALSE,NA,206
8/1/2023,2023,31,2,41.913017,-82.73665,Surface,1,TEMP,C,24.6,FALSE,NA,213
8/1/2023,2023,31,2,41.913017,-82.73665,Bottom,10.5,TEMP,C,24.5,FALSE,NA,213
8/1/2023,2023,31,4,41.8927,-82.525767,Surface,1,TEMP,C,24.1,FALSE,NA,213
8/1/2023,2023,31,4,41.8927,-82.525767,Bottom,8.5,TEMP,C,23,FALSE,NA,213
8/1/2023,2023,31,5,42.002583,-82.578633,Surface,1,TEMP,C,24.2,FALSE,NA,213
8/1/2023,2023,31,5,42.002583,-82.578633,Bottom,7.5,TEMP,C,20.5,FALSE,NA,213
8/1/2023,2023,31,6,42.0222,-82.669683,Surface,1,TEMP,C,24.5,FALSE,NA,213
8/1/2023,2023,31,6,42.0222,-82.669683,Bottom,7,TEMP,C,24.3,FALSE,NA,213
8/1/2023,2023,31,7,41.99605,-82.7179,Surface,1,TEMP,C,24.5,FALSE,NA,213
8/1/2023,2023,31,7,41.99605,-82.7179,Bottom,9,TEMP,C,24.4,FALSE,NA,213
8/16/2023,2023,33,2,41.913017,-82.73665,Surface,1,TEMP,C,23.7,FALSE,NA,228
8/16/2023,2023,33,2,41.913017,-82.73665,Bottom,10.5,TEMP,C,23.7,FALSE,NA,228
8/16/2023,2023,33,4,41.8927,-82.525767,Surface,1,TEMP,C,21.7,FALSE,NA,228
8/16/2023,2023,33,4,41.8927,-82.525767,Bottom,8.6,TEMP,C,21.2,FALSE,NA,228
8/16/2023,2023,33,5,42.002583,-82.578633,Surface,1,TEMP,C,23.7,FALSE,NA,228
8/16/2023,2023,33,5,42.002583,-82.578633,Bottom,7.8,TEMP,C,23.2,FALSE,NA,228
8/16/2023,2023,33,6,42.0222,-82.669683,Surface,1,TEMP,C,23.5,FALSE,NA,228
8/16/2023,2023,33,6,42.0222,-82.669683,Bottom,7,TEMP,C,23.5,FALSE,NA,228
8/16/2023,2023,33,7,41.99605,-82.7179,Surface,1,TEMP,C,23.7,FALSE,NA,228
8/16/2023,2023,33,7,41.99605,-82.7179,Bottom,10,TEMP,C,23.6,FALSE,NA,228
8/28/2023,2023,35,2,41.913017,-82.73665,Surface,1,TEMP,C,22.6,FALSE,NA,240
8/28/2023,2023,35,2,41.913017,-82.73665,Bottom,10.5,TEMP,C,22.3,FALSE,NA,240
8/28/2023,2023,35,4,41.8927,-82.525767,Surface,1,TEMP,C,22.5,FALSE,NA,240
8/28/2023,2023,35,4,41.8927,-82.525767,Bottom,8.6,TEMP,C,22.2,FALSE,NA,240
8/28/2023,2023,35,5,42.002583,-82.578633,Surface,1,TEMP,C,22.3,FALSE,NA,240
8/28/2023,2023,35,5,42.002583,-82.578633,Bottom,7.8,TEMP,C,22.4,FALSE,NA,240
8/28/2023,2023,35,6,42.0222,-82.669683,Surface,1,TEMP,C,22.5,FALSE,NA,240
8/28/2023,2023,35,6,42.0222,-82.669683,Bottom,7,TEMP,C,22.3,FALSE,NA,240
8/28/2023,2023,35,7,41.99605,-82.7179,Surface,1,TEMP,C,22.5,FALSE,NA,240
8/28/2023,2023,35,7,41.99605,-82.7179,Bottom,9,TEMP,C,22.3,FALSE,NA,240
9/15/2023,2023,37,2,41.913017,-82.73665,Surface,1,TEMP,C,21.7,FALSE,NA,258
9/15/2023,2023,37,2,41.913017,-82.73665,Bottom,11,TEMP,C,21.7,FALSE,NA,258
9/15/2023,2023,37,4,41.8927,-82.525767,Surface,1,TEMP,C,21.8,FALSE,NA,258
9/15/2023,2023,37,4,41.8927,-82.525767,Bottom,9,TEMP,C,21.8,FALSE,NA,258
9/15/2023,2023,37,5,42.002583,-82.578633,Surface,1,TEMP,C,21.8,FALSE,NA,258
9/15/2023,2023,37,5,42.002583,-82.578633,Bottom,8,TEMP,C,21.8,FALSE,NA,258
9/15/2023,2023,37,6,42.0222,-82.669683,Surface,1,TEMP,C,21.4,FALSE,NA,258
9/15/2023,2023,37,6,42.0222,-82.669683,Bottom,7.5,TEMP,C,21.4,FALSE,NA,258
9/15/2023,2023,37,7,41.99605,-82.7179,Surface,1,TEMP,C,21.7,FALSE,NA,258
9/15/2023,2023,37,7,41.99605,-82.7179,Bottom,9,TEMP,C,21.7,FALSE,NA,258
5/16/2024,2024,20,4,41.8927,-82.525767,Surface,1,TEMP,C,18.4,FALSE,NA,137
5/16/2024,2024,20,4,41.8927,-82.525767,Bottom,10,TEMP,C,15.1,FALSE,NA,137
5/23/2024,2024,21,6,42.0222,-82.669683,Surface,1,TEMP,C,15.8,FALSE,NA,144
5/23/2024,2024,21,6,42.0222,-82.669683,Bottom,7,TEMP,C,15.3,FALSE,NA,144
5/23/2024,2024,21,7,41.99605,-82.7179,Surface,1,TEMP,C,15.4,FALSE,NA,144
5/23/2024,2024,21,7,41.99605,-82.7179,Bottom,9,TEMP,C,15.1,FALSE,NA,144
5/31/2024,2024,22,2,41.971783,-82.488083,Surface,1,TEMP,C,19.3,FALSE,NA,152
5/31/2024,2024,22,2,41.971783,-82.488083,Bottom,10,TEMP,C,18.6,FALSE,NA,152
5/31/2024,2024,22,4,41.8927,-82.525767,Surface,1,TEMP,C,19,FALSE,NA,152
5/31/2024,2024,22,4,41.8927,-82.525767,Bottom,10,TEMP,C,17.9,FALSE,NA,152
5/31/2024,2024,22,5,42.002583,-82.578633,Surface,1,TEMP,C,19.6,FALSE,NA,152
5/31/2024,2024,22,5,42.002583,-82.578633,Bottom,7,TEMP,C,17.6,FALSE,NA,152
5/31/2024,2024,22,6,42.0222,-82.669683,Surface,1,TEMP,C,19.9,FALSE,NA,152
5/31/2024,2024,22,6,42.0222,-82.669683,Bottom,7,TEMP,C,19.5,FALSE,NA,152
5/31/2024,2024,22,7,41.99605,-82.7179,Surface,1,TEMP,C,19.8,FALSE,NA,152
5/31/2024,2024,22,7,41.99605,-82.7179,Bottom,9,TEMP,C,19,FALSE,NA,152
6/19/2024,2024,25,2,41.971783,-82.488083,Surface,1,TEMP,C,22.9,FALSE,NA,171
6/19/2024,2024,25,2,41.971783,-82.488083,Bottom,10,TEMP,C,21,FALSE,NA,171
6/19/2024,2024,25,4,41.8927,-82.525767,Surface,1,TEMP,C,22.6,FALSE,NA,171
6/19/2024,2024,25,4,41.8927,-82.525767,Bottom,10,TEMP,C,21,FALSE,NA,171
6/19/2024,2024,25,5,42.002583,-82.578633,Surface,1,TEMP,C,23.2,FALSE,NA,171
6/19/2024,2024,25,5,42.002583,-82.578633,Bottom,7,TEMP,C,22.9,FALSE,NA,171
6/19/2024,2024,25,6,42.0222,-82.669683,Surface,1,TEMP,C,24,FALSE,NA,171
6/19/2024,2024,25,6,42.0222,-82.669683,Bottom,7,TEMP,C,23.2,FALSE,NA,171
6/19/2024,2024,25,7,41.99605,-82.7179,Surface,1,TEMP,C,23.4,FALSE,NA,171
6/19/2024,2024,25,7,41.99605,-82.7179,Bottom,9,TEMP,C,21.3,FALSE,NA,171
7/4/2024,2024,27,2,41.971783,-82.488083,Surface,1,TEMP,C,23.2,FALSE,NA,186
7/4/2024,2024,27,2,41.971783,-82.488083,Bottom,10,TEMP,C,23,FALSE,NA,186
7/4/2024,2024,27,4,41.8927,-82.525767,Surface,1,TEMP,C,23.6,FALSE,NA,186
7/4/2024,2024,27,4,41.8927,-82.525767,Bottom,10,TEMP,C,22.6,FALSE,NA,186
7/4/2024,2024,27,5,42.002583,-82.578633,Surface,1,TEMP,C,24,FALSE,NA,186
7/4/2024,2024,27,5,42.002583,-82.578633,Bottom,7,TEMP,C,23.3,FALSE,NA,186
7/4/2024,2024,27,6,42.0222,-82.669683,Surface,1,TEMP,C,23.8,FALSE,NA,186
7/4/2024,2024,27,6,42.0222,-82.669683,Bottom,7,TEMP,C,23.1,FALSE,NA,186
7/4/2024,2024,27,7,41.99605,-82.7179,Surface,1,TEMP,C,23.5,FALSE,NA,186
7/4/2024,2024,27,7,41.99605,-82.7179,Bottom,9,TEMP,C,22.8,FALSE,NA,186
7/19/2024,2024,29,2,41.971783,-82.488083,Surface,1,TEMP,C,24.7,FALSE,NA,201
7/19/2024,2024,29,2,41.971783,-82.488083,Bottom,10,TEMP,C,24.4,FALSE,NA,201
7/19/2024,2024,29,4,41.8927,-82.525767,Surface,1,TEMP,C,24.5,FALSE,NA,201
7/19/2024,2024,29,4,41.8927,-82.525767,Bottom,10,TEMP,C,24.6,FALSE,NA,201
7/19/2024,2024,29,5,42.002583,-82.578633,Surface,1,TEMP,C,25.1,FALSE,NA,201
7/19/2024,2024,29,5,42.002583,-82.578633,Bottom,7,TEMP,C,20.2,FALSE,NA,201
7/19/2024,2024,29,6,42.0222,-82.669683,Surface,1,TEMP,C,24.6,FALSE,NA,201
7/19/2024,2024,29,6,42.0222,-82.669683,Bottom,7,TEMP,C,24.6,FALSE,NA,201
7/19/2024,2024,29,7,41.99605,-82.7179,Surface,1,TEMP,C,24.2,FALSE,NA,201
7/19/2024,2024,29,7,41.99605,-82.7179,Bottom,9,TEMP,C,24.6,FALSE,NA,201
8/4/2024,2024,32,2,41.971783,-82.488083,Surface,1,TEMP,C,26.1,FALSE,NA,217
8/4/2024,2024,32,2,41.971783,-82.488083,Bottom,10,TEMP,C,25.6,FALSE,NA,217
8/4/2024,2024,32,4,41.8927,-82.525767,Surface,1,TEMP,C,26.4,FALSE,NA,217
8/4/2024,2024,32,4,41.8927,-82.525767,Bottom,10,TEMP,C,25.8,FALSE,NA,217
8/4/2024,2024,32,5,42.002583,-82.578633,Surface,1,TEMP,C,26.7,FALSE,NA,217
8/4/2024,2024,32,5,42.002583,-82.578633,Bottom,7,TEMP,C,24.9,FALSE,NA,217
8/4/2024,2024,32,6,42.0222,-82.669683,Surface,1,TEMP,C,26.4,FALSE,NA,217
8/4/2024,2024,32,6,42.0222,-82.669683,Bottom,7,TEMP,C,25.5,FALSE,NA,217
8/4/2024,2024,32,7,41.99605,-82.7179,Surface,1,TEMP,C,26.4,FALSE,NA,217
8/4/2024,2024,32,7,41.99605,-82.7179,Bottom,9,TEMP,C,25.7,FALSE,NA,217
8/13/2024,2024,33,2,41.971783,-82.488083,Surface,1,TEMP,C,24.2,FALSE,NA,226
8/13/2024,2024,33,2,41.971783,-82.488083,Bottom,10,TEMP,C,23.7,FALSE,NA,226
8/13/2024,2024,33,4,41.8927,-82.525767,Surface,1,TEMP,C,24.2,FALSE,NA,226
8/13/2024,2024,33,4,41.8927,-82.525767,Bottom,10,TEMP,C,23.8,FALSE,NA,226
8/13/2024,2024,33,5,42.002583,-82.578633,Surface,1,TEMP,C,24.6,FALSE,NA,226
8/13/2024,2024,33,5,42.002583,-82.578633,Bottom,7,TEMP,C,23.7,FALSE,NA,226
8/13/2024,2024,33,6,42.0222,-82.669683,Surface,1,TEMP,C,24.2,FALSE,NA,226
8/13/2024,2024,33,6,42.0222,-82.669683,Bottom,7,TEMP,C,23.8,FALSE,NA,226
8/13/2024,2024,33,7,41.99605,-82.7179,Surface,1,TEMP,C,24.2,FALSE,NA,226
8/13/2024,2024,33,7,41.99605,-82.7179,Bottom,9,TEMP,C,23.8,FALSE,NA,226
8/22/2024,2024,34,2,41.971783,-82.488083,Surface,1,TEMP,C,22.7,FALSE,NA,235
8/22/2024,2024,34,2,41.971783,-82.488083,Bottom,10,TEMP,C,22.7,FALSE,NA,235
8/22/2024,2024,34,4,41.8927,-82.525767,Surface,1,TEMP,C,22.8,FALSE,NA,235
8/22/2024,2024,34,4,41.8927,-82.525767,Bottom,10,TEMP,C,22.8,FALSE,NA,235
8/22/2024,2024,34,5,42.002583,-82.578633,Surface,1,TEMP,C,23.2,FALSE,NA,235
8/22/2024,2024,34,5,42.002583,-82.578633,Bottom,7,TEMP,C,22.9,FALSE,NA,235
8/22/2024,2024,34,6,42.0222,-82.669683,Surface,1,TEMP,C,22.5,FALSE,NA,235
8/22/2024,2024,34,6,42.0222,-82.669683,Bottom,7,TEMP,C,22.6,FALSE,NA,235
8/22/2024,2024,34,7,41.99605,-82.7179,Surface,1,TEMP,C,22.4,FALSE,NA,235
8/22/2024,2024,34,7,41.99605,-82.7179,Bottom,9,TEMP,C,22.5,FALSE,NA,235
9/3/2024,2024,36,5,42.002583,-82.578633,Surface,1,TEMP,C,23.1,FALSE,NA,247
9/3/2024,2024,36,5,42.002583,-82.578633,Bottom,7,TEMP,C,23.1,FALSE,NA,247
9/3/2024,2024,36,6,42.0222,-82.669683,Surface,1,TEMP,C,22.9,FALSE,NA,247
9/3/2024,2024,36,6,42.0222,-82.669683,Bottom,7,TEMP,C,22.9,FALSE,NA,247
9/3/2024,2024,36,7,41.99605,-82.7179,Surface,1,TEMP,C,22.8,FALSE,NA,247
9/3/2024,2024,36,7,41.99605,-82.7179,Bottom,9,TEMP,C,22.9,FALSE,NA,247
9/11/2024,2024,37,2,41.971783,-82.488083,Surface,1,TEMP,C,21.5,FALSE,NA,255
9/11/2024,2024,37,2,41.971783,-82.488083,Bottom,10,TEMP,C,21.2,FALSE,NA,255
9/11/2024,2024,37,4,41.8927,-82.525767,Surface,1,TEMP,C,21.6,FALSE,NA,255
9/11/2024,2024,37,4,41.8927,-82.525767,Bottom,10,TEMP,C,21.2,FALSE,NA,255
9/11/2024,2024,37,5,42.002583,-82.578633,Surface,1,TEMP,C,22.3,FALSE,NA,255
9/11/2024,2024,37,5,42.002583,-82.578633,Bottom,7,TEMP,C,21,FALSE,NA,255
9/11/2024,2024,37,6,42.0222,-82.669683,Surface,1,TEMP,C,21.7,FALSE,NA,255
9/11/2024,2024,37,6,42.0222,-82.669683,Bottom,7,TEMP,C,21.1,FALSE,NA,255
9/11/2024,2024,37,7,41.99605,-82.7179,Surface,1,TEMP,C,21.5,FALSE,NA,255
9/11/2024,2024,37,7,41.99605,-82.7179,Bottom,9,TEMP,C,21.1,FALSE,NA,255
10/1/2024,2024,40,2,41.971783,-82.488083,Surface,1,TEMP,C,21.4,FALSE,NA,275
10/1/2024,2024,40,2,41.971783,-82.488083,Bottom,10,TEMP,C,21.4,FALSE,NA,275
10/1/2024,2024,40,4,41.8927,-82.525767,Surface,1,TEMP,C,21.3,FALSE,NA,275
10/1/2024,2024,40,4,41.8927,-82.525767,Bottom,10,TEMP,C,21.3,FALSE,NA,275
10/1/2024,2024,40,5,42.002583,-82.578633,Surface,1,TEMP,C,21.3,FALSE,NA,275
10/1/2024,2024,40,5,42.002583,-82.578633,Bottom,7,TEMP,C,21.3,FALSE,NA,275
10/1/2024,2024,40,6,42.0222,-82.669683,Surface,1,TEMP,C,21.3,FALSE,NA,275
10/1/2024,2024,40,6,42.0222,-82.669683,Bottom,7,TEMP,C,21.3,FALSE,NA,275
10/1/2024,2024,40,7,41.99605,-82.7179,Surface,1,TEMP,C,20.8,FALSE,NA,275
10/1/2024,2024,40,7,41.99605,-82.7179,Bottom,9,TEMP,C,20.8,FALSE,NA,275
8/5/2022,2022,32,5,42.002583,-82.5786,Surface,1,TMC,ugL,0.31,FALSE,NA,217
8/5/2022,2022,32,6,42.0222,-82.6697,Surface,1,TMC,ugL,0.3,TRUE,NA,217
8/5/2022,2022,32,7,41.99605,-82.7179,Surface,1,TMC,ugL,0.35,TRUE,NA,217
8/9/2022,2022,33,5,42.002583,-82.5786,Surface,1,TMC,ugL,0.25,TRUE,NA,221
8/9/2022,2022,33,6,42.0222,-82.6697,Surface,1,TMC,ugL,0.27,FALSE,NA,221
8/9/2022,2022,33,7,41.99605,-82.7179,Surface,1,TMC,ugL,0.19,TRUE,NA,221
8/17/2022,2022,34,5,42.002583,-82.5786,Surface,1,TMC,ugL,0.24,FALSE,NA,229
8/17/2022,2022,34,6,42.0222,-82.6697,Surface,1,TMC,ugL,0.34,TRUE,NA,229
8/17/2022,2022,34,7,41.99605,-82.7179,Surface,1,TMC,ugL,0.44,FALSE,NA,229
8/23/2022,2022,35,5,42.002583,-82.5786,Surface,1,TMC,ugL,0.38,FALSE,NA,235
8/23/2022,2022,35,6,42.0222,-82.6697,Surface,1,TMC,ugL,0.44,FALSE,NA,235
8/23/2022,2022,35,7,41.99605,-82.7179,Surface,1,TMC,ugL,0.35,TRUE,NA,235
9/1/2022,2022,36,5,42.002583,-82.5786,Surface,1,TMC,ugL,0.38,TRUE,NA,244
9/1/2022,2022,36,6,42.0222,-82.6697,Surface,1,TMC,ugL,0.94,FALSE,NA,244
9/1/2022,2022,36,7,41.99605,-82.7179,Surface,1,TMC,ugL,1.69,TRUE,NA,244
9/8/2022,2022,37,5,42.002583,-82.5786,Surface,1,TMC,ugL,0.76,TRUE,NA,251
9/8/2022,2022,37,6,42.0222,-82.6697,Surface,1,TMC,ugL,0.98,FALSE,NA,251
9/8/2022,2022,37,7,41.99605,-82.7179,Surface,1,TMC,ugL,0.43,TRUE,NA,251
9/23/2022,2022,39,5,42.002583,-82.5786,Surface,1,TMC,ugL,1.91,FALSE,NA,266
9/23/2022,2022,39,6,42.0222,-82.6697,Surface,1,TMC,ugL,1.58,FALSE,NA,266
9/23/2022,2022,39,7,41.99605,-82.7179,Surface,1,TMC,ugL,0.68,TRUE,NA,266
8/4/2024,2024,32,2,41.971783,-82.488083,Surface,1,TMC,ugl,0.28,FALSE,NA,217
8/4/2024,2024,32,4,41.8927,-82.525767,Surface,1,TMC,ugl,1.18,FALSE,NA,217
8/4/2024,2024,32,6,42.0222,-82.669683,Surface,1,TMC,ugl,0.17,FALSE,NA,217
8/13/2024,2024,33,2,41.971783,-82.488083,Surface,1,TMC,ugl,0.11,FALSE,NA,226
8/13/2024,2024,33,4,41.8927,-82.525767,Surface,1,TMC,ugl,0.09,FALSE,NA,226
8/13/2024,2024,33,5,42.002583,-82.578633,Surface,1,TMC,ugl,0.43,FALSE,NA,226
8/13/2024,2024,33,6,42.0222,-82.669683,Surface,1,TMC,ugl,0.18,FALSE,NA,226
8/22/2024,2024,34,2,41.971783,-82.488083,Surface,1,TMC,ugl,0.19,FALSE,NA,235
8/22/2024,2024,34,5,42.002583,-82.578633,Surface,1,TMC,ugl,0.85,FALSE,NA,235
8/22/2024,2024,34,6,42.0222,-82.669683,Surface,1,TMC,ugl,1.26,FALSE,NA,235
8/22/2024,2024,34,7,41.99605,-82.7179,Surface,1,TMC,ugl,0.32,FALSE,NA,235
9/3/2024,2024,36,5,42.002583,-82.578633,Surface,1,TMC,ugl,0.28,FALSE,NA,247
9/3/2024,2024,36,7,41.99605,-82.7179,Surface,1,TMC,ugl,0.27,FALSE,NA,247
9/11/2024,2024,37,2,41.971783,-82.488083,Surface,1,TMC,ugl,0.24,FALSE,NA,255
9/11/2024,2024,37,4,41.8927,-82.525767,Surface,1,TMC,ugl,1,FALSE,NA,255
9/11/2024,2024,37,6,42.0222,-82.669683,Surface,1,TMC,ugl,0.47,FALSE,NA,255
10/1/2024,2024,40,4,41.8927,-82.525767,Surface,1,TMC,ugl,1.1,FALSE,NA,275
5/16/2022,2022,21,2,41.913017,-82.7367,Surface,1,TP,ugL,6.7,FALSE,NA,136
5/16/2022,2022,21,2,41.913017,-82.7367,Bottom,11,TP,ugL,15,FALSE,NA,136
5/16/2022,2022,21,4,41.8927,-82.5258,Surface,1,TP,ugL,6.58,FALSE,NA,136
5/16/2022,2022,21,4,41.8927,-82.5258,Bottom,8,TP,ugL,6.9,FALSE,NA,136
5/16/2022,2022,21,5,42.002583,-82.5786,Surface,1,TP,ugL,6.73,FALSE,NA,136
5/16/2022,2022,21,5,42.002583,-82.5786,Bottom,8.5,TP,ugL,16.81,FALSE,NA,136
5/16/2022,2022,21,6,42.0222,-82.6697,Surface,1,TP,ugL,5.71,FALSE,NA,136
5/16/2022,2022,21,6,42.0222,-82.6697,Bottom,8,TP,ugL,8.49,FALSE,NA,136
5/16/2022,2022,21,7,41.99605,-82.7179,Surface,1,TP,ugL,7.6,FALSE,NA,136
5/16/2022,2022,21,7,41.99605,-82.7179,Bottom,9.5,TP,ugL,21.85,FALSE,NA,136
5/27/2022,2022,22,2,41.913017,-82.7367,Surface,1,TP,ugL,6.95,FALSE,NA,147
5/27/2022,2022,22,2,41.913017,-82.7367,Bottom,11,TP,ugL,15,FALSE,NA,147
5/27/2022,2022,22,4,41.8927,-82.5258,Surface,1,TP,ugL,8.52,FALSE,NA,147
5/27/2022,2022,22,4,41.8927,-82.5258,Bottom,8,TP,ugL,11.3,FALSE,NA,147
5/27/2022,2022,22,5,42.002583,-82.5786,Surface,1,TP,ugL,6.98,FALSE,NA,147
5/27/2022,2022,22,5,42.002583,-82.5786,Bottom,8.5,TP,ugL,17.91,FALSE,NA,147
5/27/2022,2022,22,6,42.0222,-82.6697,Surface,1,TP,ugL,12.14,FALSE,NA,147
5/27/2022,2022,22,6,42.0222,-82.6697,Bottom,8,TP,ugL,4.39,FALSE,NA,147
5/27/2022,2022,22,7,41.99605,-82.7179,Surface,1,TP,ugL,6.78,FALSE,NA,147
5/27/2022,2022,22,7,41.99605,-82.7179,Bottom,9.5,TP,ugL,55.04,TRUE,NA,147
6/9/2022,2022,24,2,41.913017,-82.7367,Surface,1,TP,ugL,10.08,FALSE,NA,160
6/9/2022,2022,24,2,41.913017,-82.7367,Bottom,11,TP,ugL,14.73,FALSE,NA,160
6/9/2022,2022,24,4,41.8927,-82.5258,Surface,1,TP,ugL,11.35,FALSE,NA,160
6/9/2022,2022,24,4,41.8927,-82.5258,Bottom,8,TP,ugL,12.46,FALSE,NA,160
6/9/2022,2022,24,5,42.002583,-82.5786,Surface,1,TP,ugL,10.5,FALSE,NA,160
6/9/2022,2022,24,5,42.002583,-82.5786,Bottom,8.5,TP,ugL,14.18,FALSE,NA,160
6/9/2022,2022,24,6,42.0222,-82.6697,Surface,1,TP,ugL,15.79,FALSE,NA,160
6/9/2022,2022,24,6,42.0222,-82.6697,Bottom,8,TP,ugL,23.22,FALSE,NA,160
6/9/2022,2022,24,7,41.99605,-82.7179,Surface,1,TP,ugL,9.29,FALSE,NA,160
6/9/2022,2022,24,7,41.99605,-82.7179,Bottom,9.5,TP,ugL,63.68,TRUE,NA,160
6/24/2022,2022,26,2,41.913017,-82.7367,Surface,1,TP,ugL,18.43,TRUE,NA,175
6/24/2022,2022,26,2,41.913017,-82.7367,Bottom,11,TP,ugL,16.79,FALSE,NA,175
6/24/2022,2022,26,4,41.8927,-82.5258,Surface,1,TP,ugL,38.59,TRUE,NA,175
6/24/2022,2022,26,4,41.8927,-82.5258,Bottom,8,TP,ugL,16.32,FALSE,NA,175
6/24/2022,2022,26,5,42.002583,-82.5786,Surface,1,TP,ugL,23.05,FALSE,NA,175
6/24/2022,2022,26,5,42.002583,-82.5786,Bottom,8.5,TP,ugL,27.57,FALSE,NA,175
6/24/2022,2022,26,6,42.0222,-82.6697,Surface,1,TP,ugL,18.08,FALSE,NA,175
6/24/2022,2022,26,6,42.0222,-82.6697,Bottom,8,TP,ugL,30.57,FALSE,NA,175
6/24/2022,2022,26,7,41.99605,-82.7179,Surface,1,TP,ugL,47.54,TRUE,NA,175
6/24/2022,2022,26,7,41.99605,-82.7179,Bottom,9.5,TP,ugL,61.65,FALSE,NA,175
7/7/2022,2022,28,2,41.913017,-82.7367,Surface,1,TP,ugL,17.43,FALSE,NA,188
7/7/2022,2022,28,2,41.913017,-82.7367,Bottom,11,TP,ugL,21.26,FALSE,NA,188
7/7/2022,2022,28,4,41.8927,-82.5258,Surface,1,TP,ugL,34.03,TRUE,NA,188
7/7/2022,2022,28,4,41.8927,-82.5258,Bottom,8,TP,ugL,25.13,FALSE,NA,188
7/7/2022,2022,28,5,42.002583,-82.5786,Surface,1,TP,ugL,31.69,FALSE,NA,188
7/7/2022,2022,28,5,42.002583,-82.5786,Bottom,8.5,TP,ugL,60.43,FALSE,NA,188
7/7/2022,2022,28,6,42.0222,-82.6697,Surface,1,TP,ugL,85.72,FALSE,NA,188
7/7/2022,2022,28,6,42.0222,-82.6697,Bottom,8,TP,ugL,83.9,FALSE,NA,188
7/7/2022,2022,28,7,41.99605,-82.7179,Surface,1,TP,ugL,60.28,FALSE,NA,188
7/7/2022,2022,28,7,41.99605,-82.7179,Bottom,9.5,TP,ugL,62.42,FALSE,NA,188
7/26/2022,2022,31,2,41.913017,-82.7367,Surface,1,TP,ugL,25.98,TRUE,NA,207
7/26/2022,2022,31,2,41.913017,-82.7367,Bottom,11,TP,ugL,35.79,TRUE,NA,207
7/26/2022,2022,31,4,41.8927,-82.5258,Surface,1,TP,ugL,22.58,FALSE,NA,207
7/26/2022,2022,31,4,41.8927,-82.5258,Bottom,8,TP,ugL,34.32,FALSE,NA,207
7/26/2022,2022,31,5,42.002583,-82.5786,Surface,1,TP,ugL,40.43,FALSE,NA,207
7/26/2022,2022,31,5,42.002583,-82.5786,Bottom,8.5,TP,ugL,48.78,FALSE,NA,207
7/26/2022,2022,31,6,42.0222,-82.6697,Surface,1,TP,ugL,33.08,FALSE,NA,207
7/26/2022,2022,31,6,42.0222,-82.6697,Bottom,8,TP,ugL,44.46,TRUE,NA,207
7/26/2022,2022,31,7,41.99605,-82.7179,Surface,1,TP,ugL,27,TRUE,NA,207
7/26/2022,2022,31,7,41.99605,-82.7179,Bottom,9.5,TP,ugL,29.61,FALSE,NA,207
8/5/2022,2022,32,5,42.002583,-82.5786,Surface,1,TP,ugL,15.32,FALSE,NA,217
8/5/2022,2022,32,5,42.002583,-82.5786,Bottom,8.5,TP,ugL,12.91,FALSE,NA,217
8/5/2022,2022,32,6,42.0222,-82.6697,Surface,1,TP,ugL,11.79,TRUE,NA,217
8/5/2022,2022,32,7,41.99605,-82.7179,Surface,1,TP,ugL,5.29,FALSE,NA,217
8/5/2022,2022,32,7,41.99605,-82.7179,Bottom,9.5,TP,ugL,6.95,FALSE,NA,217
8/9/2022,2022,33,2,41.913017,-82.7367,Surface,1,TP,ugL,10.48,FALSE,NA,221
8/9/2022,2022,33,2,41.913017,-82.7367,Bottom,11,TP,ugL,13.26,FALSE,NA,221
8/9/2022,2022,33,4,41.8927,-82.5258,Surface,1,TP,ugL,7,FALSE,NA,221
8/9/2022,2022,33,4,41.8927,-82.5258,Bottom,8,TP,ugL,16.54,FALSE,NA,221
8/9/2022,2022,33,5,42.002583,-82.5786,Surface,1,TP,ugL,17.83,FALSE,NA,221
8/9/2022,2022,33,5,42.002583,-82.5786,Bottom,8.5,TP,ugL,10.46,FALSE,NA,221
8/9/2022,2022,33,6,42.0222,-82.6697,Surface,1,TP,ugL,15.74,FALSE,NA,221
8/9/2022,2022,33,7,41.99605,-82.7179,Surface,1,TP,ugL,12.02,FALSE,NA,221
8/9/2022,2022,33,7,41.99605,-82.7179,Bottom,9.5,TP,ugL,25.48,FALSE,NA,221
8/17/2022,2022,34,2,41.913017,-82.7367,Surface,1,TP,ugL,9.56,FALSE,NA,229
8/17/2022,2022,34,2,41.913017,-82.7367,Bottom,11,TP,ugL,14.6,FALSE,NA,229
8/17/2022,2022,34,4,41.8927,-82.5258,Surface,1,TP,ugL,5.24,TRUE,NA,229
8/17/2022,2022,34,4,41.8927,-82.5258,Bottom,8,TP,ugL,5.16,FALSE,NA,229
8/17/2022,2022,34,5,42.002583,-82.5786,Surface,1,TP,ugL,6.25,FALSE,NA,229
8/17/2022,2022,34,5,42.002583,-82.5786,Bottom,8.5,TP,ugL,7.32,FALSE,NA,229
8/17/2022,2022,34,6,42.0222,-82.6697,Surface,1,TP,ugL,37.21,TRUE,NA,229
8/17/2022,2022,34,6,42.0222,-82.6697,Bottom,8,TP,ugL,5.19,TRUE,NA,229
8/17/2022,2022,34,7,41.99605,-82.7179,Surface,1,TP,ugL,4.52,TRUE,NA,229
8/17/2022,2022,34,7,41.99605,-82.7179,Bottom,9.5,TP,ugL,6.23,FALSE,NA,229
8/23/2022,2022,35,2,41.913017,-82.7367,Surface,1,TP,ugL,11.87,FALSE,NA,235
8/23/2022,2022,35,4,41.8927,-82.5258,Surface,1,TP,ugL,8.59,FALSE,NA,235
8/23/2022,2022,35,4,41.8927,-82.5258,Bottom,8,TP,ugL,7.55,TRUE,NA,235
8/23/2022,2022,35,5,42.002583,-82.5786,Surface,1,TP,ugL,32.31,FALSE,NA,235
8/23/2022,2022,35,5,42.002583,-82.5786,Bottom,8.5,TP,ugL,14.52,TRUE,NA,235
8/23/2022,2022,35,6,42.0222,-82.6697,Surface,1,TP,ugL,33.58,TRUE,NA,235
8/23/2022,2022,35,6,42.0222,-82.6697,Bottom,8,TP,ugL,123.96,TRUE,NA,235
8/23/2022,2022,35,7,41.99605,-82.7179,Surface,1,TP,ugL,47.31,TRUE,NA,235
8/23/2022,2022,35,7,41.99605,-82.7179,Bottom,9.5,TP,ugL,62.87,TRUE,NA,235
9/1/2022,2022,36,2,41.913017,-82.7367,Surface,1,TP,ugL,14.78,FALSE,NA,244
9/1/2022,2022,36,2,41.913017,-82.7367,Bottom,11,TP,ugL,27.92,FALSE,NA,244
9/1/2022,2022,36,4,41.8927,-82.5258,Surface,1,TP,ugL,16.34,FALSE,NA,244
9/1/2022,2022,36,4,41.8927,-82.5258,Bottom,8,TP,ugL,18.48,FALSE,NA,244
9/1/2022,2022,36,5,42.002583,-82.5786,Surface,1,TP,ugL,23.94,FALSE,NA,244
9/1/2022,2022,36,5,42.002583,-82.5786,Bottom,8.5,TP,ugL,33.45,FALSE,NA,244
9/1/2022,2022,36,6,42.0222,-82.6697,Surface,1,TP,ugL,18.2,FALSE,NA,244
9/1/2022,2022,36,6,42.0222,-82.6697,Bottom,8,TP,ugL,17.48,FALSE,NA,244
9/1/2022,2022,36,7,41.99605,-82.7179,Surface,1,TP,ugL,20.54,FALSE,NA,244
9/1/2022,2022,36,7,41.99605,-82.7179,Bottom,9.5,TP,ugL,24.02,FALSE,NA,244
9/6/2022,2022,37,4,41.8927,-82.5258,Surface,1,TP,ugL,17.18,FALSE,NA,249
9/6/2022,2022,37,4,41.8927,-82.5258,Bottom,8,TP,ugL,18.08,FALSE,NA,249
9/6/2022,2022,37,5,42.002583,-82.5786,Surface,1,TP,ugL,20.16,FALSE,NA,249
9/6/2022,2022,37,5,42.002583,-82.5786,Bottom,8.5,TP,ugL,21.83,FALSE,NA,249
9/6/2022,2022,37,6,42.0222,-82.6697,Surface,1,TP,ugL,15.84,FALSE,NA,249
9/6/2022,2022,37,6,42.0222,-82.6697,Bottom,8,TP,ugL,18.85,FALSE,NA,249
9/8/2022,2022,37,2,41.913017,-82.7367,Surface,1,TP,ugL,16.19,FALSE,NA,251
9/8/2022,2022,37,2,41.913017,-82.7367,Bottom,11,TP,ugL,16.88,FALSE,NA,251
9/8/2022,2022,37,7,41.99605,-82.7179,Surface,1,TP,ugL,13.95,FALSE,NA,251
9/8/2022,2022,37,7,41.99605,-82.7179,Bottom,9.5,TP,ugL,14.6,FALSE,NA,251
9/23/2022,2022,39,2,41.913017,-82.7367,Bottom,11,TP,ugL,4.47,FALSE,NA,266
9/23/2022,2022,39,4,41.8927,-82.5258,Surface,1,TP,ugL,13.31,FALSE,NA,266
9/23/2022,2022,39,4,41.8927,-82.5258,Bottom,8,TP,ugL,17.95,FALSE,NA,266
9/23/2022,2022,39,5,42.002583,-82.5786,Surface,1,TP,ugL,15.1,FALSE,NA,266
9/23/2022,2022,39,5,42.002583,-82.5786,Bottom,8.5,TP,ugL,16.51,TRUE,NA,266
9/23/2022,2022,39,6,42.0222,-82.6697,Surface,1,TP,ugL,8.96,FALSE,NA,266
9/23/2022,2022,39,6,42.0222,-82.6697,Bottom,8,TP,ugL,7.92,FALSE,NA,266
9/23/2022,2022,39,7,41.99605,-82.7179,Surface,1,TP,ugL,8.64,FALSE,NA,266
9/23/2022,2022,39,7,41.99605,-82.7179,Bottom,9.5,TP,ugL,5.41,FALSE,NA,266
5/18/2023,2023,20,4,41.8927,-82.525767,Surface,1,TP,ugL,5.93,TRUE,NA,138
5/18/2023,2023,20,4,41.8927,-82.525767,Bottom,9.8,TP,ugL,16.89,TRUE,NA,138
5/18/2023,2023,20,5,42.002583,-82.578633,Surface,1,TP,ugL,12.57,TRUE,NA,138
5/18/2023,2023,20,5,42.002583,-82.578633,Bottom,8.1,TP,ugL,8.68,FALSE,NA,138
5/30/2023,2023,22,2,41.913017,-82.73665,Surface,1,TP,ugL,7.86,FALSE,NA,150
5/30/2023,2023,22,4,41.8927,-82.525767,Surface,1,TP,ugL,4.56,FALSE,NA,150
5/30/2023,2023,22,4,41.8927,-82.525767,Bottom,9.8,TP,ugL,5.87,TRUE,NA,150
5/30/2023,2023,22,5,42.002583,-82.578633,Surface,1,TP,ugL,6.97,TRUE,NA,150
5/30/2023,2023,22,5,42.002583,-82.578633,Bottom,8.1,TP,ugL,13.71,TRUE,NA,150
5/30/2023,2023,22,6,42.0222,-82.669683,Bottom,7.9,TP,ugL,11.89,TRUE,NA,150
5/30/2023,2023,22,7,41.99605,-82.7179,Surface,1,TP,ugL,5.21,FALSE,NA,150
5/30/2023,2023,22,7,41.99605,-82.7179,Bottom,9.5,TP,ugL,7.81,TRUE,NA,150
6/11/2023,2023,24,2,41.913017,-82.73665,Surface,1,TP,ugL,14.87,TRUE,NA,162
6/11/2023,2023,24,2,41.913017,-82.73665,Bottom,10.9,TP,ugL,6.75,TRUE,NA,162
6/11/2023,2023,24,5,42.002583,-82.578633,Surface,1,TP,ugL,6.54,FALSE,NA,162
6/11/2023,2023,24,5,42.002583,-82.578633,Bottom,8.1,TP,ugL,7.01,FALSE,NA,162
6/11/2023,2023,24,6,42.0222,-82.669683,Surface,1,TP,ugL,5.94,TRUE,NA,162
6/11/2023,2023,24,6,42.0222,-82.669683,Bottom,7.9,TP,ugL,8.24,TRUE,NA,162
6/11/2023,2023,24,7,41.99605,-82.7179,Surface,1,TP,ugL,7.5,FALSE,NA,162
6/11/2023,2023,24,7,41.99605,-82.7179,Bottom,9.5,TP,ugL,10.37,TRUE,NA,162
6/23/2023,2023,25,2,41.913017,-82.73665,Surface,1,TP,ugL,6.08,FALSE,NA,174
6/23/2023,2023,25,2,41.913017,-82.73665,Bottom,10.9,TP,ugL,8.75,TRUE,NA,174
6/23/2023,2023,25,4,41.8927,-82.525767,Surface,1,TP,ugL,9.37,TRUE,NA,174
6/23/2023,2023,25,5,42.002583,-82.578633,Surface,1,TP,ugL,5.84,FALSE,NA,174
6/23/2023,2023,25,5,42.002583,-82.578633,Bottom,8.1,TP,ugL,32.45,TRUE,NA,174
6/23/2023,2023,25,6,42.0222,-82.669683,Surface,1,TP,ugL,4.95,TRUE,NA,174
6/23/2023,2023,25,6,42.0222,-82.669683,Bottom,7.9,TP,ugL,3.28,FALSE,NA,174
6/23/2023,2023,25,7,41.99605,-82.7179,Bottom,9.5,TP,ugL,4.2,TRUE,NA,174
7/10/2023,2023,28,2,41.913017,-82.73665,Surface,1,TP,ugL,4.75,FALSE,NA,191
7/10/2023,2023,28,2,41.913017,-82.73665,Bottom,10.9,TP,ugL,6.25,TRUE,NA,191
7/10/2023,2023,28,4,41.8927,-82.525767,Bottom,9.8,TP,ugL,3.35,FALSE,NA,191
7/10/2023,2023,28,5,42.002583,-82.578633,Surface,1,TP,ugL,4.63,FALSE,NA,191
7/10/2023,2023,28,5,42.002583,-82.578633,Bottom,8.1,TP,ugL,7.69,TRUE,NA,191
7/10/2023,2023,28,6,42.0222,-82.669683,Surface,1,TP,ugL,3.8,TRUE,NA,191
7/10/2023,2023,28,6,42.0222,-82.669683,Bottom,7.9,TP,ugL,3.44,TRUE,NA,191
7/10/2023,2023,28,7,41.99605,-82.7179,Bottom,9.5,TP,ugL,4.35,TRUE,NA,191
7/19/2023,2023,29,2,41.913017,-82.73665,Surface,1,TP,ugL,2.39,FALSE,NA,200
7/19/2023,2023,29,2,41.913017,-82.73665,Bottom,10.9,TP,ugL,5.89,TRUE,NA,200
7/19/2023,2023,29,4,41.8927,-82.525767,Surface,1,TP,ugL,5.08,FALSE,NA,200
7/19/2023,2023,29,4,41.8927,-82.525767,Bottom,9.8,TP,ugL,3.86,FALSE,NA,200
7/19/2023,2023,29,6,42.0222,-82.669683,Bottom,7.9,TP,ugL,14.77,TRUE,NA,200
9/23/2023,2023,38,2,41.913017,-82.73665,Bottom,10.9,TP,ugL,6.32,TRUE,NA,266
9/23/2023,2023,38,4,41.8927,-82.525767,Surface,1,TP,ugL,12.38,FALSE,NA,266
9/23/2023,2023,38,5,42.002583,-82.578633,Surface,1,TP,ugL,12.03,FALSE,NA,266
9/23/2023,2023,38,5,42.002583,-82.578633,Bottom,8.1,TP,ugL,13.73,TRUE,NA,266
9/23/2023,2023,38,6,42.0222,-82.669683,Surface,1,TP,ugL,13.08,TRUE,NA,266
9/23/2023,2023,38,6,42.0222,-82.669683,Bottom,7.9,TP,ugL,18.92,FALSE,NA,266
9/23/2023,2023,38,7,41.99605,-82.7179,Surface,1,TP,ugL,11.63,TRUE,NA,266
9/23/2023,2023,38,7,41.99605,-82.7179,Bottom,9.5,TP,ugL,11.33,TRUE,NA,266
10/3/2023,2023,40,2,41.913017,-82.73665,Surface,1,TP,ugL,6.27,FALSE,NA,276
10/3/2023,2023,40,2,41.913017,-82.73665,Bottom,10.9,TP,ugL,4.09,TRUE,NA,276
10/3/2023,2023,40,4,41.8927,-82.525767,Surface,1,TP,ugL,7.57,TRUE,NA,276
10/3/2023,2023,40,4,41.8927,-82.525767,Bottom,9.8,TP,ugL,7.5,TRUE,NA,276
10/3/2023,2023,40,5,42.002583,-82.578633,Surface,1,TP,ugL,6.62,FALSE,NA,276
10/3/2023,2023,40,5,42.002583,-82.578633,Bottom,8.1,TP,ugL,8.83,FALSE,NA,276
10/3/2023,2023,40,6,42.0222,-82.669683,Surface,1,TP,ugL,10.15,TRUE,NA,276
10/3/2023,2023,40,6,42.0222,-82.669683,Bottom,7.9,TP,ugL,12.93,TRUE,NA,276
10/3/2023,2023,40,7,41.99605,-82.7179,Surface,1,TP,ugL,5.81,TRUE,NA,276
10/3/2023,2023,40,7,41.99605,-82.7179,Bottom,9.5,TP,ugL,5.71,TRUE,NA,276
5/16/2024,2024,20,6,42.0222,-82.669683,Surface,1,TP,ugL,9.35,TRUE,NA,137
5/16/2024,2024,20,6,42.0222,-82.669683,Bottom,7,TP,ugL,8.77,TRUE,NA,137
5/16/2024,2024,20,7,41.99605,-82.7179,Surface,1,TP,ugL,6.51,FALSE,NA,137
5/16/2024,2024,20,7,41.99605,-82.7179,Bottom,9,TP,ugL,13.22,TRUE,NA,137
5/23/2024,2024,21,4,41.8927,-82.525767,Surface,1,TP,ugL,3.23,TRUE,NA,144
5/23/2024,2024,21,4,41.8927,-82.525767,Bottom,10,TP,ugL,6.79,TRUE,NA,144
5/31/2024,2024,22,2,41.971783,-82.488083,Surface,1,TP,ugL,4.84,TRUE,NA,152
5/31/2024,2024,22,2,41.971783,-82.488083,Bottom,10,TP,ugL,4.91,TRUE,NA,152
5/31/2024,2024,22,4,41.8927,-82.525767,Surface,1,TP,ugL,17.08,TRUE,NA,152
5/31/2024,2024,22,4,41.8927,-82.525767,Bottom,10,TP,ugL,11.36,TRUE,NA,152
5/31/2024,2024,22,5,42.002583,-82.578633,Surface,1,TP,ugL,7.09,TRUE,NA,152
5/31/2024,2024,22,5,42.002583,-82.578633,Bottom,7,TP,ugL,8.48,TRUE,NA,152
5/31/2024,2024,22,6,42.0222,-82.669683,Surface,1,TP,ugL,19.03,TRUE,NA,152
5/31/2024,2024,22,6,42.0222,-82.669683,Bottom,7,TP,ugL,13.2,TRUE,NA,152
5/31/2024,2024,22,7,41.99605,-82.7179,Surface,1,TP,ugL,4.22,TRUE,NA,152
5/31/2024,2024,22,7,41.99605,-82.7179,Bottom,9,TP,ugL,8.14,TRUE,NA,152
6/19/2024,2024,25,2,41.971783,-82.488083,Surface,1,TP,ugL,6.25,TRUE,NA,171
6/19/2024,2024,25,2,41.971783,-82.488083,Bottom,10,TP,ugL,7.09,TRUE,NA,171
6/19/2024,2024,25,4,41.8927,-82.525767,Surface,1,TP,ugL,10.59,TRUE,NA,171
6/19/2024,2024,25,4,41.8927,-82.525767,Bottom,10,TP,ugL,9.75,TRUE,NA,171
6/19/2024,2024,25,5,42.002583,-82.578633,Surface,1,TP,ugL,10.36,TRUE,NA,171
6/19/2024,2024,25,5,42.002583,-82.578633,Bottom,7,TP,ugL,12.98,TRUE,NA,171
6/19/2024,2024,25,6,42.0222,-82.669683,Bottom,7,TP,ugL,8.96,TRUE,NA,171
6/19/2024,2024,25,7,41.99605,-82.7179,Surface,1,TP,ugL,8.58,TRUE,NA,171
6/19/2024,2024,25,7,41.99605,-82.7179,Bottom,9,TP,ugL,8.86,TRUE,NA,171
7/4/2024,2024,27,2,41.971783,-82.488083,Surface,1,TP,ugL,6.13,TRUE,NA,186
7/4/2024,2024,27,2,41.971783,-82.488083,Bottom,10,TP,ugL,4.81,TRUE,NA,186
7/4/2024,2024,27,4,41.8927,-82.525767,Surface,1,TP,ugL,7.44,TRUE,NA,186
7/4/2024,2024,27,4,41.8927,-82.525767,Bottom,10,TP,ugL,8.2,TRUE,NA,186
7/4/2024,2024,27,5,42.002583,-82.578633,Surface,1,TP,ugL,12.31,TRUE,NA,186
7/4/2024,2024,27,5,42.002583,-82.578633,Bottom,7,TP,ugL,8.99,TRUE,NA,186
7/4/2024,2024,27,6,42.0222,-82.669683,Surface,1,TP,ugL,7.44,TRUE,NA,186
7/4/2024,2024,27,6,42.0222,-82.669683,Bottom,7,TP,ugL,12.2,FALSE,NA,186
7/4/2024,2024,27,7,41.99605,-82.7179,Surface,1,TP,ugL,8.81,TRUE,NA,186
7/4/2024,2024,27,7,41.99605,-82.7179,Bottom,9,TP,ugL,8.86,TRUE,NA,186
7/19/2024,2024,29,2,41.971783,-82.488083,Surface,1,TP,ugL,11.25,TRUE,NA,201
7/19/2024,2024,29,2,41.971783,-82.488083,Bottom,10,TP,ugL,17.15,TRUE,NA,201
7/19/2024,2024,29,4,41.8927,-82.525767,Surface,1,TP,ugL,6.22,TRUE,NA,201
7/19/2024,2024,29,4,41.8927,-82.525767,Bottom,10,TP,ugL,10.02,TRUE,NA,201
7/19/2024,2024,29,5,42.002583,-82.578633,Surface,1,TP,ugL,8.76,TRUE,NA,201
7/19/2024,2024,29,5,42.002583,-82.578633,Bottom,7,TP,ugL,10.97,TRUE,NA,201
7/19/2024,2024,29,6,42.0222,-82.669683,Surface,1,TP,ugL,17.09,TRUE,NA,201
7/19/2024,2024,29,6,42.0222,-82.669683,Bottom,7,TP,ugL,18,TRUE,NA,201
7/19/2024,2024,29,7,41.99605,-82.7179,Surface,1,TP,ugL,26.22,TRUE,NA,201
7/19/2024,2024,29,7,41.99605,-82.7179,Bottom,9,TP,ugL,4.11,TRUE,NA,201
8/4/2024,2024,32,2,41.971783,-82.488083,Surface,1,TP,ugL,10.11,TRUE,NA,217
8/4/2024,2024,32,2,41.971783,-82.488083,Bottom,10,TP,ugL,14.47,TRUE,NA,217
8/4/2024,2024,32,4,41.8927,-82.525767,Surface,1,TP,ugL,8.87,TRUE,NA,217
8/4/2024,2024,32,4,41.8927,-82.525767,Bottom,10,TP,ugL,11.08,TRUE,NA,217
8/4/2024,2024,32,5,42.002583,-82.578633,Surface,1,TP,ugL,10.45,TRUE,NA,217
8/4/2024,2024,32,5,42.002583,-82.578633,Bottom,7,TP,ugL,12.13,TRUE,NA,217
8/4/2024,2024,32,6,42.0222,-82.669683,Surface,1,TP,ugL,11.87,TRUE,NA,217
8/4/2024,2024,32,6,42.0222,-82.669683,Bottom,7,TP,ugL,18.32,TRUE,NA,217
8/4/2024,2024,32,7,41.99605,-82.7179,Surface,1,TP,ugL,14.77,TRUE,NA,217
8/4/2024,2024,32,7,41.99605,-82.7179,Bottom,9,TP,ugL,10.62,TRUE,NA,217
8/13/2024,2024,33,2,41.971783,-82.488083,Surface,1,TP,ugL,11.63,TRUE,NA,226
8/13/2024,2024,33,2,41.971783,-82.488083,Bottom,10,TP,ugL,16.89,TRUE,NA,226
8/13/2024,2024,33,4,41.8927,-82.525767,Surface,1,TP,ugL,13.79,FALSE,NA,226
8/13/2024,2024,33,4,41.8927,-82.525767,Bottom,10,TP,ugL,13.8,TRUE,NA,226
8/13/2024,2024,33,5,42.002583,-82.578633,Surface,1,TP,ugL,13.65,TRUE,NA,226
8/13/2024,2024,33,5,42.002583,-82.578633,Bottom,7,TP,ugL,15.01,TRUE,NA,226
8/13/2024,2024,33,6,42.0222,-82.669683,Surface,1,TP,ugL,15.03,TRUE,NA,226
8/13/2024,2024,33,6,42.0222,-82.669683,Bottom,7,TP,ugL,17.76,TRUE,NA,226
8/13/2024,2024,33,7,41.99605,-82.7179,Surface,1,TP,ugL,15.42,FALSE,NA,226
8/13/2024,2024,33,7,41.99605,-82.7179,Bottom,9,TP,ugL,19.8,TRUE,NA,226
8/22/2024,2024,34,2,41.971783,-82.488083,Surface,1,TP,ugL,15.74,TRUE,NA,235
8/22/2024,2024,34,2,41.971783,-82.488083,Bottom,10,TP,ugL,15.4,TRUE,NA,235
8/22/2024,2024,34,4,41.8927,-82.525767,Surface,1,TP,ugL,15.13,TRUE,NA,235
8/22/2024,2024,34,4,41.8927,-82.525767,Bottom,10,TP,ugL,24.02,TRUE,NA,235
8/22/2024,2024,34,5,42.002583,-82.578633,Surface,1,TP,ugL,17.73,TRUE,NA,235
8/22/2024,2024,34,5,42.002583,-82.578633,Bottom,7,TP,ugL,22.85,TRUE,NA,235
8/22/2024,2024,34,6,42.0222,-82.669683,Surface,1,TP,ugL,12.98,TRUE,NA,235
8/22/2024,2024,34,6,42.0222,-82.669683,Bottom,7,TP,ugL,19.09,TRUE,NA,235
8/22/2024,2024,34,7,41.99605,-82.7179,Surface,1,TP,ugL,12.78,TRUE,NA,235
8/22/2024,2024,34,7,41.99605,-82.7179,Bottom,9,TP,ugL,12.73,TRUE,NA,235
9/3/2024,2024,36,5,42.002583,-82.578633,Surface,1,TP,ugL,15.32,TRUE,NA,247
9/3/2024,2024,36,5,42.002583,-82.578633,Bottom,7,TP,ugL,15.68,TRUE,NA,247
9/3/2024,2024,36,6,42.0222,-82.669683,Surface,1,TP,ugL,7.3,FALSE,NA,247
9/3/2024,2024,36,6,42.0222,-82.669683,Bottom,7,TP,ugL,21.13,TRUE,NA,247
9/3/2024,2024,36,7,41.99605,-82.7179,Surface,1,TP,ugL,19.95,TRUE,NA,247
9/3/2024,2024,36,7,41.99605,-82.7179,Bottom,9,TP,ugL,14.33,TRUE,NA,247
9/11/2024,2024,37,2,41.971783,-82.488083,Surface,1,TP,ugL,13.37,TRUE,NA,255
9/11/2024,2024,37,2,41.971783,-82.488083,Bottom,10,TP,ugL,9.05,TRUE,NA,255
9/11/2024,2024,37,4,41.8927,-82.525767,Surface,1,TP,ugL,12.94,TRUE,NA,255
9/11/2024,2024,37,4,41.8927,-82.525767,Bottom,10,TP,ugL,13.42,TRUE,NA,255
9/11/2024,2024,37,5,42.002583,-82.578633,Surface,1,TP,ugL,12.35,TRUE,NA,255
9/11/2024,2024,37,5,42.002583,-82.578633,Bottom,7,TP,ugL,9.5,TRUE,NA,255
9/11/2024,2024,37,6,42.0222,-82.669683,Surface,1,TP,ugL,8.93,FALSE,NA,255
9/11/2024,2024,37,6,42.0222,-82.669683,Bottom,7,TP,ugL,6.84,TRUE,NA,255
9/11/2024,2024,37,7,41.99605,-82.7179,Surface,1,TP,ugL,13.02,TRUE,NA,255
9/11/2024,2024,37,7,41.99605,-82.7179,Bottom,9,TP,ugL,12.96,TRUE,NA,255
10/1/2024,2024,40,2,41.971783,-82.488083,Surface,1,TP,ugL,18.36,TRUE,NA,275
10/1/2024,2024,40,2,41.971783,-82.488083,Bottom,10,TP,ugL,29.63,TRUE,NA,275
10/1/2024,2024,40,4,41.8927,-82.525767,Surface,1,TP,ugL,13.79,TRUE,NA,275
10/1/2024,2024,40,4,41.8927,-82.525767,Bottom,10,TP,ugL,21.72,TRUE,NA,275
10/1/2024,2024,40,5,42.002583,-82.578633,Surface,1,TP,ugL,12.31,TRUE,NA,275
10/1/2024,2024,40,5,42.002583,-82.578633,Bottom,7,TP,ugL,20.13,TRUE,NA,275
10/1/2024,2024,40,6,42.0222,-82.669683,Surface,1,TP,ugL,15.75,TRUE,NA,275
10/1/2024,2024,40,6,42.0222,-82.669683,Bottom,7,TP,ugL,24.28,TRUE,NA,275
10/1/2024,2024,40,7,41.99605,-82.7179,Surface,1,TP,ugL,10.29,TRUE,NA,275
10/1/2024,2024,40,7,41.99605,-82.7179,Bottom,9,TP,ugL,9.86,TRUE,NA,275
5/16/2022,2022,21,2,41.913017,-82.7367,Surface,1,TSS,mgL,1514.17,FALSE,NA,136
5/16/2022,2022,21,2,41.913017,-82.7367,Bottom,11,TSS,mgL,3294.55,FALSE,NA,136
5/16/2022,2022,21,4,41.8927,-82.5258,Surface,1,TSS,mgL,3083,FALSE,NA,136
5/16/2022,2022,21,4,41.8927,-82.5258,Bottom,8,TSS,mgL,3201.9,FALSE,NA,136
5/16/2022,2022,21,5,42.002583,-82.5786,Surface,1,TSS,mgL,619,FALSE,NA,136
5/16/2022,2022,21,5,42.002583,-82.5786,Bottom,8.5,TSS,mgL,9095,FALSE,NA,136
5/16/2022,2022,21,6,42.0222,-82.6697,Surface,1,TSS,mgL,330,FALSE,NA,136
5/16/2022,2022,21,6,42.0222,-82.6697,Bottom,8,TSS,mgL,828,FALSE,NA,136
5/16/2022,2022,21,7,41.99605,-82.7179,Surface,1,TSS,mgL,1079,FALSE,NA,136
5/16/2022,2022,21,7,41.99605,-82.7179,Bottom,9.5,TSS,mgL,13192,FALSE,NA,136
5/28/2022,2022,22,2,41.913017,-82.7367,Surface,1,TSS,mgL,585,FALSE,NA,148
5/28/2022,2022,22,2,41.913017,-82.7367,Bottom,11,TSS,mgL,3730,FALSE,NA,148
5/28/2022,2022,22,4,41.8927,-82.5258,Surface,1,TSS,mgL,351,FALSE,NA,148
5/28/2022,2022,22,4,41.8927,-82.5258,Bottom,8,TSS,mgL,354.78,FALSE,NA,148
5/28/2022,2022,22,5,42.002583,-82.5786,Surface,1,TSS,mgL,820,FALSE,NA,148
5/28/2022,2022,22,5,42.002583,-82.5786,Bottom,8.5,TSS,mgL,2124,FALSE,NA,148
5/28/2022,2022,22,7,41.99605,-82.7179,Surface,1,TSS,mgL,374.5,FALSE,NA,148
5/28/2022,2022,22,7,41.99605,-82.7179,Bottom,9.5,TSS,mgL,34368,FALSE,NA,148
6/9/2022,2022,24,2,41.913017,-82.7367,Surface,1,TSS,mgL,5847,FALSE,NA,160
6/9/2022,2022,24,2,41.913017,-82.7367,Bottom,11,TSS,mgL,5183,FALSE,NA,160
6/9/2022,2022,24,4,41.8927,-82.5258,Surface,1,TSS,mgL,920,FALSE,NA,160
6/9/2022,2022,24,4,41.8927,-82.5258,Bottom,8,TSS,mgL,3979,FALSE,NA,160
6/9/2022,2022,24,5,42.002583,-82.5786,Surface,1,TSS,mgL,1265,FALSE,NA,160
6/9/2022,2022,24,5,42.002583,-82.5786,Bottom,8.5,TSS,mgL,8771,FALSE,NA,160
6/9/2022,2022,24,6,42.0222,-82.6697,Surface,1,TSS,mgL,1079,FALSE,NA,160
6/9/2022,2022,24,6,42.0222,-82.6697,Bottom,8,TSS,mgL,2288,FALSE,NA,160
6/9/2022,2022,24,7,41.99605,-82.7179,Surface,1,TSS,mgL,1011,FALSE,NA,160
6/9/2022,2022,24,7,41.99605,-82.7179,Bottom,9.5,TSS,mgL,53143.08,FALSE,NA,160
6/24/2022,2022,26,2,41.913017,-82.7367,Surface,1,TSS,mgL,1175,FALSE,NA,175
6/24/2022,2022,26,2,41.913017,-82.7367,Bottom,11,TSS,mgL,2254,FALSE,NA,175
6/24/2022,2022,26,4,41.8927,-82.5258,Surface,1,TSS,mgL,960,FALSE,NA,175
6/24/2022,2022,26,4,41.8927,-82.5258,Bottom,8,TSS,mgL,532.67,FALSE,NA,175
6/24/2022,2022,26,5,42.002583,-82.5786,Surface,1,TSS,mgL,1503,FALSE,NA,175
6/24/2022,2022,26,5,42.002583,-82.5786,Bottom,8.5,TSS,mgL,2650,FALSE,NA,175
6/24/2022,2022,26,6,42.0222,-82.6697,Surface,1,TSS,mgL,758,FALSE,NA,175
6/24/2022,2022,26,6,42.0222,-82.6697,Bottom,8,TSS,mgL,2924,FALSE,NA,175
6/24/2022,2022,26,7,41.99605,-82.7179,Surface,1,TSS,mgL,1019.33,FALSE,NA,175
6/24/2022,2022,26,7,41.99605,-82.7179,Bottom,9.5,TSS,mgL,27763.75,FALSE,NA,175
7/7/2022,2022,28,2,41.913017,-82.7367,Surface,1,TSS,mgL,2242,FALSE,NA,188
7/7/2022,2022,28,2,41.913017,-82.7367,Bottom,11,TSS,mgL,21572,FALSE,NA,188
7/7/2022,2022,28,4,41.8927,-82.5258,Surface,1,TSS,mgL,814,FALSE,NA,188
7/7/2022,2022,28,4,41.8927,-82.5258,Bottom,8,TSS,mgL,1864,FALSE,NA,188
7/7/2022,2022,28,5,42.002583,-82.5786,Surface,1,TSS,mgL,872.5,FALSE,NA,188
7/7/2022,2022,28,5,42.002583,-82.5786,Bottom,8.5,TSS,mgL,4250.83,FALSE,NA,188
7/7/2022,2022,28,6,42.0222,-82.6697,Surface,1,TSS,mgL,866.67,FALSE,NA,188
7/7/2022,2022,28,6,42.0222,-82.6697,Bottom,8,TSS,mgL,2454,FALSE,NA,188
7/26/2022,2022,31,2,41.913017,-82.7367,Surface,1,TSS,mgL,1538,FALSE,NA,207
7/26/2022,2022,31,2,41.913017,-82.7367,Bottom,11,TSS,mgL,3261,FALSE,NA,207
7/26/2022,2022,31,4,41.8927,-82.5258,Surface,1,TSS,mgL,2094,FALSE,NA,207
7/26/2022,2022,31,4,41.8927,-82.5258,Bottom,8,TSS,mgL,2318,FALSE,NA,207
7/26/2022,2022,31,5,42.002583,-82.5786,Surface,1,TSS,mgL,3235,FALSE,NA,207
7/26/2022,2022,31,5,42.002583,-82.5786,Bottom,8.5,TSS,mgL,6171,FALSE,NA,207
7/26/2022,2022,31,6,42.0222,-82.6697,Surface,1,TSS,mgL,1787.5,FALSE,NA,207
7/26/2022,2022,31,6,42.0222,-82.6697,Bottom,8,TSS,mgL,3834,FALSE,NA,207
7/26/2022,2022,31,7,41.99605,-82.7179,Surface,1,TSS,mgL,1667,FALSE,NA,207
7/26/2022,2022,31,7,41.99605,-82.7179,Bottom,9.5,TSS,mgL,2172,FALSE,NA,207
8/5/2022,2022,32,5,42.002583,-82.5786,Surface,1,TSS,mgL,4555,FALSE,NA,217
8/5/2022,2022,32,6,42.0222,-82.6697,Surface,1,TSS,mgL,2316,FALSE,NA,217
8/9/2022,2022,33,2,41.913017,-82.7367,Surface,1,TSS,mgL,909.6,FALSE,NA,221
8/9/2022,2022,33,2,41.913017,-82.7367,Bottom,11,TSS,mgL,2066.4,FALSE,NA,221
8/9/2022,2022,33,4,41.8927,-82.5258,Surface,1,TSS,mgL,1611,FALSE,NA,221
8/9/2022,2022,33,4,41.8927,-82.5258,Bottom,8,TSS,mgL,1812,FALSE,NA,221
8/9/2022,2022,33,7,41.99605,-82.7179,Surface,1,TSS,mgL,2222,FALSE,NA,221
8/9/2022,2022,33,7,41.99605,-82.7179,Bottom,9.5,TSS,mgL,9123,FALSE,NA,221
8/17/2022,2022,34,2,41.913017,-82.7367,Surface,1,TSS,mgL,2864,FALSE,NA,229
8/17/2022,2022,34,2,41.913017,-82.7367,Bottom,11,TSS,mgL,3867,FALSE,NA,229
8/17/2022,2022,34,4,41.8927,-82.5258,Surface,1,TSS,mgL,1568,FALSE,NA,229
8/17/2022,2022,34,4,41.8927,-82.5258,Bottom,8,TSS,mgL,1540,FALSE,NA,229
8/17/2022,2022,34,5,42.002583,-82.5786,Surface,1,TSS,mgL,3691,TRUE,NA,229
8/17/2022,2022,34,5,42.002583,-82.5786,Bottom,8.5,TSS,mgL,1982,FALSE,NA,229
8/17/2022,2022,34,6,42.0222,-82.6697,Surface,1,TSS,mgL,870,FALSE,NA,229
8/17/2022,2022,34,6,42.0222,-82.6697,Bottom,8,TSS,mgL,1918,FALSE,NA,229
8/17/2022,2022,34,7,41.99605,-82.7179,Surface,1,TSS,mgL,2004,FALSE,NA,229
8/17/2022,2022,34,7,41.99605,-82.7179,Bottom,9.5,TSS,mgL,3223,FALSE,NA,229
8/23/2022,2022,35,2,41.913017,-82.7367,Surface,1,TSS,mgL,549,FALSE,NA,235
8/23/2022,2022,35,2,41.913017,-82.7367,Bottom,11,TSS,mgL,2315,FALSE,NA,235
8/23/2022,2022,35,4,41.8927,-82.5258,Surface,1,TSS,mgL,1850,FALSE,NA,235
8/23/2022,2022,35,4,41.8927,-82.5258,Bottom,8,TSS,mgL,1523,FALSE,NA,235
8/23/2022,2022,35,5,42.002583,-82.5786,Surface,1,TSS,mgL,1531,FALSE,NA,235
8/23/2022,2022,35,5,42.002583,-82.5786,Bottom,8.5,TSS,mgL,10470.3,TRUE,NA,235
8/23/2022,2022,35,6,42.0222,-82.6697,Surface,1,TSS,mgL,1738,FALSE,NA,235
8/23/2022,2022,35,6,42.0222,-82.6697,Bottom,8,TSS,mgL,2368,FALSE,NA,235
8/23/2022,2022,35,7,41.99605,-82.7179,Surface,1,TSS,mgL,3111,FALSE,NA,235
8/23/2022,2022,35,7,41.99605,-82.7179,Bottom,9.5,TSS,mgL,3794,FALSE,NA,235
9/1/2022,2022,36,2,41.913017,-82.7367,Surface,1,TSS,mgL,4298,FALSE,NA,244
9/1/2022,2022,36,2,41.913017,-82.7367,Bottom,11,TSS,mgL,12677,FALSE,NA,244
9/1/2022,2022,36,4,41.8927,-82.5258,Surface,1,TSS,mgL,-6421,FALSE,NA,244
9/1/2022,2022,36,4,41.8927,-82.5258,Bottom,8,TSS,mgL,4071,FALSE,NA,244
9/1/2022,2022,36,5,42.002583,-82.5786,Surface,1,TSS,mgL,5250.4,FALSE,NA,244
9/1/2022,2022,36,5,42.002583,-82.5786,Bottom,8.5,TSS,mgL,9958,FALSE,NA,244
9/1/2022,2022,36,6,42.0222,-82.6697,Surface,1,TSS,mgL,4394.5,FALSE,NA,244
9/1/2022,2022,36,6,42.0222,-82.6697,Bottom,8,TSS,mgL,4832,FALSE,NA,244
9/1/2022,2022,36,7,41.99605,-82.7179,Surface,1,TSS,mgL,6026.51,FALSE,NA,244
9/1/2022,2022,36,7,41.99605,-82.7179,Bottom,9.5,TSS,mgL,4213,FALSE,NA,244
9/6/2022,2022,37,4,41.8927,-82.5258,Surface,1,TSS,mgL,2826,FALSE,NA,249
9/6/2022,2022,37,4,41.8927,-82.5258,Bottom,8,TSS,mgL,756,FALSE,NA,249
9/6/2022,2022,37,5,42.002583,-82.5786,Surface,1,TSS,mgL,4330,FALSE,NA,249
9/6/2022,2022,37,5,42.002583,-82.5786,Bottom,8.5,TSS,mgL,6970,FALSE,NA,249
9/6/2022,2022,37,6,42.0222,-82.6697,Surface,1,TSS,mgL,4411,FALSE,NA,249
9/6/2022,2022,37,6,42.0222,-82.6697,Bottom,8,TSS,mgL,5257.5,FALSE,NA,249
9/8/2022,2022,37,2,41.913017,-82.7367,Surface,1,TSS,mgL,2259,FALSE,NA,251
9/8/2022,2022,37,2,41.913017,-82.7367,Bottom,11,TSS,mgL,3138,FALSE,NA,251
9/8/2022,2022,37,7,41.99605,-82.7179,Surface,1,TSS,mgL,2241,FALSE,NA,251
9/8/2022,2022,37,7,41.99605,-82.7179,Bottom,9.5,TSS,mgL,4489,FALSE,NA,251
5/18/2023,2023,20,4,41.8927,-82.525767,Surface,1,TSS,mgL,2280,FALSE,NA,138
5/18/2023,2023,20,4,41.8927,-82.525767,Bottom,9.8,TSS,mgL,2275,FALSE,NA,138
5/18/2023,2023,20,5,42.002583,-82.578633,Surface,1,TSS,mgL,2578,FALSE,NA,138
5/18/2023,2023,20,5,42.002583,-82.578633,Bottom,8.1,TSS,mgL,2831,FALSE,NA,138
5/30/2023,2023,22,2,41.913017,-82.73665,Surface,1,TSS,mgL,2551,FALSE,NA,150
5/30/2023,2023,22,2,41.913017,-82.73665,Bottom,10.9,TSS,mgL,7976,FALSE,NA,150
5/30/2023,2023,22,4,41.8927,-82.525767,Surface,1,TSS,mgL,1484,FALSE,NA,150
5/30/2023,2023,22,4,41.8927,-82.525767,Bottom,9.8,TSS,mgL,1312,FALSE,NA,150
5/30/2023,2023,22,5,42.002583,-82.578633,Surface,1,TSS,mgL,1401,FALSE,NA,150
5/30/2023,2023,22,5,42.002583,-82.578633,Bottom,8.1,TSS,mgL,4038,FALSE,NA,150
5/30/2023,2023,22,6,42.0222,-82.669683,Surface,1,TSS,mgL,1613,FALSE,NA,150
5/30/2023,2023,22,6,42.0222,-82.669683,Bottom,7.9,TSS,mgL,9117,FALSE,NA,150
5/30/2023,2023,22,7,41.99605,-82.7179,Surface,1,TSS,mgL,1712,FALSE,NA,150
5/30/2023,2023,22,7,41.99605,-82.7179,Bottom,9.5,TSS,mgL,3473,FALSE,NA,150
6/11/2023,2023,24,2,41.913017,-82.73665,Surface,1,TSS,mgL,2586,FALSE,NA,162
6/11/2023,2023,24,2,41.913017,-82.73665,Bottom,10.9,TSS,mgL,5921,FALSE,NA,162
6/11/2023,2023,24,5,42.002583,-82.578633,Surface,1,TSS,mgL,2219,FALSE,NA,162
6/11/2023,2023,24,5,42.002583,-82.578633,Bottom,8.1,TSS,mgL,2988,FALSE,NA,162
6/11/2023,2023,24,6,42.0222,-82.669683,Surface,1,TSS,mgL,2012,FALSE,NA,162
6/11/2023,2023,24,6,42.0222,-82.669683,Bottom,7.9,TSS,mgL,2973,FALSE,NA,162
6/11/2023,2023,24,7,41.99605,-82.7179,Surface,1,TSS,mgL,2227,FALSE,NA,162
6/11/2023,2023,24,7,41.99605,-82.7179,Bottom,9.5,TSS,mgL,4615,FALSE,NA,162
6/23/2023,2023,25,2,41.913017,-82.73665,Surface,1,TSS,mgL,3688,FALSE,NA,174
6/23/2023,2023,25,2,41.913017,-82.73665,Bottom,10.9,TSS,mgL,3796,FALSE,NA,174
6/23/2023,2023,25,4,41.8927,-82.525767,Surface,1,TSS,mgL,3713,FALSE,NA,174
6/23/2023,2023,25,4,41.8927,-82.525767,Bottom,9.8,TSS,mgL,5606,FALSE,NA,174
6/23/2023,2023,25,5,42.002583,-82.578633,Surface,1,TSS,mgL,2902,FALSE,NA,174
6/23/2023,2023,25,5,42.002583,-82.578633,Bottom,8.1,TSS,mgL,59470,FALSE,NA,174
6/23/2023,2023,25,6,42.0222,-82.669683,Surface,1,TSS,mgL,2465,FALSE,NA,174
6/23/2023,2023,25,6,42.0222,-82.669683,Bottom,7.9,TSS,mgL,3300,FALSE,NA,174
6/23/2023,2023,25,7,41.99605,-82.7179,Surface,1,TSS,mgL,2928,FALSE,NA,174
6/23/2023,2023,25,7,41.99605,-82.7179,Bottom,9.5,TSS,mgL,6050,FALSE,NA,174
7/10/2023,2023,28,2,41.913017,-82.73665,Surface,1,TSS,mgL,1449,FALSE,NA,191
7/10/2023,2023,28,2,41.913017,-82.73665,Bottom,10.9,TSS,mgL,2234,FALSE,NA,191
7/10/2023,2023,28,4,41.8927,-82.525767,Surface,1,TSS,mgL,2143,FALSE,NA,191
7/10/2023,2023,28,4,41.8927,-82.525767,Bottom,9.8,TSS,mgL,2004,FALSE,NA,191
7/10/2023,2023,28,5,42.002583,-82.578633,Bottom,8.1,TSS,mgL,5380,FALSE,NA,191
7/10/2023,2023,28,6,42.0222,-82.669683,Surface,1,TSS,mgL,1329,FALSE,NA,191
7/10/2023,2023,28,6,42.0222,-82.669683,Bottom,7.9,TSS,mgL,2162,FALSE,NA,191
7/10/2023,2023,28,7,41.99605,-82.7179,Surface,1,TSS,mgL,1532,FALSE,NA,191
7/10/2023,2023,28,7,41.99605,-82.7179,Bottom,9.5,TSS,mgL,1721,FALSE,NA,191
7/19/2023,2023,29,2,41.913017,-82.73665,Bottom,10.9,TSS,mgL,3472,FALSE,NA,200
7/19/2023,2023,29,4,41.8927,-82.525767,Surface,1,TSS,mgL,1078,FALSE,NA,200
7/19/2023,2023,29,4,41.8927,-82.525767,Bottom,9.8,TSS,mgL,2526,FALSE,NA,200
7/19/2023,2023,29,5,42.002583,-82.578633,Surface,1,TSS,mgL,2292,FALSE,NA,200
7/19/2023,2023,29,5,42.002583,-82.578633,Bottom,8.1,TSS,mgL,3742,FALSE,NA,200
7/19/2023,2023,29,6,42.0222,-82.669683,Surface,1,TSS,mgL,2318,FALSE,NA,200
7/19/2023,2023,29,6,42.0222,-82.669683,Bottom,7.9,TSS,mgL,4266,FALSE,NA,200
7/19/2023,2023,29,7,41.99605,-82.7179,Bottom,9.5,TSS,mgL,2462,FALSE,NA,200
7/25/2023,2023,30,2,41.913017,-82.73665,Surface,1,TSS,mgL,1924,FALSE,NA,206
7/25/2023,2023,30,2,41.913017,-82.73665,Bottom,10.9,TSS,mgL,2477,FALSE,NA,206
7/25/2023,2023,30,4,41.8927,-82.525767,Surface,1,TSS,mgL,2000,FALSE,NA,206
7/25/2023,2023,30,4,41.8927,-82.525767,Bottom,9.8,TSS,mgL,1774,FALSE,NA,206
7/25/2023,2023,30,5,42.002583,-82.578633,Surface,1,TSS,mgL,1850,FALSE,NA,206
7/25/2023,2023,30,5,42.002583,-82.578633,Bottom,8.1,TSS,mgL,3372,FALSE,NA,206
7/25/2023,2023,30,6,42.0222,-82.669683,Surface,1,TSS,mgL,2228,FALSE,NA,206
7/25/2023,2023,30,6,42.0222,-82.669683,Bottom,7.9,TSS,mgL,3590,FALSE,NA,206
7/25/2023,2023,30,7,41.99605,-82.7179,Surface,1,TSS,mgL,1838,FALSE,NA,206
7/25/2023,2023,30,7,41.99605,-82.7179,Bottom,9.5,TSS,mgL,3936,FALSE,NA,206
8/1/2023,2023,31,2,41.913017,-82.73665,Surface,1,TSS,mgL,3810,FALSE,NA,213
8/1/2023,2023,31,2,41.913017,-82.73665,Bottom,10.9,TSS,mgL,3846,FALSE,NA,213
8/1/2023,2023,31,4,41.8927,-82.525767,Surface,1,TSS,mgL,1814,FALSE,NA,213
8/1/2023,2023,31,4,41.8927,-82.525767,Bottom,9.8,TSS,mgL,10634,FALSE,NA,213
8/1/2023,2023,31,5,42.002583,-82.578633,Surface,1,TSS,mgL,2634,FALSE,NA,213
8/1/2023,2023,31,5,42.002583,-82.578633,Bottom,8.1,TSS,mgL,3172,FALSE,NA,213
8/1/2023,2023,31,6,42.0222,-82.669683,Surface,1,TSS,mgL,2830,FALSE,NA,213
8/1/2023,2023,31,6,42.0222,-82.669683,Bottom,7.9,TSS,mgL,3512,FALSE,NA,213
8/1/2023,2023,31,7,41.99605,-82.7179,Surface,1,TSS,mgL,2830,FALSE,NA,213
8/1/2023,2023,31,7,41.99605,-82.7179,Bottom,9.5,TSS,mgL,3426,FALSE,NA,213
8/16/2023,2023,33,2,41.913017,-82.73665,Surface,1,TSS,mgL,2902,FALSE,NA,228
8/16/2023,2023,33,2,41.913017,-82.73665,Bottom,10.9,TSS,mgL,4576,FALSE,NA,228
8/16/2023,2023,33,4,41.8927,-82.525767,Surface,1,TSS,mgL,1382,FALSE,NA,228
8/16/2023,2023,33,4,41.8927,-82.525767,Bottom,9.8,TSS,mgL,7076,FALSE,NA,228
8/16/2023,2023,33,5,42.002583,-82.578633,Surface,1,TSS,mgL,2652,FALSE,NA,228
8/16/2023,2023,33,5,42.002583,-82.578633,Bottom,8.1,TSS,mgL,5244,FALSE,NA,228
8/16/2023,2023,33,7,41.99605,-82.7179,Surface,1,TSS,mgL,3572,FALSE,NA,228
8/16/2023,2023,33,7,41.99605,-82.7179,Bottom,9.5,TSS,mgL,4538,FALSE,NA,228
8/28/2023,2023,35,2,41.913017,-82.73665,Surface,1,TSS,mgL,2276,FALSE,NA,240
8/28/2023,2023,35,2,41.913017,-82.73665,Bottom,10.9,TSS,mgL,4070,FALSE,NA,240
8/28/2023,2023,35,4,41.8927,-82.525767,Surface,1,TSS,mgL,3574,FALSE,NA,240
8/28/2023,2023,35,4,41.8927,-82.525767,Bottom,9.8,TSS,mgL,4508,FALSE,NA,240
8/28/2023,2023,35,5,42.002583,-82.578633,Surface,1,TSS,mgL,4248,FALSE,NA,240
8/28/2023,2023,35,5,42.002583,-82.578633,Bottom,8.1,TSS,mgL,6418,FALSE,NA,240
8/28/2023,2023,35,6,42.0222,-82.669683,Surface,1,TSS,mgL,4434,FALSE,NA,240
8/28/2023,2023,35,7,41.99605,-82.7179,Surface,1,TSS,mgL,3546,FALSE,NA,240
8/28/2023,2023,35,7,41.99605,-82.7179,Bottom,9.5,TSS,mgL,6360,FALSE,NA,240
9/15/2023,2023,37,2,41.913017,-82.73665,Bottom,10.9,TSS,mgL,3290,FALSE,NA,258
9/15/2023,2023,37,4,41.8927,-82.525767,Surface,1,TSS,mgL,2920,FALSE,NA,258
9/15/2023,2023,37,4,41.8927,-82.525767,Bottom,9.8,TSS,mgL,4898,FALSE,NA,258
9/15/2023,2023,37,5,42.002583,-82.578633,Surface,1,TSS,mgL,3676,FALSE,NA,258
9/15/2023,2023,37,5,42.002583,-82.578633,Bottom,8.1,TSS,mgL,6742,FALSE,NA,258
9/15/2023,2023,37,6,42.0222,-82.669683,Surface,1,TSS,mgL,3054,FALSE,NA,258
9/15/2023,2023,37,6,42.0222,-82.669683,Bottom,7.9,TSS,mgL,6026,FALSE,NA,258
9/15/2023,2023,37,7,41.99605,-82.7179,Surface,1,TSS,mgL,5198,FALSE,NA,258
9/15/2023,2023,37,7,41.99605,-82.7179,Bottom,9.5,TSS,mgL,8884,FALSE,NA,258
9/23/2023,2023,38,2,41.913017,-82.73665,Surface,1,TSS,mgL,2430,FALSE,NA,266
9/23/2023,2023,38,2,41.913017,-82.73665,Bottom,10.9,TSS,mgL,4400,FALSE,NA,266
9/23/2023,2023,38,4,41.8927,-82.525767,Surface,1,TSS,mgL,2516,FALSE,NA,266
9/23/2023,2023,38,4,41.8927,-82.525767,Bottom,9.8,TSS,mgL,7934,FALSE,NA,266
9/23/2023,2023,38,5,42.002583,-82.578633,Surface,1,TSS,mgL,2590,FALSE,NA,266
9/23/2023,2023,38,5,42.002583,-82.578633,Bottom,8.1,TSS,mgL,5856,FALSE,NA,266
9/23/2023,2023,38,6,42.0222,-82.669683,Surface,1,TSS,mgL,2404,FALSE,NA,266
9/23/2023,2023,38,6,42.0222,-82.669683,Bottom,7.9,TSS,mgL,3786,FALSE,NA,266
9/23/2023,2023,38,7,41.99605,-82.7179,Surface,1,TSS,mgL,2120,FALSE,NA,266
9/23/2023,2023,38,7,41.99605,-82.7179,Bottom,9.5,TSS,mgL,3810,FALSE,NA,266
10/3/2023,2023,40,2,41.913017,-82.73665,Surface,1,TSS,mgL,3166,FALSE,NA,276
10/3/2023,2023,40,2,41.913017,-82.73665,Bottom,10.9,TSS,mgL,6666,FALSE,NA,276
10/3/2023,2023,40,4,41.8927,-82.525767,Surface,1,TSS,mgL,1574,FALSE,NA,276
10/3/2023,2023,40,4,41.8927,-82.525767,Bottom,9.8,TSS,mgL,2952,FALSE,NA,276
10/3/2023,2023,40,5,42.002583,-82.578633,Surface,1,TSS,mgL,1570,FALSE,NA,276
10/3/2023,2023,40,5,42.002583,-82.578633,Bottom,8.1,TSS,mgL,3034,FALSE,NA,276
10/3/2023,2023,40,6,42.0222,-82.669683,Surface,1,TSS,mgL,1700,FALSE,NA,276
10/3/2023,2023,40,6,42.0222,-82.669683,Bottom,7.9,TSS,mgL,2512,FALSE,NA,276
10/3/2023,2023,40,7,41.99605,-82.7179,Surface,1,TSS,mgL,1790,FALSE,NA,276
10/3/2023,2023,40,7,41.99605,-82.7179,Bottom,9.5,TSS,mgL,3466,FALSE,NA,276
5/16/2024,2024,20,6,42.0222,-82.669683,Surface,1,TSS,mgL,2126,FALSE,NA,137
5/16/2024,2024,20,6,42.0222,-82.669683,Bottom,7,TSS,mgL,3372,FALSE,NA,137
5/16/2024,2024,20,7,41.99605,-82.7179,Surface,1,TSS,mgL,1292,FALSE,NA,137
5/16/2024,2024,20,7,41.99605,-82.7179,Bottom,9,TSS,mgL,2220,FALSE,NA,137
5/23/2024,2024,21,4,41.8927,-82.525767,Surface,1,TSS,mgL,793,FALSE,NA,144
5/23/2024,2024,21,4,41.8927,-82.525767,Bottom,10,TSS,mgL,859,FALSE,NA,144
5/31/2024,2024,22,2,41.971783,-82.488083,Surface,1,TSS,mgL,1906,FALSE,NA,152
5/31/2024,2024,22,2,41.971783,-82.488083,Bottom,10,TSS,mgL,5120,FALSE,NA,152
5/31/2024,2024,22,4,41.8927,-82.525767,Surface,1,TSS,mgL,3568,FALSE,NA,152
5/31/2024,2024,22,4,41.8927,-82.525767,Bottom,10,TSS,mgL,5009,FALSE,NA,152
5/31/2024,2024,22,5,42.002583,-82.578633,Surface,1,TSS,mgL,3349,FALSE,NA,152
5/31/2024,2024,22,5,42.002583,-82.578633,Bottom,7,TSS,mgL,6523,FALSE,NA,152
5/31/2024,2024,22,6,42.0222,-82.669683,Surface,1,TSS,mgL,1355,FALSE,NA,152
5/31/2024,2024,22,6,42.0222,-82.669683,Bottom,7,TSS,mgL,4406,FALSE,NA,152
5/31/2024,2024,22,7,41.99605,-82.7179,Surface,1,TSS,mgL,3484,FALSE,NA,152
5/31/2024,2024,22,7,41.99605,-82.7179,Bottom,9,TSS,mgL,5189,FALSE,NA,152
6/19/2024,2024,25,2,41.971783,-82.488083,Surface,1,TSS,mgL,1418,FALSE,NA,171
6/19/2024,2024,25,2,41.971783,-82.488083,Bottom,10,TSS,mgL,3511,FALSE,NA,171
6/19/2024,2024,25,4,41.8927,-82.525767,Surface,1,TSS,mgL,2572,FALSE,NA,171
6/19/2024,2024,25,4,41.8927,-82.525767,Bottom,10,TSS,mgL,3310,FALSE,NA,171
6/19/2024,2024,25,5,42.002583,-82.578633,Surface,1,TSS,mgL,3544,FALSE,NA,171
6/19/2024,2024,25,5,42.002583,-82.578633,Bottom,7,TSS,mgL,3315,FALSE,NA,171
6/19/2024,2024,25,6,42.0222,-82.669683,Bottom,7,TSS,mgL,2514,FALSE,NA,171
6/19/2024,2024,25,7,41.99605,-82.7179,Surface,1,TSS,mgL,1589,FALSE,NA,171
6/19/2024,2024,25,7,41.99605,-82.7179,Bottom,9,TSS,mgL,2319,FALSE,NA,171
7/4/2024,2024,27,2,41.971783,-82.488083,Surface,1,TSS,mgL,942,FALSE,NA,186
7/4/2024,2024,27,2,41.971783,-82.488083,Bottom,10,TSS,mgL,1099,FALSE,NA,186
7/4/2024,2024,27,4,41.8927,-82.525767,Surface,1,TSS,mgL,1036,FALSE,NA,186
7/4/2024,2024,27,4,41.8927,-82.525767,Bottom,10,TSS,mgL,2381,FALSE,NA,186
7/4/2024,2024,27,5,42.002583,-82.578633,Surface,1,TSS,mgL,862,FALSE,NA,186
7/4/2024,2024,27,5,42.002583,-82.578633,Bottom,7,TSS,mgL,3082,FALSE,NA,186
7/4/2024,2024,27,6,42.0222,-82.669683,Surface,1,TSS,mgL,1912,FALSE,NA,186
7/4/2024,2024,27,6,42.0222,-82.669683,Bottom,7,TSS,mgL,2509,FALSE,NA,186
7/4/2024,2024,27,7,41.99605,-82.7179,Surface,1,TSS,mgL,941,FALSE,NA,186
7/4/2024,2024,27,7,41.99605,-82.7179,Bottom,9,TSS,mgL,3521.25,FALSE,NA,186
7/19/2024,2024,29,2,41.971783,-82.488083,Surface,1,TSS,mgL,688,FALSE,NA,201
7/19/2024,2024,29,2,41.971783,-82.488083,Bottom,10,TSS,mgL,2810,FALSE,NA,201
7/19/2024,2024,29,4,41.8927,-82.525767,Surface,1,TSS,mgL,2202,FALSE,NA,201
7/19/2024,2024,29,4,41.8927,-82.525767,Bottom,10,TSS,mgL,2005,FALSE,NA,201
7/19/2024,2024,29,5,42.002583,-82.578633,Surface,1,TSS,mgL,2340,FALSE,NA,201
7/19/2024,2024,29,5,42.002583,-82.578633,Bottom,7,TSS,mgL,4235,FALSE,NA,201
7/19/2024,2024,29,6,42.0222,-82.669683,Surface,1,TSS,mgL,391,FALSE,NA,201
7/19/2024,2024,29,6,42.0222,-82.669683,Bottom,7,TSS,mgL,4832,FALSE,NA,201
7/19/2024,2024,29,7,41.99605,-82.7179,Surface,1,TSS,mgL,1713,FALSE,NA,201
7/19/2024,2024,29,7,41.99605,-82.7179,Bottom,9,TSS,mgL,2770,FALSE,NA,201
8/4/2024,2024,32,2,41.971783,-82.488083,Surface,1,TSS,mgL,1738,FALSE,NA,217
8/4/2024,2024,32,2,41.971783,-82.488083,Bottom,10,TSS,mgL,840,FALSE,NA,217
8/4/2024,2024,32,4,41.8927,-82.525767,Surface,1,TSS,mgL,1132,FALSE,NA,217
8/4/2024,2024,32,4,41.8927,-82.525767,Bottom,10,TSS,mgL,1865,FALSE,NA,217
8/4/2024,2024,32,5,42.002583,-82.578633,Surface,1,TSS,mgL,926,FALSE,NA,217
8/4/2024,2024,32,5,42.002583,-82.578633,Bottom,7,TSS,mgL,14740,FALSE,NA,217
8/4/2024,2024,32,6,42.0222,-82.669683,Surface,1,TSS,mgL,1900,FALSE,NA,217
8/4/2024,2024,32,6,42.0222,-82.669683,Bottom,7,TSS,mgL,3238,FALSE,NA,217
8/4/2024,2024,32,7,41.99605,-82.7179,Surface,1,TSS,mgL,2303,FALSE,NA,217
8/4/2024,2024,32,7,41.99605,-82.7179,Bottom,9,TSS,mgL,1079,FALSE,NA,217
8/13/2024,2024,33,2,41.971783,-82.488083,Surface,1,TSS,mgL,3225,FALSE,NA,226
8/13/2024,2024,33,2,41.971783,-82.488083,Bottom,10,TSS,mgL,2962,FALSE,NA,226
8/13/2024,2024,33,4,41.8927,-82.525767,Surface,1,TSS,mgL,1308,FALSE,NA,226
8/13/2024,2024,33,4,41.8927,-82.525767,Bottom,10,TSS,mgL,2122,FALSE,NA,226
8/13/2024,2024,33,5,42.002583,-82.578633,Surface,1,TSS,mgL,14128,FALSE,NA,226
8/13/2024,2024,33,5,42.002583,-82.578633,Bottom,7,TSS,mgL,5624,FALSE,NA,226
8/13/2024,2024,33,6,42.0222,-82.669683,Surface,1,TSS,mgL,1656,FALSE,NA,226
8/13/2024,2024,33,6,42.0222,-82.669683,Bottom,7,TSS,mgL,1788,FALSE,NA,226
8/13/2024,2024,33,7,41.99605,-82.7179,Surface,1,TSS,mgL,1449,FALSE,NA,226
8/13/2024,2024,33,7,41.99605,-82.7179,Bottom,9,TSS,mgL,2626,FALSE,NA,226
8/22/2024,2024,34,2,41.971783,-82.488083,Surface,1,TSS,mgL,2962,FALSE,NA,235
8/22/2024,2024,34,2,41.971783,-82.488083,Bottom,10,TSS,mgL,3728,FALSE,NA,235
8/22/2024,2024,34,4,41.8927,-82.525767,Surface,1,TSS,mgL,2389,FALSE,NA,235
8/22/2024,2024,34,4,41.8927,-82.525767,Bottom,10,TSS,mgL,2954,FALSE,NA,235
8/22/2024,2024,34,5,42.002583,-82.578633,Surface,1,TSS,mgL,3415,FALSE,NA,235
8/22/2024,2024,34,5,42.002583,-82.578633,Bottom,7,TSS,mgL,4975,FALSE,NA,235
8/22/2024,2024,34,6,42.0222,-82.669683,Surface,1,TSS,mgL,2108,FALSE,NA,235
8/22/2024,2024,34,6,42.0222,-82.669683,Bottom,7,TSS,mgL,3416,FALSE,NA,235
8/22/2024,2024,34,7,41.99605,-82.7179,Surface,1,TSS,mgL,3526,FALSE,NA,235
8/22/2024,2024,34,7,41.99605,-82.7179,Bottom,9,TSS,mgL,1787,FALSE,NA,235
9/3/2024,2024,36,5,42.002583,-82.578633,Surface,1,TSS,mgL,3769,FALSE,NA,247
9/3/2024,2024,36,5,42.002583,-82.578633,Bottom,7,TSS,mgL,4106,FALSE,NA,247
9/3/2024,2024,36,6,42.0222,-82.669683,Surface,1,TSS,mgL,1838,FALSE,NA,247
9/3/2024,2024,36,6,42.0222,-82.669683,Bottom,7,TSS,mgL,2121,FALSE,NA,247
9/3/2024,2024,36,7,41.99605,-82.7179,Surface,1,TSS,mgL,2303,FALSE,NA,247
9/3/2024,2024,36,7,41.99605,-82.7179,Bottom,9,TSS,mgL,2263,FALSE,NA,247
9/11/2024,2024,37,2,41.971783,-82.488083,Surface,1,TSS,mgL,3948,FALSE,NA,255
9/11/2024,2024,37,2,41.971783,-82.488083,Bottom,10,TSS,mgL,6769,FALSE,NA,255
9/11/2024,2024,37,4,41.8927,-82.525767,Surface,1,TSS,mgL,1453,FALSE,NA,255
9/11/2024,2024,37,4,41.8927,-82.525767,Bottom,10,TSS,mgL,3182,FALSE,NA,255
9/11/2024,2024,37,5,42.002583,-82.578633,Surface,1,TSS,mgL,2840,FALSE,NA,255
9/11/2024,2024,37,5,42.002583,-82.578633,Bottom,7,TSS,mgL,6743,FALSE,NA,255
9/11/2024,2024,37,6,42.0222,-82.669683,Surface,1,TSS,mgL,2098,FALSE,NA,255
9/11/2024,2024,37,6,42.0222,-82.669683,Bottom,7,TSS,mgL,2749,FALSE,NA,255
9/11/2024,2024,37,7,41.99605,-82.7179,Surface,1,TSS,mgL,1668,FALSE,NA,255
9/11/2024,2024,37,7,41.99605,-82.7179,Bottom,9,TSS,mgL,2650,FALSE,NA,255
10/1/2024,2024,40,2,41.971783,-82.488083,Surface,1,TSS,mgL,8322,FALSE,NA,275
10/1/2024,2024,40,2,41.971783,-82.488083,Bottom,10,TSS,mgL,7190,FALSE,NA,275
10/1/2024,2024,40,4,41.8927,-82.525767,Surface,1,TSS,mgL,5821,FALSE,NA,275
10/1/2024,2024,40,4,41.8927,-82.525767,Bottom,10,TSS,mgL,14902,FALSE,NA,275
10/1/2024,2024,40,5,42.002583,-82.578633,Surface,1,TSS,mgL,4130,FALSE,NA,275
10/1/2024,2024,40,5,42.002583,-82.578633,Bottom,7,TSS,mgL,3196,FALSE,NA,275
10/1/2024,2024,40,6,42.0222,-82.669683,Surface,1,TSS,mgL,3770,FALSE,NA,275
10/1/2024,2024,40,6,42.0222,-82.669683,Bottom,7,TSS,mgL,3233,FALSE,NA,275
10/1/2024,2024,40,7,41.99605,-82.7179,Surface,1,TSS,mgL,3726,FALSE,NA,275
10/1/2024,2024,40,7,41.99605,-82.7179,Bottom,9,TSS,mgL,3710,FALSE,NA,275
5/23/2024,2024,21,4,41.8927,-82.525767,Surface,1,TDP,ugL,10.9895292,FALSE,NA,144
5/23/2024,2024,21,4,41.8927,-82.525767,Bottom,10,TDP,ugL,7.629960665,FALSE,NA,144
5/31/2024,2024,22,2,41.971783,-82.488083,Surface,1,TDP,ugL,5.323047213,FALSE,NA,152
5/31/2024,2024,22,2,41.971783,-82.488083,Bottom,10,TDP,ugL,7.899342458,FALSE,NA,152
5/31/2024,2024,22,4,41.8927,-82.525767,Surface,1,TDP,ugL,17.13106709,FALSE,NA,152
5/31/2024,2024,22,4,41.8927,-82.525767,Bottom,10,TDP,ugL,14.1253893,FALSE,NA,152
5/31/2024,2024,22,5,42.002583,-82.578633,Surface,1,TDP,ugL,3.176134509,FALSE,NA,152
5/31/2024,2024,22,5,42.002583,-82.578633,Bottom,7,TDP,ugL,29.71154343,FALSE,NA,152
5/31/2024,2024,22,6,42.0222,-82.669683,Surface,1,TDP,ugL,8.328724999,FALSE,NA,152
5/31/2024,2024,22,6,42.0222,-82.669683,Bottom,7,TDP,ugL,8.328724999,FALSE,NA,152
5/31/2024,2024,22,7,41.99605,-82.7179,Surface,1,TDP,ugL,6.611194836,FALSE,NA,152
5/31/2024,2024,22,7,41.99605,-82.7179,Bottom,9,TDP,ugL,13.39500688,FALSE,NA,152
6/19/2024,2024,25,2,41.971783,-82.488083,Surface,1,TDP,ugL,2.966659363,FALSE,NA,171
6/19/2024,2024,25,2,41.971783,-82.488083,Bottom,10,TDP,ugL,13.53023904,FALSE,NA,171
6/19/2024,2024,25,4,41.8927,-82.525767,Surface,1,TDP,ugL,3.166459615,FALSE,NA,171
6/19/2024,2024,25,4,41.8927,-82.525767,Bottom,10,TDP,ugL,5.90722839,FALSE,NA,171
6/19/2024,2024,25,5,42.002583,-82.578633,Surface,1,TDP,ugL,4.02136784,FALSE,NA,171
6/19/2024,2024,25,5,42.002583,-82.578633,Bottom,7,TDP,ugL,13.97543196,FALSE,NA,171
6/19/2024,2024,25,6,42.0222,-82.669683,Surface,1,TDP,ugL,,FALSE,NA,171
6/19/2024,2024,25,6,42.0222,-82.669683,Bottom,7,TDP,ugL,6.687341614,FALSE,NA,171
6/19/2024,2024,25,7,41.99605,-82.7179,Surface,1,TDP,ugL,7.746407236,FALSE,NA,171
6/19/2024,2024,25,7,41.99605,-82.7179,Bottom,9,TDP,ugL,4.132212367,FALSE,NA,171
7/4/2024,2024,27,2,41.971783,-82.488083,Surface,1,TDP,ugL,5.538697819,FALSE,NA,186
7/4/2024,2024,27,2,41.971783,-82.488083,Bottom,10,TDP,ugL,3.602523944,FALSE,NA,186
7/4/2024,2024,27,4,41.8927,-82.525767,Surface,1,TDP,ugL,87.60967729,FALSE,NA,186
7/4/2024,2024,27,4,41.8927,-82.525767,Bottom,10,TDP,ugL,8.292538031,FALSE,NA,186
7/4/2024,2024,27,5,42.002583,-82.578633,Surface,1,TDP,ugL,5.827453794,FALSE,NA,186
7/4/2024,2024,27,5,42.002583,-82.578633,Bottom,7,TDP,ugL,3.429125254,FALSE,NA,186
7/4/2024,2024,27,6,42.0222,-82.669683,Surface,1,TDP,ugL,20.29066392,FALSE,NA,186
7/4/2024,2024,27,6,42.0222,-82.669683,Bottom,7,TDP,ugL,6.524783251,FALSE,NA,186
7/4/2024,2024,27,7,41.99605,-82.7179,Surface,1,TDP,ugL,4.148032289,FALSE,NA,186
7/4/2024,2024,27,7,41.99605,-82.7179,Bottom,9,TDP,ugL,4.131589918,FALSE,NA,186
7/19/2024,2024,29,2,41.971783,-82.488083,Surface,1,TDP,ugL,4.238544136,FALSE,NA,201
7/19/2024,2024,29,2,41.971783,-82.488083,Bottom,10,TDP,ugL,30.25821377,FALSE,NA,201
7/19/2024,2024,29,4,41.8927,-82.525767,Surface,1,TDP,ugL,15.77965056,FALSE,NA,201
7/19/2024,2024,29,4,41.8927,-82.525767,Bottom,10,TDP,ugL,6.282450292,FALSE,NA,201
7/19/2024,2024,29,5,42.002583,-82.578633,Surface,1,TDP,ugL,4.218989518,FALSE,NA,201
7/19/2024,2024,29,5,42.002583,-82.578633,Bottom,7,TDP,ugL,13.99825443,FALSE,NA,201
7/19/2024,2024,29,6,42.0222,-82.669683,Surface,1,TDP,ugL,18.37466711,FALSE,NA,201
7/19/2024,2024,29,6,42.0222,-82.669683,Bottom,7,TDP,ugL,21.36425202,FALSE,NA,201
7/19/2024,2024,29,7,41.99605,-82.7179,Surface,1,TDP,ugL,3.691168443,FALSE,NA,201
7/19/2024,2024,29,7,41.99605,-82.7179,Bottom,9,TDP,ugL,13.95945642,FALSE,NA,201
8/4/2024,2024,32,2,41.971783,-82.488083,Surface,1,TDP,ugL,6.396503565,FALSE,NA,217
8/4/2024,2024,32,2,41.971783,-82.488083,Bottom,10,TDP,ugL,5.752429754,FALSE,NA,217
8/4/2024,2024,32,4,41.8927,-82.525767,Surface,1,TDP,ugL,6.825886106,FALSE,NA,217
8/4/2024,2024,32,4,41.8927,-82.525767,Bottom,10,TDP,ugL,13.05193295,FALSE,NA,217
8/4/2024,2024,32,5,42.002583,-82.578633,Surface,1,TDP,ugL,7.040577376,FALSE,NA,217
8/4/2024,2024,32,5,42.002583,-82.578633,Bottom,7,TDP,ugL,8.114033728,FALSE,NA,217
8/4/2024,2024,32,6,42.0222,-82.669683,Surface,1,TDP,ugL,5.967121024,FALSE,NA,217
8/4/2024,2024,32,6,42.0222,-82.669683,Bottom,7,TDP,ugL,9.616872621,FALSE,NA,217
8/4/2024,2024,32,7,41.99605,-82.7179,Surface,1,TDP,ugL,9.402181351,FALSE,NA,217
8/4/2024,2024,32,7,41.99605,-82.7179,Bottom,9,TDP,ugL,15.19884565,FALSE,NA,217
8/13/2024,2024,33,2,41.971783,-82.488083,Surface,1,TDP,ugL,11.9784766,FALSE,NA,226
8/13/2024,2024,33,2,41.971783,-82.488083,Bottom,10,TDP,ugL,8.543416269,FALSE,NA,226
8/13/2024,2024,33,4,41.8927,-82.525767,Surface,1,TDP,ugL,8.75810754,FALSE,NA,226
8/13/2024,2024,33,4,41.8927,-82.525767,Bottom,10,TDP,ugL,16.48699327,FALSE,NA,226
8/13/2024,2024,33,5,42.002583,-82.578633,Surface,1,TDP,ugL,12.24998677,FALSE,NA,226
8/13/2024,2024,33,5,42.002583,-82.578633,Bottom,7,TDP,ugL,9.18749008,FALSE,NA,226
8/13/2024,2024,33,6,42.0222,-82.669683,Surface,1,TDP,ugL,3.184302497,FALSE,NA,226
8/13/2024,2024,33,6,42.0222,-82.669683,Bottom,7,TDP,ugL,3.843456392,FALSE,NA,226
8/13/2024,2024,33,7,41.99605,-82.7179,Surface,1,TDP,ugL,7.383581785,FALSE,NA,226
8/13/2024,2024,33,7,41.99605,-82.7179,Bottom,9,TDP,ugL,4.328277922,FALSE,NA,226
8/22/2024,2024,34,2,41.971783,-82.488083,Surface,1,TDP,ugL,5.672520436,FALSE,NA,235
8/22/2024,2024,34,2,41.971783,-82.488083,Bottom,10,TDP,ugL,5.18801013,FALSE,NA,235
8/22/2024,2024,34,4,41.8927,-82.525767,Surface,1,TDP,ugL,5.932073828,FALSE,NA,235
8/22/2024,2024,34,4,41.8927,-82.525767,Bottom,10,TDP,ugL,5.451609443,FALSE,NA,235
8/22/2024,2024,34,5,42.002583,-82.578633,Surface,1,TDP,ugL,5.473809471,FALSE,NA,235
8/22/2024,2024,34,5,42.002583,-82.578633,Bottom,7,TDP,ugL,5.713963857,FALSE,NA,235
8/22/2024,2024,34,6,42.0222,-82.669683,Surface,1,TDP,ugL,3.539191719,FALSE,NA,235
8/22/2024,2024,34,6,42.0222,-82.669683,Bottom,7,TDP,ugL,4.571233331,FALSE,NA,235
8/22/2024,2024,34,7,41.99605,-82.7179,Surface,1,TDP,ugL,4.19476653,FALSE,NA,235
8/22/2024,2024,34,7,41.99605,-82.7179,Bottom,9,TDP,ugL,3.934435076,FALSE,NA,235
9/3/2024,2024,36,5,42.002583,-82.578633,Surface,1,TDP,ugL,4.082988329,FALSE,NA,247
9/3/2024,2024,36,5,42.002583,-82.578633,Bottom,7,TDP,ugL,3.603302005,FALSE,NA,247
9/3/2024,2024,36,6,42.0222,-82.669683,Surface,1,TDP,ugL,3.449457933,FALSE,NA,247
9/3/2024,2024,36,6,42.0222,-82.669683,Bottom,7,TDP,ugL,3.977123396,FALSE,NA,247
9/3/2024,2024,36,7,41.99605,-82.7179,Surface,1,TDP,ugL,2.679926348,FALSE,NA,247
9/3/2024,2024,36,7,41.99605,-82.7179,Bottom,9,TDP,ugL,3.297481209,FALSE,NA,247
9/11/2024,2024,37,2,41.971783,-82.488083,Bottom,10,TDP,ugL,10.90502024,FALSE,NA,255
9/11/2024,2024,37,4,41.8927,-82.525767,Surface,1,TDP,ugL,6.825886106,FALSE,NA,255
9/11/2024,2024,37,4,41.8927,-82.525767,Bottom,10,TDP,ugL,10.69032897,FALSE,NA,255
9/11/2024,2024,37,5,42.002583,-82.578633,Surface,1,TDP,ugL,7.684651188,FALSE,NA,255
9/11/2024,2024,37,5,42.002583,-82.578633,Bottom,7,TDP,ugL,7.684651188,FALSE,NA,255
9/11/2024,2024,37,6,42.0222,-82.669683,Surface,1,TDP,ugL,7.899342458,FALSE,NA,255
9/11/2024,2024,37,6,42.0222,-82.669683,Bottom,7,TDP,ugL,7.040577376,FALSE,NA,255
9/11/2024,2024,37,7,41.99605,-82.7179,Surface,1,TDP,ugL,7.255268647,FALSE,NA,255
9/11/2024,2024,37,7,41.99605,-82.7179,Bottom,9,TDP,ugL,7.899342458,FALSE,NA,255
10/1/2024,2024,40,2,41.971783,-82.488083,Surface,1,TDP,ugL,9.402181351,FALSE,NA,275
10/1/2024,2024,40,2,41.971783,-82.488083,Bottom,10,TDP,ugL,7.040577376,FALSE,NA,275
10/1/2024,2024,40,4,41.8927,-82.525767,Surface,1,TDP,ugL,5.967121024,FALSE,NA,275
10/1/2024,2024,40,4,41.8927,-82.525767,Bottom,10,TDP,ugL,15.41353692,FALSE,NA,275
10/1/2024,2024,40,5,42.002583,-82.578633,Surface,1,TDP,ugL,9.18749008,FALSE,NA,275
10/1/2024,2024,40,5,42.002583,-82.578633,Bottom,7,TDP,ugL,7.684651188,FALSE,NA,275
10/1/2024,2024,40,6,42.0222,-82.669683,Surface,1,TDP,ugL,7.469959917,FALSE,NA,275
10/1/2024,2024,40,6,42.0222,-82.669683,Bottom,7,TDP,ugL,13.69600676,FALSE,NA,275
10/1/2024,2024,40,7,41.99605,-82.7179,Surface,1,TDP,ugL,10.04625516,FALSE,NA,275
10/1/2024,2024,40,7,41.99605,-82.7179,Bottom,9,TDP,ugL,-0.473617088,FALSE,NA,275
